# Resource object code (Python 3)
# Created by: object code
# Created by: The Resource Compiler for Qt version 6.11.1
# WARNING! All changes made in this file will be lost!

from PySide6 import QtCore

qt_resource_data = b"\
\x00\x00K\xb7\
\x00\
\x01\x08\xefx\xda\xc5}\x09|\x1dU\xb9\xf8\xc9\xbe'\
\xa5\x94R\xa0\x96\xa1\xd0\x954\xb4)T,\xa5\x90f\
\xa1\xc5.!I\x0b\xb8\xc1\xe4\xdeI2\xed\xbd3\x97\
\x99\xb9io\xdd\xaa\x82\xe0\x02\xb2) \x88\x22\x8b \
\x08**(\xf2\x00\xd1\x22\xee\x22\x82\xe0\xda\xe2S@\
\x0b\x22>\xe0\xbd\x87\xf8\xff\xce~f\xe6\xcc\xdc\x9b\x82\
\xef\xff\xe3\x07\x87$s\xb6\xef|\xe7;\xdf\xfe\xad\xba\
;;\xeb\x07\xcf_\xf3\xc9\x1f\x1f1\xfb\xbe\xb3\xaf\xbb\
\xf7\xb7_@\x08\xd5Y\xfeY\xfd\xc3k\x10\x9a6\x08\
?\xdc\x81\xd0\x19\x7f\xa6\xed\xa7\x86\x10Z\xeb!t\xc1\
\x18\xb4wA\xfb)\x84N\xbd\x13\xa1\x8f\x9c\x83\xd0\xfa\
\xafB\xfb8B\x83\xefC\xe8\xa3\xd0\xf7\xb4oC\x0b\
\xdf\x9e\xf6\x1f\xd0~\x1e\xa1\xe1\x0fB\xfb\x08\xb4\x1fA\
\xe8c\xd5\x08\x8d|\x17\xda\xaf\xd1\xf6\xf2E\x08m\x86\
1?\xf6Gho@\xe8\xe33\x10:\xf3~h\xff\
\x89\xd0\xb3\x97#tE\x09Uu\xd6#\xf4\x99\xa7Q\
\xcd\xb2\xa5\x08\x1d\xf7\x1cm7\xfc\x83\xb6\xb7\xddK\xdb\
\x1f\xadD\xb5\xe7_\x8d\xd0\xbb.\xa3\xed\xf9\xf7\xd0\xf6\
\xaa\xdbh\xfb\xed/\xd0\xf6\x97%T{\xf3\x8d\x08\xf5\
\xfd\x8e\xb6w\x0c\xa0\xdao\xf4#t\xf6\xc7Q\xed\x13\
\xefD\xe8\xf4\xb5\xb4\xbd\x14\xfa=\x0f\x7f\x7f\xe0\x08T\
\xb7\xf68\x842\x9d\xb4\xfd\xca\xd9\xa8n\xfd?\xe0\xe7\
w\xd2\xf6\xb3&\xaa\xdb\x02\xfd/\x1f\x82\x16\xbe\xff\xca\
\xb5\xa8\xee\x02hW_C\xdbO^\x88\xea\xae\xfc\x1e\
\xfc\xfcS\xda\x9e\xf6e\xda\xde\xfa^\xda\xdei\xa0\xba\
\xab\x00nw\xfe\x02\xd5\xddo\x01\x0c\xcf\xa4\xed\xc4{\
P\xdd\xff\x02\xdc\xae8\x0d\x1dvM\x1dB_\xdaD\
\xdbo\xdc\x89\x16v\xc3\xef\x0f\x7f\x1fm/\xe8\xa6\xed\
\xcf\x1fB\x0bw\x9f\x86\xd0\xd5_AKw\x7f\x00\xa1\
\x96\xd7P\xcf\xdb>\x89\xd0\xdd\x7fCk\xb7\xbf\x05\xa1\
-\xefE\xa7\xae\x80\x9fO;\x82\xb6\xb7\x7f\x0f\x9d\xfa\
\x00\x8cW\xbf\x1a\x9d\xfa\xe0u\x08]\x5cD\x1bV\xc0\
y^\xfa\x08\x1a\xb1n\x86\xf3\xe8\xa6\xede\xd7\xa3-\
\xb7\x7f\x07\xfa\xf7\xa1\xd3\x17@\xbf\xaf\xfc\x0a\x9d\xfd9\
\xc0\x89C\xdf\x81&\xae8\x16\xa1\xdf\x1e\x85>R\x07\
g9}!\xba\xfeK\x1fB\xe8?\x8fD7=\x09\
gz\x9f\x8f\xee{|5BW\xfe\x1e=p\xfc\xbb\
\x10:v\x04\xfd\xac\xf59\x80\xdb\xe5\xe8\xb1\x91e\x08\
\x1dp\x1d\xda\xf3\xca_\x11zq)\xda\xd79\x0f\xce\
|\x1a\xfa\xe7\xc9\x0f\x22\xf4\xcd\x1b\xaaj\x9e\xfe\x09\xc0\
\xed\xf9\xaa\xb6\xa1u\x08\xad\xea\xa8\x9aum-B\x7f\
\x9c_u\xe8\xee.\x84\xce\xe9\xaeZz\xcb\x08Bo\
\xfd]\xd5\xca\xfb\x97 \xf4\xb6\x87\xaaV=\xf4\x0b\x84\
\xbe~k\xd5;o\xbb\x08\xa1YK\xab\xcc\xfb\xb6\xc3\
>\xffT5\xfa\xfc\x04B\xef9\x9a\xb6O\x9fW\xb5\
\xf5%\x80\xcf)\xf5U\xc1\x03\x0eB]\xd3\xaa.:\
\xcf\x86\xf5\xf5W]b<\x00\xf0\xdaPu\xed\xd9p\
^+WW\xdd\xb0\x08\xe0\xd1<\xb7\xea\xa6,\xcc\xf3\
\xc7B\xd5\x03\x17\x02\x1eWwU=\xf1\x83\xf3\x10Z\
qD\xd5\x9ek\x9eA\xe8\xcbo\xaf\xda{;\xec\xff\
3\x17\xd3\xf6\x96\xbdU{\xbf\x0a8\xfc\x85/U=\
\xb7j!B\xcb~_\xf5\xd2\x82\xeb\xe1\xfb\xfb\xab^\
]\x0b\xfb\x19>\xb7\xfaM\x9f\xedA\xe8\xa5+\xab\x8f\
\x84\xb3A=?\xa5\xed&\x97\xb6g\xf7T\x1f\xfd'\
hw\xfd\xb3\xfa\x98\x06\xe8w\xc9\xa6\xea\xa5\xf7\xfb\x08\
ym\xb4\xfd\xfd[\xab\x97\xef\xeeC\xe8[\x07U\x0f\
u\x02\x1c\x9a/\xad\x1e\xb9\x0d\xda\xaf\x96\xaaG\xbe}\
\x04\x8c;\xab\xda\xe9:\x09\xa1\xb7\xac\xaf\x0e\x8e\x87\xfe\
#\x0fV\xef\xfa\xed\xe9\x08\x1drL\xf5\x07F\xa6#\
4\xe6U\x7f\xee~\xf8\xf9\xb4-\xd5?8\x1e\xd6\xb1\
\xee\x1c\xda\xde}s\xf5\x8f;\x01?\xe6?^\xfd\xe8\
\xa3\xffB\xe8Q\xb3\xfa\xf9g\xcf\x02|~\xb4\xfa\x7f\
\xfa\x7f\x09\xe7\xfbJ\xf5\xab\x7f\x05x\xadzg\xf5\xbf\
\x9e\x83;\xfc\xa6\xaa\x9a\xf6\x8e\xe5pO\x8a5\x07_\
\x1b \xf4\x93\xbf\xd4\xbc%\x03\xfb\xcb~\xadf\xe5?\
\xaa\x10z\xf7\xb7j6\xdf\x00x\xf2\xec\x96\x9a\xb7m\
\x05\x1a\xb1\xf7\xf35o?\xb4\x88\xd0\xb5\xc7\xd4\xbc\xa3\
\xe9@\xa0\x19\xffM[\xd3\xac\x99X\xfeE\xc0\xaf\x86\
\x9a\xfc\x81@\x07\xd6\xbf\xb5\xa6\xf0~\x98\xe7\xe7\xff[\
\xb3\xf3\x19\xc0\xff_>_s\xc1\x1d\xb0\x9eu\x0bh\
{\xf7\xe6\x9a\xab\x8f\x82\xf3\xbd\xf7\x175\xdf\xfeZ7\
B\xbf\xbe\x91\xb6/\xf7\xd5|\xe7b\xc03\xef\x1d5\
\x0f\xb5\x9e\x8b\xd0\xe7\xdf\x5c\xf3P;\xac\xeb\x8b\xbf\xac\
\xf9Y\xf1\x05\xa0]_\xac\xf9\xf9\x1f\x00\xff\xee\xf9X\
\xcd_\xab\x81\xf6\xbcp^\xcd\x0b\x1b\xfe\x0b\xf6\xf7\xc1\
\x9a\x7f|\xfc\x16\x84\x0e:\xb0\xe6\xe55\x0f\x03\x1dx\
\xb1\xe6\x95\xd5\xaf \xf4TU\xcdkC\x07\x01\xfe>\
T[\x7f\x0b\x9c\xf7I\x8d\xb5\x1d\xa7\xc2\xfa>\xff\xa3\
\xda\x03\x1e\x01|\xfc\xfc\x05\xb5\xcb[\xe1\x1c~\xb7\xbb\
\xb6\xe7\x06\xc0\xfb/\xb4\xd4\x9ey\xd4e@\x8f\xd6\xd5\
\x8e\xdd\x06\xeb\xfe\xd1#\xb5[\x8b\x807\x03;k\xf3\
\x19\xc0\x8b\x9f,\xa2\xedO\xf7\xd5\x06\xbfy\x11\xe0y\
Y\xed\xb99\xf8\xfb\xc69\xb4}\xd7\xbbh\xfb\xa5\xfb\
j\xcf\xfd,|W3^{\xe5:\xa0\x9f+>D\
\xdb\xb5\xf7\xd0\xf6]\xaf\xd1\xf6\xd3\x87\xd3\xf6\xfa#h\
{\xd7\xe3\xb4\xfd\xe5\x97k\xaf\xca\x00\x9e\xfc\xf9\xa3\xb5\
\xd7\xcc\xf9o\x84\x8c\xae\xda\x9b\xef\x06|\xbe\xfe\x0c\xda\
>\xb6\xa9\xf6\xb6Nh\xd7\xbe@\xdb\x1b\xaf\xa6\xed\xdd\
3ko\xbb\x15\xd3\xbd\x9a\xda{\xee\xfc\x1dB\x7f\x9a\
V\xfb\x83\xd9@\x07\xde{V\xedK\x0b\x00\x0ek>\
R\xfb\xf2\xb1\x80\xffs\x0f\xaeC3\xe1\xfe<zO\
]\xed$\xd0\xe5S\x1f\xa4\xad\xb9\x98\xb6\x9f\xd9\x5cW\
{\x13\xd0\xc7\xb7\x9eA\xdb\xc1y\xb4\xfdhC]\xdd\
\xac\x87\xe0\x1c\xbf\x5c7;\x0b\xf8s\xd8\xcdu\xf3\xf7\
>\x85\xd0\xf1\xdf\xaf[0\x01\xf7\xf6SA\xdd\xe2\xe7\
`\xbd\x9b'\xebV\xdd\x0d\xf0\xb9,_w\xe2\x13@\
\x17\xcf\x98^\xb7z\xc7\xed\x08\x9dxk\xdd\xa9W\xc2\
\xbe~\xb3\xaa.\xf7\xb9#\x11z\xfe\x9c\xba\xdcC\xab\
\x10\xfa\xdb=u;\x9a\x81>\x9dqs\xdd\x07\xbe\xdb\
\x84P\xe9\xa7\xb4\xfd\xc3\x9a\xba\x0f\x1f\xfau\xb8?W\
\xd4\xddp\x00\x9c\xdf\xf3\xf3\xeb\xeeY\x8b\xef\xcf3u\
\xf7n\x03|\xbb\x08\xc8\xebo\x0f\x86{qa\xddc\
/\x9d\x89P\xc3G\xea~\xfdqx\xbfN\x9d\xac\xdb\
\xbb\x18\xe8\xe6\xa1\x0f\xd7\xfd\xe5\x88ka\xdfs\xea^\
\xfc!\xe0\xff\x9b\x9e\xab\xfb\xdf5\x7fG\xe8\x89k\xea\
\xd1\xe8U\xb0\xaf\x0f\xd57\xfc\xeb\x10\xc0\xf3\x12m\xcf\
\xdfG\xdb\x07\xfbi\xfb\xe7S\xeb[\xf6@\xbf;\xcf\
\xae\x9f\xf3g\xc0\xab\x9f^Ro\xcc\x85\xfd\xae|\x85\
\xb6\xf7\xdfR\xbf\xf8\xbbp_\x0f\xbe\xab\xfe\x98I\xc0\
\xa7k\xbc\xfacv\xc0\xfeo\xae\xaa\xef~\x1f\xc0\xe7\
\xad\x17\xd5w\x7f\x08\xe0\xf6\xf7W\xea\x97\xaf\x078\xdc\
\xf6r}n\x10\xd6\xfb\xc9\xa3\xea\x83\xef\xc1\x1b\x0b\x14\
{\xfb\xa23\x10\xeao\xa9\xdfq\x15\xd0\xd3\x7f\x5cQ\
\xff\xa1\x050\xcf\xcf\xb7\xd5\x7f\xec\x1a\xc0\xfb+?G\
\xdb\x9fw\xd5_z\xfeK\x08\xfd\xf8\x0f\xf5\x9f\xfaS\
\x09\xa1\xe5\xcf\xd5_Q\x1cF\xe8\x17\x9f\xa8\xbf\xe2\xfd\
p\x1f\x7f\xf1x\xfd\xa7?\xfb\x1b\x84\x8e\xf8X\xfdM\
\x9ba\xfc\xc3\xdeR\xff\xc5\x8f\xc2\xfb|\xef\xf9\xf5\xf7\
\xce\x80y\xff\xba\xb5\xfe\xfe\xe7'\x11\xda\xfd\xe9\xfa\xef\
\xde\x0a\xf4\xfe[\x17\xd3\xf6\x95S\xea\x7f\xf8\x1c\xe0\xfb\
uO\xd7\xff$\x03\xe3\xfc\xfe\xaa\xfa\xbdG\x02\x9e\xac\
\xbc\xa8\xfe\xe9\x85\x807[\xbe^\xff\xac\xbf\x02\xf0\xf5\
;\xb4\xbd\xea\xf7\xf5\x7fy\x15\xee\xd9\xd5\xff\xa0\xed\xcd\
\x1flhX\x04\xf3>\xff\xdd\x86\xe6\xbf\xee\x86{\xba\
\x8b\xb6\x8f=\xdb\xd0\xf1/\xb8\x97\xd7\xbcL\xdb\x9b_\
\xa5\xedc\x174\x1cp\x1b\xf0\x04\xfd\x975\xcc<\x12\
\xf0aig\xc3\xac7\x03\xfd\xf9FK\xc3\xec\xdd\x80\
\x0f\x7f\xbf\xaea\xfeG\xe1~\xdf\xf8H\xc3\x82\x85\x00\
\xb7\xe7\xbe\xdd\xb0b7\xe0q\xc7\x89\x0d'd\xe0\xfe\
\x9fb5\x9ch<\x0a\xf4\xe9\x88\x86M\xd7\xbd\x0a\xfb\
9\xa1\xe14\x1b\xe8\xc4\xcc\x1f7d\xea\x81\xde<~\
s\xc3x\x1b\xd0\xaf\xaf\xe5\x1b\x08^}\xdfl8'\
\x07\xfb\xa8\xdd\xdd\x10\xdc\x09\x7fG\x7fj\xd8\xfeS8\
\xb7\xcd\xb3\x1bv<\x05\xe3<\xd4\xdb\xf0\xd1\x8fd\x01\
/\xd67\x5ch\x01\xbd~G\xb6\xe1\xe2\xbf\xecEh\
\xd1i\x0d7\xbd\x1f\xc6y\xef]\x0dw\x1c\x05\xf4\xe8\
\xe8\xfe\x86/gf\xc3;\xfe\x1am\xbf\x91ox\xe4\
\xd1-\x80'\xb5\x0d\x8f\xfe\x1e\xf8\x85[>\xd5\xf0\xf8\
\xb1G!4go\xc3\xaf\xae\x80\xf6V\xa3\xe1\xa9\x9b\
`\xde\xd3\xbf\xdb\xf0\xe7\x91v\xb8\xbf\x1fkl=\x06\
\xf6\xb7\xb3\xabq\xceSO\x22\xf4\x89L\xe3\x11U\x0b\
\x80\x8fy\xac\xf1\x88U\xf3\x81\x9e\xdf\xd9\xb8\xe2\x16\xf8\
\xfb\x85K\x1aW\xdc\x0a\xf7\xe8\xc2\x1f4\xaen\x80\xf7\
 \x7ff\xe3\xc06\xc0\xff\xdb\xd75n\xfc*\xc0\xef\
;\xe3\x8d;\x8e\x02\xbat\xfd\x0b\x8d\xa5\xa5\xb0\xef\xf1\
\xd6\xc6\x0f\x9e\x0b\xf8y\xf8\xed\xb4\xbd`w\xe3\xf9\x8f\
\xc3\xdf\x17w7~\xf4\xfd\x00\xdf\xcd\x0f6^\xd3\x09\
\xe7\x7fqs\xe3\xad{\xe1>m\xbc\x8d\xb6g\x1dG\
\xdb\xdb\xab\x1ao\x1b\x06<\xdf\xfd\xf3\xc6\xdb\xd7\xc2>\
\xa7\xffg\xe3\xed\x9f\x83\xf5_\xd1\xd6\xf8M\xfc\x0e\xdf\
\xb2\x85\xb6/?\xdax\xcf\xaf\x80\x07\xdcpC\xe3\xfd\
\xcb\x01\xef\xae\x0e\x1a\x1f\xc8\x00\xde\xaf\xff\xef\xc6\xdd\xd3\
\xde\x0c\xf7\xef\x85\xc6\xc7z\xe0\x9d]\xfc@\xe3\xe3\x9f\
\x80\xf7\xff\xdeS\x1a\xf7\xfe\xe1\x09\xe0\xef\xaen|\xea\
\x118\xcf\xf7\xecj\xdc\xb7\x15\xe8\xd3\x17W\xd0\xf6'\
W7>\xdf\x03\xf0{\xcfs\xb4}\xfa\x89\xc6\xbf\xff\
\x0d\xf8\x82\x0b\xcfn\xea\xa8\x03<\xbc\xe4WM\xd3o\
\x83\xf5\xfc\xe0\xd2&ce\x0dBO66\xf5\xf7\x00\
\x1e\xdc5\xa7i\xc38~g\xefj:\xfd\xf0\xa7\x11\
Z0\xd0\x94\xa9\x86\xf9~\xba\xa6\xc9\xca\xc1{2\xb4\
\xa6i\xc7\xef\xe0\xfb\xcf\x1e\xd6\xf4\xfeK~\x0e\xef\xd4\
\xaf\x9b\xde\xff\x18\x9c\xfb\x91\x175\xedz\xf7\x1c\x84\xba\
\xcfj\xfa\xd0%@'\xc6\xcfm\xba`7\xf0i/\
\xd77]\xfe\x1b\xc0\xf7\xcb~\xd4\xf4\x99c\x81'\xbe\
\xcal\xbaw\x13\xf03U\xf74}\xf7B\x17\xee\xe9\
]\xb4\xfd\xaf\xdf5\xfd\xa9\x19\xe0p\xff;h\xfb\x87\
\xcb\x9b\xf6\x1d\x0e\xfc\xd1\x0b=M\xafV\xc3:\xce7\
i\xfb\xc2+M\xff\xfc\x06\xc0\xfd\xa4|s\xed\x7f\x00\
\x9e\x7f}cs\xeb#\x80\xdf\x9fz\xa0\xf9\xb0_\xc0\
9\xdc\xf1\xc1\xe6\xd9\xa7\xc1\xb9\x9a\x0f4\x1bg\xc0\xf9\
\x1f\xb3\xbb\xb9\xf3\x05\xc0\x13\xf4\x8e\xe6\x15\x9fk\x80s\
\xeak\xee\xbf\x11\xd6[\xbf\x17Z\xd8g\xdbc\xcd\x83\
\xdf\x87\xbf?5\xd0|\xd6o\x81\xbf\xf9\xd9O\x9a\xcd\
\x0e\xe0\xf3\x9e\xfcvs\xe6\x0c\xb8\xb7g\xdf\xd3l\xff\
\x04\xe8\xe1\x15\xffC\xdbO\xbf\x8d\xb6\xbf~\xb997\
\xef?\x01_o\xa1\xedW\x1a\x9b\xbf\xf6=\xe0\xa3\xce\
}\xb5\xf9\xbe?\xc3\xb8\x17\xbd\xbd\xf9a\x1f\xfa\x1f\xf1\
\xdb\xe6_=\x06p\xfekS\xf3\xef\x8e\xf9&\xe0\xc7\
\x1f\x9b_z\x02\xe8\xffUs\x9b\xff\xb9\x0e\xde\xff\x1b\
\xdf\xde\x82\x1e\xde\x88PS\xa1e\xf6\x93p\xff\xbfz\
P\xcb\xbc\xc76\x03\xbdhkY~\xef5\x08\xed;\
\xbde\xfd\xe2\x9d\xb0\xee\xdbZ\xd6\x9f\x07\xfc\xfe\x0d\xf9\
\x96\xb7\xdf\x0d\xe70\xef\xb4\x96w\xb6\xc3\xf9\xf7\xf5\xb6\
\x5cX\x03x\xfb\xed\x89\x96\x8b\xcf\x03\xfa6:\xd6r\
M5\xc0\xe3\xa1\xd6\x96k\xbf8\x17\xf6wr\xcb\x8d\
c\x00\x8fo\xfd\xb8\xe5\xcb\xa3\xc0\xb7\x9d\xdaJ\xdbo\
\x8e\xb6|e\x00\xe0\xf8\xf0\xb2\x96\xaf}\x07\xe8\xcc\x8f\
\xf2\xd0\xc2\xcf\x1f\xefk\xf9\xc6B8\xc7\x07\xcfo\xf9\
\xe6b8\xa7c>\xd0\xf2\xb3\xbb\xa1]\xf4\xc3\x96\xd7\
\x9e\x03:?\xf4t\xcb\xbf\x0e\x06<j\xdd\xdb\xfa\xa6\
u\xf0\xf3\x895\xad\x0b\x5c\x98\xff\xdaO\xb4\xae\x9e\x0b\
\xef\xde\xad_n\xedY\x01\xfb\xcf?\xd0\xda\xb7\x0a\xf0\
l\xc6a\xad\xd6\xdfA>i\x1cn\xdd\xfaQ\xe0\xf7\
z>\xd6Z\xbc\x02\xf0\xfb\xb3\xd7\xb4\x9e\xe7\x01_p\
\xfdGZ\xaf\xbc\x1f\xee\xc9\x9b\xcf\xa0\xed\xa6\x13i{\
v+m\xef\xa8m\xbdz>\xd0\xfd\xf5\xf7\xb4^\xff\
\xa3Vx\x07\xdf\xdbz\xc3:\xc0\xab\xe2\x9b[o\xfe\
;\xdc\x977]\xdfz\x0b\x02\xbc\xb5{Z\xbf\xb4\x1c\
\xf0\xe5\x93g\xb6\xde5\x0f\xe4\x8c\xdf\x15Z\xefz\x1a\
\xfe\xfe\xbd\xb3[\xef\xa9\x82\xf3z\xe8\x8b\xb4}\xa5\xb5\
\xf5\xde\xdf\xec\x01x\xd7\xb7>\xf8U\x18\xbf\xe7\xc4\xd6\
\x87\x7f\x00\x92\xdc\xc8\xe1\xad\x7f\x5c\x0a\xf0\xfc\xfe\x1d\xad\
\x7f;\x13\xc6y\xf4\xb0\xd6\x97\xbe\x07\xf7\xfd\xd4~\xda\
nz\x89\xb6\x1f\xb9\xae\xad\xf6<\xb8\x87\xbfz\xb5\xad\
e\x02\xe0\xd5\x9eo\x9b\xf6\x0bh\xd7\xcej;x\x0e\
\xd0\x91snk3N\x06\xf8|\xed\xa0\xb6c\xff\x06\
\xf7v\xa0\x91\xb6\x17\xbc\xdav\xc2k\xc0\xaf|\xe1\xac\
\xb6\x93\xbf\x0dt\xf7\xd9\x9b\xdaN9\x04\xee\xadue\
\xdb\xdaN\xa0\x97\x7f\xf8}\xdb\x96ca\x1f\xe7\xedn\
;k\x06\xf0\xf5\xcfmi3\xbf\x07to\xce\xea6\
\xfbHx\xaf&\xaa\xdb\xb6\x0f\xc1\xdf\x1fy\xb9m\xd7\
\x0fA\x9e\x9c}d\xdb\xb9+`=\xd7}\xb8\xed\xca\
\xa7\xe1\xbb\x83\x9eo\xbb\xfa/\x00\xd7\xef\x5c\xd3\xf6\xd9\
#/\x81\xbf\x7f\xac\xed\x96N\xc0\x93\x7f4\xb6\xdd\xf1\
\x0c\xd0\xdf\xc7Oi\xfb\xea\x8f\xe1\x1e\xbf\xe5\x97mw\
\x17\xe0\xf7\xc7>\xdav\xdf\xd8,x'6\xb6}\xe7\
&\xa0g/4\xb4=|'\xd0\xc7\xech\xdbS\xc7\
\xc2\xba\xde\xbe\xb0\xed\xa9\x9f\x02_\xfc\xd0\xbe\xb6\x97\x86\
\x80o{wU;\x9a\x0e\xf7r\xe4\xacv,\x1b\xa2\
S\x1e\xa4\xed\xe0\xf7\xdb\x9b\xfe\x04\xf8=\xad\xa3\xbd\xed\
\x18\xc0\x83\x8d\x83\xed\x8b\x1c\xf8\xb9\xf3\x0b\xed+\xfe\x0c\
t\xfc\xc5\xcf\xb4\xaf\xfd$\xec\xe7/u\xedcO\x80\
\xdc\xf5\xf2\xc5\xed\xa59\xcf\x02\xfdii\xff\xf4o\x01\
\xbfw^\xd1\xbe\xfb:x'\x1e\x18i\x7f\xe8I\x18\
\xff\xbcL\xfb\xf7\xf3pn\x87\x9f\xd0\xfe\xf0\xc5p\x1f\
Nx\xa8\xfd\xf1\x13\x9e\x87w\xeb\xb4\xf6_]\x02|\
\xf7\xac{\xda\x7f=\x09\xeb:a\xb2\xfd\xcfO\xc3<\
g\x9e\xd9\xfe\xc2\xfb\x00_?}c\xfb\x8b\xfb\xa0\xfd\
\xec\x7f\xb5\xbf\xdc\x07x\xb9\xe0\xf7\x1d\xb5_\xba\x14\xf8\
\xbc#:\xe6\xfc\xa2\x17\xa1=?\xee\x98w4\xc0\xef\
\xc7\x87t,>\x04\xf0\xf4\xacB\xc7\x92\xd3\xb1|=\
\xda\xd1\xf5\xc7q\xb8W\xf7u\xacx\x93\x09r\xcb]\
\x1d'\xbd\xf6ex\x8fgt\x9c|\x0d\xd0\xb9+\xae\
\xe98c6\xdc\xbfK7ul}\x19\xd6\xf7\xcc\x86\
\x0e\xffh\xc0\xbf\x9a\x87;\x8a\xbb\xe1\xde\xbe\xf9\xb2\x8e\
\x8b\xcf\x02z\xf1\xc4[;.9u&\xd0\x8f\xb7w\
\x5c\xb2\xe5|8\xb7\xcb;n\xde\x03\xeb1~\xd3q\
\xc7\x8d\xebA.\xfaY\xc7}\x9b\xa7!\xf4\xce\x07;\
\x1e~\xfe1\xc0\xb3\xd7:\xfe\x92\x03\xfc?\xfc\x0f\xb4\
\xfd\xc4}\xb4}\xd2\xe9x\xed\x1e\xa0\x1b\x7f}\x16\x88\
\xd1+\x01\xac\x00-F\xf3\xd02d\xa0,\xb2\xd0(\
\xfck \x1f\xfe\xebA[D\x0e\xfc\xd7\x85\xdfn\x85\
\xdf\x04\xc8m$\x0c\x0f\xfc;c\xde2#_\xf4\x03\
c\xd42L#o\x16\x0a\xb63\x0e\xe4\x0f5\xf5\x14\
\x0a\xfd\x9e\xe7z~\x15\x1e{-:\x13\x990\x86\x85\
v \x1b\xc6\x0d\xc8\xf8x\x5c\xfc\xdb\x02\xccb\xa1I\
\xf2\x17\x1b\xbdHf\xcb\xc1?&\xca\xc3\xbfY\xf2\xcd\
\xaddu\xf7\x88\x99\x8f\xea1\xc6\x5c\xcf\xca\x980\xb9\
c\xe6\xad\xac1w\xde\xb2\xb9\x86\x99\xf3,3[2\
\xac\x1d\xb6\x1f\xf8\x9a\x95\xecB\xc3dn<\xe39\xb0\
\x02\x9b\xec\xd1\x223\xe2y\xf2\xb0O\x07~\xa6\xb3\x8e\
\xc2\x7f}\xf2\xd7\x02\xfc\x9fG~\x87\xe1\x80\xd7\xef0\
\xe8\x040F\x01~\xeb3\xd8\x19(CV>\x0a\xbf\
w\xc9\x9e\xf1~\xf0\xee&\xe1\xe7.\xb1\x837\xaf1\
}\xcb\xc8\x14=\xcfr2%\xc3\xf6\x0d\xcf:\xa7h\
{\xb0\x95\xc05\xc6\xac 3a\xe4\xecI\x0b\xf6\x92\
\x990\x9dq\xcb\xf0\xcc\xc0\xf2\xbb4\x9bZ\x8d\x06`\
\xf9E8\x1e7\xb4\x88\xadd\xc1\x8eXF\x86l.\
 \x1b\xc9\xc2\xff\xaf\x84\xdf\x03X\xc5\x92\x0e\xee5\xfd\
\x09c,\xe7n7\x1c7\x00\x00\x17\x9d\xecJc\xde\
2\xcd\x94\xeb\xd1F2,\x87N\x91\x0ch\xc0\xc0\xa3\
0\xbcM c\xc1\xa2\x0cr\x86\x0e\xfc\xdd$?e\
\xd9\xc9\xfb\xe47\x1e\x81\x91\x84\xc9\xe1\xbdn1\x97%\
\x93\xbb\x05\xcb1\x82\x09\xcb(\xfa\x96\x07\xa8\xe5\x14\xcd\
\x9cn\xef\x13\x09\x0b\xc9\xc1\xcf\x96\xb2\x8c\x80 _\xa0\
@\x88\x1e\xb8M\x168\xce\x8e)\xcb\xbe\xc6(\x91\x81\
\xbf\x8dj\xa0\xb4X.\x12#\x9b\x11X;\x00V\x9e\
\x9b\x87\x1f3\x96]\x08\x0c;o\x8e[\x09\x80[\x0a\
\xa0\x8b#\x9aE\xd0\x07\xa3V\x0ef\x1d\x87\xdf\xe1\x95\
b\xf0\x98\xf2\xb2\xf5jpE3\xc3\xa7a\x86}0\
\xbe\xcd\xaeY\x16\x8f\xc2@\xcd\xf7.\x918#\xae\x1c\
\xfd\x8b\x8a\xce\xf8\xc82\xe4\xf8v2\x8c1\xd0B\xb8\
\x86K\x09\xa4]\x02\xdd,\xcce\xa2E\xa8\x0b\xfe\x7f\
\x1d\xc1\xaeg\xc8\x7f1\x1c]v\xfc/\x901L\xe5\
\xa0\xfb\xfbL;W\xa2\xf8\x8d\xd1Z\xe0{\xde&P\
\xcdL\xc05X\xb8l\xa9Q\x80\xc3\xcf\x9a\xa5E]\
\xc6\x88W2\xccq\xd3\x06\xacp\xf3.lw\xbb\x0e\
\x1d.f\xe0\xf5\x08H1:X\x84\xde\x98\x91c\xef\
A\x83\xb0\x5c\xdd\xa6uw\x98^!\x9b\x80\x0b_\xb4\
\x12\xeb\x85\xa9\x83\x19\xea\x85\x0fu\x92 \x1e\xa3eb\
\xcb+\xfa\xd5{l\xf4\x0c\xae\x83\x8d\xfa\x05\xd7\x01*\
\x00\x07\x9a\xb7}\x1f\x88\xa7\x91q\x9dI\xcb\xf3m\xd7\
\xa1\xf7]\xb3\xc7\x11\xb6\xc7\xa9\xed!Kh\xac\x0b\xeb\
\x9f$+3\x80*\x8f\xc0?\x83\x11\xf4\x9e\xab[g\
P\xf4\x1c8\x91\xb5##\x83z\xb4>\xfb\x0dZ\x13\
\x7f\x138lq\x0f\x0cM\xf9\xe6\xccOY\x9fi\xec\
\xb4<\x97\xfcA\xb3\xc6\xd17h\x8d\xa7\xc2\x1b\xb2\x09\
\xc8\x0e\xc7\x8bI\xb4\x87\x5c\xdb\xac\xb2\xca\x05)\xab\xb4\
\x9dI3gg\x8dS\x877m\xd4,s\x07,\x93\
.\xa72\xb4\xa4H\x9ee\x14\xacH\xc0\x86o\xe6f\
Xf\x1fC\xca<\xbb\x8b*\xcd\xe1\x94\xc0#\x14\xc7\
RP\xf5\xd8\xd0\xe2}#c:\x98\xda\x01%66\
\x0f\xf7\x19\xa6O\x08\xb3\xef\x16\xbd\x8c|\xc14;q\
*\xde\x09g:\x1cBu\x0a\x04\x0d\x02\xb6\x0fS\xec\
\xa5S\xd0yI\x9f\xe9\x91\x9c\x82\xd6\xa0\xc1\x04\xe0\xfb\
\x94E\x09Lo\xdc\x0a\xf0\x06:\x8dq\xd8\xcd)k\
\x065K^\x01\xb8\x11\xe7F\x92\x9eP3\xf68\xcc\
\x1c\x10\x5cI\x99\x17\xd4\x81\x0dQ2\xef\xeb0\x09~\
\x8bIj/9<\xcc!\x15\x05_\xc6\x1f.\x07\x8d\
\x91\xe3\xc3$V\x92q\x9b\xad\xcf\x85Q\x8a\xe4\xf7\xd9\
\x10\xe9\x9d\xbf\x8e\xa1_\xd6\x0c\xcc.c0g\x11>\
d\xc2\xcal3Jp\xa4\x80\x9e\x85b\xa0\xa3\xad+\
\x016&\x19[}0\xc6\xc8QL(\xac\x86\xba\x8b\
(|f)\xb3[F\xc1\x0c\x02\xcbs\x12 \xe4\xb1\
\xfbZ\xd9cU\x9e\xf7\x92\xe7\x88_\x84=\x04\xb52\
d\x8cIv\x9a\x12JG\xafWY\xaf%\xf2\x8d\xc2\
4\x1a\xc85>]\xcb1GsVV\xcf\x95\x0c\x90\
\xd73 /\x1f\xc6\xda}dY.y\x15}\xb1\xb4\
\x5c\x85\xf7\xc3'|J\x91\x1c=E\x8e(`\x8f\xde\
\xe0\xc2\x01\x86yE\xc3\xf4,\xf1\xb0\xf8\xa5\xfc\xa8\x9b\
\xf3\x13`}Q\xc5W5\xbe\x94(\x5c\xf9\xf9\x8c\x11\
\x5c\xb4\xc5W\x92\x87N\xe7\xb5\xd5m\x1d\x9f\xb4-|\
\x00Yk\xcc\xc6\x04\x15$\x01c4\xc4M'\xb0^\
\xfd\x84\xb9s\xc8\x9d\x1ae|\x7f2\xeb%\xa9\xf9\xb4\
\x8d b\x94a\xbbFB\x8ch\x98V\xbc\xa8\xc0U\
\x0fU\x09\x1b\x22\x85\x1dq)\xf9\xbfn)\xeflt\
\xc3P\xa0\xb4\x85l\x1d\x84\xb0\xbd\x1f\xbe\xd4\x98\xd7\xad\
Y\xd5\xdb\xd8\xaa\xf0\xfd,\x09\xbe\xa8\xc8P3\xab\xac\
\xa7@hF\x89\xdcfy\xcf\xe4\xba0\xfbL\x99>\
J\x98\x15\xae\x1d\xd6V\xf0\xdc\xadV& l\x8b\xe5\
\x17s\x01\x16b\xac\x1d\x05\xd7\xd3\x92\x92\x1dp\x14\x98\
=\xe3\xc2\x17\x15=\xf3\x04a\x8a\xe4\x00\x16\xc2\xdf\x17\
\x91+J\xb9I_\xc3\xbb\xc6\x05\xb0\xe8\x85\xa7=\x1c\
B<\xc3\xe2\xd7JF\xf8\xb6\x9b\xc0qb1\xd6v\
\x8a\x81\xb5\xd0_\x04\xb2,\x96,\xe5m\x17L\xaaO\
\xf9O\xdd~vj\xf7\x83Qa\x9c\xbce\xd9\xff\x0f\
;\xf2-\xe0%\xb3\xfb\xb9\xa3\xaajvY6\xc1\x13\
4$\xe6U\xe5\x22\xb9:\xfa\x00m\x827Z/X\
\xcbos\xe4K\xba\xf7A@\xb6MD\xa9\xd0+\xc6\
\xdf\xc2\x9e]|q\xb8DA\xd9\xf7\x1c\xbbV9\x86\
\x8a\x01C\xcb\x05\xf0m\x06\xfe\x7f\x09[\x05\x9ek\x01\
\x81i\xf4)\xdcI\xae\x1c\x1fc\x9c\x90\x9b@\xc8(\
\x5cD\xcd\x93u\xe2\xd3\x90\x90\xf5\x86\x98`\xb7\xa9w\
\xc8\x00\x0c\xcf\x9b\x99M\xc3\x9c\x16\xf8\xc6`i\xd3\xe8\
\xd6^c\x8bM\xb8\xf6Q\xdb\xc9\x02\x90\xfd.c\x9d\
\xe3\x07f.G\x98\xa5\x05n\xc6[\x02\xfd\x5c\x7f\x01\
\x5c\x8b\xc03\x0d\xb8\xb8\x96\x03\xaf\x1f\xf93\xdc\x14\x0b\
\x0b\x02T\xce\xcd\x95t8\xb6\xb1\x0c\x81\xd9_y\xf6\
\xb0!Ul-\xcb\xb7\xec`\x88A\x81E\x8f\xd3!\
\xb4\xccf\xa0\x93h\x8a\x17\xb3\x87-FE\xf8(\x1a\
E\xdfe\xba\xb11B\x8f\x8b\x5c]!\xd9\xbb\xf0\x82\
\xfd\xc0\xf5p\xcb^e@\xfa1{\xbc\xa8'\xd2\xdf\
e\x8b\xc7SQ\xc9\xd6R\x96[nYY\x82\x9d\x05\
\xb28\x9b<\x18\x96\xb8\x03R\xcc,\x90\x93\xc0\xff/\
\xd93,7c\x9a\xa0\xca\xc9\xaf\x1f/G8 |\
\xcc\xa1+\x9c\x899\x09\xe25fN0\xb6\x06\x13\xf0\
\xdbB\xce\x0c\x80\x08\xe4\x8d\x85\xf3\x96\x810\xdd?%\
\xcc\xfb\x9c`\x0e\xe8s\xb0\x87\xac\x86\xee@\x1e\xaa\xca\
\x18\x84\x195\xce\xd9K\x01\x9a*\x88$\xeb\xe8+(\
\x83a\x9ba\xcfb\x89|e3\x08;\xe4'\x0eS\
\x0a\xa3uX\x18\x934p\xd8\xce\x17a\xab\xf8\x22\x16\
L\xcf\xcc3\xe6\xdfv2\xb9b\xd62\xd6\x0do\x02\
|1\xbd\xe0,\xc2\x7f\x9a\xf0\x82ZN\x96\xfc\xa0\xd9\
\xf7\x87\xffM\xfb\xe6Bn\x12\x03\xc4\xd9h<\xde>\
E\x03t|\x99\xdd\x99p\xf8\xce\x12+_\x08J\x84\
\x1f:+E6\xbb\xe0\xdf\xb87\x83\xc8\xa09\xc6^\
\xc8\x135\x19\xfbU\x841\x9f!,VF\xb9\xd6\x15\
\xec\xae\x98\xb7<;\x03\xbf\xb1\x03\xdb\xcc\x9d5j\xe6\
L'ci\xd9\xd9~F\xf7\xf0\x0d\x1aW\xeex\xf2\
\x8e\x0c\xa1\x00\xdf\xc70\x123J\xf4M\x97\xf73\x17\
\xd1\xad\xd1~\xdd\xa1~\x5cG\x865_\x18\x9a\x8b\xc4\
\x1eW+{\xf4\x08/\xe7\x8e\xe1\xb7:k\x96|\xcc\
\xdfYV\x96\x0a\xd7\xf3\xba\x97\xc0\xef\xb0\x0alI\xc9\
2\xbdET5\xa6\xd9\xe9\x1a`<\xc3\x8c%>M\
|\xab\xc2BO\x86\x09\x92&\xe1.(\xed\x8a\xbe\x04\
\x87lv\xfcb\x01\xf3l\x98\xa9\xb6\x81|\x04\xa5B\
\x92\x22s\x90\x81\xb8\xbc~\xb72B*\xc9\xda\x9b6\
K\x95o\x8c\xa2M]\xff\xcdL\x07\xec<L29\
\xd7e\xe2\x93\x93\xa7sHO6\x0b;\xcf\x08-\xf8\
\x82y\xcb\x16\x00\xc5\xec^\x84'm\xec)f\xed`\
\xbd;N\xe6\xec$\x8a\x02\xbc\x81\x17\xc9\xb6\x08.\x87\
f\xcb\x90\xf7$\xfct\x1d\xd4\xebYf@E\x16\xaa\
&\xc0S\xc4G\xef.;\xbaE\xc4\x15\xca1G\xe6\
\xe8\xb3rV\x05s\x1c_!\xd4\x92g\x9a9d\xe5\
\xdd\xc9\x18\xc4tS\xe9\xb7\xe3\x11\x22\xc2\xa51S\xd8\
\x10\xe2\xf6\x9eYC\x165\xf3\x88M\x81|\x914\xd9\
\x86\x04\xbaJ\xc5}\x8a\xaa6\xd3i\x9bl\xc2\x10G\
\xb4\xb9\x90%\xa7\x14\x16*aFz\x13\xc2\xf3\xad\xaa\
\x18\xfb\xe2\xb3+\xb0\xe4s\x96\x83e\xdf\xeb\x99\x8e]\
y)W\x1e\xaa\x9fv%\x93&\xc3S\xaf(\x8b\x95\
\xe9{<\x88OV\x063W\xc1\x9b\x9e\xfc~\xe87\
\x16?\xc57\xf1\xd9\xb0)\x093G\xec\xb9H:\xc7\
9\x04\xcb\xb9\x88k%\x8a\xe2\xd3\xcc<\xb0\xc7AX\
\xec\x0e\x0f\xb5\x98\x9cH@\xc4?<\xdc>\x86f\x1a\
\xf4\x93\xc3f`\xb1\xe3\xaeW2\x8at\xdd\xf1ag\
G8\x06\xfd\xfa\xa6+Z\x90\xc4\x15\xce't\xdb#\
\xeb\xcc*\x0f\x84\x1b\xd2\x8a\xc9\xa3k\xcb\x9b\xde6\xac\
a\x07\x19\x7f\xd2\xd2\xed8y<J8\xe2cv\xb0\
1m'i\xd4\xb9S\xa0\x10\x1d\x1e\xa3\x10\x89\x84\xa1\
\x93\xac.GF\xcc*\xafS:\xd2N\xf3\xb11\xaa\
\x08\x8fa\xe2\xb9\xccR\x94;\xfa3i\xc7\x0fi\xda\
y43\xe6C\xedT\x07\xdf\xd3o[\xd7P\xd4\xed\
\x9d\x00\xd6\x95}/\xae\x88\xf8\xbea\x8d\xe4\x87\xe2=\
\xb0\x92\x1c\xb3yc\xe2\xdar\x86(:N\x1b\xebk\
dpg\xfdh\x8b\xcb\x8d&E\x1e\x89\x98\xa1q\x89\
$\xa2\x1f|>\xd0\x99bD\x94\xe4Z\x85\x1ca\x18\
\xc2\xea\xb9\xe65\xf0\xaan[bMZ\x8e~\xc01\
\xe0U\xb6\x12a\xa3X\x81\xef\x81\xd4yM\x86L\xc8\
\xe3ev,9\x98\x85CE\x07\xf8U\xf5\xad\xf2-\
\x8b0v\xa3*\x0c\xba\xf4\xcb]\x08D\xfe\x196\x11\
\xe64\xa5\xba\x1b\xb3P.Y\xb2\x17\x92\x0c\x9a\x86'\
\x80k\x1b\x03\x01N?\xe2t@\x17\xce\xcb\xee!\xdb\
\x0d$\xda\x0c\x17\xbdB\xae\xe8\xeb{\xfe\x91!&U\
\x0f\xe6\x09\xed\xb1\x19\xf5\xe9fj\x00\x83\xfc\xde\xd7\xca\
\xc2q\xa5\x22\x96\x80\x87\xc8o\xa42\xd1\xd0\x10L_\
0\x8a\x19!\x99\xbb\xe4\xd8rb6_9JU\xda\
\xf6\x85\xb9 \xc7\xf4\x22\x9c7\x9e _ylV\xac\
\x9e\xf0\x95\x83\xdb\x06W\xce\x9c\xb4\xb0>\xc1\x87\xbbG\
\xcc\xcfy\xd7\x09&\x0c\x9b\x0b\xd2B\xd1\x89M\xd2v\
>\x8f_\x96\xac\xedg<\x0b\xff\xd2\x04\xfa\xcd\x08\xb9\
\x0dC@\x07\xd31,\xd3/\x19\xdbM\xc2A\xf80\
<\x0c\xe9QF\xf6@\xecq1\x00\xaf\xeepq\x1c\
\xa6\xc4#P\xf5\xdbl\x06v\xc93SP\x8e\x93\xa5\
\xe7\x05%\xa4\x98\x89\x8f\xa2\x93m\x92\xab\x16\xa4\xbd\x9b\
\x0at\xcb\x89H\x22\x85\x14\x89\xf9\xd2\xd8\x8f\xff\xaeC\
<\xc9_\xa8\xf7%\x08\xad`99\xd8\x1e\xa6\xfe\xd8\
\xc9\x00l\x09o\x1fU\xb1\xc1\x0d|\x5cj\x90&L\
\x83\xec\xae@\xae\xb9\x19\xf1\x22\xf1\x98&I\x1e\xd7\xfb\
\xe1\xb8\x00\xc4\x9cBg\xb1\xbac^w\xa7\xb1\xdd\x86\
\xb3r\x8c\xe5K\xa9`\x052\x16\xbez\xec\xe88\xb3\
\xe3\xf3+Cz-\xef2\xfa\xac1\xcb\xf3\xf0y\x92\
\x93v\x1dkI`\xe7U\x15\x09v,\x0a,'k\
xE\x07\xce3\xf5\x08\xd1\xb3h3\xc3L\x8fl\xae\
\x18R\xac\x17\x09W\xc3q\xd6Rtu\xf8\xe0\xe7\xc5\
,D\x12|\xbe\xd0T\x15\x09&[\x8a>Y\xc5o\
:\x07\xfd^wWK1\xde\x9e\x03{\xaaH \x0f\
$\xe81\x8a\x8eM\x14M\xf3\x96\xcd3<8\x16j\
\x1403\x9e\xebc\xfb\x09fN0\x88\x19P}r\
!\xe0\x96\x8c\xba\xc5 |\xe3\xb0r\xc6#\x02\x86\x9f\
z|\xe9\xa7\xd0EN\x81Ca\x99\xd8\xbf\xaa\x8eT\
\x90K\x91\x05\xe9\x8a\x96\xd1\xd5\x10$\xa2\xa7\x9e:\xdd\
 \xdc\x00.dz\x8aJ\x81\xab\xb6\xc6\x99\x05\xa6\xdc\
1\x8a\x83\x12\x0b:\x02\x84S\xbc\x1c\x09B\xdb\xc9\xb8\
\x80\x9e\x02b\xa9\x0b\xdb\x0b\x0b\xa3\x1a\x11|\xa6\xf9\x90\
\xf0\xe0\x12-{1\xc4\xfe\xd1\xab\xd9)\xb6\x80\x97\xc9\
Mf&#F;\x98\xb69K.-\xdf\x00\xc7\xb6\
8\x9c}\xc6be\x99\xb1\xd8\x0a9\xe6H\xfc\xe2\xaf\
\x08%\x0d\xf4\xads\xcb\x1a\xab$\x16N\xf4\x04\x04c\
(#\x1c\x18\xa3E\x8fz\xd3tb\x00f\x5c\xec`\
cxnq|\x22W\xc28'O\xd8\xb1\x02\x8a]\
p\xf6D\x18\x0a&\xc8w*\x02\x12\xfd\x94\xe5\xd9n\
6\x1d\xf3V\xa1^\xa6\x01\x90z\xb1\x0c\xb1\x00c\xed\
\x8c\xaaw\x92;\xcf\xc6\x0c\xa03\xd7\x14\xed\x1c\xf6l\
\xc1+\xc7+\x1b-\x8e\x01\x99J\x9dy1q\x1bp\
\x08K\x93e\xfa+\x8f\x9d\x9bJ\x9c\xd5y\x0e\xea\x85\
\xdev\x16\xbb[\x092H\xa5\xa4\xc4iN%\xcf8\
\xf72\xf0\xa6L\xac(H\x08\xb9\x93B[o1\xd0\
Q\x89Q,\xcd\xccK]\xcej\xc0\xf0\xa2\xc0C\xf5\
\xf1H\xd3FZ|\x11b\x09s\xd69\xf0\x98c\xc9\
?*8\x8e\x96\xca\x81\xe4\x11\xcd\x1a8P*\xbf\xfe\
\xc5\x08\xc5\x0a\xd3\xed<\xb3 \xda\xcc\xac\xc2-?z\
\x03\xae\xc3\x14p\x163mSg\x07\xbe\xef@\xdc+\
\x0a\xa9\x09f\xfa\xde\xc9,K\xaaZn\x82\xc1\x05C\
$F\x84\x004&'\x98\x92\x84o\xb3\xac\x82\x1f\xbd\
;XG\xedX\xe3&\x16\xf9B\xf7\x0b\x08\xba\xbd\xd3\
u\xba\xca@8\x8at\x9cQr\x04\xe5\xe1\xbe\x89n\
\x08\xba\x19\xc6\xb7\x8e2\xe44#\xe6m\xc2\x15\x87\xf0\
f\xea\xcc\x10\xbeqR\xe3\xca\x0d\xfc&s\xa0\x96\xda\
\xf51\xa1\xc2Q\xb9Ow\xbd\xbb\xddb7\x8f \x1b\
}\x0e\xdd\x0c\x93\xe8\x89\x8d\xcbr(\xc0\x5c`T]\
;\x9b\xce\xd9\xd8@\xd2\x5c\xc3\x85o<\xa9\xe1\xf1\x0d\
\xeaG\x90\x0e\xe8?\x10\x91a4\xe4\xcb[\xd1Eb\
\x84\x863\xf7a\xde\x8d*\xd59P\xe5\x93!\x0f\x22\
/\x0c\xe4\x0e\xf3\xa3\xb4\xd8\x91\xfa\xe4\x18\xa4!\xbc\xc8\
\xd4\xfb\x81b\x1a\xde\x9f\xe7\xc2\x1e2m\x9f\xb2}\x09\
w\x1e\x03x\x12\x88\xa3\x80~\xa6\xe8O`\x5c\xc6\x0c\
}\x00la\xc1\xf5\xed\x18>O\xf1\xbd\x98\xa1\xc3l\
)\xe1\x0da^\xca*G\x80:\xc9 \x14%\xcd\x90\
\xecj*\x1c{\x94\xe4M\x1f\xb2&mk;\xf1\x1a\
\x80\xfdg\x99\x17\x7f\xa2t\xd2\xcc<\xb3\xf4$\xc7\x17\
LU\x98L\x85\xcf\xd0\x14\xd7ej\xaf\x86O\xb0\x92\
\xeeaB\xb9\xca\x1aRi\xccP|\x8d0D\xf2\xcc\
\xa3\x94\xaf,K\x98\x17\x83\xa8\x16\xf8\x0a\xb3B_\x97\
e\xd2\x0be\x8e=1\xbad\xb2U\xd6\xf7\x03#\xe1\
#\xc7x\xe1K\xc4\x80\x9b\xa8y\xd6<\xdb'(V\
,P\xad\xa4B;\xf7\xee\xba\x9c\xbaYb\xd7#\xa6\
r,\xb9E`_\xb0\xf79p\xd66\x8c\x170\x91\
\x928\x1c\xa4\x22\x06V\xc1\xab\x9b\x8bJ\xc2\x9c7\xde\
\x93\xc8\x80\x1ag\x8a\xd9\x89\x10KXc\xafR\xfe\xf3\
%BN\xc2$d\x8c\x816\x17\xb1\xc0I\xe9>C\
\x0e\xd8U\x1c\xba-\xc2\x9dr%`NX\xea$g\
\xe9\xb3\x95;\xcc\x08E\xb5\x05\x5c8-\x0a\x82!\xf7\
\xe8\x08\x11X\xbe \x9c\x1c\xe1\x80\x06\xaas\x19e\xca\
\xa0\x1cS\x0dQ\x05\xa2IHdNA&G\xe8!\
r\x0az\x9cs&\xf6\xad\xa4wK\x10\x17j\xfc\xb3\
\xf1\x13ic\xc7\xa9\x1c{\x14]\x0aP\xe0N\x19\x1f\
\xeaw\x19=v\x9ex{\x99\x81\x81\xfd|\x88\xb0\x84\
\x1f\x81Q\xdf\xf5F\x81\xca{y3gL\x9a\x9em\
\x8e\xda9;(#\x9c.Ek\xc5\xb3\xe5\x09\x1a\x9e\
\x15T4\xa6\xe6\x97\xfaP\xe1\xe1\x0aBr\xe0zD\
\x1e:\xa0\x97\xbc(k\xe9o\x06\xcdq\x8b\x19'{\
\xd0\xff(l\x08\xa5\x0c\x13\xecA\xf4\x08SBW\xe1\
)zc\xe9\x17\xa7>\x8e\xb36\xba\xec\xdd\x22b\xa4\
\xebaS]\xc9\xa2:\xb4\x84\xf9\x03\x12\xed\x93\x13\xf4\
\xc9e\x94\xa8\xc8\xf4|:cF\x5c\xfb\xe7\x13\xc4\x9d\
H\x80W\xf2\x8a\x97\x0c[9|E\xc3\x8a@Bh\
\xed\x80?\xc2\x1c\x8ai\xdb\x98\x83\x8e&\xd8\xab\x0a\x96\
\x8a%@j\x99\x8f6\xb0\x90\xa8Z\xfd\xa7\xf3\xa0\x91\
!\x10\x7f\xfa\xb36\x8cK\x86l\x04\x0c\xe8\x82\x7f\x97\
\x8a\xce\xb5K\xbb\x96.M\xeb\xb28\xb2\x82\x14\x87F\
1\xe8\x01x=!\xbf\xc5\xb4\x19\xa6\x81\xdcb\x12N\
\xcd\x22\xb7\xcc\x13\xe3\xd4\xf7\xe2\xfb\x92K\xeb<\xc8\x84\
\x9e1\xb2\xbc\xbc\xf2\xfaI\x05G\xdc\x7f\xd8\x15\xde\xa9\
1W\x5c)y\xf7b\x97\x22/\x0f\x92\x116\xac\x1a\
\x98\xb1\x0a{\xa4\xa6\xad\xabU5G\x8a1\x1b{+\
8\xa4\x0b\xf63\x92\xe7\xdf\x17\xb7s\x02\x8d\xdb\xd9\xef\
h\x9d\xa4\x9d\x1eJ\x9c\x09\xe4Ay\xf2p\xa4\x96\xbf\
O\x80?m\xa8\xbe\xe4\xa1\xf4\xe7\x9c\x8a\xc0\x87\xf4\xed\
\xcf\x99\xafE\xf7\xbd\x11\xab@'I;m\xe2:N\
J[H\x97v\x19\xe5\xef\xed\x0c6]\xc5Wwv\
\xcc\x0dE7l[\x7f\xa5\xe3-E[\x08\x1asd\
\xe5A|\xe5\xe780\x1cy3i\xe6\x8a\xa93\xad\
&N\xa8\xfb\x1d\xd1)1e )d3\x1d\xf1\xe3\
\xb3\xb3\xa82\xe5\xc5\x95#\x97\x1dp\xa62\xa0\xcdL\
\x9d\xae1_\x0c\xd62\xc0\xbc\x80\xf7\xee\xba)}a\
a/\x0a]\x9cP\xdb\x00\x8ez\xac\xe4\xb9y\x1b\xf1\
\x1cxQh\x0c\x93\x82:\x92\xfd+\x93<\xc4%m\
\x9a\xb7\x91\x04b\x12XI\x07H\xa0@\xaaww*\
\x15z\xc7\x1b\xb4J\x9d\xdfwe\xeb\x14>\xdb\xa9\xeb\
\xbc8\xe2\xd4_ItU8\x18\xa3K\xe1'L\xc1\
\x10\xc9\xebU\x0c\xed}<\x14\x92\xe7\xa7\x045\xaf\x8c\
\x86)\xf8<H\xa3\x8b\xb0&&\xbd\x94\xc0\xc6\x8eE\
p\xba+\x9d[a\xd4Er+Ce\x08H;:\
\x85\xb9\xa0eC\x9cD\xed\xb09\x99\xda\xb13\xdc\xb1\
B\xaa3\x1d\x0f[1\xb9\xacZL\xe2\x05\xa4\x01M\
\xb5\xc1L\xfd\x99\x08\x87\xb6\x9a\xcc|\x96Q\x18\x1e|\
\xde\xebc\x86?_\xb0\xc4\xbe\xb0\x03\x84uSq\x9d\
W\x9e\x05\x8f\xd8\xe4\x1epEC4\x0aq\x8c\x10\xef\
\x1c\x03\xa0*\xa6sQ\xdbT\xb0/\xbe;]|\xc3\
\xfbG&H\x04\x0e\xb5\x08Y\x93\x96W\x8a\x86\xc4`\
r\x84ef\xb3P\xe82\x84\x9c\xe2\x15\x1d\x9f\x98\x04\
\x8d|1\x17\xd8K\x84\x7f\x8c\xa2\x11\xc3\xb6\xbd1\xb8\
\x8b\x06\x88\xd9\xf0_,h\x9b\x80\xaf\xd1 \x89\xe4\xe7\
oC,\xb6\x92\xab\x0e$\x92\xb4\x8c\xb8\x15Q\xcb\x99\
p7\xd3\x5cR\x1a6KO\x94\xa41\xe6\xa4\x07\xeb\
\x89\xb1Z\xfb\x94@<<\xe04\xfc\x8bA\xfa\xf3:\
\x1c\x0a(\x1c\x12\xa7\x18\xfb'\x99\x09]\xcc_\xe2T\
U\xf5h \xe4\xe3\xed+j<\xb9\x84\x95\xa8\xd9\x98\
\x0b\xbf\xeb\x22\xffPUOF`\x14\xe5n\xe9\x17\xcb\
\x88\xa8\xc3\xbf\x09k\x06\xa4\xa6\x97jE\xf0\xb7\xbc\xd7\
qD@Z.z\xaan\xae\xb4\x17\xfe&lC\xc4\
zs\xda\xbf\x1b\xfav\xa3\x15h\x09\xb4\xf8\xbf\xe4[\
2N\xd4\xf8m\x09{\xb0\xa9=\xa1O0\x08a)\
2o\x06\xfe\xca\xe6\xbd\xbb>otuu\x11\x15\x11\
\xbd\x07\xc0t\x93\xdf.[\xca~-\xf4\x074\x89\xc2\
\xb2\xa5\xc1\x04\xfd\xe0\xb8\xae\xa5\xcb\xe9'\xd8\xaf\x98~\
\xb1\xec8c\x83\xe9e\xe8\x17\xddK\xbbW,Y\xba\
b\x09\xfc\x12\x7f%\xac\xe0\xd8\x88kpGy=\x92\
\x0c\xc1\xde\xba\xc8\x8e\xb6\x92V@>\xa4\xdeU\xe1\xdf\
)OP\xf9F\x91sd\x00\x9c\xd55\xdeE\xf7\x87\
\xb5 l\x7f\x9d\x04\x0e\xf8\x17Y,\x98$/\xad\x19\
\x90*\x0a\xd8\xda>\xb6\x9bf\xd2\xc5\xcel\xb3$\xef\
\xc3\x95\x8d4\x04E\xa8\xaa\xa54B^q\xa1\xf7\x8a\
\x0e1K\x0c\xc15\xd4Tl\x93\x0fQ\xfb\xa0gM\
\xdan\xd1O\x1edU\xa5~@\xec/\x01\xd3\x8e\x85\
\xa9\x05\xcd\xea!m\x02Y`\xec3\x8cz\xb4\xf5\xc1\
\xeb\x9c\xb1\x835\xa6\xe3\xb0IW\x02\xf1\xa1d]>\
,\xd9)\xba#\xcd\x8cL\xb9\xdd\xf4\x1c\xa6S\xd6\xcc\
\xb8\x11\xb6\xc9\x95}\x9e\x12\xf6\xfdzW1\xbb\xcf\xf6\
q\xf4k\xd4(b\xe6,\xea\xd6\xa6Y\xcbB\xc2\x02\
\xda\x04M=\xcd\x9c\xc2EC\x1aN\x07l\x0f\x1e\x99\
\xb07\xc9\xb2\x84\xe1\x173\xcan3\xfd\xe11\xec\xa5\
0C\xbf\x0dO0\xa3'\xc3\xb4\x82\xe3\xe39\x8bE\
|\xe2\xf1[\xfa\x9d\x00{\x19\x09=\xd1\xc2\x88\x86f\
,\xc9QXr\xf0D_\xc4\x9fA\xed\xa0g\x84\x18\
E\xaa\x0b+\x84`4\x96\xe2\x8f\xcc\x99\x0a\x0a\xb7Q\
b\x04\xa3/\xc8\xd12t\x19/\x82\x84\x9e\x8f\x11P\
JW\xe4\xa20\xcb\x1cm\x8c\x16\x83\xc0u\xb4K\xac\
Ho\xa4\xe9\x15\x91\x8de/*\xfdj{\xcd\xd1\x8a\
\xf6\xdc\x03\xfa$\xe5]\xa5\x124NKt\x92v\xa4\
\x99\x9aqB\x16\x1f6B\xc2awj\xba\x97?\xf0\
il\xd0\xf43\x9f\x0ecg\x15s\xa8\xba\xac\x06\xcc\
d$-\xaa\x19\x98gf\xc4Q:Pk\x87\xb6\xc3\
\x5c\xb8o\xdc]\xf0\x05\xc5\x05B\xb1\x05I\xf6\x89\x0d\
d\x04\xe6h\xc2\x89\xaeS<\xb8C'\xba.\x8f\xc3\
Z\xb4\xbd\xba\xa2\xbd\xd2y`\xa9\xdb\xa4c*\x5cd\
\xe2\xa2B\x86\x7feQ\xc4v\xae\xed5?\x01.v\
\xc2X\xcdt\xacD\xd0\x1c\x1b\xd1\xc4s\xd1Q\xb7\xd1\
\xf1\xd8\x11\x1eB\xc4:\x0a|\x85i.Yz\x88\x1e\
?\x85\xc9B\x1b\x0a)\xfb\x99gA\x05\xf3\xd1\xfb\xaf\
p~\xf2\x0e\xf5s\xf6\x88\xb0\x06\xac\xe3\x16\xdb\xda\xbe\
\xc1\xcdZ9\xe5\xb5\x8f\xf3\x84*\xd2\x1f\xb0!\xccO\
Q\xf4\xd7\x8f7_\xf8\xfda\x03\xc2Nu<a_\
\x9a\x87\x96\xcb+\xb9\x89\x98\x82\x88\xfc?\xaf\xdb\x98\xb7\
<y\xe8\xd9\x00X'\xbe\xcc\x88\xdfx\xc7\x99\x82\xb3\
\x13\x1e\xe4\xfa\xf1R\xac\x00M\xb8C\x09d\xa8<\x13\
\xa7\xd5K\x22\xd9\xa0\xfa\x1eb\x99\xd4\xf4XJ\x94\x14\
2\xcf\x02\xd7\xe1\x95\xa7Q\xedJ\x1a2\x93\xde\x8f\xc8\
\xd8\xd3\xc9\x81\x87\xdc\x85\x15\xcd:\x8b\xa3\xd0\xf4[\x18\
\xefGT\xe3.\xecLu/\x96>\xeb\x07\xf2\xd1\x8c\
\x85n\x818\xf8\xe6\x16i\x06\xae@\xc9\x1f\xe9\xb1\xdf\
\xf2Yd\x9c\x99\x82y\xf2\x88\x14\x9d\x89\xa4\x9dj\xe9\
\xb3\xfc\x8cg\x93\xb5k\xba\x97#\xd8\x91\xcf+\x22f\
\x91>\x1a\xe5\xcdH\xa9\xa0\xfbrvD~\xa0!\x0e\
QI\xa0\x85H\x02\xc3f\xceL8\xe3\xd7\xcf\x04u\
\x88!\xfb<s\xbb\xc5\x0d9\xbd\x84\xe1\xf1B/K\
]o\xce\xa5\xa0\xd2vZ\x18yI+\xc0~\xf2\xbe\
\x96_NY\x05\x97\xb6\xd7\xe2\x98v\xab\x82\x15\x11\xdd\
V\xf9\x15\x9d\x11QK\x86\xfd9\xb8\xe1I\x17\x19\xa5\
\x86\x0dX1/\x9e\xaeP\x16\x14\x11&\xc5=U\xa4\
k\xbet\xb29\x88\xa1p\x0f\xdc\xd7R`g\xe0\xad\
p\x18\xcd\x1b\xaah\x95\xd1\x1c1\x95\xad\xcf\x80\xf5a\
\x92\xb5\xbfk\x1b\xachm\xf8\xbc\xc6\x85}\xb3\xb2\x95\
\x1d\x81s\xb4\xe4\xcc\xcc~/\xad\x9d8\x16\xf9\xdc\xbb\
Q\xd2\xb8M\xf0\xc2b\x9bv\x99\xfe\x9dL\xb0\xa2\x9a\
\xf4\x82\x12\xc5\xa1\x89\xfc\x90\xa87\xe2\x16\x94x\x8a2\
s\xccO\x9cC=N9z\x13\x1e\x1d\x9f\xd7\xfe\x0f\
,\xcfB\x1d\xb8\x19\x0fL\xc0]n\xe4Y\xe1wU\
\x135\xd5B_X\x11.\xc5\x07[S\xccl\xb3@\
\xb6\xf4d\xac\xce\xaaT\xf4\xa9\x14U\x0e\x03T\xa9\x04\
I4\x0bhF\x9b\xb8\x93\xa3$\x90\x9b\xb0\xf7a\x99\
\x8e\xed,p\x84j\xad\x15\xea\xdaS(0\xb5\x0e\xeb\
<`\xe7\xe0%\x84\xce\xec\xc5X\x13\xf2b\x1a#\xbe\
8\xd1%\xb4\xf5\xe6\x80#\xc2\x11\xed\xd0\xd5O\x1e\xed\
P\xc2t{\xe4es\x12t\xaf\xf5\xbdE?p\xf3\
\xc9\x83\xd4\xe2\x07YRcl\x22K\xfex\x0ez\x92\
i\xd3\xf3\xba0\x1d\xc9\x05\xac\xc7\x8al\x16\xcf\x92\xb6\
\x815$\xf6>\xc3\xc0\xa1\x93\xa2:\x86-\xac\xeb\x13\
>h\xc9\xa3\xad\x8f\x8c\xa6^\xa2N\xed\xc5\xed\x8cP\
'\x1e\xfb\x1f(\xaf\xc9<6?\xbew\x9d\x82\x9aw\
\xd2\xeb\xd2\x89MC\x8e\xcb\x94\x8c\xdaUMc\xa6\x13\
+\xe6\xa0\xd6L\x0c\x04B\x9b\xa6\xef^\x8dzD\x87\
\xea\x117\xf9\xc3Y\x84\x8f\x90\xf6^\xea\x8b\xa8\x0a)\
\xad\x98\xcf\xc6.=B+\xaa\x1d\xe8O\xc07\x14)\
\x10B\xd2dNq\x80\xf5\x19@]\xb6\xb5hJQ\
\xea \x150\x17$S\xc4\xef\x84o\xb8+\xb2Up\
7\xd9p\xda5\x19\xf4h1;\xcc\x0b\xec\xf9\xcd3\
\xab\x90\xaf\x88\x9a4\xfd\xf3\xa4\xc8\xc6\xe2\x0b\x97\xa91\
\xf2e8\x1aO\xd2\x8f\xd1\xde\x9c\x8d\xa3.<+0\
m\x07.\x5c'\xce\xc9\x13xf&\x80\xc3\xcd\xb8~\
\x00\xbf\xc1\xc1=.\x10\x153\x08\xf9C\x12\x077\xc3\
\xcfc=Z\xc1s\xc7,\xdf'<\xb7\xe1\xe3G&\
\x83\xbf\xb0\xbd<\xf5\x95\xe2\xf6\x9d\x11+\x8f\xb3\xdbX\
\xbeP\x8b\xe8v#\xa3\x5cr\xcc\x89K\x15\x1a:p\
\xf4\x036\x0e\xc1b\xf0\x0c)\x13|'\xca\x02\xa7\xf8\
\xaa\xc6\xdd\x10\xe3\xc7\xcc\xc3\xbcLf\xf6\xa29\x1eK\
\xe4\xa7\x17\x15\xb3`\xfc\x18\xa3\xc7\x86\xd9e\x93$\xe1\
\x92F8?\x92T'\xec\x948\xc2\xc5Z\xe9\x9a\xea\
\xe1(\xda\x22\xbe\x999\xb7\x98U\x8f\xab`\x96<\x17\
\xce\x85\x9c\x11\x0ej\x04\x19s\x89\x1f\xe0\xd4K\xc3\xa6\
9\x0c\x9f\xe6\x0b\xa6SJ;\x9cG4\xb0\xb3\x98/\
^4\xe0wR\x04Qt2\x97&\x1e\x00\x8c\xd12\
\x0cGU\x990\xa9\x04_\xc8$B\xdct$\xcd\x9d\
\x5c\xbb\x12\x0f+\x8dC:\x10\xae\x14\xd4D\xb3\x8f\xa0\
\x7f&\xe4\x1a5>\xe8\xdaN\xb0\xc4\x1d[\xe2\x9b9\
K\xc2\x11G u\xe2\x9c\xaf\xd0b\xb6\xb5w\xd3)\
\xc3\x14\xa0\xbee\xfa\x04\xb9\x99t\xc7\xd1\x7f\xd4\xb33\
\xdb\x96\xc0\x17K\xf2\xae\x17\x00\x89!7)G\x12]\
Yi\xe05\x88\xa4%\x17J\x91\x87zn\xf8!\x22\
\xdc2\xc4\x86\x9cp\x0b)\x03\xce\x02l\x0a\x98V\x1e\
\x87\x0f\x0b\x1c\x934\x90\x1c=I\xa9TL\x1b\xa9\x02\
\xfdA+\xd5\xa7\xf5\xd9fN\x04\xc5\xf7\x90C\xdb\xa3\
\x10\xf9\xda5ff\x9b\xfes\xac\xb5\xdc\xc12\x91\x11\
\x8d\xa8\xe2\xf6\xd2\xb4\xc6s\xb7\xfb\x16sz\x89\xf7\xad\
H\x85\xac\x9b\xb2BED\xbc\xeb\x16\xa6\xbf\xdd\xaa8\
`DS\xf7\xf4\x02\xbc\xb7\xb0w\x14\xef-#\xfcs\
9\x86\xda\x11\xd5\xa5\xe2f\xd2;\xe1\x82d\x0a\xf8\xd4\
;\xbc\x05?\xab\xfd;`\x1b,\xad\x8fk\xd8y\x91\
\x9b1\xbe\xb6\x0a\xd4\x19\xf1N\xfb\xad\xd1\xd0\x1d\xfcZ\
\xd6MQ\x1a\xf4\xb9\x8e\xa5\xff|\x15\xb0\x9d\x19\x91\xd4\
\x92\x8aE\xd4=\xdf\x0b\xbd\xa5a`E5%\xd3\xd7\
\xdaY\x8b\xc1\xc5\xb0Hv\xa1$\x5c\xa9@\xcd\x1c\xef\
\xf6\xc6\xea\x99\xe3\xe3\xbf\x8b\x956\x88\xa2\x84\xabx&\
\xa5\xfbvd\xc4\xb7\xdd1\x18\xaa\x09\x84\xf3,E\x14\
\x0fI\xa4\xdaY\xe2a1\xaf\x9b\x81.\x01\xb3\x02\xb8\
\xd2\xd4\xa8\xea\x88\xc9\xb3\x22*#\xcf\xfcl\xb4\xd9X\
\x99\x83>\xa7\xc94\x94\x12\x8b\xa3N\x88i)\xc6\xee\
\x91\x5c\xfa\xb2\x0df\xc1\xc0\xfe\xaa\xb2\xd6\xc2\x98m\xe5\
H\xce\x10\x13\x1e\xb0\x5c1\xef`\x91\x87\x19\xa3X\xb6\
)\xdd\xfdPt\x9b\x12C72m\xa5\x8eN\x0c'\
Z\x92k\xb1%Y\xdf-\xaa\xab\xa0\xe2\x8d\xcaFN\
\x0a\x96Pu\xec1\x13\xdc\xd4\xd4c<\x94dm\xa5\
q?\x986FRl\xc5\x173\x93\xec\x81\x92)~\
\x84*\xf27ot\x03R\x03\x84\x9a\x96\xe3\x03\xcc%\
\xc42/\x5c}\xa2ZW\x95\x97\xef\xd8\xc4\xb4\xad\xf4\
\x80\x12P\xfe\xc3,a\xa8~\xff\x96\x12 \xa2Z,\
\xe9o\x8e\x8b\xc0\x93#?\xc7 \xb9\xc5\xa8\xd7x\x18\
\xf3T\x98\x9e8\xc8\x00\xca2\x0eP{\xe6q\x14\xbe\
\xe4~\x10\xccb\x88\xc6\xea\xa5`o%\xe0\x98\xb3\x09\
`\x7f\x1f\xc8a\xb6\x929!\x91\xf2\xb3\xb4\x1a\x14#\
dD\x9c\xa7\xaam\x1874AR\x84\x9aB\x0c\xc9\
\x08>l]\xe2{r\xc2\x10\xa9\xac\x22\x9f\x0e\x83\x05\
\x8d\x91 \xa5b>\x8fS_\x8cZXk\x8f\x99\x9b\
L\x0e\x98\x18c]\xda+3\x13\x0d0\xf8S\xf2\x14\
\xcdM\xd5<\xe4\xe2\x904\x9e\x8b*>\xc0BMx\
\x07\xcf&\xa2\x1c\x91\xc2\x06Lc!\x19\xf4\x04\x12\xb9\
\x815\x89\x03G_\xe8\xc4\xf3\x90\xfe\x01l\xca\xf0\xc3\
\xab\x9fw\x80\xbc\xbb<\x1ef\x8a\x0f\x99Fwt\xf0\
\xf0\x04\x800\xf4\xa4\xc9\xb4;\xb1\xd9W\xc3\xab\xeb\x92\
\xa7@}\x1c\xf6\x90`\x82\x22\x0b\x0bX\x88\x16\x03\xa6\
e\xe0\x8bI\xf8\x09\xff\xff\x0e\xf8\x8b\x0f\xff\x95\xb3\x1e\
6\x5c\xc0\x85Q\xfc\x09\xcb\x0a`\xbe\xc5]\x19\x7f\xd2\
X\xdc\xb5#\xe7\xefH\x989\xc5D\x10\xff\x18\xeb|\
\xc2/\xd6\x18\x8b\xb1\xdd\xa9*\xad\xd7\xc3\xceI.\xd8\
\xac\xc5r\x22\xcd\x5co\x02~\xf6\x14\x03\x17\x8b*\xd8\
\x0c>\x80i\x0b{\xd3#\xd4Hr=\xdc\xeeSf\
\x88\xeak\xc5\xfb\xeb\x84r\xd1\x14\x15\x8f\xc8@\x09X\
\xe5y\x8d\xc6\x98\xd7\x0eG)\x19\x82\xa5\xba\xa1\xecc\
\xfb\xc5\xc5G\xdcH\x1c\x1d?*\x9b\xa1\x0b\x7fX\xad\
P\xbc\x87E\x22\x9f\xc3\x8a~\x8b\x0612\xefP\xbd\
\xefh<P\x8b\x8b\xab\xaa\xfb\x9fL.\xce\xf7i\x94\
3\xf8i\x8c\xfd\xd2?T\xea=\xf0\xe3\x85w\xfd\xa2\
\x88\xd9\x8b\xc3\xd2b$/\xab\x98\xf4\xf4\x90\xb4\x84\x80\
\xe8&&\xd5Q\xa3\xb8'\x88H\xeeFt-\x8b\x18\
\xccx4wx=\xbe\x08vU\x1c\xbf\x14M\xb4\xa1\
\x88\xe5\x12S\x1c\xe5\xb4\xf0\xdf9i\xc1k:\x81\xfc\
\xcee\x97\x90\x07\xd8\xf2\xe26j~R\x1e\xc1\x19\x08\
\xf5\x80I\xe6\x14\x84\xbc\xeam=\xb1(q\xecV\xcb\
x:f\xe0\xa6/\x17NA\xba}\x02K\x11\x99\x9c\
\xeb\xab\x91\x8b\xb8\x9f\xcf\xc8=\xae\xb9\xd2e\x9c>A\
\x0a6\x99\x811\x81y\x00\xc7\xef\xe4\xae\xb8,\x5c\x8f\
&\x02\x10yw'\xec\xf1\x89\x1c\xfc\x1b\xf8\xa1<\xc4\
\xd2\xf9\x87\x8cE4G\xf6h1\xa0\x89\xdd\xc8[\xa3\
zZ\x91\x8fH\xa6T\xd7S\x16.3\x02a1<\
`q\xf0|\x0e\x16P\x9f]\xd4e\xac7q\x22d\
1\xa4\xac- \x00\xe2[8\x19m`\xe5J{w\
]\xee:\xb9\x12]\xae\xe9\xc1\x9b\x0d3\x81PBR\
\x10\x01\xa1\xa5.\xc2-\x1b\xac`\xc2\xcd\xba@\xaeJ\
\xcc\x10\xde\x1b/\x0b\xc4\x98\xd9\xb0\x0f5\xcbT)\xbd\
 \xc2%\xc2di \xdd<\xd5\x1b\x15|L\xe3\xf2\
\xc3\x9e\xda\xf1r!\x9e\x92a\x9c\xb3\x91\x01\xfbNf\
\xe5\xe2\xab\xe6\xb1\x04\xd1\x9c\xf6\x94\xe5\x88f\xc0PM\
\x1d\xbeP\x22gE\x06\x06y3\xfdPA%J\xd9\
x\xdc\xae!rzi\xa0\x17\xf1\x86\xd7%x\xa35\
r\x1cv\xdb\xcb\xf9\xd6G\x13\x9d\xcb\x08\x8aa\x91\xec\
\xd6\x0c\xc5Op\x18y\x22Z\x99f\x05\x0e[\xb7\xfb\
\xd1f\x9cY\x9f\xe4\x0a\xa4\xf5m\x161\x0a/\xd7\x16\
.\xa9\xa1c\xe8O\x08%\xfa\x0a\xeb\x8b)\xe5\x91U\
sT\xea\x1e\x8f\xf9\xb0\x15\x1cU\xe9EMo\xd8M\
~\xd4\xa2\x89\xebI\xe6F#k\xe3t4\xf8\x8e1\
<\x85[\xd1e\xac\xa1\x15\x07h\xd8:\xbdT\x98E\
\xb4\xb2\x9dT\xfcb\xb7\xd2g8\xad\xdcn\x1e*\xbb\
w\xd7U~$\xff*\xf5\x06$Z\xb0l\xb4*\x9e\
\xd1G\xc3\xe1\xa9\xc3\xfeB\xe2\x22\xd0\xbfy\x88\xe4[\
\xdc<\xdc\xb7\x88,\xa1\xe8C\xc7\xed\x98N\x09Y\xe7\
\x04\x9a\x1cc;\x8e\xc37\x1d\xa2\xa6\xf3|\x16N\x80\
\x93\xb7)\xacy\xecb\xaf!\xae\x17A$\xfb\x01W\
{T\xf4\xdc\xcb\xab\xaeu\xd2M\xb8\xeap\xa4j\x82\
\xd4\x0c3\x81\xa9\xf94t.\xd4\x07\xd1\xe0M\xaf\xe8\
\xa8\x19.\xb4\x13\xcc\x15\xba\x1c7\x92\xba?\xae\xcfi\
S\xf59\xben\xb8\xaa'\x15\x07\xad4v\xa0\xc8\xae\
rQ\xe4aL\x8b8\x90)\xad\xe9%\xa3\x97*\x17\
\xeb\xc9\xc9\xd9\x0e\xf2{G\x9c\x84\x13!:~h\xfc\
\xac\x92\xb6\x87\x13\x9a\xac\xa2\xc9\x0f\xa7\xa9\x8a'\x1a\xd7\
\x11\x9ex\xe9\x8f\x0c\x0b\xd6-\x8a`\x99x\xa6\x95\xf8\
\xf9\xaa\xccG\x5c\xb3\xed3\xcd\x80L\x89\xe00e\xb0\
%H\x83L\xb0@\x19,\x99\x10\xc1\x0a\xf9\xab\x14#\
!A\xd13\x93\xf2\xe1\x9e~|\xb1U\xdf]\x1c9\
C\xad\x02\x99 \x14\xfb\xd1e\x90\x5c\x19,\xac\x01\xe7\
\xb4\xd9Q\x00\x96\x80\x10\x14,!9Y{\xd2\xce\xe2\
\xec\xdf4\x81/\xa1\x16>\xcf!\xa7R\x09\x96D\x9d\
\x158\xc1\x7f\x89`7\xa11f.\x83\x93\xae\xe3 \
\xb4A\xaej\xc7\xf4\x80D\xa5\x90\x19L\x9f\x84\xfc\x90\
,\xad\x84@XY\x9b\x18\x83L\xb9#-\x11\xa8Q\
}\x0f-\x91d4J\x0e\x92\xd3\x8c\xaa\xc4\xc1\x8fe\
\xc8H\x92\x11\x22\x06\x1dRM\x85\x0b\xa2\xd1(\x18\xe9\
z\xa7O\x7f[\x1e\x8d\xa3)^:Sc\xcd\xe4\xdb\
\x9f\x96\xfbJ\xe7\xde\x12\xe7\xc5}\x0do_\x8a]\x9b\
\x95\xa8\x19\xfe)'\x11\x9dX\x81\xd4\x14\x09\xd6\xc0n\
\xea\xba\xd5\xcf\x9d\x1eY=\x9e\xbf?vqu3d\
#\x11G\xf1\x19\x939\x9fp^\xbc\xa8\xc1\x8c\xe3\x93\
\xad\xc4\xa0\xa93\xc5bY\xc89\x16B\xbc\x9f%8\
\x8fx\x1d\x07\xfd3\xb3OdP\xa7\xff/\xf9\x86\x09\
B\x10\xc6\x94(<j'\xf2i\x9c\x1e\xd1\x84\xf1l\
K4\xb3\x1d\xbd\xb2$r\x8f\xc55\xc1\xd5\xb5\x9c\xac\
I\xb2\x0aP_\x94P\x8e\x1dr\xfb\xa5\x9c\x01,\x86\
\xcf\xdd\x86Ii\x0f\x91cRM\x10\xcaE\x06\xd2\xcf\
!\x04\x0a\xc4\x0b\x7fessT\xc89\x91*Hq\
\x8cN\xf4OG\xf3y\xf6^p\xa9\x98\xa7\xb9\x99\xe6\
\x00b}`\x0e\xc2\xc5D\xfb\x8eZ\xb8'%d\x0e\
\x8e\x22\xe2\x1f\x12\xf0\xe0/\x0b\xd8\x94\xd8\x89w\x9a-\
f(\x19\x82o\x96\x8c\x96HQ\x88\x08\x89\xd33'\
]hD\x13G\xaa\xd6\xa8P\xb3IH\xe5\xcd\x01\xc2\
c\xdaXHb\xaa\x16i\x87?\x16\x0d\x101\x22\xfa\
\x9eU\x96U\xe1\xa0p\x8c>\xad$\xa9e\x1dX\xce\
y5\xd8dj\x8c\xd5\x8c\x01\x19S\xe2\xabI\x92c\
3\xadb\xd9\xed%\x05\x8a3u\xe5\xad5\xb3\xd7b\
\xbd\x93\xe4\x98\x09\xeb\xcb\xd1O;\xefL\xe2\x7f\xce\xa3\
~sd\x05\xaa\x1dQ\xed\xa0\x1d`%\xda\x12\x11-\
\xb3\xa1\x8a\xd6\x9a\xc1\xe3\xa5\x9f\x95A\x0d&e\xf2\xc2\
\x1f\x1a\xeepC\xb9(J\xe9@\xbd!\x1e\x89\xa8\x1d\
\xb4\x9b\xd8:x\xe2$\xeax%\x0f@\x1bv,\x81\
\xbe!\x1c\xd8K\xb3!\xd9;\xcdD\x0e\xfax\xf4$\
{B\xdd2\xe1\x9c\xfc7,\xa0S\xc6DlR\x22\
#y\x04%\x89\x9e\xd4N\xb8\x90\xa5 \xa7\xc9\x8du\
Q\xad\x8c\x81\x93\xbaj\x1e\xf7i\xed0\xb1\xaeQ{\
?\xaa\xe7j\x0b7\xfaL\xaf\xc6\xa3\x90\xa9R\xd3!\
\xbf\xcb\x11\xf3Z\xb8\xa6\x14\x7f[z`\x8dE\xe1\x9c\
B\xf9\x0a\x99\x9aY\xa7+\xe0{\xd1\xd7\xaa2\x22\x05\
\x05L%\x83VV\x09\xfa\x1bW\xdc\x80\xa3\xb5\xee\xc2\
\x15\xa9e\x5c\xb4Jv\xd4\x84N\x93\xa4\xf2w\x96\xbd\
\xa6\xb4V\x1c\xbe\x1e<+\xa3*_S\xc3\x1a/\xce\
\x90a/\xbc\xaac\xa0\xb9\x9b\xbb\x88\x8c\xee\xec\x07\x97\
'#\xe1\xa5\x89\xa9\xc8\xdeq\xae\xda\xa7f\x18\x93\xa5\
\xed\xa6\xda\xc71E\x8f\x1a\x95\xd4\x13\x8bM\xb3L\x9f\
\x19\xa6\x87\x8d\x94W\xaf\x22I\x13XUP\xd31\xc7\
\xe1=\x1c\xcf\xb9\xa3\xb8\xec\x17~\x5c\x87\xad \xa0\x95\
\xebH\xa67\xec\xe3C\xca\x84\xb1\x22\xba\xac@\x18-\
\x5cGrV\x90\xec\x0d\xa2\xaa v\x84s\xb7;9\
\xd7\xcc\x8a\xcc\xbb\xb4+y\xef\xf1p;0>\x9b9\
\x9eN\xd1\xa3\xbc\xb6c\x05\xdb]o\x1b\xf0\xf7\xf0\x08\
\xd0\x9c\xe9\xc2\x14i\xf4\x849\x08\x1c\xa3\xcfLi\xc0\
\x9a\x13\xb7Nb\xd7\xc0\x1a>SZu#U\xb4\x95\
\x02\xdb\xda\xd7\xb2\xfavQ\xcc\xc8U4/\x5c\xe3\xc3\
9\xe5\x9c\xe27+\xb32\x99\xe2\xceP\xec\x8ej\xb9\
*x=\xd8=\xd1\xc7\x82\x86\xf9:_S\x94\x93\xa6\
\xc9\x91)\x0a9\xbe\xcb|\xaf~(\x03\x84\xcf\xd6k\
\x93\xbb\x94\x09e\x81\x88j\x99U\x0e\xdf\x09\xdd\x8c\xa9\
\xdd\x03\xf5\xe6\xae\x8c\xe8\xc1\xc7\x95\x90\x04Y\xe9M\x86\
\x9a\xc6\xcb1\xdb\x9a\xfc\xaa\xb9\x8a\xb4\x9f\xc9\xda<\xee\
Il\x85\xf2\x0a&CJZa\xc6C\xfcv\x81\xd5\
\x15\xcc)\xbcI\x1c\x97\xd44s\xb4\xb8\xb8%\xaa]\
\xe7\x22\xfaL\x15>\xa12\xc5U\xcb\x863p\x17=\
\x1b'\x0c\xcc\xc2\x85\xc4\x067\x9a\xbbbk\x91q=\
K\x884\xce5q8R\xde\x22\xe5V\xf0\xb5\xc8\xd9\
X{\x1dX\xc06\xd3r\xad9\xa2\xb5\xcb\x91k\x8a\
\x83\x8e\x81\x16`\xff~\x8f\xe4>\xc5t\x83)\xc4\x0c\
\xa2\x08\x1fc:w~\xdb\xd5\x9b\xbaw\xd7\xe5\xf0\xa7\
\x92\xd0\xa7\xe3\x94\x91D\xc9G}+\xf8\x97\x98M\xcf\
\xba\xb4p#\xe5\x08\x99~O\xb2P]\x06u\xdfv\
\xc5B`Z\xf8\xcd$\x15\xf8}\x0e\x81\x02v\xaa\xc7\
3\xd0B\xeb\xc2\x5c@&\xc6\x9aD\xbc\xdb\xaeD&\
3G\x8e\xcdf\xd1\xdeq\xe6/~\x88\xf2\xa9>@\
\x1cC!G+1&X\x02\x86S\xf0\x89[l\xe8\
]\x0e\xbbC\x1c\x88\xbd\xe9\x5c\x0f\x9b\xd8\x05\x18\xb4S\
\xbc\xc6\xbc\xa3\xa9\xea{\x0f1\xdb9!R\xc1\xd5\xbf\
\x19\xe2]J\xbd\xcc0\xa2M\xc0\xff\x0d\x90K\xb4\x9d\
<\xfb\x14\x1e<+UX\xe0\x8e\xab\x05\xf86:c\
\xa9\x08\xf4\xe6\xb1$\xc5FI\xc3\xb6D\x0d\x0e\xbct\
A\xec<\x14m\xd4{\x89/x\x01;\xa7b\xb46\
m\xc77\xb0-\x9c\xa8YqBLc0G\xc2\xf2\
\x85\xfc\xa7\xc8\x95~'\xd3\xbfFS\x070OX@\
\xd4,\xf0c\x8a\xc6\x9b\xfas2$\xf0\xbb\x128\xc0\
\x9e\xca2\x88H\x8f\xb43c):\xb4#\xa7\xfaI\
v(_+\xb1\xe7S\x939\xb4\x83\xa4\xd7,\x9a\xc6\
\x18\xff\x11\xfc\x8e\xe3\xb0Sf\xe97\x89\xd7\x94<\xa9\
\x9a\x9e\x82\x97\xfe\xfdx\xc8\x87\xab\xa6\xa78\x9e\xfc}\
\xb9\xbaH\xfa^\xff\xe6\x9c\x17I[\xcb\x92\xe1\x95\xad\
\xf5Y\x99\xb4\xad\xa5\x87j&\xcd2F,\xff\xca,\
\x03\xd6h\xf2\xf7\x15Ex&ME\xb3\xd8)S\x9d\
j:i\xdfo%\xf4D\xfd\xbe\x98+\xf7\xbd\x13\xfe\
>u\xfc|\xc4\x87\xa9\x06\xeeP\xb9\xefK\xe1\xefK\
\xc9\xdf\xd7\xd3\x1c/\x12\xf77\x88\xd0\x13\xed\xf7s\xc2\
!t\xd1\xf8\x00\xe9\xfb\xc6Ef\xe6U\x95\xb6\xe2\x8d\
\xf4\x1a\xcb\x15o\xa41\xf2I\xdf;D@Rv\xb8\
\xd1\x9dL\xfb\xde%\xd4Y\xf9~S&e\xfc\xdc\xeb\
\xac\xb3e\x8br\xdf\x0e3{Z\xc9\x09\x9d\xcbU\xdb\
\xe2)\x90|\xc7,\xc0\xb5\x0c(YN\xda(\xf5\xb8\
P6:l\x15\x92\xbfo\x0f\xd7\x8a\x95\xf7\x91\xd5r\
%q\xc9\x83\xd91\xb8\x9e.\x0bq;\x96v!)\
\xa0\xd6)\x8e\x1fV\x9a\xaa]\xda\x07q\xed\xb8]\x97\
\x1b\x83\x8a\xf2\xd3\xe2\x8ed\x91\x99\xa6\xa1\xa3\x13\x96\xd7\
xt\xf2\xfa:S\x99\x13U(\xf1\xd1J%\xc1/\
MN#\xb8\x92\x95\x9a\xa1o\xd0\xea\x22\x93\xe4$\x19\
\xa1hG\xc0$\xab#\x87\xd5D\x8e\xac\xfe\x18\xb3\xee\
\xeb2\xe8Eu\xeeat\x1a\xe8\xc19\x82\x18\xbf\xcc\
\xe3\x1f)\xb0\x197K\x95K\x94\x9d\x05\x80\xca,5\
,]\xdc(@\xa3K\x03\x87\xeeTE\x9d\xce\x96\x22\
\x01\xdd\xdaS(\x08\xc5\x9cf\xec\xd7S\xde/2\xd4\
\x0c\x92v\x98\xde\xbd\xb8SJ\xe3\x1a\xc6Jkz\xe2\
\x10ya\xec\x90\x97\xa2\x97*\xc0\xb5S\xf5\x11\x96\xdb\
RktH\x82\xdag\xe5\x02S\xd3m\xa9&\xdd\x1e\
\xf7\x85.j\xf4\x87\x0a\xbe\xf6\xd9>\xb0\x83%\xe1U\
\xa0\x83\xe5\xa1$\xd8B:X\xca\x0a)\xcay\xd0\xef\
\xb1\xed0\xd0\x8d1\x87\xa83\xa31\x7fqUx\xeb\
\xc0\x19@\xb9\xdc\x00\x07=\xea\xae\xe5\xcc\x90\xa9_d\
\xccWr\xb0\xdaX\xa3\xa2\x96\xc2\x0e\x0fp\xb2\xcc|\
\x16\xc9\xf0\x9e\x9c\xe5J\xaf\xda>D\xa7J\x17\xc1\x8f\
\x91i\xbb\x883i\xb8\x96L\xb2~@9 \x99^\
\x9e\x96\x83\xd1\x017!\xc66F\x07\xfb\x85\xbd;\x1b\
&\xd3\xeb\x1c\x11H\x11#\xd3\xfb\xa1L\x97\xd6\x06\x9d\
\x1a]3\xcbt\xf2\x04d\xd9m\xcf\x86\x12\xc3\xd5\xc3\
\x18\x9e\x9d\xd1\xf4Jf8b\xb4|P\xb1\xce\xe8\x92\
x\xea\xf8\x0e\xa1\xaa\xa7\xd68 \xe7\xe3\xba\x93Mf\
:\x22\x1f\xb6\xc3\x87\xd4tZ\x0c\xa5\xc1\xac\xdd\xe8j\
\xa9\xc7Q\x80\xea\x5c\xf9\xc4\xa3\x22\x93\xe9\xd0\xb4M\x0e\
U[\x8e&\xd3\xa3\xb9\xb1\x11cRc|<.\xc6\
i1\xaa\x87\xa9\xff\x02Z}Fb\xd4&j\xc9\xd4\
\x82aX\xadN\xa1dN`\xb5\x1d\xb40NLx\
\x1b\xc3\xa4\xfe\xc4-5\x0e'o\xa5\x9bx%\xe6\x05\
\x136\x15u\xc7\x81B\xddA\xbc;<\xdbg\xb9e\
\xc2ShB\xadc\xe73\xc2\x88\xa4\xaa,\xd3\xdf\xd9\
\xb6\x117\xc0\xf5\xe0\x13o\xae\xa1\x19\xcc\xd7B\xbe\x9d\
\x0e\xe5&\xc3\x7f\xb6>\x03+}\x05d\x80\x02\xaf0\
m\x06\xda\xdbJ\x02\xc8\xe5\x09bi^\x07&c\x86\
\xbcI\xc0\xe3i>Y\x08D)\xaa$\xd4\xa6\xf1\x95\
d\x14\x8b\xff\x98?\xe1\x5c1\x8d\xf3\xc7J\x8f>\x12\
\xfa\xb9\xde,\xb9E\xbe\xd9\x81\x0a\x0c\x9b\xcd\xbd\xa1\xf8\
3\xfdP\x0b\x13\xcb\x8aD\xcad(\xc9\x9eBe0\
\x92\x87\x9eN\xcc\xb3\xa1gC\x22:\x7f4\x92\xbb\xcf\
`\xd6]={\xdd,\xf9\xea\xe4!\xa6)\xc5\x9d\x89\
\xc3\xa6\xec\xce*;o\x1e\xee\x13\xddcq\x0b\xb3\xa2\
\xddc\x01/\xedr\x18\x1e\xf4\xa2\x1f*U\xe1\xa3\xef\
Ryp\xac\xbe\x7fE\x01\xb2\xfa\xae\xfb\x8f_\xb1\xa1\
vT\x104\xdb\x05\xacL\xc0*\x1d:\xa9!Sj\
\x91r\x9eqZ/\xacJ\xe9\xa0[\x84\xd5v\x8d\x05\
X\xdb\x1b\x09\xec\xc1\xaed\xa6\xe1X\xdb\xc5\xcd\xebJ\
\xdeN;a\x7f\x85fS\x81\x85\xd0,&w\xc6Y\
\xa2\xd5\x9dGM\xfa\x8d\x03\xb00n\xc3\xd7\x0fqr\
d\x08?\xd5\x84Cc\x7fT\xe0.RxC\xce\xb6\
ap\x90\xa8\x1f\x0a\x9eE\xc9\xb3\xaf\x89\xdf\xe8\xd8!\
e\x85\xe1\xd4\x13\xee\xd4J\xb1QY\xb4Q\xcco\xf3\
\xe8T\xbfH\xec\x89c\xc5\x5c\xae\x94\xbc\x88NM\x9a\
\xbaD\xdfq\x85\xeb\xe6\xd3\xf1\x0cuI\xb7\xa6\x82P\
a}\xd7\xa34\xe1\xc2\xc9\x0b\xea`A\xc2cQB\
\xa8A\x9b\xf0\xb8\xd1\x02\x11,\xe0JV\x88\xd0\x0f\xd3\
\x05\xbch\xb8P\x9f>s}\x9ed\x18R\x9e\xf1\xb7\
ZV\x81\x941\xc93\x9eM?\xfe\x1c\xcd\xf8<\xc2\
e\x9f\xf2\xaa6\x91\xf1\xd2\xc7\x9aN|$2\xc2\xf6\
\x18\xca\xb2\xba\xde\xcd\x98\xb9\xf4k2K\x147\xf1C\
\xb9\xe9\x95LR\x1bq\x14-\xaf\xcd\x91\xb4\x8a\x0ab\
\x80\xf5]\xe7\x8b\xdaFTA\x10N\x8b\x1e\xafX\xd4\
\x8e\x99E\x12\xfd\x96\xb33A\xca\x9an\xae(d4\
=\x9e\xa2S\xe9a\x11&E\x8d\xccK]pb\x81\
\x95\xa8vH\xd2\xdf\xb7*Q\xa7B\xe3\x17\x0a?\xc5\
)7|77\x89}\x00K\xd4\xfc/ \xc1|\xfe\
\x94\xe4\x07I\x84\xb1\xd2\x00\xd0\x04r)%B\x1e\xfe\
\xa9\xd2\xc74r\xb4YTnT\xaf\x13\x97\xdbC\xd3\
Kno\xb3OK\x03\x11O\x8b\xf4\x19\x0ce\x86\xf4\
Q\x9b\xf1\xa8x\xb0\x05)\x184\x97x\xc8nL{\
=\xd5\xfad\x1b\x95\x87\x91\x84w\xe2A\xd7\x03\xef\x17\
2M\xa9\xba\x9d\xa8\xdc\xd7\x16\x0a\x8a\xd2\x8f1_\xfb\
\xb2Pd\x1eeo\x97Z\xd3\xae}\x0d\x8c\xb0\xad\xcc\
\xc2*K\x11\x12\xeb\xd6,\xcb@+\x1d<\x8b\x89s\
\xf1\x0e\xdd\xa1\xba\xd1\x85)m\xe4 :\xb01Z\xc1\
~V\x97\x9d\x87\xfa\xa3p\x0c\xcf\x89\xb2\x99\xc4\x9fI\
)\xd9L\xe7\x94\x18N\xcap\xb0\xf4/\xfa\xb9\xe7\xa4\
\xcf\xad\xa4_\xa5c;e\xd1f=\x1b\xd1\xd2&)\
/o\x82\xa0\xb6w\x8b\xd6\xc6\x16\xf3\x1f\xc3\xe6W\xb2\
\x93\x87\xcc\x0c\xd8aW\xfc\x86\x89\xff\xf1\xb5\xcd\x10\xbb\
\xcdj\xf8\xb4\x16:G\x96\xbfA:\xcc\xab Sy\
\xbc\xdb\xee\xf4T\xe5\x22\x80\xcd\x8a|\xb3'T\x1a\xda\
\xaf\xd8\xb5\xa6\x14r4\x8e\x17\xef\xd0\xd5\x8aUU\xfe\
\xe5X\xef!5\xa5\xba\x81\xb5\xf4\xaa\x9f-\xceP%\
\x8d# \x97\x9b\xcc?\xc5\xf6\xe5\x99m\xb7\xa1\xd7\xa8\
\xc5\xaa\xc8\xb0\x94\x0b1\xc0\x1d\xa5\x01[\x0a\xeb\xc5\x96\
\x95\x8e\x9fF$\x11l\x0aoI\x12\xc0\xa6\x8fvT\
DC]f\x85T\x95Pf\xcc5\x09Ds\xc7\xeb\
b\xc7\xad\x1d\x09\xecx|\x01\xffW\xd2H|\xe67\
J\x08\xd0\xbdf\x83\xa9z\x9a\xa6\x01U?\xa3#\x94\
}\x15\x11aZ\x8a-\x9d\xe8\xbe~\x89\x22>\xe6\xa1\
!\xf3D(,I\x19\xc9\xb1\x03;l\xa4\xd0\xbd\xd9\
\x1b\x88[_A0\x93\x05\x11\xe0\xeej\xfc\xaf\xdb7\
\x00\xbfW\xcc\x8e[\x81p\xba\xd6\x81\xaf2\xce\xa4\xb5\
<_\xd2\x99\x90\xd4>]\x0f7m\xa3\xa2\x82\xe3\x09\
\xec\xe3\x83\x97M\xe6\x1c\xefr\x13Kth3\x87\xdf\
\xb0{\xb1Y)\xeb\xc0\x1c\x19\x8bL\x00\x90}#\x98\
Vq\x81\xb0\x00\xc4\xb3\x023B\x86\xcc\xaa\xc3\xe4\xb1\
d\xae\xbba\x06\x05{\xf4\x15\x89R\x85c0\xfd.\
(\x15l\x90\xceTg@=0R\x12\xd9\x1f2\xc4\
\x8a\x05\xf3\xe4\x9c\xe1\xa4\xd5\xd8\xe7}\x9ce\xb8\x90!\
\x8f\xa6&qi3-`\xc7\xb3\x93\x96\x19\xb7+\x92\
\x86\x5c\xcdq\xa1)|\xacT{\xc1e\xc7x}c\
K\xba\xf7\x94\x99\xaf\x82\x04{eF\xa88\x97]\x99\
q\x8e'\xaf'\xdd\xa1\x0aOZSq\x5c\x91)s\
\x22u&\x0eAu\x15W*\xaec\x03@Xv\x01\
+u\xcc\xf1J\xa0P.G{\xd9\xeee\xf3\xde\x95\
\x19!\xb5\xceTY\x94\x09\xb3\x08\x95\xa2\xccA\x84a\
\xd8\x0f\x9c\xe9d\x95\x7f\xc3\x11\x1d\x09\xb1\x1cJ\x82z\
\x12\x15\xc0\xe3\x01*\x98g\x0b\xc1\xcd=\xec\xec-\x16\
\x7f\x86\x9f\xef\xad\x80\xb1\xe3,\x91\xd0V\xc2\x7f\xf3\x9f\
\x0a\xc4pH\xff\x7f;\xf1`+\xb0\x9f&\xe0'L\
^\xe4s\xbfh\x1dF\x0f\xf2\xcco-\x8c\x1b\xf8\xbf\
\x16n\x0a\x0e\xfe\xefvk\xb4\x00\xcd\x84eg\x16U\
\xb0\xd8\xfdN/T\x16\xb7Rs\xc6\x95\xe9\xdd\xc8\xdd\
\x09T+jEX\xd5\x0c\xa2\x11\xcb\xc8,/\xc4 \
N\xb6\x5cA\xe7\xa3\xa0\xb3E\x98vG\xf1\x82\x08\xdd\
ZEu8\x1d\xa7\x08\xa3Id\xc9\xb5e\x0a\xc4\xb2\
\xd8\x11\xd6Aq\x11\x22\x13J\x16\xe7\x93MP\x9f\x9d\
\xac\x12C\x9c#\xef\xfb8\xcb\xd0\xc3\xdfPUct\
$\xd3\x18\xf9\xc5q@\x92\x80\xe7\xfc\xe3\xba \xec\x1f\
\xdeU\x11\x81-\xf3D\x97\xe9\xbf4Vy\xa1\xe2\xfb\
M\xea/\xec\xc7\xfd\x9e\xc6l\xc3&3\xa2\xab\x8b\xce\
P\xcf\xcc2#\xcc\x89\x8e\x90@\xb1[\xf1x\xfc\xd8\
+\x18\xf7}\xa1\xb8\xb2p\xca\x81\x0c\xa3<\xe70M\
\xa9\x17K\x0e\xa9\x8fD\xe3\xb8\xa9\x82U\x1f\x95&q\
\xe38\x11\xe9\x84I(\xd6\x17\xd2|\x90$\xc6\x09S\
955\x11\xa7x\x95`\xcb\xfcH\xb2\x97\x1e&P\
\xf2\xdc\xc4Q\x03d\x13\xc9X2\xe0\xba\xd9\x8ane\
xpj\xc9\xe7N\xf3\xa3\x91\xd8\x81v2\xf4)\x9e\
\x9b\xb1x\x0d\x85)\x8e\x7f:N\xc4\xca\xa2\x9fpm\
N\x0cu\x85\xc5%\xe3\x9f>\xe1\xe6,\xb2\x01\xbf\x22\
\xcc\xac(\xdd\xda\xff5\x8f5#2\x9f,1\xf5\xae\
\xb2U\xf0\xcaL^a-\xbc\xeeH-\xbc\xe8*\x13\
J\xe2%/\xbc\x22\xadeZ\xf7\x0aTO\xc9\xdd\xf7\
\xbbZ^\xf2\x90S+\x9b\x97<N\xb7f\x9cJ\x11\
\xe8`6\xc7\xd4p\xa8\xd2\xaaz\xc9#\x1c\x9bZ\xe0\
\x03\xe3\x17\xafQ\x92\x95\xb1\xf9\x12\xedA\x16\xcd\x9b,\
ZS-\xff\x90<\xe1\xca\x04\xa17<\xb1\x0e\xdd\xfd\
P-\xb7(\xa0\x84(\x9c<u\xab\x0cwP\x9d\xa6\
\x86Ye\x92\xf4\xce\x13D\xedR$|#\x8dB\x0e\
Xtm\x80\x9ea\xd1\x9b\x8eb\xbf\x19\x85]\xfa,\
\xf7`V\xc4c\x8e\x86\x22\x02\xb9\x0aT\xa90\xa2\xbc\
$KF\xbc\x12N\xd3 \xd2a\xf9\xb4\xcc\x05<\x22\
y\xfc\x9cd\xd4\x12$]\xe9\xab\xdf\x19\x8a\xc3\x96\xf1\
\x80\xba5&\xe5m\x91\x89\x8chP\xd6T\xf7\xb3\x92\
\xec\x87\x84\x11bt!$\x89m\x89T\xdb\xc5\xd8O\
\xb3oLqs3\x88\x0f\x9d)\x12\x89\x84]~\x9b\
{\x0a\x05\x18K\xa8\x89xL\xb2bNI\xcb\x09\x1f\
\xfb|e\x88\x81\x91\xe0Q\x98\x98\xa4*\x0c\x8a8J\
J!pY\xd4\xcf\xc8\x10\xbf\xf8\x84\xd4|\x95e\x9c\
\x8a\xcf\xcaB(\xf6\xea>\xd3\xdbF\xa25\xf5\xfdg\
\xa3>Eu^b1\xc9Q\x91\xb4\xa3\x0f\xeb\xb7\xe7\
\x1b\xa1\x8c\xec\xd1\xb1\xaaj\xd1&Y\x11N\x09l\xe2\
\xd1\xe1\x1ey\xd5s\xdc\x03\x95X&\xb2\x84\x17\xe7\x96\
\x5cj\xad5E\xe0\x1dU)\xc9\xcc\x94\xa6\xa8\x92\xec\
(\xb9\xe7L\xa6\x17\x96\xb1\xfe=p\x1f\xd7E\xa2\xf1\
M\xc2[\xac\x13*\xc3\xb0'|Ay0\x97\xc0?\
t]\xe1J\xd2\xd1T\xb9\xdc\x88\xe0*\xbb\x96\x18\xfd\
\xee>k\xd2\xca\xe1\xa2#\x06\xe51V\xb2HQ\x1c\
\xfa\x87\x93<Z\xbc\xde;\xd6=\xb9E\x9a|\x12\xc7\
\xca\xb2\x07W\x84\xaf\xf7\x0c\xae\xeb2\xa8:\x8b\xa7\x9e\
!\xea\xaa%K\xb2\xd6$\xb1\x0bM\x90\xfc\x95\xb6\xcf\
\x8a\xf6v\xe9\xcfz.K\xea?\xc1n\xafER8\
\x9b\xec\xd6\x13\x98)yYx\xca\x14b\xdb\x87%\xe8\
\xc7\x1c\x22^\x06\x01\xb3\xa4S\xc99\xec\xf6\x1d\xcd\x90\
P\xf9\x1a\xe6\xc6\xd6\xa0D\xf2[\xa3\xbe\x1d$ \xf5\
\x9c\x90\x03E\xb23|{(/\x8c\xaf\x1fl5`\
\xf5h\xc4\xef\xa4\x9c?\x81\x92WB1\x12\xe0\xcc\x05\
4\x89\x81U\xc1\xbc\xed\xe1*\x03\x92\xfa\xe0\xba\x01\xfa\
.7\x01\xf3\xc5\xa3l}M\xbe\xb7p\xd8z\xa5Q\
\xb2\x9d\xda\xacoQ\xb2\xdfYy\xdc\xac\xd8\xcaz\x91\
\xbcF\x0dyUS\xb7\xe1b>\xc27\xad3\x1c\xf6\
J\xa2cd\xb25=HZ\xe1\xc6g\xc9\xb4yU\
\xc5\xb6\x1e\xa0_d:\xbex\xa7n\xe0\x05\xc21\xc1\
^\xe5\xb9\x866\x90T\x17\x15\x1d\xf1L\xdd<\xf3\xbe\
!_'6\xd6\xdeO}#\x99\xfaO%\xae6N\
\xb3\x8fg\x06\x1f5\xe0*\x1bz\xd7ef\xe9\x02\xcb\
Nb1\x9a\xcaY\xd9,\xa3\xad<\xdf\xc3\x18\xe1\x7f\
T@E\x9f?\x9e\xd3\xc2\x14\xf9C\x1cM\xc58\x99\
\x81\xd4g4f\x92\xa5]\xec\x89\xe4\xac\x90f\x1b\x9e\
\xe7\x81\x176\xb2#\x9a\xc0\x13\x08\xbd\xd7\xf1\x98i9\
]\xe2%\x93$\x9d\xdf\xb5il\xcc\x18-\x19Yk\
\xcc,\xe6H\x9ez\xfap\x17&\xdc\xc0%Y\xb6X\
6\x22\xa0\xcf@\xb0m\x9cr\xac\x1fg4\xa1\x84\x1e\
\xff\xd6\x85W\x00\xe7$(\x16H:\x13\xa2~\xf6O\
 )G0+ \xa8\x9eM?\x83\x87\xc2\xb12X\
\xb5\x04lm\x02\xb1\xdf\x05@\x1a\x0d\xa5\xcf\xc6\xea*\
\x9a0i\x10\x0e}\x80\xa952D\xa5e\x8b\x94\x82\
Rb\xe4\x11\xca^\xea\xd1\xbb\x0a\xb9\xf7\x19Sn\x85\
.\xdbJ\x1c\xab@^\xae\xd1\x22\x0ed\xcf\x1a\x83}\
\x03\xc6x\x91\x94?a\xc5/\xfc\x92\x1fX\xf9\x05>\
\x87\xa2\x81Uh\xb4\x8c_|k]lkq\xed\xb1\
\xcc\xcf\xe33\xe5W8\xe4\x02/\xa4\xe8\x0bmr\x12\
\xe1U\x86Wnc#\xe9\x9ex\x17\xa7\xc3\xa3\xa3r\
.j\x8cM#\xcd\x843ZJ\x9aqH\xbd J\
7\x8aJ~\x12\x99\xda(r\xc7\xe82\xf1\xd0{\xa7\
\x1aI\xe5\x8a\x80a\xa6\xde$4\xf94\xcdc\xa3\x9f\
\xe6P\xe1\x0dH\xdd\x09=\x8d>\xa9\x91\xf7\xd2\x0f\xb1\
*\xe4f\x96\xfez\xfa\xe4\xce\x16\x05\x9f(\xc1q0\
v\x10\xcb\xbb\x99m\x15\x11\xd7\xb9\xcc\xa3\xb3\x12\xcch\
\xd9\x5c\x0e)\xe6\xb08\xad\x84\x98,\x89c8f\xd7\
\xc8\x97!\xbb V\xb0\xe1T\xfc\x22]\x13\xf1k/\
\xe1\xb4d\x8ef#F\xb3;\x13\xe2O\xf5P\xe6\xbf\
\xa3\xd9\xb0\xa2\xfeW\xc9\xd40z>\x5c;j\xb1L\
v\xd9P@\x95,\xce\xa8:9H\xfe\x5c\xcd\xc0%\
i\xea\xbbHvw\x9a\xf6\x09\xe7p\x0e\x1d7y\xf7\
1\x9d\xc4\xaau\x92\xea\x09\x08\x0b\xc8\x82K\x80\x98\x10\
\xec\x90\xe4\xd2\x01\xaa\x02\xf4\x94\x95G!\xac\x17f\xa6\
\xf5O\xe1\xf4\x0a\x01\x9c\x9c\x88\xb4\xa0(\x99u\xc2I\
Q\xe4\x07V\x0b\x1d\xc6\x93\x86I\xa1#\x9a\xb4\xcc\xab\
(\x81x8i\x99L\x1d\xee\xb1B\x8c6\x0b\x80-\
\x9b\x86L\x1cH1| \x5c\x0c\xc1\xf9\xb9\x99\xd4\x12\
J\xb8\xc5\xca'jstE3io\x8c\xa5\xe3\xe2\
\xe4(\xe1eK1\xbeO\x1f\xb6\xf3\x98\x1b\x04i\xab\
\x17g\xf2ws\xbe\xf0\x1e\x9fB\x00\xaf\xbc\xcd\xd1\xf0\
\xdd\xb4If\xc5\x22_Y\x00\xad\xbc\xe1\xfd8\xfd\x10\
\xb3\xce&\x0d\x13\xb0\xda\x18c\xfa\xc1Dm\x0dY3\
\xd3`\x84\x99\xd29W[\x0d\x22\x9c\xc7>\x5c\xa4Q\
\xbdy\x9d|\x89F\x1egt\x1a%\xe9\x06q\x99\xc0\
1n\x9e\xa0\xcf\x06\xfe\xa4+\x1d\x1aq\x971R_\
Nr\xb7\xccM\xacwxK\xda@\xc7j\x06\x8aF\
\xea[J\x1a\x88\xb0\xd4u0\x9b\xc4\xdaae\x8a$\
u\x80\xccc\x904\xe3\xfe:\x19%\x8dwT(M\
E9G\xa8V\x9c^B\xf5\x0dJ\x1av\x8e\x06\xdf\
\x94C\x95p\x1e\x16'\x966\xdcB\x8d;\x1c/\x08\
\xa8\x96\xe1Qr\xb7\xe2J\x7f\xc2\xe3-\xe3O\x12{\
w\xbb\x1c_Q$\xff\xbb\xceP7\xdb\xf1\x09\xde\x8a\
qwP\x19\x8f\x15F\xcdYlF\xc5\xc3\xd3\xf49\
\xa2\xea\xa6\x5c\x18\x992<\x85\xe2\xbc\xa8\xe6\xa4M\xf0\
T\xd4\x8d_q4\xa2~q\xf1\x93\xe5\x22\xc0B\xe6\
\xfd\x90\x85\xb3PN\x16s\xe8\xe2d\x0b\xd9\xb1\xc4\x93\
-\x93\x94i\x98\x1a\xc1q\x92+Y\x84\xfcb\xf2\x1c\
\x8d3)L\xd5\x14\xe1\x12\xb4T\x1c\xceD,\xec\x8c\
\xaf \xe9L\xb8\xdd5\x9c\x7f\x22\x9e\xd9\xda#\xaa\x8c\
\x1c\xc1,iF\x8b+$$\xf5;\x05;\xfb\x8b\xa2\
44\x95\x9bp\x1a\xc3\xf9PH\xfa9\x9c\xc7\x82f\
\xdd\x00D\x1c\xcb\x91\xc4]T\x8aa\xaa\x89\xae\xe4\xbd\
\x0fFL*\xd2\xcf@(\xa7c9\x17Ug\xe5(\
\x0e+~\x07\xb8\x8e\xba\x9cRz#K$NY\xd7\
\xa1\xb1R`\xd4x\x1c\x8a:\x22\xe5\xbd\x00)\xfc\xe4\
qfj\xc6\xd9\x13\x1b#\x0f0M\x1bcX\x07\x15\
\xc9\xad+\xbd\x92G\x99\xcf\x22pG\x85\x8e = \
\xbf\x03[ \x22\xf1\xf8\xfa\x91\xbb*\x1b9\xe6y\x7f\
`d\x06\x11\x05\xa6\x9dE&\xc5S\x9d\x22u\x85\xeb\
:\xe0\xbeqGF\x1e\xc8;\x83\xd7\xc3\x1d\xb43\xdb\
,\xaf\xd2`\xde\xe4n\x95\x19v\x13\xbb\xcf\x8fE\xd2\
\x9a\xa9\x0e\xc6\x07\x08\x9f<\xd5\xc98mW\xa9a/\
\xc9\x1d\xdf(_\xec\xb4\xad\xbfnO\xe3\xb4\xc1\xc3\xcb\
O\xc8b*}\xa6\xb0\x03X8)f\xfa\x04\x8f\xc6\
\xfc~\xa3bb\x92\xffn%ih\xa5^i\x8c\xf1\
.\x5c\x99\x98\xe6\xb0\xc3\xfd\x22\xd4|\x1dtU\x18\xb2\
\xcf(3qOb\x8a\x1aq\xa2y:\xe5\x8d\x98\x18\
Y\xf0\xac%D\x94T2\x99r\xf4S\xb2\x14c\xd3\
9\xad\x17 \x12\x9a2\xfe8\x83\x11\x8e\x13\xdad\x98\
\x1e\xaa\xb9\xdaQb\xd1:\x22o\xf4\xb2\xf4\xe1f+\
\xda\x95\xe4\x1b\xd5\x8a\xb5'\x95]\xa6\x15D\xc1j\x11\
\xa6A\x9ed\xd9\xbc\x9d\x92a\xeb\x19\xc5\xf6\xacX\xf2\
\xcb\x06\x16\xe5\xe7m \x9a\x16\xe6\xa7\x16v\xaa)[\
\xbaC\x99%\x9b\xd5\x95_\xd0\xcd2W\x9b\xae*W\
a\xc2\xaa\xe8h\x1fW\x82\xbf\xd2\xbc\xdf\xd5\x9b\xc2\x8b\
\x1f\x1a\xc27'/,\xd2S\xb9UQe\x8b<\xe0\
\xd5k\x00u\xb3jf:\x82\xd6~\xc6\xc3N\x18X\
\x88\xf3Ud\xe7\xcaX\x15%\xe2`\xab\xfc\xd0\x0f\xa8\
\xe8\xb8\xf7+9C\x1c\xfe\x83\x82-z\x81@e \
\x8d\xca\x10\xa6\xd1T\xb0\xac3BS:\xb5\xc9\x1aJ\
\xe4\xac\xb8z\x8c*\x084\x09\xb2e5^\xa5pY\
`\x8e\x12~\xd1\xccb\xf5\x15\x10\x8cN\x16\x04Lm\
X\xae7n:\xf6N5#\xb2n\x9f\xab\x88\x1f\x9f\
\xc5\xd6\xb4\xbf\x99BgD2\x85\x9a9K\x8f\xd6\xdd\
\xe5\xabp\x09\xd4-F\x02Of\xf4\xba\xf9<\x0d\x84\
\x0b\x17\xe7\x8aN\xd2\x17I\x04\xe4)\x86\xf7\x9c\xb6\xb0\
\x9e\xc7,\x92\xba\x94m\x07\xf5\x92\x8c@,~CM\
\xcd\x14\x9dw~(\x044\xf1\xd6*\xe8LC1\xcd\
\xd0;\x19\x1du\xa3\xa8a\x9b\xb2\xda\xa4\xd2\x0b)E\
\xcef\xa9E\xce\x80\x10\xc1R\x0cR\xe0V\x7fK_\
O\xf5\xb4\xf8ha\xb7\xb1R<dS\x89\xf4\xa3~\
\xacY#+\xbc\xf3\xa2\xe3-\x8eY\xeb\x12\xb3\x9cK\
\xbd[?\xcd\xf8\x1fJ>\xad'N\xe1\xd2SS+\
3\x13\x1d\xf1u\xf8\x0dD\x87\xba\xbc\xc2\xea\x98\xd1\x8a\
\xb4\xbe\xb0{Rh\x17\x997\xbc\xaeZ\x97\xb4K\xfa\
\x11\x0f,]u+\x95T\x9d\xd0\x1f-\x7f\x8a-o\
\x98{\xf1\x19s\xc8\x8b\x07\xb9\x8eR\xcd(\x9b\xb4\xdb\
]L\xfd\x91c\x04H\x9f.[z\xee\xf8Dz\xf2\
B%\xe1\xecP\xed\xcet\xa8E\xf5\x02rg+\xfa\
YVy\xe9&\xc0\xddk02m\xf7h\x9d5*\
\xdagR_\x99N\x8d\x1a\x89\xabM\x92\x95U3b\
\xca\xaa\xc1\xbe\x01\xdd\xf0\x87F*\x0d\xe9Tw\xad4\
\x05b\xce,:4\x17wt\x90sa\x105\xeb\xba\
6\xfa\x93\xbd\x80\x19A\xfft\xef]g,\xf8\x96_\
~S1\xb6\xa6G\x1f\x9e(\xa2Ki*t\xfc\x02\
\x12\x96\xd8\x92\xcf\x1f\x0d\xd0e\xcf 6\xa8\x862\x86\
\xc5\xd9\x05\x15H\xb2\x02a8Ut\xc7)\xd4F@\
\x19\x1cj\xc7\x8c?n\xeb\x12\xaa\x98\x97b;\xcf$\
\xc4\xa6\xceg\xab\xd7\x8d\xaf\x8bv\xa5\xea\xd3c\x98\xcb\
\x93\x9a\xcam\x1a\x1b\xb1wx\xcb1@L\xa8\xf4\xfc\
\xfahH\x9cq6EN\x95\x80Y\xf8\xdeH\x1a\xb2\
\x92\xe6\xe7VI\x080\xe3\xfbMB~\xc2\xcc\x1e\x85\
\xd4\x17\xd4\x96\xce<J\xc9\x90p\x89\x0dJD2\x09\
%\x87r\x91H\xab\x88E\xbb\x82$\xb9\xe1\x82!\x09\
N*\x02L\x1b\xb8\xab\x11\x96.\x89\xaf.\xad\x12\xc9\
\xeaN\xe4p: \x9a\x08\x92\xd4\xba\xc8\x10\xf9\xd1\xf0\
\x99\xd1\x0b\x03\x8f\x00\x939\x8e\xe8 7U'\xa0h\
\xffO3\x17R\x8b\x85\x5c\xa4#\x9b\xc7\xe8\x9e\xc7\xce\
\x87\xfb\x8e\x95\x94\x22\x81j\xc1$\xce\xdb\x15*f-\
e\x85U\x89lk6\xb8\xc0a`\x9f\xd8\x220\x04\
\xb8B\x1d&\x1f\xbc\x22\x96\x82\x82\x84\x0f\xd4\x15\x01M\
`!^\x7fe\xb18\xd3>\x18\x02\xc3\xbf\xa3\xdcW\
t\xce/\xc6\x04\xa2A\x9d\xbd\x83<\x03\xaa\xb2\xc5#\
\x9a\xe8h\xde\xdc\xce\xc8\x03\x97\x94\xb1\xa53\xe1\x9d\xef\
\xd4\x12\xd4\xe8cq\xb2\x92[\x9c\x8bK\x80\xf6<\x0f\
o'\xad\xbf\xc4\x1e\x87N\xf9\x9e\xf3'$\xe1@\x87\
\xb4\xd4\x03\xcb\xfe\x05*\xb1I\xaa~Z\xd1\xcel3\
\xc4\xad\xd43\xaf\xeb\x89\x9c/]\x8b\x03\xf2\x1e\xe6R\
\xf2\xda\xce\xc4a\x89\x04ExJ\xf8\x003\xb3\xba\xe1\
?\x1fK`\x9fT\xe8\x84^0\xb5\xd4\x89\x15\xb2\x9d\
\x94K\xae\x1c\x13\x0f\xb5\xe5\x81\xa9\xb7\xbfA\xc8'\xbd\
\xe2\x12\x5c\xbd\xd8.\xa9\x14-\xa1\xce\x98\x05\x97:%\
\x8f\xe9r5\xb3:\xb9 \x22L\x00q\xb3\xf4w\xb0\
Kc\x1dU\xc5\xb3\xa4\x1c\x9a3\x86X]JSY\
\x95n\x02Z7;\x1d\xe5\x0df\x8c)g\xf6=|\
Xb\xa8`a\x22\xd5\xad\xa3\xf3\x1f\x9f\xec?%\xe8\
\xa6\xee\xcd\x93We&\xf7\x81\x00\x0eD\xbe\x22\xbe\x9e\
\x98\xa7LF\xee?s\xcfcL\xa0|N;\xcb\xba\
\x96t&f\xa4\xee\x9c\x92\x1f\xde\x80\xd8\x0e3\xa9\xe5\
\x81?\xcc\xb1g2\xea\xed\xd3\xa9:SuF\xbd\xf7\
\xa2\xdb?6\xa4]\x08\xd8y\x9b1\xf3g(\x93\x8b\
\x92hx\x02\xeb\x12\xd4L\x9bZ \xaf`:qK\
\xe8\x84*\xd2\xde)\x11\xb6\xaa\x22.M\x01w(H\
\xa4\x16\xe3v\x22\xfc\x8fT\xe9\x8f`\x08\x12l\xcc)\
n\xcd:q\xd9%\xe4\xca\x12\x8f;e\xef\x03\xf2\xb8\
\xab\xcf\xed\xf4\x11\xbb\xc0.8\xbe\xcc \xc8h\xe1p\
%Q<[$\xac\x22\xca\xfb\xaa\xdcV\xb82\xd4@\
\x19\x8b\x80ZXZz=\xd1\xc0!\x99\xde\xde\x17Z\
i\xea\xa2\xe0\x8a\xd0\x02\x95\xcf>\x19+\xbd\x19\xaf\xcd\
\xdemEKG\x84\x94\xc0%\xced\x06\xceIK\x8f\
\x04\xbb5\xb8\x9e\x91\xc8\x97O\xdd\xb3pC\x22\xc2\xce\
\x00\xf2D\xd5\xc0\xb40|\xf8\x89j8\xdd\xca\xf1\x22\
8\xf1\x9e\xfdi%\xc2N\x9f0\x83%\xf6\x98|7\
uc\xacF=\x8c\xea\xdb\xf0j8\xac\x8c\xbb\xc1\xd4\
\xa4694Y\x9f0\x10\xbc\x8b\x13}\xf2N\x9fp\
\xa9\xb1\x99^M\x83&\xc1\xd2M\xf9\x86\x95\xa5\x8a\x9f\
J\x8f\xc2\xac{\xa9\xb6\xde\xf6\x1e\xe0\xb5K!So\
\x0b\x06\xd8\xba1i\x7f](*\xf4U\xaa\xb5\xea\x88\
\x14\x8e\xd3\x0e;\x8d]Cj W\x15\xe8\x8d\xbdn\
.g\x16hXg\xac\xdf\x8ah\xbf\xcaJ\xffIk\
\x09\x1f=R\xc1.a2\xaa\xfa0Y\xd5\x80\xa9N\
\x86\x9d[\xd4X\x8d\x94\xa9\xa2\x0e\x11\xe9\xd2\x87\x1a\x22\
P.\x7f\xdb\xe1\x1b\xdd\xb0p\x1aN\xce\xd6\xa5]\xce\
\xa3\x91\xb24%\xc6\xf4\x85k\xe5\xa9be\xbc\xae\x8c\
\x8c\x93\xe4\x0b\xcdF\xea\xd2\xba\x8a\x98Y\x89\x84/#\
\xded\x0dJ/!\xfd]L7\xa6\x80d\x98WW\
\x94\x80QK5\x9a\xb4\xb8\x8e\x1f`\xb9)`%\x00\
m\xb8(\x22B\x0d?\xccR\x7f\x86\xb3\xde\xe9\xc1X\
q\x99\x80X\xcf>QQ0\x19h\xe9\x05.U+\
\xealQ: \xb47\xec\x1b\xc3\x8aMG\xe7?>\
\x9c\xd8h?\xe6\x9c)\xe7$\xa0M\x9bmF\x84\xac\
\xd8!Kd3#%Y\xcb\xd1\xf6~\xfd\xe6\xb9\xda\
\xbci;\xa1\xcco\x19\xc69q\x12\xca\x8a\x06+\x06\
\x04\xdb\xc7\xb5mi\x1d\xdc\xf0\x18S\xcb>'\xfbM\
9\xc2@v\xad l\x9b~|\x01.}PU\xf5\
\xff\x00\xf4x\x13\xad\
\x00\x00L\x18\
\x00\
\x01\x08\x05x\xda\xcd}\x09|\x1dU\xb9\xf8\xc9\xbe'\
m)\xa5\x94R\x86B\xf7$\xb4\xa5T,k\x9a4\
]\xe8\x12\x92\xb4\x05\xd4\x87s\xef\x9d$C\xee\x9d\xb9\
\xce\xccM\x9a\xba\xe1\x82\x22O}\x80\xc8\x22<\x16A\
\x04DPD\xc5\x07<\x16\x11P\x9f+\x08\xa2(Z\
\xfa\x04E@Q\xeb{O\xd4\xffw\xf633g\xe6\
\xdeT\xde\xff\xff\xff\xf9\x93i\x92\x99\xef\x9c\xf3\x9d\xef\
|\xdb\xf9\x96\x93\xef\xc9\xcd\xfd\xd6\xab\xd7|\xf2;G\
\xcf\x7f\xe0\xed7\xdc\xff\xb3\xcf\x22\x84\xear\xd6\xb9}\
\x1b\xd6#4c\x00~\xb8\x13\xa1\xb3\xdfA\x9f\x97\xcf\
Ah\x93\x87\xd0\x85W\xc2\xf3\xab\xf0|\x1c\xa1-_\
B\xe8#\xd7!\xb4\xf5.\x84.jBh\xe0=\xf0\
\x9c@\xe8\xcc\xfb\xe0y3<\xff\x1d\x9eO!4\xf4\
~\x84\xfe\xb9\x1e\x9e\x1f\x81\xe7Z\x84\x86\x1f\x81\xe7o\
\xe8\xf3\xb26\x84v\x8e \xf4\xd1\xf9\xf0\xbc\x09\x9e[\
a\xcc\x07\x11\xfa\xd8f\x84~s\x19BW\xf4\xa0\xaa\
N\xf8\xf6_\xdf\x83jV\xadDh\xedG\xe9s\xbb\
C\x9f\xb77\xd0\xe7\xb7?\x8ej?|5B\xe7\x1e\
A\x9f\x1f\xfe=}^\xf5O\xf4y\xdf\xb9\xf4\xf9\xe4\
\x17Q\xed-\x9fAh\xc3,\xfa\xbc\xe3\xa3\xa8\xf6+\
\x1b\x102W\xa2\xdag\xde\x86\xd0\xeeG\xe9\xf3\xd2+\
Q\xed\xab\xf0\xf7\x07oDu\x9bN@(\xfbo\xf4\
\xf9\x85\x9bQ\xdd\xd6?\xc2\xcf/\xd0\xe7\xb5/\xa1\xba\
]\xf0\xfde'\xc2\x13\xde\xff\xc2/P\xdd\x85\xf0<\
\xf5\xbf\xe8\xf3\x93YTw\xe57\x10:m\x05}\x0e\
\xce\xa2\xcf\xdb>G\x9fweP\xddU\x80\xb7/\x1d\
\x89\xea\x1e\xb4\x00\x87\x0f\xd0\xe7\xd8~T\xf7\x17\xc0\xdb\
\x15\x87\xa1#\xae\xa9\x83u^E\x9f_~\x19-]\
\x0d\xbf?j\x1e}^\x98\xa3\xcf\xef\xff\x05-}\xf4\
L\x84\xae\xb6\xd0\xcaG\xdf\x87P\xab\x81z\xce\xf9$\
B\xf7\x0c\xa2M\x93oFh\xd7\x0bh\xcbZ\xf8\xf9\
\xcc\xf7\xd2\xe7\x1d5h\xcbC\x00\xaf>@[\xbe~\
\x03B\x17\x7f\x12m[\x0b\xfby\xe9\x83h\xd8\xba\x05\
\xf6'G\x9f\x9fx'\xdau\xc7\xc3\xf0\xfd-h\xf7\
\x12\xf8\xee\x8b\xf3\xd1\xdb\xaf\x7f\x01\xa1y\x8dh\xec\x8a\
5\x08={1\xfaH\xdd\xdd\x08\xcdZ\x8an\xfc\xfc\
\x07\x10\xdao\xa2\x9b\x7f\xb2\x0c\xa1\x07Z\xd0\x03O\x9f\
\x8a\xd0\x95\x97\xa0\x87N\xfc'\x84\xd6<\x8b\xbe\xdf\xfa\
\x0aB\xb9\xb9\xe8\xa9\xe1U\x08\xcd\xfc*\xfa\xe5\x7f\xfd\
\x16\xa1\xd7\x1c\xf4r\xe7\x22\xd8\xf3\xeb\xd1_O\xff:\
B_k\xad\xaay\xf1\xbb\x80\xb7\xafW\xb5\x0d\x02\x0d\
\x9clV\xcd\xbd\xb6\x16\xa1\xe7\x9d\xaay\x8fv#\xf4\
\x8e\x8b\xabV\xde:\x0c4\xd7W\xb5\xee\xc1.\x84\xde\
\xb2\xb1\xea\xe4\xc7\x9e@\xe8\xee\x17\xaa\xdev\xfb\xc7\x11\
:\xec\x95*\xf3\x81I\xc0\xf3\xd6\xaa\xcc\xabc\x08\xbd\
\xf3\xa7\xf4\xf9\xc2\xd5U\xe7\x1d\x00\xfcl\x5cW\x15<\
\xe4 \xd4=Q\xf5\xf1\x0bl\x98_U\xd5%\xc6C\
\x08\xb5\x5cPu\xed\xdba\xbf\xd6\xfd[\xd5M\xcb\x00\
\x1f\xcd\x99\xaa\x9bs0\xce\xf3\xf7T=\xf41\xa0\xe3\
\xeas\xaa\x9e\xf9\xd6\x05@\x7f\x0fT\xfd\xf2\x9a_#\
t\xe7\xbfV\xed\xbb\x03\xd6\xff\xaf\x0b\xe9\xf3\xd6\xf9U\
\xfb\xee\xda\x8f\xd0g\x0f\xa9z\xe5\xe4\xa5\x08\xad\xdeX\
u`\xc9\x8d\x08\xbd)S\xf5\xfa&X\xcfpu\xf5\
\x91\xd7\xf5 \xf4\xa7\xbb\xaa\x8fi\xf9\x1bB\xebg\xd2\
\xe7\x8e'\xe8\xf3\xed/U\xaf\xf8\x15<\xcf\xff{\xf5\
q\x0d\xf0\xdd%;\xabW>\xe8#\xe4\x8d\xd2\xe7\xcf\
\xdfY}\xfc\xa3}\x80\x9f\xa9\xea\xc1N\xc0C\xf3w\
\xab\x87o\x87\xe7\x17\xef\xad\x1e\xbe\xefh\x80{z\xb5\
\xd3}\x1aBo\xde_\x1d\x9c\x08\xdf\xef<\xa9\xfa\xfc\
\x9f\xedFh\xee\xcb\xd5\xef\x1b\x9e\x85\xd0hm\xf5\xf5\
\x0f\xc2\xcfg\xfe[\xf5\xb7N\x84yl\xfe:}\xde\
\xd3Z\xfd\x9dN\xa0\x8f\xc5OT?\xf9\xe4\xdf\x11z\
\xe2\x86\xeaW\x7fs.\xd0\xf3m\xd5\xff\xb3\xe1G\x08\
\xfdl\xb0\xfa\xf5\xdf\x02\xbeN\xfe|\xf5\xdf_\xf9!\
B\xf3o\xaci\xef8\x1e\xce\xc9\x9fj\x0e\xbb6@\
\xe8\xbb\x8bj\xde\x9c\x85\xf5Y\x9d5\xeb\xfeX\x05\xf8\
~O\xcd\xce\x9b\x80N~\xfd\xd6\x9as\xce\xbb\x1c\xa1\
_>U\xf3\x96y%\xc0\xd37j\xde\xdat\x08B\
g\x9cM\x9f\xe6\xdfk\xc6\x8e\xbf\x0d\xe8\xedO5\x85\
C\x80\x0fl\xfdrM\xf1\xbd0\xce\x0f\x8e\xab\xd9\xfb\
k\xa0\xff\x1f\xad\xa8\xb9\xf0N\x98\xcf\xe6w\xd3\xe7W\
\xef\xaf\xb9\xfaX\xd8\xdf\xfb\xdf]s\xdf\xdd\xab\x11\xfa\
\xc9\x9f\xe8\xf3\xc0Y5\x0f_\x0ct\xe6\xdd^\xf3X\
\xeb\x07\x11\xba\xe1\xea\x9a\xc7\xdaa^\xb7\xb5\xd4|\xbf\
\xf4{\xe0]?\xa9\xf9\xc1/\x80\xfe\xee=\xaa\xe6\xb7\
\xd5\xd5\x08\xfd\xee\xce\x9a\xdfo\xfb\x13\xac/W\xf3\xc7\
\x8f\xde\x8a\xd0\xec\xaf\xd6\xfcy\xfd7a?{j\xfe\
\x0b\xce,\xdawR\xcd\xdf\x06\x0f\x05\xfa=\xb7\xb6\xfe\
V\xd8\xef\xd3\xc6j;\xb6\xc0\xfc>\xdd];\xf3\x87\
@\x8f7\xbcX{|+\xec\xc3\xcf[k{n\x02\
\xba\xbf\xd9\xad=\xfb\xd8O \xb4\xed\xde\xda\x91\xdba\
\xde\xff1\xbb\xf6\xbc\x12\xd0M\xff\xed\xb5\x85,\xd0\xc5\
w\xce\xa5\xcf\xef\x1dV\x1b<\xfb\x078/\x7f\xae\xfd\
`\x1e\xfe\xbe\xfdJ\xfa\xfc\xa7\x17\xe9\xf3\xf33k?\
x\x1d\xbcWsg\xed\x95\x9b\x81\x7f\xbe\xe9\x18\xfa\xdc\
<\x93>\xcf\xfd8}^\xf5\x0c}~z\x8a>\xbf\
z\x1a}>\xf9\x9b\xda\xab\xb2@'\xbf\xba\xbc\xf6\x9a\
\x05\xff\x0d\xfc\xe1\xc1\xda[\xee\x01z\xfe\xf4]\xf4\xf9\
\xa3\xf7\xd5\xde\xde\x09\xcf\xcd\x9b\xe9\xf33\xc7\xd0\xe7W\
\xcf\xaf\xbd\xfds\x98\xefM\xd5\xde\xfb\xa5\x9f#\xf4\x9f\
'\xd7~k>\xf0\x81w\xb7\xd4\x1eX\x02xX\xff\
P\xed\x9f\xd7\x00\xfd\x1f}c\x1d\x9a\x03\xe7\xe7\x89\xff\
\xae\xab\x9d\x00\xbe|\xc6\x91\xf4i>L\x9f\xd7\xfc\xb2\
\xae\xf6f\xe0\x8fg\xdcM\x9f\x03\x1f\xa1\xcf\x8b\xde\x5c\
W7\xf71\x90\x15\xa8n~\x0e\xe8\xe7\x88\x81\xba\xc5\
\xfb\x9e\x07:\xf5\xea\x96\x8c\xc1\xb9\xbd\xfc\xd4\xba\xe5\xaf\
\xc0|w>Yw\xf2=\x80\x9fOl\xac;\xe5\x19\
\xe0\x8bg]Vw\xea\x9e;\x10:\xe5\xa5\xba-W\
\xc2\xba~\xfa\xfe\xba\xfc\xf5\xc7 \xf4\xca\x87\xeb\xf2\x8f\
\x9d\x8c\xd0\xab\xbf\xae\xdb\xd3\x0c\xfc\xe9\xec\xe5u\xef{\
\x04d\xcf\xd4c\xf4\xf9\xdc{\xea>4\xef\xcbp~\
>Yw\xd3L\xd8\xbfWV\xd7\xdd\xbb\x09\xbe\x7f\xee\
\xf0\xba\xfb\xc7\x81\xde>\xde_\xf7\xe0\xcf\x0eC\xe8\xf0\
3\xea\x9e:p6B\x0d\xdf\xab\xfb\xe9GA~m\
y\xb4n\xdfr\xe0\x9b\xf3\xdeQ\xf7\xd2\xd1\xd7\xc2\xba\
\xcf\xa9\xfb\xc3\xb7\x81\xfe\x8f\xbc\xb4\xee/\xeb_C\xe8\
\xc7\x8f\xd4\xa3\xccU\xb0\xae\x17\xea\x1b\xfe~8\xd0y\
/}^\xb8\x88>\x1f~\x88>\x7f\xf5\xd6\xfa\x96_\
\xc2ww\xdd\x5c\xbf\xe0\x05\xa0\xab\xef\xde_o,\x84\
\xf5\x9e\xf4V\xfa|\xf0M\xf5\xcb\x1f\x81\xf3z\xd8d\
\xfdq\x13@O\xd7\xcc\xa9?n\x0f\xac\xff\xb3\xe3\xf5\
\xab\xdf\x03\xf89\xe3\xb7\xf5\xab?\x00x{mu\xfd\
\xf1[\x01\x0f\xb7\xf7\xd4\xe7\x07`\xbe\x97\x1d\xa8\x0f\xbe\
\xf14HhT?\xb9\xec,\x90_\xa7\xd5\xef\xb9\x0a\
\xf8\xe9\x1f\xbe^\xff\x81%0\xce\xf7o\xa8\xff\xe7k\
\x80\xee\xaf\x1c\xa6\xcf\xef\x8f\xd4_\xfa\xe1\x03@\x7f3\
\xea/\xff\xd5\x14\xf0\xdf\x0b\xeb\xaf(\x0d!\xf4\xc3\xc7\
\xea\xafx/\x9c\xc7'\x0e\xad\xff\xd4u\xcf\xc2\xbe\x1e\
^\x7f\xf3N\x80?\xef\xd7\xf5\xb7]\x04\xf2\xf9\xfe\xe3\
\xea\xef\x9f\x0d\xe3\xbe\xb4\xa7\xfe\xc1WA\x96?\x8a\xea\
\x1f\xf9\x1c\xf0\xfb\xaf\xfd\x91>\xff|v\xfd\xb7_\x01\
z\xbf\xa1\xbf\xfe\xbbY\x80\xf3\xf3\x07\xea\xf7\x1d\x03t\
rRm\xfd\x8bK\x81nv\x1f]\xff\x1b\x1fd\xfc\
\xb9[\xe9\xf3\xaaO\xd4\xbf\xf4:\x9c\xb3\xabo\xa2\xcf\
\xcf\xbe\xd8\xd0\xb0\x0c\xc6}e\x7fC\xf3o\x1f\x05\xbe\
y\x1f}>5\xa3\xa1\xe3\xefp.\xaf\xb9\x82>o\
\xd9E\x9f?z\xb8a\xe6\xed\xb3a\xbd?h\x98s\
\x0c\xd0\xc3\xca\xf77\xcc}\x13\xf0\x9f/ol\x98\xff\
(\xd0\xc3\xef\x9fhX|\x11\x9c\xef\xcf\x9c\xd5\xb0d\
)\xe0\xed\xe5o5\xac}\x14\xe8\xb8\xe3\xa4\x86\x93\xb2\
p\xfe7^\xd7p\x8a\xf1$\xc8\x9dK\x1av\xdc\xf0\
:B\xdf\xb8\xa1\xe1L\x1b\xf8\xc4\x1c\xbf![\x0f\xfc\
\xe6\xa9G\x1aF\xdb\x80\x7f}\xe9\x8b\x0d\x84\xae\x1e\xfb\
F\xc3;\xf2\xb0\x8e\xba\xe6\x86\xe0K\xf0\xf7\xaa\xfa\x86\
\xc9\xef\xc1\xbe\xed\xbc\xb8a\xcf\xf3\x00\xe7\xd1[\x1b.\
\xfaH\x0e\xf8\xe0o\x1b>f\x01\xbf~\xeb\x1f\x1b.\
~i\x1fB\xcb67\xdc\xfc^\x80\xf3\xee\xb3\x1b\xee\
<\x16\xf8\xd1\x8a\x1d\x0d_\xc8\x82Nc\xe7\xe9\xf3\xcb\
\x9fm\xf8\xe1\x93\xbb\x80N\xceox\xf29\xd0\x17n\
\xf9q\xc3\xd3k\x8eEh\xc1\xfb\x1b~|\x05<o\
\x1blx\xfef\x18\xf7\xac\xf5\x0d/\x0c\xb7#d\x1c\
\xde\xd8z\x1c\xaco\xef\x82\xc6\x05\xcf\xff\x04\xa1\x7f\xb9\
\xb5\xf1\xe8\xaa%\xa0\xc7\x5c\xdcx\xf4\xc9\x8b\x81\x9fo\
l\x5c{+\xfc\xfdcS\x8dk?\x07\xe7\xe8\xe33\
\x1aOm\x00yPx\xae\xb1\x7f\x1c\xe8\xff\xf3W5\
n\xbf\x0b\xf0\xf7\xd0\x0b\x8d{\x8e\x05\xbet\xe3\x99\x8d\
S+a\xdd\xa3\x9fj|\xff\x07\x81>\x8f\xdaB\x9f\
\x17\xfeW\xe3\x87\x9f\x86\xbf/\xefo\xbc\xe8\xbd\x80\xdf\
]G5^\xd3\x09\xfb\x7f\xf1\xea\xc6\xcf\xed\x83\xf3\xb4\
\xa3\x9d>\xcf}\x8c>?\x7ff\xe3\xedC@\xe7\x8f\
\xbe\xb9\xf1\x8eM\xb0\xceY\xf77\xdeq=\xcc\xff\xf2\
\x1f4~\x0d\xcb\xe1[\xae\xa1\xcf\x03\xbfi\xbc\xf7\xc7\
\xa0/n\x9f\xdb\xf8\xe0\xf1@wW\x1f\xdb\xf8P\x16\
\xe8~\xdbh\xe3\xa33\xde\x04\xe7\xef\xd6\xc6\xa7z@\
\xce.\xffQ\xe3\xd3\xff\x02\xf2\xff\xbeW\x1b\xf7\xfd\xe2\
\x19\x90\xaf\xc75>\xffC\xd8\xcfwu7\xbe|\x1e\
\xf0\xa7[\x03\xfa\xfc\xce\xd3\x8d\xaf\xf6\x00\xfe\xdeu=\
}\xbe\xf0r\xe3k\xbf\x03\xbd\xe0c\xb77u\xd4\x01\
\x1d^\xf2\xfd\xa6Y\xb7\xc3|\xbe\xf9b\x93\xb1\xae\x06\
\xa1g\x167m\xe8\x01:\xf8\xca\xdb\x9b\xb6\x8d\xc2>\
\x0d\x1c\xda\xb4\xfb\xa8\x17\x11Z\xd2\xdf\x94\xad\x86\xf1\xbe\
\xbb\xa7\xc9\xca\x83<\x19\xfct\xd3\x9e\x9f\xc3\xfb\xd7\xde\
\xda\xf4\xdeK~\x00O\xbb\xe9\xbdO\xc1\xbe\x1f\xb3\xae\
\xe9\xfcw.\x009\xfet\xd3\x07.\x01>1\xd6\xde\
t\xe1\xa3\xa0\xa7\x1d\x98\xddt\xd9\xb3@\xef\x9f\xb8\xa5\
\xe9_\xd7\x0c\x02}\x1f\xd2t\xff\x0e\xd0g\xaa^m\
z\xe4c.\xe8-\x1f\xa3\xcf?56\xfd\xaa\x19\xf0\
\xf0\xc0\xef\xe8\xf3\xb9'\x9b^>\x0a\xf4\xa3\xdf\x15\x9a\
^\xaf\x86y|\xf8\x0a\xfa\xfc\xfd\xf2\xa6\xbf~\x05\xf0\
~\xda\xb7\x9bk\xff\x1d\xe8\xfc\xeeO5\xb7\xfe\x10\xe8\
\xfb\xf2\x0f7\x1f\xf1\x04\xec\xc3\x1d\x8f7\xcf?\x13\xf6\
5\xf3\x96f\xe3,\xd8\xff\x95\xf3\x9b;\x7f\x0ft\x82\
\xde\xde\xbc\xf6\xfa\x06\xd8\xa7L\xf3\x86\xcf\xc0|\x1b\x0c\
x\xc2:\xdb\x9ej\x1ex\x1c\xfe\xbe\xef=\xcd\xe7\xfe\
\x0c\xf4\x9b\xefW7\x9b\x1d\xa0\xe7=\xf3\xab\xe6\xecY\
pnM\xb3\xd9\xfe.\xf0\xc3+\x1e\xa4\xcfO\xcd\xa1\
\xcf\x9fnl\xce/\xfaO\xa0\xd7\x0e\xfa\xfcB\x7f\xf3\
\xdd\xdf\x00=\xea\x82\xb5\xcd\x0f\xbc\x00p?\xfe\x99\xe6\
o\xfa\xf0\xfd\xd1\xa3\xcd?~\x0a\xf0\xfc\xd2\x91\xcd?\
?\xeek@\x1f\xfd\xcd\x07\x9e\x01\xfe\x7f\xe5\x93\xcd\x7f\
\xdd\x0c\xf2\xff\xa6\xe7Z\xd07\xb7#\xd4tO\xcb\xfc\
\x9f\xc0\xf9\xff\xe2\xce\x96EO\xedD\xe8\xfa\xa9\x96\xe3\
\xef\xbf\x06\xa1\xdf\x96Z\xb6.\xdf\x0b\xf3~\xb8e\xeb\
\x05\xa0\xef\xdf\xf8\xed\x96\xb7\xdc\x03\xfb\xb0\xa8\xab\xe5m\
\xed\xb0\xff}\x93-\x1f\xab\x01\xba\xbdov\xcb\xc5\x17\
\x00\x7f\xcb\xfc\xae\xe5\x9aj\xc0\xc7\xa3A\xcb\xb5\xb7-\
\x84\xf5mi\xf9\xcc\x08\xe0\xe3\xdfNh\xf9B\x06\xf4\
\xb6-\x03\xf4y\xcf\xc3-_\xec\x07<>~C\xcb\
\xdd\x0f\x03\x9f\xf9\xf6C\xf0\x84\x9f?\xfa\xae\x96\xaf,\
\x85}|\xf8\xaf-_[\x0e\xfbt\xdc\x0fZ\xbe\x7f\
\x0f<\x97\xfd\xa8\xe5o\xaf\x00\x9f\x1f\x1al\xf9\xfba\
@G\xad\xaf\xb5\x1e\xb9\x19~>\xe5\x8c\xd6%.\x8c\
\x7f\xed\x91\xad\xa7.\x04\xb9w\xdb\xbe\xd6\x9e\xb5\xb0~\
\xe7\x8c\xd6\xbe\x93\x81\xce\x0e\xf9\xcfV\xeb5\xb0O\x1a\
ol=\xef\x22\xd0\xf7z\xbe\xddZ\xba\x02\xe8\xfb:\
\xa3\xf5\x02\x0f\xf4\x82O\xbf\xd4z\xe5\x83pN\xde\xf4\
G\xfa\xdcq\x1d}\xbe\xfdn\xfa\xbccS\xeb\xd5\x8b\
\x81\xefo[\xd2z\xe3\x7f\xb4\x82\x1c\x5c\xd6z\xd3f\
\xa0\xab\xd2'[oy\x0d\xce\xcb\x91\x1bZoE@\
\xb7\xf6\x9d\xad\x9f?\x1e\xe8\xe5\x93]\xad_]\x04v\
\xc6\xcf\xeei\xfd\xea\x8b\xf0\xf7G\xeen\xbd\xb7\x0a\xf6\
\xeb\xb1\xd9\xf4\xf9\xe7\x05\xad\xf7?\xfbK\xc0\xf7\xf6\xd6\
\xaf\xdf\x05\xf0{>\xd0\xfa\xcdo\x81%7|c\xeb\
\xfe\x95\x80\xcf\xc7g\xb6\xfe\xeel\x80\xf3\xc4\xdbZ\x0f\
|\x03\xce\xfb\x96K\xe8s`\x17}~\xe4{m\xb5\
\x17\xc09\xfc\xf1\xc2\xb6\x961\xc0W\xfb\xdb\xdaf<\
\x01\xcfM\xdb\xdb\x0e[\x00|\xc4km3N\x07\xfc\
|\xe9mmk~\x07\xe7\xb6\xffT\xfa\xfcHw\xdb\
I\x7f\x03}\xe5\xe6\x07\xdaN\xbf\x0f\xf8\xee\xaf?\xdd\
\xb6\xf1p8\xb7\xd6\xff\xb4m\xea\x04~\xf9\x8b\xc3\xdb\
v\xad\x81u\x5c\xf0\xdb\xb6sg\x83^\xffr\xbe\xcd\
\xfc\x06\xf0\xbd#\x7f\xd1f\x1f\x03\xf2jlo\xdb\xe4\
 \xfc\xfd\x87oj;\xff\xdb`O\x1e\xf1\xf5\xb6\x0f\
\xae\x85\xf9\x5c\xff\x8b\xb6+_\x84\xf7\x0e\xfdD\xdb\xd5\
/\x01^\x1f^\xd0v\xdd1\x97\x00\xbf]\xd6vk\
'\xd0\xc9\x1fNm\xbb\xf3\xd7\xc0\x7f\x9f\x1am\xbb\xeb\
;p\x8e\xd7\x9d\xddvO\x11~\x7f\xc2\xae\xb6\x07F\
\xe6\x82\x9c\xf8`\xdb\xc37\x03?\xfb\xdd\xf1m\xdf\xfc\
\x12\xf0\xc7\xdc\xb3m\xcf\xaf\x81y\xbd\xe5\xa6\xb6\xe7\xbf\
\x07z\xf1c\xbb\xdb\x0e\x0c\x82\xde\xb6\xf7g\xedh\x16\
\x9c\xcb\xe1\x17\xda\xd1}\x80\xaf\x8d\x7f\xa1\xcf3\x97\xb6\
7\xfd\x0a\xe8{\xc6\x11\xedm\xc7\x01\x1dl\x7f\xbc}\
\x99\x03?w\xfe\xa8}\xed\x0b\xc0\xc7_{\xba}\xd3\
'a=\xbf\xfek\xfb\xc83`w\x1d\xb8\xa9}j\
\x01\xd8\xb2\x97t\xb4\x7f\xeag@\xdf{'\xdb\x1f\xbd\
\x01\xe4\xc4\x83\xcf\xb6?\xf6\x13\x80\x7f\xc1\x05\xed\x8f\x17\
`\xdf\x16<\xd3\xfe\xcd\x8b\xe1<\x9c|T\xfb\xd3'\
\xbd\x0a\xe7\xfe\x03\xed?\xbe\x04\xf4\xee\xb9\xefl\xff\xe9\
\x04\xcc\xeb\xa4\xef\xb6\xbf\xf0\x22\x8cs\xf6\x1f\xda\x7f\xff\
\x1e\xa0\xd7O\xedn\xff\xc3\xcb\xf0\xbc\xae\xd0\xfe\xe7>\
\xa0\xcb%\xbf\xef\xa8\xfd\xfc\xa5\xa0\xe7\xbd\xadc\xc1\x13\
\xbd\x80\xdf\xff\xeeX\xb4\x02\xf0\xf7\x1fC\x1d\xcb\x0f\x07\
:}{uG\xd7nl__\xd9\xd1\xbd\x7f\x14\xce\
aW\xc7\xda#M\xb0[\xfe\xd2q\xda\xdf\xbe\x00z\
\xe6\xb5\x1d\xa7_\x03|\xee\x8a\x5c\xc7Y\xf3\xe1\xfc]\
\xba\xb1\xe3\xbc?\xc3\xfc^\xdc\xdd\xe1\xaf\x00\xfa\xab\x9d\
\xd9Qz\x14\xce\xed\x89\xab:.>\x17\xf8\xc5\x8f\x0b\
\x1d\x97l\x01\x9b\xff{\xff\xdcq\xc9\xae\x0f\xc3\xfc\xd7\
t\xdc\xf2K\x98\x8fqV\xc7\x9d\x9f\x01\x1b}\x7fc\
\xc7\x03;g\x00\xdc\xde\x8eo\xbe\x0a6\xfe\xe3\xb9\x8e\
\x97\xf2@\xffG\xbd\x8b>\xff\xe5%\xfa|\xe6\xda\x8e\
\xbf\xdd\x0b|\xe3\xa5\xd7\x81\x19\xfd\xf9\x22\x98\x01\xeaF\
\x8b\xd0*d\xa0\x02*!\x1f\xfeg \x0b\xd9\xc8\x81\
\xe7\x0e\x94A\xe7\xc1O\xe3(\x80\x9f|\xfa\xfbF\xa2\
\xf4\xc0\xffg/Ze\x14J~`d,\xc34\x0a\
f\xb1h;\xa3\xc0\x02QSO\xb1\xb8\xc1\xf3\x5c\xcf\
\xaf\xc2\xf0sh\x03\x81g\x01\x8c\x01\xe4!\x17\x8d\xc2\
O.\x81\x87G\xb5\x09\xf4\x1c\xfcT\x80\xe7vd\xc2\
\xd3\xc2\xe3\x1b\x0b\xf0\xcc\x8c\xf9dF{\xe0=\x1f\xde\
\xb4\xe1\xdf\x1e\xf9\x22C\xfee\x91\xef}1\xabc{\
\x8c\x11\xd7\xb3\xb2&L\xcc1\x0bV\xceX\xb8h\xd5\
B\xc3\xcc{\x96\x99\x9b2\xac=\xb6\x1f\xf8\x9aY^\
\x86\xfa\xd1\xeb\x00\x0f\xcf\xc4$X\xe8\x81\x11<\xc0\xc9\
\x08\x9d\x0d\xfc\x16\xe3\xa1\x04?\xe5\xe1\x7f\x16yw7\
<\xb3h\x8c\xac%\x0f\x7f/\xc1o\xe9\xba\xe8l9\
.\xf1o\xd6\x13\xb8\xf8\xf7\x93h?|\x83a;\x80\
\x0b\x83\xc0\x1a\x01\x8cx\x04\x0b\x1e@\xb2\x09\xd4n\xb1\
\xaa7\xad7}\xcb\xc8\x96<\xcfr\xb2S\x86\xed\x1b\
\x9e\xf5\x8e\x92\xed\xc1\xf2\x02\xd7\x18\xb1\x82\xec\x98\x91\xb7\
',X_v\xcctF-\xc33\x03\xcb\xef\xd6,\
t-\xea%\x13\x19\x83!\xf30\xe8$L\xc0a\x03\
\xe2\x09\x8f\xc2\x14F\xc8\xd4rd\xe1\xeb\xe0w\xb0\x0d\
b*\x87\xf5\x9a\xfe\x981\x92w'\x0d\xc7\x0d\x00\xd9\
%'\xb7\xceX\xb4J\xbb\xf3}\x0c\x97\xeb\x09\xa8\x12\
\x0c\xb0\x97\xacp\x0c~\x8f\x07\xc8\xc0\xef\xf0\xc0\x06\xe0\
\xce\x85\xdf8\xf0\x86\xa5\x99\xd0\x01\x98\xd2\x08\xc1#\xfe\
\xcd$\x81A\xa7'qtT\xaf[\xca\xe7\xc8\xa4\xdc\
\xa2\xe5\x18\xc1\x98e\x94|\xcb\x03\xd2tJf^\x87\
\x8b<\x1a&\xa4\x15\xa4N\xc0$\x07C\x92\xe8z\xb2\
\xd9\x16L,\x03o\xe5\xe1\xf7t\x92\xf8w>#\x16\
u\x8aQ\x0c.\x97\x13\xc5Di\x04\xd6\x1e\xc0\xa3\xe7\
\x16\xe0\xc7\xace\x17\x03\xc3.\x98\xa3V\x02RW\x02\
\xd1\x85\xc9G\x92\x9a\x96\x8c\xe4\x81\xed\xd5\xd0\x8ff\x84\
\xcb\x01+\xfb\x012'C+r\x1c\xf0\xef\xf9\xb1\xc5\
\xe3\xd0C\xc8\xb1\xb5\x14\x98\xc9Jx\x16\xc9Q7\x00\
\x96\x09\xb0\x96\x01\x9b1\xd0.\xf2\xbe\xcf6\x9dbj\
\x88\x1ci\x83\x8dR \xf3\x1fe\x7f\xc3o\xe3M\xc7\
\x84#7zC\x9fi\xe7\xa7(\xbdc2\x17\xf4_\
\xb0\x09F\xb3cp,\x96\xaeZi\x14a\xf3s\xe6\
\xd4\xb2nc\xd8\x9b2\xccQ\xd3\x06\xaap\x0b.,\
uRG\x0e\xef\x02z\xa5\x93\xe9!\x840I&\xc3\
\xb9S\xf2y\xef\x82\xf7\x07\xd0f2a\xfc\xdd\x18\xa0\
/\xcf\x88J\x9e\xff\x9d\xb08\x8f}\xef\xb0\xcd\xf3%\
\xcf\x10\xcb[\xbbA=\xc3F\xcf\xc0fX\x94_t\
\x1d\xe0\x00\xb0q\x05\xdb\xf7\x81\xd1\x1aY\xd7\x99\xb0<\
\xdfv\x1dz\xd65\xeb9G\xac\xa7\xdc\xbc\xf1y\xc4\
\xf3\xdd\x04\xdb5\x0c\xbf3\x98L\xd8K\xde|\x1d\xbe\
\x1d'\x9b\x82\xff\x8f\xf9\xae\x94\x02\x0bu\xb3\x0dJ\x9e\
\x03{\xb0ixx@O\xc4c\xd3\x9e\x19\xc7\xa3C\
dD\x89\xf0`\xfev%\xf3\x5c\x9c2O\xd3\xd8k\
y.\xf9\x83f\xae\xe7M{\xaeto_'4`\
\x93\xb9\xe09n\x01R\xdf\x01s\xafd\xb6KRf\
k;\x13f\xde\xce\x19[\x86vl\xd7L\xf7\xfd@\
hC0eL|&\xe1hQn\x96'\xd39S\
\x88\xb2\xa88\x1aa\x820Y\xb8M\x90\xe30I\xb6\
#\x17g\xcab\x19kB\xcb\xf0\x8d\xac\xe9`\xae\x07\
\x5c\xd9\xd89\xd4g\x98>a\xd2\xbe[\xf2\xb2R\xba\
i\xd64\x922\x97\x02\xcc\xd6\x17|\xd7$\x1c\xca\x10\
80\x01\xb1{\xc9\xf6\xe5\xc9\x1b\x9d\x8c\xab\x8c\x11<\
\x04\x82?o\x04\xae>\x90\x80~\x9f\xaa9\x81\xe9\x8d\
Z\x01\x9ex\xa71\x0a\xab\xd8\xb8~@+^\xe3:\
\xcet\xc4\xeb\x9c~\xa1\xbd\x94\x91\xae#\xb0\xc8(\x9d\
\x19D\xe2\xd2eu\x13Q\x85\xd94\x15i\xaf3\x8d\
\xa9Hho$\xc2~7\x13\x12\xc0\xff\xa2\xda\xda(\
A\x9d\xa5\xb0\xdd\xc5\x9b\x19\xe1\xe5\xcc\xc0\xec6\x06\xf2\
\x16\xd1I\xc6\xac\xec\xb81\x05[\x08\x84Y,\x05z\
\x95c\xa7\xf6D\xd0\xb9\x96`\x0b}&\xb8\x0a\xe47\
Q\x9c\xccUF\xb6\x8c\xa2\x19\x04\x96\xe7$`\xc5\x11\
:\xc7\x1b\xa3\xbf\x85\x8f\xce8\x99\xff\x84\xd0B%v\
VlU\xd5\xaf.)\x970\xaf\x06\xb6\x8dw\xd3r\
\xccL\xde\xca\xe9P4H\xb4\x0a\x1b\x06\xd9\x06\x88\xc0\
\x8c\xa1+qr\x0e9\xa3\x16\xfc%/6q\x0aP\
\x97\x81/\xf1o\xa2\xe8[\xb1\xcd\x85-\x0ak\x86\x86\
\xe9YB\x94\xf8S\x85\x8c\x9b\xf7\x130\xfa\xae\x0a\xa6\
d\x10\xcd\xd6!\xaa\xd0\x88\xd0\xa3\xed2z/\x951\
*\x86s\xe4t\xd8\xe4w\x04\xc3b\x11'&-\x02\
#6g\x8d\xd8\x985\x82\xe6odB\x9a\xb2vE\
\xcb\x85\x95Q\xb9\xf24c;\x18\x13e\x14\xa7-\xe8\
\x0ca;\xe91\x15?\xff\x12_\x04\x1bG_J\xfe\
\xb5Z\xda3\xdb\xdd\xf0\xaa)O K\x05\x03l\xdf\
\x87.5\x16\xad.3\x17\xca\x91\xb8%g1\x05+\
C\xb0\xcc\xa5g\x81\x9c\xfc=\xc0\x1d\xa8\xcec3\xeb\
*\xa4a\xc3\x5c\x8a\x9e{\x9e\x95\x0d\x88\xdaa\xf9\xa5\
|\x80\x0d\x10kO\xd1\xf5\xb4G\xffC!\x164\x09\
h\xf7\x18{\x92\xac\x87\x92\xc162\xd9\x12\xf9\xebR\
\xf8\xd72\xc2\xab1\x0b\x9a S\x92\xefo%G\xd0\
\x02r<C!@UW\xa4|_\x1e~\xb9\x84u\
\x8cmM\x9a\xa0+b\x03\xd6vJ\x81\xb5\xd4_\x06\
V,\xb6\x1b\xe5\x99\x15\xea\xa5O5G\xdd\xea.\xac\
xuC\x04\xf9|\xdb\xff\xef\xad\xcf\xb7@O\xcc\x1d\
\xe4\xfa\xaaZ\x15[\xa7\x0b\x94\x97^\xe0ST\xbd\x09\
\x18\x03\xc5\x0c;\x0b\x7f\x19bkq\xc0T\xa3,>\
 \x847\xc5\x9c\x08\xbd\xf0\xfd.Bn6\xb1\xb3\xba\
\x08\xe606(3\xe0\x02k3<\xf1\x814\x09\x93\
\x96D(\xb1\xc3\xcd\xf3\x0d\xc4n\xf3\xe0'\x03-!\
\x0c\xca\x03\xa8t>X\xf0.\x81\xdf\xbbBq\x17*\
V\x08\x12W\xf6\xb1}\xc7\x05\x1e]\x93#\x04\x05W\
=%\x8e\xbdAf\xa6\xed\xe8\x1d4\xe0\x1c\x14\xcc\xec\
\x8e!\xce\x17|c`jG\xe6\xbc^c\x97Mt\
\xf3\x8c\xed\xe4\x00\xdd~\xb7\xb1\xd9\xf1\x033\x9f'*\
\xcf\x127\xebu\xc1w\xae\xbf\x04\x0eO\xe0\x99\x06\x1c\
g\xcb\x01\xb9F\xfe\x0c\xe7\xc9\xc2\xea>\xb5\x5c\xf3S\
:\xda;Qk\x87NG\xd58bP57\xcb\xea\
\x1b\x03\x9a\x01}\xe0\x17\x960\x13\xbd\x04\xb9IM\xeb\
\x11B\x16\x98\xa0\xa3\xbc}Ix\x22~\xe0z\xf8\xc9\
\xa4&\x10\xf0\x88=Z\xd2\xb3\xdc\xaf(\x93\xf2a@\
\x93\xec0\x9f\x04\xd7\x06\xe9N\xfbl\x8a\x03\xf0\xbeI\
N-W:\xc2\xd3\x9d`\xc2\xe0u\xb2P\x93|\xb3\
\x94\x9ccj\xc5n|\x03ii\x98/\xdd\xc7\xba\xb1\
\xa2+\x98\x13`\xe4bu\x01SX0\x06\xbf-\xe6\
\xcd\x00\x8ep\xc1X\xbah\x15\x98\xb4\x1b\xa6E-{\
\xc9L\x0b\xc4p2\xc9\x09u\xc9I+\x92\xf5Qa\
(\xcf\xb4\xaaQo&fK\x17\xfc7`\xfc\xad\x8b\
\xf1\x80\x1c9\x85\xf8\x99\x13J\xa74\x81\x85~-y\
\xd3\x90](\xc1\x22\xf0\xb1(\x9a\x9eY`\x8a\xb5\xed\
d\xf3\xa5\x9cel\x1e\xda\x01{oz\xc1\xb9D\xcf\
3A\xcaYN\x8e\xfc\xa0\x95,\x07\xbb\x22i\x92\xab\
\xbb\x8ei\xc8b*p\x9a\xab.iu'\x96Y\x9d\
\x09\xdb\xeatY\x85b0Et\x94sS\xec\x9d\x8b\
\xfe\xc1\xb5\x19\x84\xe6\x0a\xe4\x0d\x9b\x9c\x0b\xe9\xc5\xc1\x07\
\xd1d\xce\x87Q\x22M\xc6\x18\xb5:\xff\xe8\xfaJ\x05\
\xcb\xb3\xb3\xf0\x1b;\xb0\xcd\xfc\xb9\x193o:Y\xdd\
\xde\xdd\x02J\xba%d^|\x9d{\x99[\xd7#'\
\xb8@\xce\xa4K\xe6G\xa5)\xf5)\xd1\x19s\xb3\x86\
\xae\x92;\x84-\xa6NRY\xb1U\xf1XIH\xab\
#\x90\xb8\xe7j\x0b\xfc\x8eBZ&V\x7f\xaa\xb2z\
\x8f\xe8b\xee\x08\x96\xaf9s\xca\xc7\xfa\x99e\xe5\xa8\
1\xbbhu\x17\xfc\x0e\xbb\x9f\xba\xa6,\xd3[F\xdd\
R\x1a\x1c\x9c\x0eJ\xa8\xa4>)S1\xe7z\x9d8\
J\xf9\x0es\x93\x0e\xcf\x7f\x0ah \xca\xc7\x0f\xdf\xe9\
\xf8\xa5\x22\xd6\xc0\xb0\x0al\x03\xcb\x08\xa6\x8aI\xee\xc3\
\xc1i\xf8du\xbc<\xce\x1c%3;r\xa7t\xb7\
\xc6\xf8\x98\x8e+\x9d\xac\xf1E\x7f\x8e\xec\xf1\xbd\xc4\x9d\
\x82i\x19+\xa7T\x92\xbd\xce\xb4\x8a\xa5d\xef\xe4\xde\
\x1c\xde\x93\xcb\xc1\xca\xb3\xc2/\xbdd\xd1\xaa%\xc0%\
W/\xc3C6\xf6\x94rv\xb0\xd5\x1d%#vj\
\xccs9\x22\xc7?\xe5\xd6R@\x1d\xda\xebYf@\
\x0d\x0cj\x9c\xe3!\xa6\x0b\x9d\xfa\x88\x0f0JU\xa0\
\xf7Yy\xab\x22\xe8i\xd8\xa2'w\x84\xe9\x89\x12\xfa\
\x9cA\xab\xe0N\xc4\xf0\x13\x07\xbfF3y\xcaL\xe4\
 %bf\xe2\xa1\xa8kI\x0e3w\xd0\xa2\xd7-\
b\x11`\x17\xe8\x07:=\x85\xbfr\x89M\xcf97\
\xd9M\xa2\x0b\xfa1\xc5\xe1\x88\x9d\xc5\x1c\xd9\x97\xb0\xd1\
\x07#S\xda\x8f.0\x0d\x7f\xe5\xc6\x9a\xc3\xc7*\x87\
\xc7\x93\x0ff\x18v\xa8\xa5\xdd7O?\xdc:f\xed\
\x95\xdf\xba\xcaWv(\x1f\xaa\x0c\xfd\x9d\x1e\x91\x1e>\
\x81\x98#^\xfe\xe9\xed\xdb\x91|D|Q\x83\x95\x1e\
&*\x92vn>aVT\x1e\x8c&\x9a\xca3\xcc\
\x02\xa8\xafA\xd8,\x8e\x1e\xa13\x183\x1d%\xaa\x1f\
U\xda\xcaMwF\x16&;\xeazSF\x89\xce;\
\x0exA\xecVF?\xc7Y\x8ag\x22q\x96\xc7\x0a\
'\xad\xf48QU\xd2\x83\x9f\xa3\xb3k+\x98\xde8\
\xf6b\x83U>a\xc5\xa1-\x15\xd0lrn\xcbC\
\xec`\x10m'\x09\xe6\xc28'\x88r\x0b\x09\xcdc\
\x9c!\x91!,G\xe70\xf1V$\x8a\x80S\xc9\x9e\
\xf8\xf8\x9a\xa7\x04\xc2.qO\xe6\x80t\xc7\xf22i\
/\xda\xb1\x98L\xdb\x87fF\xce\xeaGu\xf0>}\
\xb7u=%\xda\xde1PY\xd9\xfbC\xfcH\x88\xf7\
\x1b\xd6K-(\xfe\xc5\x1c\xf1\x05\xc6d\x96\xc8\xe0\xd0\
\xde\xb2/\x8c,\xfeD\x0fc\xb1\x1c\x15Ts|W\
\x81\x0f\x09U\x13\x0b\xd2t\x91$\x18\x82I\xac\x09=\
\xe0\xd9p\xea\xb0\x16d\x12\xd7\x9fED\xbf\xd4\x07\x9b\
\xd7\x83L\x1c\xef\xb2&,G\xff\xf9\x1e\xc5d\x88^\
\xf5%\xc5\x03t2\x19#U\xb7\xf4\xb5\x99LA\xa0\
\x0a\xe3h\xc4\x19\xb2t\xb0\xe4\x80^\xaaJ$\xdf\xb2\
\x88\x9a\x96Qq\xd0\xad_\xc0\xb1Do|\x07\x80\xb7\
\x89}\x17\xc0\x09\x0f\x98\xa6=Jtq_\x09<h\
\x1a\x1a\x03\x0dl\x04\x0c\xb0$l>\x1b\xd2TK\xa1\
\xaf\x1b\x86J^1_\xf2\xb5\xdfV\xd52B\xcc0\
.\xb8\x9fiB\xf4\xc0E\xad\xdb\xa8$\xc8\x11\xa3\x9b\
:#\xe9\xe5#\xf5Y\xf1\xfb]\xae\x0b\xf3\x1b\xdbm\
DC\xc6l\xb2\x9b\x04\x81\x14\x85fn\x12+\xc9\xd0\
0Q\x87\xb9\x11\xb1\xb1\x8f\xdd\x99{\xd9\xef\xc2a\x10\
\xfc9B\xbc4c\x8a\x13~\x94l}\x81x\xb5=\
\x01\x8b[<\xe1m\x1d\x87#hNX\xd8G\xe0\xc3\
Y$\xd7\xbc\x05\xd7\x09\xc6\x0c\x9b\x9b\xca\xc2I\x89\xaf\
~\xedB\x01\xcb\x98\x9c\xedg=\x0b\xff\xd2\x04N\xce\
X\xba\x0d \xe0\x03\xd31,\xd3\x9f2&M\xa2=\
\xf8\x00\x1e@zTi=\x04G<\xf4\x83\x04\x1e*\
\x8d\xc2\x90\x18\x02u\x8fme\xdb\x22\xdd\x0d\x05\x81\xcc\
\x11r\x07\x9c'T\xd9\xc9\xb6\xcaQ\xae\x9e2\x8a)\
r<1;TS\x84\xbb\x04\xb9\xfb\xaa\x18\xdaT\xbc\
\x1d{\x85\xe6@\xbf\xd0\x93j\x9e\xdd2Z\xca\xec\x8e\
'\xdb\xca\xad\x80]\x0aI\xda\x8ac#LTt\xdb\
\x0a\x8c\x1b\xf3YF\x9d\x1d\xf2\xc2\x91\xbbC\x06\x85w\
hR\x18f\xdc\x86\xc8\xc3\x1c\xa9\xeb\xcf\x0bm\xef{\
a{aK8\x7f\xcfa\x07\xc8\xa2\xd5\x9d\xc6\xa4\x0d\
{\xeb\x18\xc7\xaf\xa4F\x17\xd8_\xf8 \xb3\xad\xe6\x8a\
\x92\xcf\x0f!\xf9\xea\xf8n\xa3\xcf\x1a\xb1<\x0f\xef?\
\xa1\x0c\xd7\xb1\xba\x02\xbb\xa0:MpPP`99\
\xc3+9\xb0\xff\xe9[\xde\xac\x043Q\xa4\x8c\xb1\x85\
\xc9h\x09|>\xe8\x19\xe0\xba\xc0$A\x07\xdd\xccq\
F\xe3\xfc\xee\xd4\x8b!\xd2\x11L\x10\x93\xd7\x22\xe5\x1c\
\xd0\x93\x14\x10Os\xf2\xa9\x95\xde\x99\x0c\xdbB[\xf1\
\xc9\xf2\xadI'\xa9\xf2\x04%7,\xe81J\x8eM\
\x5cS\x8bV-2<\xd86zA`f=\xd7\xc7\
7&X\xe9\xc1[\xc0\x90\xee\x93\x03\x06\xa7.\xe3\x96\
\x82\xf0\x09\xc6N\x1f\x8f\x18,~\xea\xf6\xa6\xee\x12\xe0\
e\x83\x82\xa5U!\xec$\x90\xa5bM\xd2Y\xad\xa2\
3\x22\x84F)#u\xc8\x0c\x1b(m\xab}q\xbb\
\x8a=\xa2\x05\x1e\xe7\xa6\xddBi\xfcR\xc3W\x15\xbd\
G\x83\xc1\x8b'(\x11k;Y\x17\x88Z\xe01u\
\xaa\x8f\x8b\xbbFN\x7f\xd1\xabQG0\x86\x0c\xf3\xc1\
P\xe9\xe1\x09\x0c\xe6\xc8\xf5\x16\x0d\x0c\xa4\x0b\xe7~\xfc\
\x11\xa6\x07s\xfa\x0cc\x9e\x86p\x05d\xb9\xdcL\xea\
\x22W\xb5\xd8X\xe2\x01\x886\xa1\xfe\xa8$\x8bz\x85\
$\x05\x8e\xf5\x04\x84Z\xa8r\x1d\x18\x99\x92G\xa3b\
:1\x9a\xb2.\x0e\x941<\xb74:\x96\x9f\xc2\xf4\
&w\xd6\xb1\x02JY\xb0\xe7\xc4\xc8\x0a\xc6\xc8{*\
\xf1\x11\x8f\x97\xe5\xd9n.\x9d\xea\xb6\x0b\xde\x90\xcc\x90\
\x8bdCG\x18\xde\xc3^-jCe\xc8S\xdd\xee\
9\xebKv\x1eG\xa9\xe0\xb5\xe0\xb9fJ#\xc0\xd4\
R\xe7\xb2&\x91\xb1\x87\xc7\xa4q\x1c\xfb#\x04vh\
/\xc0\xb1s8|J\xb0Oj\x97%\x0e\xb8\x05\xc4\
x2\xe5\x97gq\x8a\xda \xcd\xc4\xdeR\xa0\xe3\x1e\
\x19l=-*\xb3\xfed[U\x0e\xcccA\x0e\xd0\
h41\xf0\x82\xcd\x0e\xa8\x0a\xd8\xa7\x105P3S\
\xe5\x10q@\x91\x10\x1b\x04t.\x098\x1bHc\x13\
\x8e\x96M\xf8b\xe6V\x84\xb7\xe9\xd9\x07\x0fA\xe3\xfc\
>\xae\x17r\xcf\xa9!F\xdd\xc4\xf4\xb9\xbd\x04\x92d\
C\x93DC\x0b;\x02\x1d\xf2;\x93\x19\x93\xcaYd\
\xb8\xc3X\x8b1(@\x9f\xc9\xd9\xabd\xfa\xe3\x96U\
\xf4\xa3'\x0e{\xcb\x1dk\xd4\xc4\x06h\xe8T\x82\x08\
\xb0\xf7\xbaN\xe5rz\x88\xacn\x5c\xecA\xf8\x04\x94\
\x14\xa5\x8dcr\x17\xc1C\x98I\x87\xa3\x1ciLh\
\xe7\x1b(O\xb9\xceK\x95\xa3\x02\x19-'b\x96h\
\xac\x95\xc3\x02-\xa8\xd6\xee3oy\xd8E\x8b\xe9d\
\xbf\xd0-\xd4\x10\x15w\xab;i\xb1\xb3L\x08\x99\x0a\
^7\xcb|\x12\xe4\xc6\xcdr(\xa2]P\xb1];\
\x97\xaec\xd9\xc0@]\xc3\x85w<\xe9\xa7\xf2\x0d\x1a\
\xad\x90\xce,\xbfU\xd11I:\xc4~\xe4\x18g\x08\
\xaa\xb9\xdb\x7f\x94y\xb6G\x09\xd9K\x86+\xad\xcb\xca\
\x04\x8cA\xa2!|\xa6>M\x88-\xca\x10!i3\
N&\x11l\x0f\x9a\xb6OU\xcd\x04\xce\x81Q9\x01\
\x8cU\xe09[\xf2\xc70\xb5c\xa3#\x00U\xb4\xe8\
\xfav\x8c\xe2\xa7)\x87\xe61\xa4x\x84\xc3\x94\x04\x1d\
\xaa\x1c\xaei\x10kiV9f\xd6\xa9\xe1\xdb\xa1x\
\x155\x9aLz\x18\x06\xad\x09\xdb\x9a$\xf1\x07\x80\x85\
\x1c\xcb\x0bH<\xac\xf3E\x84e\x9cII\x5c\x07\xb1\
\xfd\x08\x1f\x8c\xc9\x83\x92?\x19%\x06&\x8d\xa1\xfa\xec\
\x0a\x86\xd9>\xc6l\xa1>\xd1\x08\x9f\x0c\xbb8\x94n\
\xcaN\x85\xb1r\xcf\x07\x8f\xb4\x19R\x0c[C\xb9\x85\
q\x88$< \x02\xd1U\xeaz\xdfp\x98\x140\xbd\
\xf8\x92`\xe0,jD\xa5g\xfb\x84\xf4JE\xea[\
U\xb8\xee\xbe\xf3/\xa3\xe1\x978\xb0\x89\xb9N\xa7\xdc\
\x12\xa8K8:\x1d\xb4x\x1b\xe0\x05\xcc\x1c&!\x0c\
\xa9\xa4\xb2I,2\xbc\x00C\xa4\x97p\xdb^\x8f^\
\x81\x10\xb1`\xe3l1\x1bb\x90\x13\x95\xdc\xabP\xcb\
\xad\x9a\xcbB\x1a\xf9\x1d\xb5\xaa\x01\x84%\x007\xdf)\
S\xd8\xc5t\x02*?\x9d\x10y\xf0\xed,\x88\x99K\
\xab\xcfa!\x87#\x84\xa7\xcb\x1b\xd9Qv\x0b\x8bY\
X7\xd9\xfa\x80\xac3\x1aAP`\xf10\x16#5\
*\xf1\xa9\x5c2\x99\x14(\xb1X\x05\x1e*\x99g\xf2\
\x8dZ2\xa6\x22\xe5x\xc8c\x86\x99\x10\xfc`\xa8\x04\
\xf5\x8e\xb3q\xd4&=\x9f\x82M\xd1kM\x1b\x8bc\
\x1b\x87x\xe5\x99\x00v)\xcaA\x7ff\x9a\xb2\xdfm\
\xf4\xd8\x05\x12\x87f\x06\x06\x8e:\x22\xa6\x1c\x16\x1c\x19\
\xdf\xf52 \x19\xbc\x82\x997&L\xcf63v\xde\
\x0e\xd2Mk\xb4 v\xfa\xb9\x9f\x80(\xc6\xd2\xf3+\
\x22d\xc1\xa0\x0f\x5c\x8f\xd8e3{\x89\xcc\xd9D\x7f\
3`\x8eZ\xec.f;\x09\x0d\x1a\x8b\xc4\xe2?\x22\
\x04\xa4\x8a.z\xb3I\xdcz!\xc19w\xbb\xcbd\
\x1a1f]\x0f_7NY\xd4o\x980\xf2\x87\xd8\
\x85@\xbeb\xdf\xa7\xaaTp\x1f\xa8\x0c\x7f\x8a\xce\xd8\
\x0fc\xa7\xac/\xb4k\xc8\xca\xe3\xe3\x1cv\x87\x126\
m\x07\x5cds\x8c\xa6-l)ZA|v\xe1\xdb\
\x8e4s\xb5}\x85\x81\x0dV5\xdea\x16OE\x19\
\x04#mC\xce\x86\x11\x08\xf0F\xb4\x12\x0e\xc9J\xb4\
R|\x5c\xbb\xb2{\xe5\xca\xb4O:\x13C-\xd3\xe6\
4\x13\xcf(\x14W\x996\xc6,r\xb23\x22}C\
\x85T\xdf\x8b\xcfM>\xed\xf3-\xa0\xfc\x1d\x10a\x18\
\x0e\x0b\xc2/\x1f\x83\x9ca\xcc`\xbf\x88\x9aV|\x00\
\xbd8,\xca+\x80\x85\x86/\x8f\x0d\xac\x8e\x85\xa3c\
\xd3f\xd4\x1e\xde@\x01\xb5\xb1\xb7\x82M\xfa\xff=?\
\xe8$\x9a\x1ft\xd0YAI\xeb\x9e\x0bk\xcc3\x9e\
\x9bW7T\xde\x89\xf4\x89\xcdH\x03\xb4Z\x01\x94\xbc\
\xfb\xfa!\x0e\xef;\x98\xfd^3\xfd\x11\xd1i\xf2.\
:q\xcc\xd3\xd2\x06]\x9cx2\xf5K\x9b\xcd\x86\xa9\
\xf8X\xce\xd1\x0f o\xcf6T\x0aiA\xc2T'\
#\xb7\x8e\x87\x84\xf3r&\xcc|\xc9J\xdfi\x19\xcc\
\x9b\x8c\xf7P0\xaf\xdc\xe9\xfe\xa4\xb4\xce\xb4\x11\xe7\x85\
\x82\x86\xf5\x90g(\x90\xcb\x02\x9c\x11N\xa40\x16\x0b\
0-\xfd,\x96x\xdf\xf97\xa7\x9f\x9b\x84\x5c#\xb9\
Q\xfd8\xfb\xb1\x12\x011\x08\x02}?Cc \xbc\
\xe7|~\xfcF,)\xa2<=|i\xd1v\x92\x88\
Ip#\xc3/\x81;\xa8q\xe2\xa9\x1cbx\x1a\xb3\
\xd3E\x84\x1f\xfc\xfcD\x9cw\xea\xfcn\x17I\x01\xe9\
\x8c \x96\x86A\xb8s?\x97\xa2\x1au\xc6!\xb7\x1e\
q\xc9\xab\xc6`\xab\xc98\xe9\xb1\xee\x98l\x95\x98\xf6\
h\x0a\x84\xcf\x13>\xba\x89ba\xd2\xc3\x08\x8a\xe8H\
\x84\xae\xbb\xd3u\x8d3\x22\xfc\xa2v\xb0\xac\x1e0\x14\
\x09x\x96\x87\xaav\xc8\x9cH\xfdxy\x22;\xf4\x13\
\x81\xce\xc2@+f\x88U\xb3\x98!\xed\xc7\xe3\xc1\x14\
\xa5\xc3HeE2\xd7\x99Ro\x11\xfe\xd7\xadQW\
\x1d%y\x9f\xdbv>\x91\xea&\xf39sZ\x89\x86\
C\xf9\x8a\x8d\x18\xcef\xa22!/.B;\x15\x03\
\x9dS\x8cj\xe6\x1b!\xaa\xd1\xe8{\xea\xb5\xe2\xf0\x18\
\xc9\xde\xa1wK\xd6\x84\xe5ME\x13k0\x13\xc2\x16\
\xb1Y,v\x1b\xc2\xca\xf0J\x8eO.\x1f\x8dB)\
\x1f\xd8]\x22\x82G\xf1x\xe1[\xc4\x118\x91\x06\x18\
\xd1\xf0_lF\x9b@\x99\xd1\xf4\x8adAv\x0e\xcb\
Q\xd4\xf3\xc7\x96a\xb7\x22\xee\x885\x94\xf4\xb0\x99\x86\
\x9d2Z&\x19\x8a\x9a\x98G\xcbB\x10n&\xa0\xb4\
\xf6)\x89x\x18\xd4\x0c\xfc\x8b\x01\xfa\xf3f\x9c\x06X\
E+K\x94\xcf\xfb\xd3\x81\x9f\xad\xcb\xf7K\x1c\xa6\xaa\
\x1a8\xbd\x00\x12J$\xc4\xb9p\xcd\xc6B\x18\xb2\x9b\
\xfc\x8f\xbam\xcec\xf4\xe3\x08\xed\x93\xbe\xb3\x8a\x18\x1f\
\xfc\xad\xb8\x8d\xcf\xaf\xd0\xe9{\xfc\x9b\x13\x88\xc1r\xbc\
\x02\x9d\xee`\xfc\xab\x13\xc89\xda\x06\x7f\xc7\x17\x1d\xf4\
\xfb\xd5\xf0\xedj\xb4\x16\xf8\xdfJ\xf2_\xfc\x16\x85\x13\
\xbdr7X`\x14\xe7\xb8\x05\x15\x91\x02u\xff\xc2\xb0\
\x83\xad\xbc\x82\x19\xf8\xeb\x9a\xf7\x9d\xffi\xa3\xbb\xbb\x9b\
\xb8{(\xd5\x83\xf2K~\xbbj%\xfb\xb5\xb0\xeci\
\xd1\x84U+\x831\xfa\xc2\x09\xdd+\x8f\xa7\xaf\xe0X\
f\xfa\xc6\xaa\x13\x8cm\xa6\x97\xa5o\xac^\xb9zm\
\xd7\xca\xb5]\xf0K\xfc\x96\xb8]\xc7\x97\xbf\x06\x0f\xdc\
\xd7\x13\xc7 \xe0\x80\xa6\xa8v\xab\xb8\x17\xee\xc58\xfe\
;\xe5>\x8a\xb7\x02\xd5\x12\x91IsV\xf7h7]\
\x1f\xf6O\xb0\xf5u\x12<\xe0_\xe4\xb0\x81\x90<\xb5\
f\x0dbk\xfb\xd8j\x9a\xc9'vv\xdc\xf2Xl\
b\x5c\xe6\x0b\xcf\x96\xb4\x0c\x88\xec\x16^\xab(\x10~\
\xe50\xc6\x9cE\xa3\x89\x80\xda\x07<k\xc2vK~\
2\xb05\x95\xc4-1\xebi<\x16\xc8K\xeb{H\
\x1f\x7f\x0eT\xf2,\xe3\x18m} w\xb3v\xb0\xde\
t\x1c6\xd8Z\x10&&\x111\xd4\x15\xb0.\xf1\xaa\
C\x1f65'2\xdc\xa4\xe99\xcc_\xac\x19m \
2\x9a\xf4\xa8V\xb6d.`0[|.\xa4\x13\xcf\
\xef\xb3}\x9c\x0f\x1b\xbd\xe20\xf3\x16\x0d\xbc\xd3\xcc\xa6\
\x9b\xdc\x5c\xc8m\xefgb,\x13\x0aV\xe5q72\
`\xff\xd0~\xdb\x03\xc1\x12\x8eUY\x950\xc8R\xc6\
\xd3\xb1\x9e\xe4\xb3\x10\xc1\xbc\x18Rq\xc6K\xf6\xd9\x93\
e>\xbb\xd1\xd1\xbc\xc52E1\xf4\x96\x0dN\x80#\
\x9e\x84/g\xb1&T9\xcdk\xd2F\xfc8\x5c\xec\
iA\xee\xd1\xaa\x89\x9b\x857^\x0d\xb2\xd7)\x07\xe1\
\x8a@xi+H\xf2\x91\x5c\xf8\x08\x89\x1c\xe2\xa16\
b\xba2\xdd\x19O\x92$\xa4\x8f\x104\xcb\x00\xea\x92\
\xb8\x9cYadJA\xe0:\xda%T\xe8\xed\x89}\
\xd7\x1ev\xf3\xc8o\xa8]\xab\xfdf\x9e\x12\xa7\x9dd\
~\xb72\xbb\x18\x172:M\x0be6\xb3)\xf4v\
u\x13\xfb>\x81\x08t{\xa0\x074\x83\x01J\xa7\x80\
yJ\xb0\xa2IBHx\xe4\x97\x84\xd4\x80\xd5\x8d\xa4\
\x09\xb5\x87/k\x94\x8f\xe8\xad\x86\xf6\xa3N\x12\xd43\
\xca\x9c\xf9\x9c\xb5\xf1\xcb\xd7\xc8\xed\x8fT\xac\x18H#\
03Z\xb0s\x80t\x0b\xf1\xa4h\xb9\xb7\x9b\x0b8\
\xf1F\xfb\xedr\xad\xe6k\xa7\xc2\x9bI\xe1)\xbae\
\x02\x89n`\x11\x858U\xa9\x10\x99\x12\xb9k\xd7~\
\xd7\x9d\x8a\xa5d\x98\xcd\x14f\x22\x9aNL\xf0\xb3\x87\
\xf1\xde\x15G\x88\xf4v\x10#\x8fn\x86\xa2XOY\
z\xdc\xaeK\x180\xba\x84\xb4!\xb1[\x9f\xc5%T\
0\xe2,\xb4%\xaa7\xca\x13\xb6\x81+VD\xa9`\
\x9f\xee\xb2\xad\xc9mn\xce\xca3\x17\xd3\xb6D\x8dR\
\xe5\xde3\xb7\x85\xb51zH\xf40\x97\xb2\xf5\x86\xb5\
Dy-No\x8f\x16\xa1\xe3\xe5\x11\xdeA.y\x88\
\xcf`\xd1jc\xd1\xf1\xc9\xc0\x17\xc2\x82\xf5\xaal<\
*\xbe\xe3l\xa1\x1f\x8a\xf8x=\xd4\x14\x0f\x7f\x13\xfe\
`\x0a\xec\xae\x02y\xb3U\xbdM\x95\xd4\xddCn*\
5\xef\xcf\x8bmu\x17\xaf\xf3 \xb5'\xa5x\x99I\
\xcfH\x04\xca\xacxp\xb3\xe2\x1dgy \x9a\xef\x96\
j3K\x96\xc2\xbf\xc3\xe1\xd32\x0e\xff\x10\x0e\xcdX\
\xea\x16IXr~\x99\x06pE\xae\xfa\xc87\x07a\
\xc1\xc5 \xac'\xc6\x9a\xcc\xa9\xccDm\xd2>\xcb\xcf\
z6\x99\xb9v\xda\xe5\x99x\x0c\xf5\x151\xb5\xc8W\
\xf54\xcbC\x92\xd3\xf0T\xd1\xd2\xaeH\xb576\x12\
U\xcd\x0ce\xf9\xb5\x10\xaba\xc8\xcc\x9b\xda\x1d\xfe\xc7\
\x95\xa5\x0e\x01\xb0\xcf3'-\xe9SJRJ\xebz\
\xf3.E\x95\xf6S\xdd\x8c\xd2\xa4n;\x91\xba\x95M\
\xa9\xac\x9bK\xfb\xe5\xb1\x9a\x19%{\xb7\xda\x89w\xab\
\xfc|2!\xb7e<\x92\xc3a.'C{\x06\xa3\
I\x12\x98\x83\x9d\x93\x18J\x8a\xeb\xad\x88t/\x1e\xbd\
\x22\x13\x0bd\xf8\xcd\xa1\x8c\x90{\xe0\xdcN\x05v\x16\
$\x85\xc3x\xdcH\xc5\xf3]/\xa2\x8e\xd4\xaap\xd3\
\x9d\xb3\x01s\xc6\xec\xec`\xe7\xbb\xab\xe2\xf9\xee`A\
\xe8\xd3\x9b\xdf\xd1\xb8nL\xde\xcc\x1e\xf4\x04g)\xb9\
3v${\xb6q\x07\xc8^|\x8f]\x06\xc6|\xe0\
\x13\x98\x19w\xe9\xb2W$I\x0e\xbbE%7\xa4\x0c\
\xcc\x85\x02\xa6~#CZ8\x86\x8cw\xa9\x1c\xd0\x19\
\x02(\xc5\xb6\xe4\x9d\xcd\x18\x04Ad9\x18s\x22\x09\
\x93\xd1\x1c\xb0\x16*EE\xf2\x17\x07\xb5\xbe\x94\x1d\xb7\
\xc0\xfa\xf4d\xdeR_\x19\xe2\x98\x1e)\x1c\x01\xa4P\
\x09\x11h&2\x03\xb8\x12\x0fx$\x1e\x12\xc9&w\
\xe0\x08\xc4\xb2\x9f\xf7\xb0HV'R\xa5\xae\xae\xa7X\
d\xee \xf6y\xbf\x9d\x07\xb9\x08\x9f36\xdbO\xca\
\x9dp\x9b[-\xdf\xe7\x134\x87\xc3\x96\xdbz\xf3\xa0\
\x0d\xe1L|\x00\xe2'\xc3]\x18K\xc1O.\x7fU\
\xdf[\xf2\x03\xb7\x90\x0c\xac\x9ex\x90\x14>\x8d\xaf\xd4\
\x92_\x9f\x0f\xb6\xaa%\xaa\x0cDR\x90\xa4\x96\xb0\x15\
;\xc0Y\xc6M2\xb0\x05\x1a\xb2P.\xf1\xa5\x968\
da\xcf\xa1\x88NK\x86\xb8UT\xe8\xea\xd4r\xf5\
N\x85\x17\xc9\x0b&l\x12\xd0\xc0[\xfd\xf8\x8b\xd8\xf8\
\xf8\x14v\x0a.\xdfI\x8fT'\xbe@r\x5c\xe6\xb2\
\xd4\xcej\xae\xb8^It\xf3\x91K\x06\xe1\x99\xd3\x83\
i$\x8bS\xfd\x95\xd5\xc3n\x1a\x99\x0c\xb1\xe3\xa4\x96\
\xa6\xf0\x09\xa6G\xa9\xc2$7\x0c\xeb\xe18\xb0G\xf8\
^\xb5 \xff\x83\xdc\x9b\xf0h\xf3\x22\xbb\xf5\xe1.\x16\
~\xf3\xd2C\xd4\x1a\xceD\x1c\xa21\x15\x98\xd1\xe8*\
.\x1c\x9em\xc4Y\x0e\xcd6\xf0\x19T]\xe8(\xcf\
\x06\x1cg\xc1\x9d\x8e\xb8\x18\xb0Y\xe4[\xc0\xfe\xe2\x13\
-\x96\x06<\xc9\x1a\x19r.\xea\x0dO\xa67o\xe3\
\xec\x0f\xcf\x0aL\xdb\x81\xa3\xd7\x89k\x07\x05\x9e\x99\x0d\
`k\xb3\xae\x1f\xc0op\x82\x91\x0b\x0c\xc7\x0cBq\
\x92$\x8c\xcd\xf0\x0b\xd8\x1bW\xf4\xdc\x11\xcb\xf7\x89F\
n\xf8X\xb8d\xf1\x1b\xb6W\xa0qQ\xfcfh\xd8\
*\xe0\x9a<\x96\xcf\x0c\x80\xf5dnf\xb9\x19\xcb\xe3\
\x80\xb3,\xf0\x95\x12L\x04CO\x01\xfe\x94\xd6xL\
\x8fx\xddI\x94\xff\xfd\x8c\xb9t\x12?\x0f\xd6\xc9J\
\xf0w,\x04u[\xa8\xa8\xc5\xa46\xad\xfaNt\xf3\
pf\xae\x09\xff\xed\x22\xb7<\xf1\x8d\x91\xa2\x81{G\
1\xd3\x1c\x03r\x1b#:\xa2\x9aB6\xcc\x8d^\x19\
\xc2\xea\xe1\xcc\xe2\x12>\xa7y\xb7\x94S\xb7\xafhN\
y.\xec\x13\xd93\x9c\xb8\x09\x96g\x97\x1f\xe0\x92Q\
C\xa69\x04\xaf\x16\x8a\xa63\x95\xb6Y\x0f\x13\x9e\xc2\
\x834i\x1c\xdd\x01\x91\x81\xbcMD\x93w\x92\xcbR\
\x1e\xa9KW\xee\x93]\xd8\xab`\x0d\xff\xc6f\xe1\xf8\
<(S\xbd\x92\x8a\xe3\x8e\x968\xe3v\xe1~v\xa2\
\xb9\xfbb/\xb9\x0a\xe4\xf5X,r1:*\xcc\xb1\
\xfd\xe4PJ\xdc\x8d\x0e\xb8\xb6\x13t\xb9#]\xbe\x99\
\xb7$\xdep&T'\xae\x16\x0bO\xac\xcc\xf6\xee\xd8\
8D\x11\xe8[\xa6O\x88\x9b\xd9\x7f\x9c\xfc3\x9e\x9d\
\x1d\xef\x827\xba\x0a\xae\x17\x00#!')O\x0ar\
Yi\xe8\x5c^\xf9\xc4\xa5\x0a2\xc8\x80\x8f\xb9\xc5\x14\
\xd0s\x15:\x93\xf9\xe4%\xc5\xe0k%\x9bN\x0aG\
\x95\xd2 \x95\xf5'\xb4R\xdf[\x9fm\xe6Y\x01\x80\
V\xd0d\x84\xac\x97\xa2u\xbd\x99\x1d\xd7\x7f\x80%\x84\
L\xb6\x16\x12H\x09\x9aiZ\xef\xb9\x93\xbe\xc5Bf\
\xe2\x10*t>\xeb>\xac\xd0q\x11\xff4_6V\
\xb5\x17~\xb7\x8b\x14\xfe\x92\xd2\x16\x17\xe0\xcb\x92M\xee\
RJ\x14\xc9\x1b\x19\xad\xe3T\x0dg\xe9\x1ds\xc1\xba\
\x05\xba\xeb\x1d\xda\x85\x85\xef\x86=\xb08V\xc0\xc85\
\xec\x82\xa8)\x19\x9fqEN\x11\xfd\xf6L\xd3/\xa2\
#\x8a~\x16\x14c+#\xd7\xf6\xb9\x8e\xa5\xff\xa0;\
\x84\x0aY\xb9\xd5\x13\xf1\x16\x19\x86\xfa\xb0^:k\x93\
\x9d\xb3\x18\x1e\x0c\x8bTM\xd2\x0f0\x0d'u\xfc\xe3\
7\xceK\x1d\x87\xbd\x9d\xb9\x0au#\xf0k\x1e\xea\xa3\
\xecW\xb0\xe2h\xc7\x0fB\xa5\x88\x0b\xac\xdc\x15O\x89\
\xa4\xbe[\x12\xa5\xb1h5CV\x02\xed\xec!\x9ac\
N\x04\x9fpj\xe7a\x01>\x09v\x19\x11r\x96n\
\x19-\xaf\xc8O\x84'r8\xf2L\x81\xb6Y\xb1<\
*\x83\xc3e\xbb\xe8\x99\x90\xd3_\xb5\xcd,\x1a8\x22\
Uvq\x18\xb1\xad<\xa9\x90b\x82\xf8\xca\x97\x0a\x0e\
6\x8e\xd8%\x16\xab\x9d\x15_Ic\xcc\xbfY\xbb\x9d\
y5ud\xbb[\xb8\x84<\xe5\x03kO\x02a\x9c\
\x1a2\xfc\xe8\xfd4W\x12y\x94y^$\x95&\x87\
\xad\xcd#UciF\x10\xe6}\x91\x92`\xf1\x81\x8d\
Pe4^\xff\xcb\x15\x9b\xa6\xde\xaa\xbb\x01\xe9<B\
\xaf\xa7u\xa0t\xe5+\xfa\xd9~\xaa\x88\xe8\xd8\xc1|\
\xb0t+\x12\x08\xba\x18\xc3\x83\xd4o\xc2\xf7\x9a'\x08\
38\x1f\x09\x96RiD\xa5!\xeaG\xe4\xcb\xa4*\
\xa4\xc4\xe2)\x03\x0c\x85\xac\xee\x01\xbd\xdb<\x81b\x94\
\xd0=\xa1\x16F<\xac\x1b\x0b\x8ed\x02\x9d8\x97\x80\
\xe8;\x98\xca\xca\xad\x8b2\x9c\x9b\x05\x81\xc5k\x87\xf3\
\x14\xc8s\x0833E\xd2$\xcf\xa5\xe0^-\xae/\
\x8d\xb3\xb35\x1e\x81\xc33\x19\xcaI\x8e\x93\x06I/\
\x17)$\x0c\x96pF\xd2\x99J\x85\x02.\xf0\x91\xb1\
\xb0\x97\x1f\xab;\xd9<\xa85\xc6\xe64y2W\xd9\
+z\xbf\x11\xad\xc7\xd5<\xe8\xe2\x846^\x7f+\x0e\
ba\x84!P\xce>)\x05\xab\xa2\x04\xcc`\xc9\x18\
t\xb7\x12u\x81S\xa7!W5\x03\xcax\x036\x5c\
X\xb4\xea\xc7\x5c\x93*\xac\x9cPvI\xdc\xaft\xd8\
\xd0\x18\xa0)$\xb2d\x81!\x8d`\x1cf\xc6\xa1,\
;\xb0\x14\x04R7\xd0\x86O\xf2-\xf1\xbf\xf7\x105\
r\x8f2\xca\x11CE\xdc8\xc5\x1f\xb3\xac\x00\xe0/\
\xef\xce\xfa\x13\xc6\xf2\xee=y\x7fO\xc2H\x89\x97\x04\
\xf1W\x8f%F\x10\xcf\xd8\xb2\x18yr\xe75\xab\xf6\
!\xfd\x85[a\xbd\xa4Bm\xcebU\x9e\xe6l5\
\x81\xf6zJ\x81\x8b\x0d\x11|a\xde\x8f9\x0asB\
E\xee\x83\xa4\xe6\xc2\xef\x80\xca\x80\xa8\xfe\x0a\xd3\xb5+\
\x0dy\xc1F\xa2G\x8e\x9d\xc9\xb2\xc7U65\xcc\x1c\
\x84\xa3\xc4s\xc7\xd9b@\x0c\x1fS\x98o\x05\x85\xcd\
\xc5\xb3\xe9\xd4z\xd0\x0ek\xcd!\x0b\xe0\x04\xac\xdc\x0c\
\xaf\x8f[$\x15\xb9\xa2\x97\x02j\xb5N\xa9\xa3I\x96\
1F|\x0a\x81\x92\x83\x17u9ui\xafg0l\
ZL\xa73T\xef\x22\xee\xb3\xe4\x98\x90\xc5\xd0\xc3x\
\xcc\x08\xc2\xe7\x1e\x11:\x0f\xde\xf4c\xa9\xa2\x1a\xf3\x95\
H\x5cS\x0c\xf3\xf2f\x81H{\xa60i\x96a8\
\x9d5\xf9\x1a\x9d\xce\x7f\x84E\x8c.cY\x85E\xb2\
\xff\x96h\xe2@g\xbf\x9f\x19\xb9\xe1\x8eD\xe1L~\
\x9f\xcc\xccd\xbe\x8b8-\xd0xD\x87\x186\x12\x87\
#\xcc\x9c\xb7\xc4\x0aUJ\xa3g\x873\x0bEw\xab\
:\xa7'\x96E\x8e\xc3r\x99>\xc7.\xbd\xa9t\xc3\
\x85T'\xc7\xb0\x8d\x90\xcd\xbb\xbe\x9a\xa5\x88\xbf\xf3\x19\
\x8b\xc7\xbd[\xba\x8d\xddc\xa4\xe5\x93\x19\x18cX\x1f\
p\xfcN\x1e\xca\xcbR\xf6h\x81\x01QYx\xcc\x1e\
\x1d\xcb\xc3\xff\x03?TCY\x06\x0b\x11X\xc4\x7fd\
gJ\x01-_G\xe4\x8b\x1a\xb5E^\x22\xf5^]\
O\x99\xb8\xac]\x84\x8d\xf1\x80\xe5\xc9\xf31X\xc2}\
nY\xb7\xb1\xd5\xc4E\x9c\x05H\xd9\xd1@ \xc4\xb7\
p\xb1\xdd\xc0\xcaO\xed;\xff2\xd7\xc9O\xd1\xe9\x9a\
\x1e\xc8u\x18\x09\x8c\x0eR,\x09\xd8.\x0d1n\xd9\
f\x05cn\xce\x05v6\xc5\x18\xba\xae\xf1\x10WX\
\x13*q\xca\x18\x89p\xe31\xd9tH7V\xf5\xc2\
\x0ab\xbdmEa\x94\xd5Ir\xcc\xc1\xe2\xc4r\x0b\
u\xa9\x99\x91\x16`B=\x95\xd49DNq\x81\x09\
H\xb5\x0e\x13\xa5PU\xd9\x8f\x9eC\xa9\xaaQ\xdfE\
\x94SY)\x0d\x1e\xe2w\x22i\xd5\xa4s\x895\xdb\
\xf0\xecG\xd9i\xa6\xfbf)\x9c\xd4\x13\xad\x1c\xc2\x11\
\xf0KCw\xdc\x1b`\xe7\x07Y\xddC\xda\x0fgY\
\x8c\x0f\xc4;\xf9\x84\xb9P\x5c\xb1?\x89\x9do\x9eO\
<\xc2\xf2\x0a\xd4\xc6\x81\xf8\xbf\x13\x229^\x8d\xd3\x97\
|\xa0\xa67\x1c>\x9f\xb1h\x01|Rw\xd2\xc8\xd9\
\xb8\xc4\x0d>;\x8c\xf6\x80\xda\xbb\x8d\xf5\xb4\x87\x01M\
V\xa7\x87\x05\xab{V\xae\x93\x9aS\xec\xb4\xf9\x8cN\
\x95S\xcb\x93^\xf7\x9d\x7f\x95\x1f\xa9\x16K\xa3\x02\x89\
\x8f+\x17\xed\x9fg\xf4\xd1$x\x1a\xc8\xbf\x94\x04\x08\
l\xd89H*F\xee\x1c\xea[F\xa6P\xf2\xe1\xc3\
I\xcc\x7f\x84es\x12-\x8a1\x89\xb3\xefM\x878\
\xe1<\x9f\xa5\x19\xe0rs\x8aZ\x1e;\xb0}\x84 \
\xc7\xd9\x16D\x8b\x96\xa4\x0b}\xce\xee\xa5\xee7W\x1b\
\xce\x9bp\x80\xd1\xe2Xj\xa7G\xc6\xa4\x9a\xb9\x1f\xab\
ny(M\xb5\xf4J\x8eZ\xebB\x0b\xba\xbc\xef\xa5\
M\xf5\xbd\xf8: U/\x8a ,O\x1b\xb7\xa8k\
L%/\x1b\x5c\xa2\xd9\x9a\xec\xe8\xa4d\x22\x84*\xe4\
\x85=\xb9\x92\x85L\xc4X\x8e\xac\xe4\x99\x09\x1d\xdd0\
\xcb\xb5\x14W\xa9#ZZ\x04\xa1b1Q\x96\x94T\
\xb0\xa7|\x05\x13\x8b\xf4t\xa1\x07VM\xe6\x8a\xaeJ\
e\x0a\x99Hy\xb0\xf5\x91\x98\x12Y\x0c_^\xdd\xe8\
\x18?gw\x16S\xe2\xa4\x0a\xa9v\x98\xc2\x98\xa4\xe1\
k9\x8d\xab\xe7\x97\x1b\xf0\xc1VcxqF\x0d\xf5\
\xf1g\x83P\x86H\xb7A*d\xb0\x04\x08\x5c\xcbf\
O\x11D=a(\xd8\xeaqr\xf6\x84\x9d\xc3\xb5\xc9\
i\xf1a\xc2-|^\xa5N\xe5\x12\xac\xc4;k\x99\
\x82\xff\x12\xa1p\xc2c\xcc|\x16\x97\x84\xc7ih\x03\
\xdc\x91\x8e\xf9\x01\xc9]!#\x98>I\x05\x22uf\
\x09\x83\xb0r6\xb9\xee1\xe5\x8a\xb4L\xa0\xfa\xb6\x10\
\xa1G\xb7Y&\xfd+\x97\x80,\x13+\xecd(\xa4\
\x14\xd1\xe19}^$'\xe6\x0cq\x0b\xc8k\x08\x99\
\x8c|\x0b\xb1fB\xc9\x15\xfb\xfd\x90\x04\x0eB=2\
\xa8\x0d\xc0\x7f\x0e7\x8c\xf25\x96\x89\xaa7;\xba@\
U\xc5R\xd0\x15z\x91\xd5\x10\xc3\xf2t\x1djF\xcd\
\x1a\x8b\xe6\x14q\xbc\xa3\x09\x19\xf1wW\xe8\xe7\xb3p\
\x96f.\xcd$\xb5$\x09\x12\xd7Gv1\xe3\xdb$\
\xfb\xa5\xb2\x1cn\x9bH\xb8tO\x8bd\x8d\xe3\xc2>\
\xf2\x89\xbe\xaef\xa58J\x81Q_\xc1\x09m\x06\xc5\
\xcb\xeb\xa8\xd9\x9c\x01{{\x92\xdd\xc3\xf2\xaav\x11Q\
\xa0H\xf41rTG\x94\xbc9z+\xe3\xd3\xcc:\
\xe2\x9f\xe2U\x91h\x1d;z\x98H\xae\x1d\xcbM\x82\
Ce99\x93d\xe8\xd3\xf8\x90P\xcd\x1br.\xa5\
f\x0f\xc2\xdf\xe7!\xbc\xa4]\x88\xa8/\xa9\x16\x0f\xe5\
J:\xf9\xce!\xac\x03\x14z\x7f]ss\xd4\xac8\
\x85:*qvM\xf4O+\xf88\xfb.\xbcT\x8c\
\xd3\xdcLk\xf2\xb0o`\x0c\xa2_D\xbf\xcdX\xf8\
K\xcab\x1c\x9c\x07\xc4_$\xe8\xc1o\x16\xf1\x15^\
'^i\xae\x94\xa5\x0c\x02\xde\xe9\xcaL\x91f\x12\x11\
\xe6\xd3\x9d \xbac\xf1\xc9D#\x0ceH)N\x94\
\x99\x22f\xd9XJ\xf2\xa1\x96i\xc1\x1e\x9b\xa0\xe8\xbe\
C-\x17)\xf5\x81p~<\xed\xec\xa8\x15\xe5\xa4F\
\xa7\x9a<3\x9d\xa4\xa1\xd9\xfd2\xb3\xc3W\xcb.\xc7\
FY\xce\xba\xfd\xc4\x15\xa9\xe4\xb8\xf0\xf9\x9b\xb0OG\
j\xa7D\xcd\xe4\x04\xa5\x1de\x06\x88S\x8b\xf4Mq\
\xc9\xec\xe5]\xa1\xfaj\xc2\xb6E>\x15\x8a3e\xad\
\xb1\xf6\xcb\x0a\x00\x83\xd9b\xbc\xd5G\x0c\xb8\x91\x12s\
N2\xeed0\xf2\xb6x\x0e\xa0\x16\xe4Z2\xdf1\
V6rL\xa9G\xd3E\xe2o<\x11\x8c\xee\xab\xc6\
\x97D\xee\xb6p\x12-\xad\x12d\xef5\x13u\xd2\xd5\
\x89A\xee\xd1\x94J\x91N)\xb3\x0av(\x19\x89<\
s\x91d-j\x87Z\x10R\x8b2\x8c\xf3\x15y\xff\
P\xe9\xbf\xe5Y\x96\xd6\x1e\x13\xfb\xe7\xb4\x14^\xfd\xfe\
\x90m\x16V\xb1F\x09\xd5e\xc8\x92\xd4@\x09)\xdd\
d\x1f\x12\xd5\x0e\xe6\x0a.\xf73\x07\xcc\xfb\x13\xae\xbc\
\x15\xce\xc7O\xeeC\xa5vE\x93\xde+\x99\x93\xaf\xd6\
.\x886\xbf\xb4B5\xa9\xa2\x15d\xc3\xa3\xf33\xa7\
\xe6\xae\xd2\xbe\xdb<h\xc4az\x8a,\xe4\xe7\x09\xff\
\x9d\xf4/\xeee\x9d\x82tu\x11\xb7\xb3x\xb6I\x16\
\x0eC\xef\x8d\xb0\xec\x1e!\xf3\xd7u\xf5\xa2\xf1E\xdd\
\x02\xe7i\x9a\x16O\x1d\xe4\xb5\xd7e\x85\x1by%8\
N\xde\xe7\x0ey\xf5N\x93\xfb\xd3d\x8f]\xfa\xb7\xf0\
\x1ad\x95t}Cx:Jz#i\x09[\xf5\xba\
\x91\xd2\x06\xac\xeb\xa7\xe9\x98\xa3 \x19G\xf3n\x06\xb7\
\x0b\xc3bv\xc8\x0a\x02\xda\xa5\x8e\xd4\x5c\xc3Q5\xa4\
\xbd\x18k\x7f\xcb\x1a\x8b\xd1&u\xa4\xea\x04\xa9\xb1 \
z\x09\xe2\x803w\xd2\xc9\xbbfN\xd4\xe0\xa5\x9f\x12\
\xc9\x8f\xc1\xed\xc1\xe7\xc5\xcc\xf3\x02\x88\x1e\xd5\x87\x1d+\
\x98t\xbdq\xd0\xc1AL\xd0J\xec\xe2r\xd0\xe8\x09\
\xeb\x128\xbf\x9e]u\x81\xfaLB,\xc9\x0d\x03\xf6\
\xae\x99\xf2&5\xd2\x17[i\x99\xad\xd7\xb4\x7fE.\
<\xf0\x19\xda\xcb\xdaYx\x84\xf5\x16\xc8\x89(i<\
X\xfc\xb4\xc5\xd3M\xd6+\xf5\xf9\xb9\x9f\xb6\xa8\x04\x1a\
\xa9\xa7l@)e\xe8\x0a\xd89\xd6o!\xf9\xa4\xf5\
\x88HTGT_U\xeb\xef\xab\xed}1e?\xab\
\xe9\x8f\x95\x09\xf1\x14\xda\x97(P\x8a\x11z!\xad\x5c\
\xdf>7\xf5\xb4\x10\x8f\xb1/*6$y\x9e\xe3\x97\
\xe6qO\x98\xde\x07'5\xd8\xfd\x8a/*\xec5O\
\xf3\xde\xc5\xcd\xd5n\xc2\xf9\xc2e\xba\xf8N\x97\xc7\xa1\
\xdcWY\x96M\xeez\xb4we\x94\xd6\xba`\xdd&\
\x99u^\xd9\xe9\xbdl'\xd2\xd6!}\x8b\xe1\xb8d\
\xfco5$Pr\x82UCY8\xc3\x9e\x8d\x0b\xfa\
\xe5\xe0 \xe3+4Z\xaf\xe2\xbc\x12\xd3\xa9\xba\x88\xa5\
\xcd\xbdl8_\xde\x22\x8d`\xf0q\xca\xdb\xd8\xe3\x1c\
X\xa0x\xd3\xc6\xafy\xe2\x91\xcb\x93\xe3\x8d\xd3\x8e\x81\
\x87\xe0\x88|\x8fT9\xc5\xfc\x869\xbb\x0c\xe2\xbc\x1e\
a~r\xce%\xd4\x13\xbe\xef\xfc\xcb\xe0OS\xc2\x07\
\x8e\x8b>\x12\x07\x1e\x8d\x83\xe0obE?\xe7\xd2\xd6\
\x90T\xd7d\xbe;\xa9\xb2u\x1b4\x04\xdb\x15\x13\x81\
a\xe17\x13\xd4\x98\xf79\x06\x8a8`\x1e\x8f@\x9b\
\xab\x0b\x17?\x19\x18{\x09\xf1j\xbb\x13T\x85\xe8&\
\x16UES\xaa\xd9\x02\xdd\xc5<\xed\xf0\x98\xe0\xa5\x1f\
&r\x91^\xbc\xeeg\xb78e\xe8Njo8\xd2\
\xcd\xf5\xf0\xb5\xb7X\xb2\xd6\x7f\xd6\xaeD0\x1b\x22\xae\
\xd8\x12\xc5\x00\xf2dh\xee\x04\x0e\xb39,\xd0\xb8\x9f\
\x8d+\xd5N\xe8\xd8\x86\x9d\x02\xd2\x97\x146\xba;+\
\xf6b\x1a\x22\xb2\x95\xbb7|2\xbe\xcd\x8a\xd8\xc4\xaf\
\x098S\x08\xef\x8d\x9c\x89\x1a\x9a\xa8z\x99\xdeM\xe2\
\xb6\x8b8\x84\x14\x93\xb4i;\xbe\x81o\xb2\x89\xf3\x14\
\x17\xab4\x06\xf2$%_X\x8f\x8aU\xeaw2\xaf\
j\xb4x\x00\x8bW\x05\x22\xcd\x81\x8e\xa8x\xb2i\x14\
&#\x0c_O`K\x13\xd3/#j\xaf\x8c\x17;\
;V\xa4C\x0b\xb9LTc\x87\xf2\xbe\xc8~\xad\xdc\
\xc2\xd1~\x9e\xdeIi\x063>\x86\xb1\xdc\xc7\xe9\xa2\
,\xba\xa9\x87\x083\xb9K5=E/\xfd\xfdR(\
f\xa6\xa6\xa74\x9a\xfc~\xb9nM\xfa\xaf\xfe\x17\xeb\
]$-\xab\x8f8v\x95e\xf5Y\xd9\xe4\xf7+I\
\xbcL\x1a\xa9\x9f\xd8\x03\xcaH\xfdV&\xf9\xfd\x0a\xf3\
5\x93\x06\xdbB\xce\xa22\xd8\x16\xd3I\x7f\x1f+\xff\
\xb6\xf2~)_\xee}'\xfc~*\xfc\xe8q\xaa\x81\
\x13\x94\xfc~=\xbco\xaa\xd0\xb7\xb1\xe4\xef\x04Z\x8b\
\xe7\x8a\xd4m\x13i\x22\xdao\xd4\x84q_is\x1a\
M\x80\xeb\xe0\xa6;\x8b|J\x9b\xc5v\xde~C\xce\
{;\xcdwO\xc2\x0a\xb6\xe9\xd5\xf2\xfe5\xdb\xdd\x89\
\xb4\xf7w\x10\x09\xa0\xbc\xbf#\x9b\x02\xff\xfc\x7f\xa8G\
\x98\xae\x0c\xb3\x11O\x15\x14\x0a\xecA\xf4\x0a\xe3\xa5\x91\
|\xc7,\xc2\xa1\x0d(\xb3NZ\xfc\x10\xf1U+\x8b\
\x1f\xb2\x8ai'5\xd4\xcdV\x9eT\xd6W\x96\xe4 \
\x0f\xe4F\xe0\xe0\xba\x1e\xaf\xa8E>!\xea\xb5\xde\x11\
\x9fa\x0e\xeb0\x8d\xcc\xc5]\xee\xce\xbf\xcc\x18P\x5c\
\xa9\x16\x0f\x02\x8b\x8c1\x03\xadH\x98X\xe3\x8a\xe4\x99\
\xadT\xca\xd4T\xa22\xafSJ\xf1\xd2r5Bs\
Y\xa7\x01\x7f\xbdR\xc04je\xe92\x10\xd7\xabh\
\x88\xd9 j\x89\x19\xaa\xbdg\x94\xa0\xb63Bw\xf9\
\xe1\xce\x96\x8e\xd6\xc5\xa5\x12|\x7f\x0f\xae\x1a\xc4tg\
\x9e\xe1H\x91\xcd4[\xea\xf0\xa2\xaa- TV\xa5\
a\xe5\xe22\x80\x89n\x0d\x0e\xe6\xb2\x9b\x93.Q'\
\x97\xb9\x08e\xf4zO\xb1(\x9c\x82\x1a\x08\xf3\xd3\xda\
\xe9\xa54\x1d\x8c\x80i\x96f\x87\xa4\x8d\xf5L]\xd6\
\xbc\xdf.R\xdc#M\xefz\xa9\xa3\x5c;D\x1fS\
\xd2L\xc90\xfb\xac|`j^^@\x5cG\xf2\x5c\
\x87=\x93\x0a\xa5\xf5\xd9>(wS\xe2\xee_\x8f\xa3\
\x0d\xe4\xca4\x1c{Nu/\x05\xd3\xf4\x0b|\xc7\x17\
\xe8\xa0\xcc\x01Yz\x16\xe0\xb8\x1f&\xf1\x1c\xa1\x9ap\
*~k\xffY\xc0k\xdc\x00'\x1c\xfa\xdaC\x18\xb9\
\x1fRj\xa5\xda\xd8\x8f\xa26\xd7\x0e\x7fzz(\x80\
.'\xcaA\xaaa\x7f\xe1\xec'5\xd0\xcdRk\xb2\
\xe8\xdc\xec\x22\xb502\xec\xc2\x18\xa3\x1e\x8bt\x93Q\
6B\x96p\xa7\xcd\x5ct(L\xcch\x8d\xa1\xea\x1c\
Vv\x9a\x95\xdd\x97\xf4\xb5\xd9\x11\xc9\x09\x91\x8f\x8cr\
nwy\xd7\xa0s\xb8k\xa7q\x063T\xf6\x12}\
H\x86v\xd6\x03\x04\xcf\xcej\xa9<M-\x88\xbc\xbc\
F\xe3\xccOrCq7\x80\x15w\xf0\xd3\x9b7`\
\xb4\xa3\x96vF\xc9*B\xecU\x91\x1f\xa0\xa4\x13\xb8\
Z\x0e0\x17\xc0\x96\x98\xcb5\xe4\xb6P\x0b\xd3PW\
d&\x99\x8f,P\xa0h\x5cvqX\xdc\xc4\xd2\xc0\
\x9aE\xae\x9f\x0e\x10\xe7p\xd4fo\xd8Ao)\xb5\
\xbb\x1c\xe9\xf1\xa0\xd4!`}\x114_\xa5\x94\x9a\x8d\
\xc1OZT\xe3P\xf2b\x16\xc6\x9c\x11\x13\xecf7\
\xcf\xbdF\x92\x10\x84C\x82\xc4Px\xb6\xcf\xea\xb7D\
\xa7\x9c\x90\xa4\x1c\xdb\x93\xc8\xe9\x13\x0e+\xcc0\x95N\
\xb6\xc3n\x80\xbb\xc2'\x9e\xc8\x05\xb1\xee\x19z@\xed\
\x14\x90\x9b\x8c\xed\x05IUP)\x17\x97!\xfd\xbc\x0b\
\xb5\x19h\x11\xc0\x92\xad\xe5\x9ea\xfbZ\xf3f\xb51\
[\x9e\x15\xd0\xb24\xaf,VMn\xe1\xaa\x8d\x95\xd4\
\x95\x0c\x12\x1b\xe3X?\xe0\xfa(\xcd\x95\xc7N\x88>\
\x926\xb9\xd5\x9crK\x9c\x92\x93\xaf2\x9b{C\x19\
Zz\x00e\x9bK(\xe5\x93Bm\x22\x92A\xce\x88\
\xaeM\x921g\xfd\xc9\x1f\xcf\xd6\xa9\xb6rIR\x87\
M\x1b_\xb6|&\xa1\x8f\xf2s\xd6\xefy\xe7P\x9f\
\xf8\x5c\x93\x0e\x12\xf9<\x96\x0e\xd2.\xc1\xf0\x94\x10=\
\xa82\xce\x96\xa4\xf1\xa7\x97F\xaa\x87Ra*i\xd2\
\xc7\xd3\xa3\xaa\x18\x80\x89\xb2I\xa5\xdd$\x91\x99\xbbM\
\xcb'\x91\x1a\xa2\x919\xed\xf9\xa03\x0e\xa5\x1e\xbeZ\
\xa4\x97v\x8f\x04\xd8\xf7\x1aI\x7f\xc1\xc1Y\xa6\xe1X\
\x93\xe2\x8cu\xa7a#\xe6mT\xb0!\xfczi\x00\
\xe4\xea\xa2W\xfa\x8d\xfd01~\x87\xaf\xff|Ml\
\xa19\x01N\xcd\x9bQ\x11\xbaL\xd1\xe3\xb8\xba\x85Q\
@2f(J\x96%\x8fx\xaa\xe6*\x86_K\xe6\
\x89\xd1`\x09\xb7\xa4&YS\xb6R\x14c\xdb<g\
\xd3/\x91\xdb\xbe\x91R>?\x95v\x06\xe2\x15\xc7\xc3\
\xc9\x8em\x024\xaf\xe5\xa6\x874\x8d\xf4X=\x80\xa5\
\x1a\x5c\xa4'\xc8v\xb0\x04\xd9\x91(\xb3\xablr\xca\
Ag\x09J\xb2\xcb\x82\x1e\xccb\xc5>.(g,\
\xa3\x14t\x08\xd5\xa89\xc3\xb2\x8a\xa4\xa1G\x81\xe9Z\
z\xb8\x0b\x88\x9el\x87\xdc\xf9:xM\x04^:\xac\
Yh+,s\x9c|\x1d=\x03M[\xdd\xac\x99O\
?\x04\xb3\x89nZ\x0aG\x17H\x08\xdbq~)\xef\
f\x91\xc4\x8cSs`\xf5\x1f\xc9\x8e\x1a\xe3D\xff\xa6\
\x99\xc1\xe3\xa1\xcaL\xedX\x9d#y`y;\x1b\xa4\
\xcc\xe0\x9a2)\x94QB\x8b\xb9\xfd\x88\xfb\x8b\x17\xab\
P!$NR\xb9\x16\xb1\x13R\x07)\x0c\xc9;\xcf\
P\xf2)\x85G,\x94X\x89\xcbK\xf8n~\x02\xc7\
\xddM\xd1\x8bv\xb1z\x16g\xa7$\xf0\xebq\xd1\x9d\
\xc2\xd4\xd2\xd2\x19g\xf3tF\x95\xab%\x0f\xb3R9\
\x1a\xbc\xbd\x81*j\xa21\xe3\x8a\x16\xb6\xd3\xa7Mo\
H\x14C\xfa(\x8b\x99\xdb\xbdR\xd8\xcd\x186\x06\xb9\
\xc4O;}+Xd\x8bV\xda\xa9\x1d\xb6\xb6+\x82\
\x8c$6b\x80[AO\x13w0s\xcb&\xfb\xb4\
\x85\x92}\xf4Ph\xe1(\x9ef\x968\xa1\xf5\xf0\xdd\
x\x99\x09UZ\xeaB\xf3\xa1\x0c\x1d\x8cF \xd6\xf7\
z\x163\xad\xe2\x1f\xaeL\x9b|\xc8I\x12\x0bl\xa4\
`\x8dL\x05\xeb:9\xb1\xb5\x1b\x8f\xed\xe5\x1d.\xd2\
F<\x92\x8d(\xa9\x9c\xb4\xa7`%M\xf4#w'\
\xd3J\xeaX\x87\xb0\xb1\x9c\xb2D\x94\x89\xa3^S\xe6\
;\x9c\xf9\x98\xec\xc0\xe7\xedTe\x0c\xbb:\xab\xe3\xd8\
\xac\x94Z\xde!\xf7<\x0e\x9e\x15\xbfa\xe6\xba\x8e\xec\
\xc33\x0eb\xb2\xa7\x85\x8e\x93\xe3\xd2'\x0e\xa3\x82\xca\
\xde\xf1\x8fn2\x16\xe0a\x8c\xf9\xf1\xd2\xde,\x8c'\
\xaf\xf5\xdf\xa8\xe1\xd9z\x1f?g\x93a\xb7\xb7>|\
&\xec\xf8\x8e6\x85\x91,\x7fP-2n`\x1f\xb6\
\x1a\x01\x8b\xab.\xc9\xab\x03\xb0\x9aM\x16\xc9a\xfbr\
O&m\xf8*c\xb1\x1e+\xac\xe8@\x0c-\xbaI\
\xea\xcb\x8dw\xb0)\xa5S\xe4bm\xd3\xd8\xe4\x22\xa8\
m\xa4\x08j:\xcc\xa5\xda\xd3\xb3'M\xe1\xa3\xc6~\
\x19\xb8\xd3Q\xaa\xe3\xe3\xe9\x94jkO\x82R\x1d\x1f\
\xfc\x7f\xd3\x86\xd0\x1d\xbb\xe9\xab\xef:N\x9f\xec#i\
\xeaW}#\xf1o\xe7\x08\x89\x1cb\xba\x91\xa6c\xe9\
\x0c\xf5\x8d\xd1\xfcu\xd8IH\xcaQ\xe08v`\x87\
\x1d\xfd\xba\xc3\xb4M\x04\x8d\xae'\x95\xddFY\xd6[\
4\x12\xba}\x1bhn\xa5\xdc\xa8\x15\x88\xf0\xe78\xb8\
y\x15\xe8\x1a\xad\xe55\x8d\xa5\x09\xc5\xd9\x93\xf7r\xc6\
v\xc5\xd5\xc5K\xb0\xeb\xc8\xa1\x82\xc2\xc4\xf1\xcf\xfe\x9d\
\x5c\x07*\x22&\xd2v7\x1a\xc6\x9b\x17J\x82\xa3e\
W\xd1`?E\xbf\xd3::\xa2B\x9f\x8f\x19\xe0\x9a\
\x14D\x1f\x93!\x87\x9a\xc0Dy\xb58DD\x1e\x0b\
\x81\x0d\xab\x228\xc2\xadD\xdc\x1d\x9c\xa2\xe9{\xc1T\
\xd1\x06\xcbJ\x0d\x8e\xd3#)\xa50\xfb\xe1\x83\xac\xe9\
-/&\x19.\xcf\x1c.\xbc\x99V\x12\xbb\x99\xb6k\
\xe3U6\xcb\xc0]K$\xb7\xcc\xfa\xd6UBH\x1b\
m6\x1eM\xf4\xeb\xb5d\xf8K\x99q\xcb\x16\x8a+\
\xf3}\xc5\x95\xd8\xca\xc0YL\xe6\x91'p2\xa48\
M.\xd5.\x9a#<^\xb0h\xcb.b\x97\x8b9\
jU4\xe3Jj\x90\x97\x01RQM\xb620R\
;/\xbd\x01\xe4\x92\xa6\x18\x1cJ\x14\x83\x83\xa0\x17\x83\
\x84\x02\xa5dW(\x05\xd8IT=\x8f\xa7\xaf\x00\xf6\
 \xd0\x80\xcd\x8bU\x09\x11}\x1e\xb0\x8dQV\x1e\xe7\
<\xc2\x11\xf9OE\x96_\x80\xff=I\xc6/\xb2\x9f\
\xc6\x18\xdf\x94\x22}\xd9fL\x1eD\x94\x9fW\x1c5\
\xf0\x7f-\xfc(:\xf8\xbf\x93V\xa6\x08\x8f1\xcb\xce\
.\xab`\xa2\xffp\xd9\x9c2\xf0Sj\x9d\x95\xa5)\
\xc1\x9e\xd4{\xca\x8ah\xaa\x9eV\x19\x96\x87a\x00\x97\
\x0a\x9e\xe6\xd9U38G\xd9o\xfd\x88?\x7f\x16.\
iE\xcb\x9e\x92\xa3\xcb\x9c}eF\xd9\xc5D\x8b\xac\
\xb1){'F\x0a\x9dE2\x03\xd4\xe2\xa5\x11\x89\xaa\
\x08\x9cc\x98\x1f\xc8\xa7\xad\xday\x9d:\xee\xe1\xc1q\
\xd2\xdd\x15\xb2\x97\xb2b\xbb\x0c\x8c5\x15\x9c\xee\xe4N\
\x03\x87\x92N\x03\x07q\xb6i\xe8\x8a\x19\xb3Mk\x87\
\xb24Z\xb1\xcc\xf7\xf3Bt\xe0ka\xb5bX|\
\xe3+\x80\xf9\xa1\x84|/\xb5\xa6I\xbf(Y\xa8a\
y!\x15Ffe\x87\x91Y.cLR\xc9\x09\x22\
g\x083P\xec\x0f\xa4\xd5\x0cI\xb6\x10\xe6wj\x81\
\x1d\xce\xfb*\xa1\x9b9\x91r&\xd1\xda\x16M\xa4\x1e\
G\xbf\xeb\xe6*bP*\xb0\xadb\x1d>S\xc7\x88\
\x7f@2(\x02z\xa3\xe7f-\xde\x07\xa0\x0c\xfc\x85\
!\xf8\xbbId\x09/7\xe8\x12|+\xc1\x0e\x04\xfa\
\xee17o\x91\xe9W\x02\xbf\xc2\xd2a\xff\xaft\xaa\
\xd9\x91qe\xe3\xa4\x0f\xa6v\x84\x0b\xbb\x8a\xac\xb2\x93\
\x8bv\x87K\xee\x0c\xb7B\xdb\x1dnu\xa4;\x5ct\
-\x09M\xe2\x92\x97W\xa1\x173\x19@\x05\xce\xa5\xe4\
\x8f\x0f\xaa\x7f\x5c2\xb8\xe94\x92K\x86\xb2\xb2\x02\x22\
\xd3\x8fp\x18\x1baz\x146\xdd\x8esi3Wk\
\x9e\xaa\xa9{\x09e\xe7\xe4\xc1\x00\x0b\xb6`\xb2|H\
\xb5\xc1A\xf2`I=\xcc\xa2\x87 mX\xdc\xc3,\
\x8a,a@'\x0f=#\x11`\xe3\x10\xeb\xce\x91\x0e\
\xe02\x11\x83Z\xd2\xe4\xcb\xa97\x86\xb2V\x14\x7f\x87\
~A\xbd\xbe2?WJ$\xa5\xa7\x86\xe6\x86,\xb9\
\x17\x87\x94H]\xc3\xde\x14.\xa1 \x8aH\xf9\xb4\xf1\
\x03\x08\xa3\x02\x16KY\xb5AGw\xfaJ/%\xb9\
y\xf1\x5c\xbe!\xb1ru\xeejA\xa1\x8c(\xae\xca\
\xb3w\x9c7x\x9d\xeb\xc8:I\xe2\x1e&;\xc2\xd6\
\xd8RI\x97[|\x92h\xc5\x8ci.\xda`N\xf3\
,\xd3\xdce\x9a13D\x15\x93\xbeX\x04\xb8\xc2E\
\xc53\x89\x05\xa8r5\xd4c\x1f,\x0d\xf5)\x90\xea\
\x93\x15\xad\x8a\xa5\x18\xbe\xa4E\x00\xb7z\xfd\xacL\xb4\
\x8b\x83\x9fCbk\x1c\x02*/\xb3|\x15&gz\
\xe3$7R\xff\xfd\x02q\xc1\x87wmq4\x11M\
\xf1^c/\xf9b#T\x91<\x06\xed5\x12\xe7\x1b\
\x10\x0b!\xcb\xfaax!I\xbf\x8e0K\x9bt\x86\
\xe1Ql\xb46MF)\xdeki\xaa\xc1\xb9,\xe5\
.\x9ak\x8f\xb9\xc9\x00\x08`Z9@\x9f~\x11\xad\
\xd5\xc3\xc5n\x17\xfc\x0f\xd3\xef\x84r\x8b\x93SR\x0a\
\xd5r\xcb\xe5R.\xde\xd9gMXy\xdc\x8c\xc3\xa0\
\x1a\xcc:\x96\x87\x89\x93\xebp\xd9C\x8bwP\xc7\x9e\
,\xb7D\xcb1\xe2LT&\xa0ERy\xcf\xc0\xe6\
n\x83:\xc7xi\x18\xe2\xfc\xea\xea\xcaY\x13\xe4\xae\
h\x8cTt\xb4}\xd6\x14\xb7[\xbf\x1b\x0bYQ\xfb\
1Q\xc1\xd2\x00\x0b\xdc\x14\x22\x0c\xb0\xa6\xd4O\xe1\xa5\
N\xc8\xdd?LA\x0fs;\x899\xc8\xb0\x5coK\
\x09\xc9\x8e\xd6;\xf0EQ\xfdJ\xc6_\x18\x1b_\xc9\
\xad\xb72\xbe\x1d$\x10\xf0\xdc\xa4\xd2\x85\x8a\x9b\x22T\
\x05O\x0ff\xb5R'\x22\xa9\x16\xa2A\xc4\x0b\xad \
\xa1\x0a\x99\xc3\xfbq\xe5\x00ZD\xc0\xaa`\xac\xd9L\
\x5c\xe9\xeb\xe4\xd7\xe2:\xf9\xfa\x0f\xaf\x85\xa9QB\xae\
,\xe3\xb43\xa5&\x5c\xe7A\xe6\x9c\x86\xb3_C7\
rb\x09[E\xc9\x195yT-n\x86\x9b\xd9\x88\
8\xb3\xcep\x02)\xc9+\x91\xe5\xc8\xf4\xa8h'F\
\xb8\xc7Z\xb9)\x1e\xc9\xad\x80\xfd\x12\xf3\x13\xc6?\xeb\
L\xd9\xdch1\x12\xc5\xde\xdeF\x8aLT\xb4\xb9s\
\x98*\xa1\xc0A\xc6\xa2\xafH\x09\xc3`\xed\xbb\xfc+\
z\x00\x95\xe7\xa6\xc6\xbe\xad\x9a\xc38\xa0C.\xc3\xf0\
\xb6\x14`\x8b\x9f\x13efJ\xac2\x80\x14C#\xc4\
\x99\xe4\xb2\x9a\xc0y\x96\xd8\x14\xce\x15\x0a\xe7\x22Q\xc7\
\xd8~Q\xbf\xd3d\xa7?^\xe5\xc1 \x06L\x8e\x90\
\x89\xaa\x11\x86}\x80cLk<I\xa9\x18\xa2\x8a\xcc\
x\x1d\x15\x9bUMu\x84\xbe\xa9Va\x98`\xd5n\
dG(\xc9\xa3\xcf\xdf12bd\xa6\x8c\x9c5b\
\x96\xf2\xa4\xd2:\x15\xb2\xc517pI\x05+V3\
\x08x+0[\x1b\x97\xf3\xda\x80k\x84P&\x8d\x7f\
\xeb\x02\x07\xc7\xd9\xfa\xa5\x22)\x10B\x9c\xd2\xfeI\xa4\
\x88\x07\x16\xdb\x82k\xd9\xf45`\xf2\x0e\xe98\x8f\xd5\
\xd8\x04F})z\x8aE\xee\xeb\x0b,P7\xc5\xeb\
J\xae7\xbd\x7f\xea\x03\xb5\xaa\x0bmb\x1b\x9ea*\
\x9c\xcc'\x08\x93B\x97\xf8b\x17\x81?\xa9T_\xa4\
e\x1c\xa6\x18w((\x0a\xc4:\x9c=@\xe4P\xa6\
\x84\x13\xbfs\xc6@_\xbf1Z\x22\xcd<XS\x07\
\x7f\xca\x0f\xac\xc2\x12\x9f\xe3\xd5\xc0n6\xda\xc2.\xbe\
\xd8\xeeX\x9f\xb8\xb1\xd8\x02\x0eHt(i\x10x\x22\
%_x\x9c\x93\x8eO\x08\x97\xca\xc9k$\x00\x12\xcf\
\xdd\xacx\x8d\x1f\xf9)\xad7\x93\x99JR\x0a\x15\xbd\
N\xf9\x88\x12W\x02\xa3X\xcbn'}\xa1\xb3\x84\xe9\
8\xa1j\x8e4\xd1\x06-\x1a3B\x0b,\xd3z1\
\xfa\xa1\xe6%\x17aR,%\xf6U\xd2l\xb7\x91\xd3\
6\x9e*\x1f\x93\x03\xc4\x0e\xc3\x01b\x057;^\x11\
\x135\xca\xd1\x88\xe4\x89;\xcb\x11\xc4\xc2XnT\xac\
\xf4\xbf\xa41\x9c\xcdj\x14\xca\xb0Y\x22\xc0#\xbd\x03\
T:#@\x12\xe9\xecq\x82?G\xa9B#\xb9\xa6\
\xacW,\x83\x5c\xd2\xb0\x1d\xafCe\xb3\xeaR\xa3L\
lK]X\xee_\x9c\xa3\xf2\x06^\xaa+J\xad\x9b\
\x85\xf5k\xee\xed7c\x5c\xf5\x9fH\xb5rZJ\x09\
\xd7.\x0em0\x91\xe6\x98Sbw;)\x9f\x04\x8c\
\x04\xac\xb6.`\x1e\x84\x1e$\xc3t\x80\x8b\x00Ge\
-A\x88:\x85Ua\xbd\xa8\x9bQ\x16\x8d\xe3\xcc9\
\x1dW\xffU\x83>^\xb8Km\xdbg\xb0\x00\xd4@\
\x8cQI\xb1\xb0\xe4-K/\x01\xd6]A\xe1\xaf\xa4\
bZr;J\xe1\xed\xe0&\x04\xaeJ\xcd,\x8eP\
\x09+\xd6\x12P[\xf5*Z?z{\xac\xc0\x15g\
<\x09\x92-\xe5\x1a~\xd6\x90]\xc0\x1a\x1eXJ\xbd\
\xb8.\xbd\x9b\xf7YHfJ\xfa\xab<\xa9\xd1\xe4\xd7\
4\x90<\xfd4\x17\xbb\x8dm\xdc\x80\xcb\xef\xb0\x1b\xd9\
\xa4\xcf\xcf\x13ZN\x04\x0c\xb1$K\xac\xa3\x02\xadf\
\x22\xfd!\xb2\xcd0\xef9!\xadS\x15\x02\xb5\x86\xa3\
\xd6d'\x9f\x98Q\xc0u\x8c2\xa4\xe4\x1fnk7\
\xc2\xaf (\xf3\xc7\xaft\xa7M~\x01\xebvV.\
\xe4\xab\x99\x85|\xf5\x0e\xedJ\x03\xb7\x8e\xd8t\x98\xbc\
K\x22=\xbe+\x96\x9f\x9e>\xd4al(k\x8f\x95\
-\x91dy\x99\xbd\x9f4\xee\xc1\x85\x18%A\xd3\x85\
\xc1\xf8\xaa\xef@z\x9bq!\x055>(\x09\xe4l\
\xdd\xf6J\xec\x0e\x89\xddJ\x03\xb2X\xb4\xa6\xeb\xd3\x06\
\xb3\xd1F2J\xd5S\xdckND\xb0e\xfd\x09r\
\xb7\xdd.\xa1+\xde\xd9\xff\xdd}\xd3\x8dy\xb26\xe0\
S\xe6=UF\x98s\xd9\xa8J\xc4\xa6\xe9s2\xd5\
\x0d\xdb\xc9\xfc\xf5\xd3\x0bB<tCR\xec\xa1n\x8c\
\x0a3\x02u\x9f.\x16j\xb8~\x8f\x8b@>#\xea\
\x1ec}[\xecq17\x92\xb8\xc7e\xca\x12\x0d\xd1\
ko\x5c\xe2I\xb6\xd6\xbeF\x84\xd1[Jisi\
\xf9Yek\xb6\xc5N\x12)\xe7\xc1E\xeeFb\xa3\
\x8f0\xbd\xcb\x15\xb6\xa5\xec\xa5\xc2/\xcf\xe2u\xe4$\
7\xdc\x88C\xf9E;\x15Z\xd0L\x84\x8a\xe1J \
\xa4\x08\x1b\xae\xef@\xebM\x00a\x8e\xe4I\x09+j\
\x9f0\xd7Bw2\x1e6%\xb6\x87\xcb\x8b\xca\x1c\xf1\
\xca\xdei\x19{\xc7\xe0\xde\xe0r(\x19a,\x099\
e>\x06Sod\xad\xee$\x9d\xb5\x894\xa9\x02\xf2\
\xf0\x93\xa1\xcd\x13en\xcb\xc1)\x00V\x93\xe1\xcc\xd6\
aF\xea\xe2\xca7\xc90\x8eM\xa8Pi\xb06\x06\
a\xfe\xdb\x81\xef\x04\x22\xb9\xefz\xb8\x9d\x95\xc0\x8dE\
\xcb\x1f\x12\x81/r\xb6\xb4c\xcc\x8f\x05?\xea\x9a\xab\
u\xc0\x99\xe3a\x8b<\x9dv6\xef\xde:`g\xc7\
-\xaf\xf2\x94\xda\xe4\x0f+\xbd\xaaM\x04\x10_\x8d.\
\x0eo\xa6\x88\xc3S\x83\x8b\xd3\xa6UQ:K2\x80\
\x83\x89\xb5N\x86\xf6\x0f\xc5\x14'\x83]\x98\x10\xa7\xef\
0\xa3$\xd4\xf9\x14\x87v\x85\xcb>\xa6\x03\xffy\xe2\
E\x86.\xbewB\x04M\x8d\xc8N\xae\x89\xa5A\xbb\
\x22\x9bNm\x0eUU\xf5\xc4}Y\xd8[\x90T8\
\x96\x07\xea\xc4\x8b\xc0\xea\xc3u$\x8b\xdcM\xb5\x22f\
\x16\x16=\xab\x8b\x98\x86J\xd5NNrJ%_|\
\xf1M\xab\xeb\x8b\xe2\x9dL+\xceb\xe2\xe2l5\x19\
\xbbs\x22\x18\x88\xb2\x84\xd6ayvW\x95\xa3\x82\xe8\
\x09J\xf6\x80\xb4b\x0fHeG\xa8S\xd4\x9b\xaa\xa0\
^\xa5T\xcfz2\xf8V)V\xe4\xb1\x81\xe5\xe7y\
\xdb\x88\x97\x84\x8c\xb0~\x9aM'\xd2\x82h\x0e\xc31\
(\x9a\xb6\x05\xbaq\x0f\xb6dS\x14\xce]\xa9\x89[\
\xc91\xfa\xd2i\xb2\x91\x99\x94\xaa\xba\xa3^fW~\
\xfe\x92].\xfaL\x8dS\xd7\x03\x91\xe7\xd4\xeal\xe4\
\x00\xf8Y\x0f\x07\x5c`#\xcfW\x8f\x05w\xbb\xaa\xa4\
\x13E\xc7\xc2i\x90\xc9\xcc\x8a\x08d\x1a\x05\x13\xe2{\
3\xc8\xf2\x13\xf8]\xd3\xb8\xc0\xa56?\x8c\xd5\x7f\xd3\
\x15\x90\xd6\xd0\x1d\xf1\xbc\xe8\xf8JgJJ0\xdfi\
\xca)M\xd6\x87(nl\x9c\xa2\xb4\xf1\x0a\xcc\x0c\xd1\
-\xcd\x1cvj\x01\xdb\xe9dI\xc0\xf4\xbe\xca\xf5F\
M\xc7\xde\xab\xd6\x10\xd6acME\x8d-\xbb\xc2u\
8\xa5\x937R_\xd3\xcc[\xfa\x03\xb1\x144\xd8\xfd\
\x04M6\xe3D\xe5\xfaS\xcd\xeeu\x0b\x05\x9a\xfe\x16\
nS\x15\x05\xbd\x1a$h8JM-\xd3\x1c+\xcd\
\x13I4%UyX\xf6\x86Z\x0c):\xca\xb1\xd3\
J\xf1\x9c\xc9\x92)\xcd\x90D\x8d\xc2<\x91\x5c\x12\xda\
\xac\x84\xb4\xc5\xc3\x22\x15U\xbe\x1c\x92\xe6\xaaM\xbc\x80\
\x1d\xc1\xa0\x06i\xd4\xaa\x1b\xee`z\x82Eat\xc6\
\xdaS\x85\x098!\xb7p\x03\x8dU\xcd\x199\x11e\
\x17\x85\xbc\xb6\x82\xba\xdf\x9aZ\xed\xd2\xe3\xb6\x81\xd6\xca\
\x0f\x95d\x8e\x0e\xf2\xc6\xb4m\x89#\xf6 \xee\xf8\xa3\
@>TA\x8fUI\xd02\xf4\xdf\x0bUuw\x94\
\xd6h\xae\xc8\xf9\xcd)\xb5\xe7\xa3\xdd\x9d\x86Y\xc7\x04\
;\xa2\x15\x9e\xb4!\xda\xa4\x13\xdf\x9fa\x1d\xc6g\xca\
\x22o\xb8\xe3:J\x07\xa0\x5c\xd2\xfa.d\x8d\xf6J\
\x9a\xe4\xad\xf8e~g(\xa2&\xc9\xbe\xd7\xa7\xf3\xd2\
5\xbf\xae\xa5&u\x85k7\xb0z\xea\xf2j\x9f\x87\
\xbe`\x22\x9a\xf4h\xf70j\xcegSe\xcaj\xad\
\xfb\x8a:R\xca9\x90f\xc7\xdcV\x03}\xfdz2\
\x0b\xf7\xf0\x11J\xb8R\xe7\x90D\xd9\xe6\xcd\x92C\xab\
QGA\x5c\x16\xaaB\x1e\xb7c\xd4Z\xa7\xa1\xdf\xc7\
y]\x8a<\xebLZ\xb3\xc2(tW\xa8\xa7\x88\x1c\
SZ\x1c\x1cK7\xa24[R\xb4\xd1\x14\x5c&\xe2\
\xf0\x85i\xa8fW\x5c\x9f\xdb\xa0\xc4;\x0f1R`\
\x01\xe8\x92=m\xa4\xf7\x02T\xb1\xa1\xb7\x94q\x15&\
\x5c\x1c\x89\xafC)_\x19\xcbJ]\xccf\xab\x83\xb7\
\x9c\xb9\x17\x8fcAH\x16kM\x93\x96\xed:\x83\xc1\
\xed\x1d\xdau\x1c0\x14j?G\x01\xbf_\xa3:\xeb\
9\x09\xbd\xb7< \xe2I\xdfx\x1e\xb2\x8e\xd6\xa5V\
Y\x08(\xe2\x07\xcdB\xee\x16\x8d\xad\xd5\xe0\x9a\x22\x09\
\xf7\x18\x114\xb67\x94\x02\x94\x17Ep\xa2\x8d\x7f\xb0\
\xc3\x9e\x1bB<\xde\xd2Ji\x06\xc4\xb5p\xb5\xd9\x9f\
\x0c6IbR\xd2\x9a\xdc\xc6C\x7f\xb0%I\x22e\
igC\xd6O!\x8fK\xf2\xd0B\x8a\xa4\x87C\x96\
\xd8\x8a\x86\xcf\xae\xac0\x8a\x08\xcaX\xd8\x87\x0e?\x95\
\x87\xe6D\xbf\xbc\x89\x5c\xbf\xe6\xd8\xaa\xe3\xc5jx\x7f\
\x82\x9c\x88\x0b\x95\x9d&\xadP\x83\xbbp\xef\xa8$\x16\
\xcd\xed\x94h\x97P'%\x22L\x92\xd5\xfam.\xe8\
\x118\x02\xb5\x04\xa2\x1e\xf7o\xc3\xcc\x80\xf7\x9eR\x88\
\x8dhu\xba\xe6\x95Z\xf2\xfa\xc7\xfbw\xe9\xc4\xc2\xff\
N3\xad\xe8H7\xa7\x1a5\xda{\x0e\xc2\xea7E\
\xaa\xc6\xd2~F>\xc1\x80\xa5\x184e\xee\xa3\xc8;\
z)\xae\xd6\xf7\x95,\xf7t\xa5667d\x80\xd4\
y\x85\xdaN\xda\x83\x88\xb1\xf6N)\xa1\xb9\x00\xf0\xf5\
\x02\x92\x86\xc8\xec%\xb4\xa9p\x04\xc9\x99\xcf,\xd9\xd9\
qC\x9c?\xbd\x8e\xa8V\x82\x0f\x98:\xc6\xef\xceE\
:\xa1\x8c\x87\xc6\xc9\x84\x84\x0cx\xf9\xf2\x00+\xa2:\
\xd0\xffN\x92s\xc6b\x87+\xb9\xa1GNT&\x0c\
w\x91\x1c\x97~\xbcP@VTX;\x955L\x10\
F+o\xb3k\xb1\xffR\xe7\x01\x13\x99b\xc9\xbd\xf8\
\xd6Qi\xc9A\x03$\x8bn\xa0te\x8f\xd41f\
\xdd]m\xd11^o%&\xdd\xc8a60\x22q\
\xa7D\x19\xb1n\x8d\xa62\x1f\x1d\xe8~\x0d\xa9K\x7f\
\x92\xbee\xab\xe60\x88\x81\x8f\x1a\x92\xd4*\x94\x91H\
W\xe6\xe8\x1c\xfaR\x9b\xcd\xf1\xd9P\xaf\x8cU6\x22\
j\x0e\x8ff\x00=CJ\x14-^/M\x1b\x98\xf0\
\x81>\xb2P\xda\x02\xb93\x22`-\x16\x8c\xab\x0f\x1a\
\xe9\xd4Tw\xee\x9cF\x84T\xbfX\x06\xbb(+\x80\
\xb6\x97g\xa22\x1a\xad\xd3\xa9\x06?uF\xa3\xed\xe2\
\xc6jr\xd1K\xdev\xd5\x22\xc1\x9e\xa1\xf2LCc\
\xd8#\xa0\xd6\xb1L\xf0\x9cl\xd3x\xdb\xa2\x0e\xd7\xa4\
rK\x87\x86|\xcbi\xce\xb3cC\x9b\xa3F@\xeb\
\x02\x8cg\x0dc\x0c\x12\x8a\xcc+\xa1\xc6q\xd4\x0c\x03\
@\x1cn\xa4\x16@\x1a&\xdc\x80\xf2\x8dq\xe2\x82\xd8\
\x1b\xca\xd3\x9c5l\x17\xd9a\xc7\x07\x1b\xcc\x15_/\
\x8cv\xa5T\xea\x88\x16\x19\x0d_\xe5\xaa\xf6I\x5cs\
\x90QM\xe7\xc8\x9dS\x0a~\xf1+{W\xb9)\x90\
\xda5UdE<\x93\x14F\xd8\xf5\xcdtk&\xd1\
\x15?\x1b1E\x02\x97\x04\x89\x19\xb8\x0e,\xdd4\x1c\
\xda\xe0zF\xa2\x1e>\xdd\x18\xc1m\x89d<\x9b\x84\
\xd5\xe7\xc9\xa9sI\x97\xe7P\xaa\xddn+\xcf\x9b\xbf\
\xc4\xbd\xa41\x99,]\x1b\xbb\xc7\xcc\xa0\xcb\x1e\x91\xb2\
U\xcf6y\xcf\xea\xc9X\x09,\x9f\xe8\x0f\xd1\xd8\xd8\
QV\xeaHv\x9d\xf3\x15\xc91g\xf7\x98K\xaf\x99\
\xe9\xb15hI+\xbd0x\x83Z2\xc5M\xb9\xf8\
\x1d\xac\xa9\x18\x03\xa1\x1a\x12=\xa0\x8bO\x85\xaew[\
0\xe26\x8f\xc8[\xd7\x95\x15x\xae\x12\xfcb\x91\xc6\
iZ\xf0\xb3\x19\xf3\xa6\xed.\x8b\xc4\xc2P\xe2b{\
\xdd|\xde,\xd2\xa4\xcd\xd8\xb7\xabS\x9b\xdfq\xce\xa5\
\x87|\x18\x87\x1c\xe9\xe0vP\x03\xd1\x03\xaa\x1f\x08\x87\
\xb6\xa8\x19\x16)\xc3\xf4\x87\xc2 t\x96\x85]A\x9d\
6\xa9\xc8\x1f\xb5\xdd\x0d\x1b\xa7\xe1\x22k\xdd\xdaI\xfc\
0a\xbf\xc3l\x8ejR\xdc\x0b5JL&\x1e\xbf\
R\xbe\x97\xa5Z1\x80\x9b\xab\xdc\xf7\xc9\xa3aK\x8c\
!V\xe2'S\xb3\xe8(\x1bT;9J\x84\x0c\xf1\
n\x82\x12-jkB\x936\x8f\xf1\x03lK\x05\xac\
\x0d\x9e\x0d\x07D\xe4\x8caa-\xbdf\xb8v\x9d\x1e\
\x89\x15\x96\xde\x8f}\xb7VChz\xd4H/\xbaz\
{:_\x14\xe4\x0f\xad\x05G\xbf\xb0\xb6\xce\xd1\x11;\
5#*%\x8b\x12\xc6\x99#\xc7!\xe8K\x1ba^\
\xccYi\xc7\x8a\xd943&\x91\xb3\x1c-\x8c\x7f\xfc\
\x8a\xad\xb6`\xda\x0e\x13]j3]\xd9\x8c7^\xae\
\xa8\xad\xcf\xf6q\xbfW\xda\x1b6\x0c\xa5\xf2jr\xf2\
\x9big\x02\xc8O+L\xb2\xa6\x1f\x5c\x88\x1b\x09T\
U\xfd\x1f\xd7\xfb89\
\x00\x00L\xe4\
\x00\
\x01\x12\xd1x\xda\xcd}\x09|\x1dU\xbd\xf0\xc9\xbe'\
\xa5\xb4\xa5@-C\xe9\xde$t\xa3b)\x854i\
h\xb1iC\x92\x16Y\x14'\xf7N\x92i\xe7\xde\xb9\
\xce\xccM\x9b\xfa>\xa9\xa8ODD@P@V\x05\
\x9e,\x02*\x02\xcaVT@\xc4\x07\x88\x08\x88\x88P\
T\x1a@@T\xf4)\xe2\xf7?\xdb\x9csf\xce\xdc\
{S\xf0}\xdf\x8f\x1f\x1c\x92\xcc\xd9\xff\xe7\xbf/\xab\
\xeeHO\xff\xc9\xeb\x97^\xf8\xdf\x87\xce\xb8\xf7\xa3W\
\xdd\xfd\xeb\xffB\x08U\x0dy\xa7u\xf7\xadAhR\
/\xfcp3B\xa7\xbeH\xdb\xcb\x96#\xb4\xceC\xe8\
\x8b\xd3\xa1\xbd\x1d\xdau\x08\x1d\xff\x1d\x84\xce]\x86\xd0\
\x86oC{\x19B\xbd\x9f@\xe8\xbcZ\x84N\xb8\x0b\
\xda\x95\xd0\xde\x03\xad\x83P\xff\x19\xd0^\x0a\xed\xe7\xa0\
\xfd)B\x03?B\xe8\xfc\xff\xa0\xedW\xeb\x10\xda<\
\x04?_\x0f\xed\xd5\xd0>\x83\xd0I\xbb\x11\xfa\xd2\xa3\
\x08\xbd|\x01B\x97[\xa8\xac\xb5\x1a\xa1k*Q\xc5\
\x92\xc5\x08\x1d\xd9N\xdb\x13zi{\xeb\xcd\xb4}\xe2\
MT\xf9\xd9\xaf\x224x/m\xcf\xb1i{\xe5\xad\
\xb4\xbd\xbf\x89\xb6\xcf\x9d\x80*\xbfq\x0dB\xc7]O\
\xdb\xdb\xbbQ\xe5mk\x11J\xdf\x85*\x7f\xf9a\x84\
N)\xa7\xed\xc5\x9f@\x95\xaf\xc3\xdf\x1f\xba\x19U\xad\
;\x02\xa1\xe1O\xd0\xf6{\x1fEU\x1b\xfe\x0c?_\
G\xdbk\xbf\x80\xaa\xb6@\xff\xaf.\x86\x16\xbe\xff\xde\
E\xa8\xeaLh;V\xd1\xf6R\x1fU]t?\xfc\
\xec\xd2vs;m\xbf\xb3\x99\xb6w\x1a\xa8\x0a\xe6B\
w>\x85\xaav[pF\xdf\xa2\xad\xf3\x1c\xaa\xfa\x07\
\x9c\xdb\xe5\x1f@\x07_Z\x85\xd0w;h{\xcfw\
\xd1\xfc\xa5\xf0{c\x17m\xcf\xf9-m\x9f\xf9,\x9a\
\xff\xc0\x09\x08}\xedQ\xb4\xf8\x81O\x22\xd4\xb8\x06u\
\x9c|!B\xf7\xcdB\xeb\xb6\x7f\x00\xa1\x93\x17\xa1\xe3\
W\xc0\xcf\x03\x9f\xa7\xedm\xf7\xa3\xe3\xef\x83\xf1\xaa\xff\
\x03\x1d\xff\xc3\xab\x10\xfaJ?\xeaY\x01\xf7y\xf1\xd5\
h\xc0\xfa\x06\xdc\xd3\xdfi{\xc9\x18\xdar\xd3\x0f\xe0\
N\xdeD'\xce\x83~\xdf{\x1c}\xf4\xca\x97\x10:\
x\x15\x1a\xf9\x0a\xc0\xc4\xef7\xa2\xcfU\xdd\x8a\xd0\xe4\
o\xa3\xaf\x7f\xf3S\x08\xbd\xe6\xa3k\x9fY\x80\xd0\x83\
\x7fA\xf7>\xb5\x1a\xa1+~\x87\xee;\xf2#\x08\xad\
\xd8\x82\x1ek|\x0d\xce\xedY\xf4\xe4\xc0\x12\xf8\xfe\x03\
\xe8\x85\xbf\xbd\x8a\xd0\xdbo\xa2?\xb4\xceA\xe8\xc3\x93\
\xd1?\x8f\xfd!\xacwoY\xc5\xdeG\xe0\xdc~^\
\xd6\xd4\xb7\x1e\xa1\xd5\x9f+\x9b~y%B\x7f\xd8Q\
v\xd0\x03\xed\x08\x8d\x1eY\xb6\xf8\xba\x01\x846\xd5\x96\
\xad\xdc\xdd\x86\xd0G^)[\xf5\xe0\xcf\x11\xba\xfb\xee\
\xb2\x0f\xdfx\x0eB\xd3\xdf(3\xef\xdd\x0e\xe7\xec\x94\
\x0d\xbe>\x82\xd0'\x1f\xa4\xed\x1f\xffQ\xb6\xf5-8\
\x9f\xf5\xcf\x97\x05\xf7e\x11:\xfc\x89\xb2s>c\xc3\
\xfa\x8e*;\xcf\xb8\x0f\xa1\x86\xf3\xca.\xff(\xdc\xd7\
\xaaK\xcb\xae^\x00\xe7Q\x7fj\xd9\xb5i\x98\xe7\x0f\
\xf7\x94\xdd\xf7\x05\x80\xe3\xf2\xde\xb2_\xfe\xe43\x00\x7f\
f\xd9\x0b\x97\x8e#t\xc7)e{n\x82\xfd_}\
5m\xbf\xf5\xb5\xb2=\xdf\xfe-B7o+{m\
\xd5|\x84\x96\xddY\xf6\xd6\xbc\xaf#\xf4\x81\xea\xb2\xb7\
\xd7\xc1~N\x5c\x5c\xfe\xbe+:P\x19:\xa3\xfc\xb0\
\x86w\x10\xea\xfa\x16m\xfb~F\xdbt\xbe|\xd1\xef\
\xa1\xfd\xec\xd4\xf2\xc3k\xa0\xdfE\x07\x96/\xde\xed#\
\xb4\xfd`\xda\xee\xb5\xcb\x97=\xd0\x85\xd0\x0fN+\xef\
k\x85s\xa8\xffI\xf9\xc0\x8d\xd0~\xffc\xe5\x03w\
\x1d\x0a\xe3\xd6\x97g\xdb\x8fA\xe8\xa8\xab\xcb\x83#\xa1\
\xff\x87>V\xbe\xeb\xd7'\x22tPY\xf9'\x07&\
#\xb4\xf5\x8e\xf2+w\xc3\xcf\x03\xbb\xcb\x7frd\x07\
\xbc\xd9\xd3i\xbb\xfb\xe9\xf2\xffn\x05\xf8\x98\xdfS\xfe\
\xc4\x13\xffB\xe8\xd7G\x95\xbf\xfe\xf2i\x00\xcf\xb7\x96\
\xff}\xed/\x10ziV\xf9\xdb\xaf\xc2y\xad~\xaa\
\xfc_\xaf=\x8e\xd0\xcc\xba\x8a\xe6\x16x\xf3\xa7\x1c^\
q\xc0\xe5\x01BO]W\xf1\x81\x14\xeco\xe4\xb5\x8a\
\x95\x7f.\x83\xf3\xee\xab\xd8|5\xc0\xc9\x9f\xae\xaf8\
y\xeb\x97\x11z\xe5\xb7\x15\xa7\x1c\x94\x87\xf7\xdbSq\
j\xdd\xfe\x08m<\x84\xb6\xd6W+F\x96\xc1\x9b\xbf\
\xf8\xa9\x8a\xcc\xfe\x80\x076}\xae\x22w:\xcc\xf3\xcc\
\x9d\x15;\xc7\x01\xfe\x9f{\xb0\xe2\xcc\x9ba=\x1b\x0e\
\xa7\xed\xee\xd3+\xbe:\x1b\xee\xf7\x81\xb5\x15w\xdd\xba\
\x14\xa1\xdf~\x97\xb4ee\xf3+~p.\xc0\xd9\xf6\
\x91\x8a\x07\x1b?\x8d\xd0u\x17V<\xd8\x0c\xeb\xfa\xf6\
\x85\x15\x8f\xe5\xff\x08\xb8ko\xc5\xcf\x9e\x07\xf8\xfb\xe1\
\x0b\x15\xaf\x96\x97#\xf4\x8f\xf5\x15\x7f\xec\xf9\x0b\xec\xef\
#\x15\x7f>\xfb:\x84\xa6~\xa7\xe2\xafk\x1e\x82\xfb\
,\xab\xf8\xdb\xea\xbf!\xf4\xeaq\x15\xef\xf4ME\xe8\
\xc7\xeb+\xab\xaf\x83\xfb\xee\xb8\xa5\xb2\xe5xX\xdf\xf5\
+*\xf7{\x1c\xe0\xf1\xbaW+\x975\xc2=\xbc\xf4\
Fe\xc7\xd5\x00\xf77\xdd^y\xd2\xec/\x01\xee\xbb\
\xaar\xe8FX\xf7/vUn\xcd\x03\xdc\xac\xef\xab\
\xcc\xa4\x00.\x9e|\x91\xb6O_W\x19<\xfb'x\
/wW~\xda\x81\xbf\x9f\xb0\x93\xb6\x83g\xd1\xf6\xbb\
\xf7U~\xfa\x0a\xf8\xae\xe2K\x95\x17\xad\x07\xfcy\xe4\
\xc3\xb4\xfd\xe0\x0fi\x9bj\xa7\xedU\x8bh{\xfdg\
h\xbb\xbb\x8c\xb6\xcf\x9dUyq\x0a\xe0\xe4\x8d\xe7*\
/\x9d\xf9?\x08\x1d\xba\xbc\xf2\x1bw\x00<_\xff}\
\xda\xfe\xe6\xb0\xca\x1b[\xa1\xfd\xe0_i\xfb\xcdE\xb4\
\xdd\xbd\xba\xf2\xc6\x1b\x00\xdf\x9d|o\xe5\x9d\xdfy\x0e\
\xa1\xd7\x07+\x7f2\x03\xf0\xc0\x19/U\xbe5\x0f\xce\
a\xadY\xf9\xd7\xe5\x00\xff\x87\xb5U\xa1i\xf0~~\
}aU\xe5(\xe0\xe5\x9eq\xdaZi\xda^mW\
U^\x0b\xf8q\xe39\xb4\xed?\x9d\xb6\xe7>ZU\
5\xfdA\xb8\xc7\xddU3\xd2\x00?3.\xa9\x9a\xbb\
\x07h\xcaQ\xb3\xaa\xe6\x8d\xc0\xbb\xbd\xec\xd4\xaa\x85\xaf\
\xc1zO\x9aY\xb5\xea\x0e8\x9fK:\xaa\x8e\xfe%\
\xe0\xc5S~[\xb5z\xc7M\x08\x1d\xdbQu\xfcE\
\xb0\xaf\xdf\x0dT9W\x1e\x86\xd0\xdf\xfe\xa7\xcayp\
\x15B\x7f\xffd\xd5\x8ez\xc0O\xa7^Y\xf5\xc9\x1f\
\x01\x0d9\xfd\x04\xda\x8eg\xab\xfe\xf3\xa0\xef\xc2\xfb1\
\xab\xae\xde\x0f\xee\xefo\xd7W\xdd\xb9\x0e\xfa\x8f7U\
\xdd\xbd\x0d\xe0\xed\x82\xa7\xabv\xff\xfa\x00x\x17\xa7U\
=\xf9\xd6I\x08\xd5<X\xf5\xab\xb3\x81~\xf5\x5cY\
\xb5g!\xe0\xcd\x83\xaf\xabz\xe5\xd0\xcb\xe1}\xbe]\
\xf5\xa7\x87\x01\xfeg\xbeU\xf5\x8f5o\x22\xb4gW\
5\x1a\xbc\x18\xf6\xf5\xab\xea\x9a\x7f\x1d\x08p\xdeB\xdb\
s.\xa3\xed\xc3\xe3\xb4}\xe3\xd2\xea\x86\x17\xa0\xdf\x9d\
#\xd53_\x02\xb8z\xba\xa7\xda\x98\x05\xfb=z\x0b\
m\x1fZP\xbd\xf0G\x87\x02\x9e\xdaV}\xf8(\xc0\
\xd3\xd7\xcf\xaf>|\x07\xec\xff\xe6\xfb\xab\x97~\x02\xce\
g\xe3\x0f\xaa\x97~\x0a\xce\xed\xed\xbb\xaa\x97m\x80s\
\xb8u\xbc\xda\xe9\x85\xf5^Z[\x1d\xdc\xff\x14Ph\
T\xbd}\xc1\x87\x80~\xfd\xa2z\xc7\xc5\x80O\xdf\xd9\
^\xfd\xa9y0\xcf3\x8b\xaa?\x7f)\xc0\xfd\x15\xd7\
\xd2\xf6\x97\xafU\x9f\xff\xd9\xb7\x00\xfe.\xa9\xfe\xf2\xef\
\xc7\x10:\xe2\xd5\xea\xaf\xe4\xfb\x11z6U\xfd\x95\xd3\
\xe1=>\xfb\xcd\xeaK\xaex\x16\xa1Y_\xaf\xbev\
3\x8c?\xe3\x90\xea\xeb\xcf\x02\xfa|\xff\x1f\xab\xef\x9e\
\x02\xf3\xfe\xe5\xd9\xea\xdd\xaf\x8f\x22\xf4\xe8G\xaa\x7ft\
\x03\xe0\xfb\x1f<A\xda\xb2\xf29\xd5\x0f\xbf\x06\xf0~\
\xdd\xf2\xeaGR0\xce\xde\xefV\xef9\x0c\xe0d\xd5\
\xab\xd5{\xe7\x03\xdc\x9c<\x5c\xfd\xb2\xbf\x02\xe0\xfa\x0d\
\xda^9^\xfd\xca\xdb\xf0\xce\xbe>\x85\xb6\xb7\x1c[\
S\xb3\x00\xe6\xfd\x9f\x81\x9a\xfaW\x1f\x80w\xba\x8e\xb6\
\xbf\xb9\xa3\xa6\xe5_\xf0.\xaf\xde\x8f\xb6\xb7|\x9f\xb6\
\xbf9\xb5f\xbf\x1b\xa7\x00\xcfqZ\xcd\xb4\xc3\x00\x1e\
\x96\xbc\x5c3\xfd\xfd\x80\x7f\xeei\xa9\x99\xf1\x00\xc0\xc3\
\xdb\xa7\xd4\xcc=\x0b\xde\xf77\xd35\xf3\xe6\xc3\xb9\xfd\
mU\xcd\x8a\x07\x00\x8e[\xbeXsT\x0a\xde\xff\xf1\
\x1d5G\x1bO\x00~:\xa9f\xd3Uo#\xf4\xc8\
_jN\xb0\x01O\x1c\xf0\x7fjR\xd5\x80o\x9e\x0f\
j\x86\x9b\x00\x7f\xdd\xf5\xf1\x1a\x02W?;\xac\xe6c\
\x0e\xec\xa3\xf2\xed\x9a\xe0;\xf0w\xf4j\xcd\xf6G\xe1\
\xde>\xf4\x93\x9a\x1d/\xc28\x8f\xd5\xd4\x9c\xf5\xb94\
\xc0\xc5@\xcd\x17,\xc0\xd7\x1f=\xbb\xe6\xdcW\xf6 \
\xb4\xf0W5\xd7\x9e\x0e\xe3|\xea\xe8\x9a\x9bg\x03>\
j\xfdG\xcd-\xa9\x19\x08e\xd2\xb4\xbdg[\xcd\xe3\
Ol\x018\xb9\xa5\xe6\x89\xdf\x00\xbf\xf0\xad\x0d5O\
-\x9f\x8d\xd0!\xbf\xafy\xfa+\xd0~\xfb\xf75/\
^\x0b\xf3\x9erF\xcdK\x03\xcd\xf0~/\xacm<\
\x1c\xf6w\xfam\xb53_\x04\x9e\xe8\xcbG\xd5\x1eZ\
6\x0f\xeegu\xed\xa1\xab\xe6\x02>\xffg\xed\x8a\xeb\
\xe0\xef\x17\x94\xd5\xae\xb8\x01\xde\xd1\x05W\xd6\xae\xae\x01\
z\xe0\x1dX\xdb\xbd\x0d\xe0\xff\xb6\x0f\xd6n\xfc6\x9c\
\xdf\xc3Skw\xcc\x06\xbct\xc3\xe6\xda\xb1\xc5\xb0\xef\
m\x1f\xad=\xe3\xd3\x00\x9f\xc6-\xb4\xfd\xe2\x8e\xda\xcf\
>\x05\x7f_\xf4L\xedY\xa7\xc3\xf9\x9e\xb4\xad\xf6\xd2\
V\xb8\xff/\xef\xad\xbda\x0f\xbc\xa7\xbez\xda\xa6R\
\xb4\xbd\xad\xa2\xf6\xc6~\x80\xf3G\xbfR{\xd3:\xd8\
\xe7\xfef\xedMW\xc2\xfa/\xfbk\xed\xf70\x1d\xfe\
V3i\xcb\xca\xbe_{\xe7\xd3\xc0/\xf6\xbeS\xbb\
{\x19\xc0\xdd\xd7\xce\xaf\xbd/\x05p\xdf{B\xed\x03\
\x93\xde\x0f\xef\xef\xfe\xda';\x80\xce\xb6fj\x9f\xfa\
\x22\xd0\xff\xfb\xbfU\xbb\xe7\xf9_\x22\xf4\xfe\x9f\xd5\xbe\
\xf88\xdc\xe7\x19Sj\xff\xb0\x15\xf0\xd3\xb7\xde\xa1\xed\
S'\xd5\xbe\xde\x01\xe7w\xc6\x19\xb4}\xf3\xb8\xda7\
\xdf\x00\xbe\xe0\x82\x15u-U\x00\x87\x17}\xadn\xf2\
\x8d\xb0\x9e\x9fo\xa93VV\xc0{}\xa3nm\x07\
\xc0\xc1\xbd\x8b\xebz\x86\xe1\x9e\xfa\xa7\xd6\x9dx\xc8^\
\xa0s\xf7\xd4\xa5\xcaa\xbe\xa7\xcb\xeb,\x07\xe8\xc9\xe6\
\xe7\xebv<\x07\xdf_\xbb\xb6\xee\xf4\xf3~\x06mE\
\xdd\xe9O\xc2\xbd\xcf~\xa6n\xd7\xc7g\x22\xb4\xfc\xc4\
\xbaO\x9d\x07xb\xdb3ug>\xf0\x09\xa0\xb3\xaf\
\xd5]\xf0,\xc0\xfb%W\xd7]\xb6\xbc\x0f\xe0{\xb8\
\xee\xeeM\xc0\xcf\x94\xfd\xa2\xeeG_p\xe1\x9d^F\
\xdb\x7f=^\xf7\xfbz8\x8f\x1f?G\xdb\xf1\x9f\xd6\
\xfd\xe1\x10\xe0\x8f\xfeQS\xf7v9\xac\xe3\x9c\xa9\xb4\
\xfd\xc7-u\xff\xbc\x0d\xce}\xcda\xf5\x95\xf7\x00\x9c\
\xdf=T\xdf\xf88\xc0\xf7e\xd7\xd5\x1f\xfcs\xb8\x87\
\xdbw\xd5\xcf8\x01\xeeu\xa8\xa1\xde\xf8\x10\xdc\xff\x92\
]\xf5\xad\x7f\x048A\xa7\xd6\xaf\xb8\xb2\x06\xf86\xa3\
~\xed5\xb0\xde\x9a\x19\xd0\xc2>\x9b\xeb\xeb{\x7f\x0c\
\x7f\x7f\xf5\x82\xfa\xd3~\x0d\xfc\xcd/\xcf\xad7[\x80\
\xcf{\xf1\x9e\xfa\xd4\x87\xe0\xdd\xa6_\xaf\xb7\x1f\x01|\
x\xf9^\xda^\x95\xa6\xed\xefj\xea\x9d9\xbf\x03x\
m\xa0\xed\xf7*\xebo\xbd\x1f\xf8\xa8\xcf\x9f_\x7f\xef\
K0\xee\x85\xcb\xea\x1f\xf2\xa1\xff\xac\xbf\xd4?\xfd$\
\x9c\xf3_>^\xff\xdc\xe1\xdf\x03\xf8XS\xff\xd6/\
\x01\xff_9\xbf\xfe\x9f\xeb\x81\xfe\xdf\xf8R\x03zh\
#Bu\xb76\xccx\x06\xde\xff\xf7\x9b\x1a\xe6<\xb9\
\x19\xa1o\x1c\xd3\xb0\xecn\x90\x01\xde\xfay\xc3\x86\x85\
;a\xdd\xbb\x1a6|\x06\xf8\xfd\x1b^l8\xe5\x0e\
\xb8\x87\xb9\xd74|\xb8\x19\xee\xff\xb8\x96\x86/T\x00\
\xdc\xfe\xe8\xb1\x86s?\x03\xf8m\xe8\xd6\x86K\xcb\xe1\
<\x1e}\xac\xe1\xf2\xebg!\xd4\xb4\xa3\xe1\x9a!8\
\x8f\x1fNm\xb8e\x10\xf8\xb6\x9ev\xda\xde\xf7\xb5\x86\
ou\xc39>^\xd6p\xeb\x0f\x00\xcf\xfcb\x0e\xb4\
\xf0\xf3\x97\xea\x1bn\x9b\x0f\xf7\xf8\xd3\xb6\x86\xef-\x84\
{ZrT\xc3cw@\xbb(\xd3\xf0\xcek\x80\xe7\
\xb7\x9c\xdd\xf0\xaf\x03\x00\x8e\x9a\xe67\xbeo=\xfc|\
\xcc\xe7\x1b\xe7\xb90\xff5\xdfi\x5c=\x0b\xe8\xdew\
\xcem\xecX\x01\xfb\xf7>\xd7\xd8\xb5\x0a\xe0l\xca7\
\x1b\xad7A>\xa9\xbd\xaaq\xebY\xc0\xefu\xb9\x8d\
y\xe0\x9d\xd1\xb5?j\xfc\x8c\x07|\xc1\xf5\xaf4^\
\xb4\x1b\xde\xc9\x07\xae\xa4m\xdf\x15\xb4M\x1fK\xdb\xdb\
+\x1b\xbf:\x17\xf0~oM\xe3\xd7\x7f\xda\x88\xd0\xca\
_4^\xbd\x1e\xf8\xff\x9d\x176~\xe3Mx/3\
oh\xbc\x0e\x01\xdcfnh\xfc\xe62\x80\x97K\x8f\
i\xbc}\x0e\xc8\x19/]\xd2x\xfb^\xf8\xfb#\x93\
\x1a\xef,\x83\xfbzl\x84\xb4eeo4\xde\xfd\xec\
\x0bp\xde\x1b\x1a\x7f\xf8m\x18\xbfkN\xe3C?\x01\
I\xee\xc4G\x1b\x7f\xbb\x18\xce\xf3g~\xe3\x1b'\xc1\
8\xcf\xfe\xa5\xf1\xad\xfb\xe1\xbd\xf7l\xa3m\xff\x06\xda\
\x9e\x9bj\xaa\xfc\x0c\xbc\xc3\x17\x9emj\x18\x81\xf3j\
\xfeJ\xd3\xa4\x9fC\xfb\xc1\xea\xa6\x03f\x02\x1e\x19\xbd\
\xad\xc98\x16\xce\xe7\xae\x83\x9b\x96\xbf\x01\xefv\xddc\
\xb4\xfd\xe2MMG\xbd\x03\xfc\xca\xcd\xfb7\x1d{\x17\
\xe0\xdd?\xfd\xad\xe9\xb8\x03\xe1\xdd\xda\x8f4\xadk\x05\
|\xf9\xf2\xd4\xa6-\xcba\x1fg\x9f\xdat\xda\x14\xe0\
\xeb\xff\xfaX\x93y?\xe0\xbdC\xba\x9a\xec\xc3\x80^\
9\x1fm\xda\xde\x07\x7f\xff\xd5\xc3M\xbb\x1e\x06y\xf2\
}\x875}z\x05\xac\xe7\x1b\xbb\x9b.\xda\x0b\xdfM\
\xbb\xb8\xe9\xab\xaf\xc0\xb9>||\xd3\x15\x87\x9d\x07\x7f\
\xffB\xd3u\xad\x00'\xff|\xb6\xe9\xe6q\xc0\xbf\xcf\
75}\xfb\xbf\xe1\x1d\xafZ\xd4tG\x0e~\xbf\xe2\
\xcd\xa6{\x87\xb0l:\xad\xe9\x07\xd7\x02>\xfb\xfb\xa3\
M\x0f}\x07\xf0\xe3\xc8%M/.\x87u\x9d\xd6\xd5\
\xf4\xe2\xa3\xc0\x17?vM\xd3[}\xc0\xb7\xed\xfa|\
3\x9a\x0c\xef\xf2CM\xcd\xe8.8\xaf\xe3\xaf\xa0\xed\
\x80\xd1\x5c\xf7{\x80\xefI\x9fkn:\x1c\xe0\xe0\x84\
\x1b\x9b\x17d\xe1\xe7\xf6\xd3\x9aW\xbc\x04x\xfc\x9fV\
\xf3\xba\x0ba?\x7f>\xa5y\xe8\x97g\xc0\xf9\x07\xcd\
c3_\x06x~\xaa\xf9\x92_\x03|\xef:\xa4\xf9\
\x81\xab\x80N<\xb4\xa7\xf9\xc1g`\xfc\xcf\xff\xb5\xf9\
\xc7\x19\xb87\xe3\xe8\xe6\x87\xce\x85\xf7\xb0\xfa\xe8\xe6\xa7\
\x8ez\x1d\xe8VE\xf3\xd3\xe7\x01\xdf}\xe0'\x9b\x7f\
5\x0a\xeb:zO\xf3K{a\x9e\x0foo\xfe\xe3\
'\x00^\xaf\xba\xbd\xf9O\x7f\x80\xf6\xbf\x0eh\xfek\
\x17\xc0\xe5\x82\x93Z*\xbfy>\xf0_\xffl\x99\xf9\
\xf3N\xe0\xab+Z\xe6,\x82\xf3\xfb\xc5\xfd-\x0b\x0f\
\x048M]\xde\xd2v\x22\xd0\xef\xf3[[\xda\x7f;\
\x0c\xef\xf0\xe8\x96\x15\xef3Any\xa1\xe5\x98wn\
\x01z|l\xcb\xb1\x97\x02\x9e\xbb\xfc\xcc\x96\x0f\xcd\x80\
\xf7w\xf1a-[\xff\x0a\xeb{\xf3\xe6\x16\x7f\x11\xc0\
_\xc5\xeb-\xf9\x07\xe0\xdd~\xe0W-\xe7\x9e\x06\xf8\
b\xcf\xbc\x96\xf3\x8e\x9f\x06\xf8\xe3\xe0\x96\xf3\xb6|\x16\
\xee\xed\xa2\x96o\xbc\x00\xeb9to\xcb\xcd\xd7l\x00\
9\xcfh\xb9w\xf3$\x84\xccWZ\x1ez\xfdI\x80\
\xb3\x9f\xb6\xbc\xe2\x00\xfc\x1b{h\xfb\xe5\x8bi\xfbb\
\xb6\xe5\x9d;\x01o\xbc\xe5\xd8\xc0<l\x81\x15\xa0\x85\
h\x0eZ\x82\x0c\x94F.\xb2Q\x00\xff\xf72\xfc\xd7\
C\x16\xfc_\x1ee\xe1\xbf.\x1aD[\xe1\xe7\xa0\x96\
0<\xf0\xef\x949K\x8cL\xde\x0f\x8cA\xcb0\x8d\
\x8c\x99\xcb\xd9\xd9a@\x7f\xa8\xae#\x97[\xeby\xae\
\xe7\x97\xe1\xb17\xa2\xcd0\x02\x1e)\x07#\x8e\xa3Q\
\x98\xc1\x87\x7f]2n\x16\xda\x0c\xfc3N\xbe\xb8\x01\
\xfe\xa5+\xb9\x13\xfe\xb5\xd0\x0e\xf2m@\xfe\x96\x86o\
\xb6\xa2\xe7\xc3\xf9gw\x18C\xaeg\xa5LXB\xd6\
\xccXic\xd6\x9c%\xb3\x0c\xd3\xf1,3=fX\
;l?\xf05\xeb\xb9\x00m@&\x19\xcfbk\xb1\
\xd8O\x06\xec\xd1d?[d^\x83\x9c\xc1\xc7\xe0\x0c\
\xf8w9Xo\x1e~k\x90\xbd\xa4\xe0\xffs\xd0\xe2\
\xaf\xf0\xef\x1c\xd2\xcf\x80\x9e&\xfceG8n\x0a\x8d\
\xc0o\xb2h\x98\x8d\x9d%\x7f\xb1I\xbf\x14|\xdd\x1e\
\xee\xea\xfdkL\xdf2Ry\xcf\xb3\xb2\xa91\xc3\xf6\
\x0d\xcf\xfaX\xde\xf6`{\x81k\x0cYAj\xc4p\
\xecQ\x0b\xf6\x97\x1a1\xb3\xc3\x96\xe1\x99\x81\xe5\xb7k\
6\xda\x0d\xff8\xca2\x02\xb2h\x1f\xb6@\x17l\x93\
\xdf\xda\xb0\x1c\xfc\x17\xbc\xb1QX\xe6 \xd9\x86\x81V\
\xd2\xcb\x08\x97v@\xa7\xe9\x8f\x18C\x8e\xbb\xdd\xc8\xba\
\x01\x1c~>\x9b^i\xccY\xa2\x99z\x00\xad\x87;\
\xc5g\xe5\x93\xbb\xe6C\xa6\xd1<6\x8dGvo\xb0\
\xdfg\xc8\xe9\xe4\xe1\xff\x1d\x02q\x01\xfc\xd5!gn\
\x92\xdb\xc7'.\xce\xe8\x90N7\xef\xa4\xc9\x22\xdc\x9c\
\x955\x82\x11\xcb\xc8\xfb\x96\x07@\x98\xcd\x9b\x8e\xee,\
\xb6&.\xc8\x22\x8b\xb0\x19\xb0;\xec\x9c0\xe8\x05\xca\
\x17\xf3\xe0\x1b\xbc\xcca\xf6\xdb<\xf9\xce\x86\xeb\xdb\x86\
\x9f\x85\xe6\xbc\x16\x8aeb\x904\x02k\x07\x9c\x9a\xe7\
f\xe0\xc7\x94e\xe7\x02\xc3\xce\x98\xc3V\xc2\x11.\xd4\
\x82\xa9\x16,\xc5\x93\xec\xd4\xc0\x8df\xec\xebal\xbc\
\x1b\x9b\xed\x11\x8f\xe4\x92\xdd\xa4\x09Ld\xd9\x83\xa5{\
W\x01\xdd$\xdf\xb9\x0c\x84\xa3\xe0\x8e\xff\x8a\xc7\xa40\
\x85{\xcf\x87\xe7\xbc\x98<\x1c\x93\x5c\xf8V\xf6\x80\x16\
\xa0v\xf8\xa9\x8f<|\x9f\x5c\xf4\x18\xfc\xdfN6*\
>i<\x86\xb8\xf4\xb5]\xa6\xed\x8cQ\xd8\xc7 \x1f\
\xbe\x85\x8cM\xce75\x02Od\xfe\x92\xc5F\x0e\x00\
!m\x8e-h7\x06\xbc1\xc3\x1c6m\x80\x107\
\xe3\xc2\xf6\xb7\xeb@\xe3\x22v\xd0x\x9b9\xb21?\
r\xf1\x1d\xa8\x17\xc0G\xb7]\xdd\xeb\xce\xb2\xdf\xb9\xe4\
\x08\xe8q\x06\xec\x00|\xe9)F\xc7\xc0\xdf\x8f\x92g\
\xc9\xb0c\xb8\xf5\x15k\xe5\xb7nt\xf4\xae\x87\x0d\xfb\
97\x0b\x98\x02.:c\xfb>\xa0^#\xe5fG\
-\xcf\xb7\xdd,\xc5\x09\xdaw\xb9a\xc2\xfb1\x19\xb8\
\xe1\xd5\xb9pI\xe3\xf0\xf3:\x18i\x00FQ\x01~\
\x96n\x9dA\xde\xcb\xc2\xcd\xac\x1b\x18\xe8\xd5\x03\xfa\xa9\
\xef\xd1\x9a(\x9d\x12\xfd0>q\xc2\xb5\xcd-\xb06\
\xd3\xd8iy.\xf9\x83f}C\xef\xe9\xfa\x8eG\xfd\
h\x13\xd0D\x8av1\xbau\xc8\xb3\x13\x8fx^\x81\
\x95\xda\xd9Q\xd3\xb1\xd3\xc6\xf1\xfd\x9b6j\x96z&\
,\xb5t\x10\xcd\x11\xc4:\x1a\x03P\x19\xfdr\xb26\
\x0f\x88x?\xeab\x80\x8a\x09\xb6\x15\xc3M>{\xd9\
)i3\xcb\x95\xcd\xf8F\xca\xccb|\x08\xd8\xda\xd8\
\xdc\xdfe\x98>A\xde\xbe\x9b\xf7R\x82\xea%\x5cB\
);\xa3\x0c\x8c\xd8S*\xc4\xf5\xea>Z\xa5\xfdR\
\x9c\x7f\x1cZ\x83z\x13.\xc1\xa7\x8cN`z\xc3V\
\x80\x17\xdej\x0c\xc3.\x8e[\xd3\xabY\xear\x80\x94\
8\x9fS*\x91\x9d\xd6\x1d\xf24Ehl\x1a\xb6\xe1\
\x12T=\xce\x8e&\x02Q\xf0;\x8cb\xb7\x90k\xc6\
\x17\xea0\x04;J\x10\xb9\x0d\x87j\xb3\x83\x19%\xe8\
\xdfc\xd7h\xb2\x95[\x12\xfa\x9d\xbb\x9e\x81^\xda\x0c\
\xccv\xa3\xd7\xb1\x08\x9f2b\xa5\xb6\x19cp}\x00\
\x9a\xb9|\xa0\xc3\xafG\xa2\x1e\x18=\x8d\xf6*$7\
\xcd({|\xd5\xf13\x99.\xcdm\x1993\x08,\
/\x9bp*\x9f\x90\xb0y\xa9D\xab4\x1e\x0d?\x9b\
y!\x01\xe6\xc0c\x92\xbf\xd9\xe4L\xe5\xf3Z\xb4A\
f\xd2\xda\x04\xc5\xc2\x98\x1a\x906\xbe]+k\x0e:\
VZwh#%\xc2\xbbO\xe88 :\xc2\xd7q\
F\xeac\x84\x95\xa2/ \xcd\xbe\x1b\x83\xbf\x0d\xc2\x11\
p\x165z\xc8\x8bz\x5c\xb8J\x95\xab4L\xcf\x0a\
\xc9\x8b?\x96\x19t\x1d?\xe1\xdc\xcf\xdd\xc7\x05gC\
\xd4\x11\xa5\x92\xe3\x04>\xb3\x04\x16e\xbe\xdb)\x81{\
\x977vd\xd2\xc6\xf0\x15\xa4\xad!\x1b#V\x90$\
\x8cA\x85\xf3\xd6\xeer\x16\xd9%\x97Z\xb4\xecX8\
\xef\xa4\x8d \x94\x14a\xc4z\x81\xae\xe4\x09\x9cf\x8b\
\x9e\x9c\xc0\x1e\xe3\xcay\x10y\xe9\xd0\xf3\xc9\xff-\x15\
\xd2\xd1FW\xdd3\xc5%d\xa3 \xb8\xed\xf9\xcf\xf3\
\x8d9K\x8b\xae\x88\x8a\x0b\xf8\xb6\x02\xf2\x86\xf8\xcar\
d-[\xd9\xcb\xe0/\xeby&\xb3\xe5\x88\x80\x11\x10\
\xdc\x22q\xed\xb0\xa2\x9c\xe7n\xb5R\x01aQ,?\
\xef\x04X\xa8\xb1v\xe4\x5cO\x8b:\xae\xd4 \xaf\x1c\
{\xcc\x16\xe30\xc3# \xfcl\x96P/\x0b\xb8N\
\x1f8L\xfc<G\xc9\x11\x06\x09\xdc,\xed\xff<\xbb\
RJ\x0dM\xc2\xdb\xc7E\xb9Bb\xdbJ\x86\x10\xb7\
\x9b\xc0\x8db\xc1\xd8\xce\xe6\x03k\xbe\xbf\x00\xa4c,\
\xa5\x8a\xb7\x1f2\xb0>\xe5Mu\xfb\xfe\xda\x84\xf6\xed\
\x93\xd5\xe0+H\xff\x7f\xb0s\xdf\x02>4\xbd\x8f;\
/3B\xf4\xcd\xf7\x94e\xe4\xc8'\xbbII\xcf]\
\x96\xbe|r\x0e\xf4Ad\x08R\xde\x04t\xde \xc4\
1\xc5$\x0c.\xed\xf0\xfda\x82C\xc7\xa6L\xbf\x01\
\xc0?\x06\xfd\xb0\xa2\xa3\x93\x10NA\xc01!]O\
\xbe\x0a\x08\xa9\xe2\xb7\xe2\x10\x92\xb0\x83<N\xbcn,\
\xde\xa6\xe0\xff\xdb\xd8*\xb0\xbc9\x8f\xa8O\xf2\x0ai\
\xf5\xc9\xad\xed\x94\xd0\xd98\xe1\xc7\xb8\xf0!\x0b\xc4\x0e\
\x91\x87\xe8\xbd\x8bs\xf7\xfa\x98\x10\xb9\xa9\xb3\xcf\x80\xf7\
\x941S\x9b\xfa9\xae\xf1\x8d\xde\xb1M\x83[;\x8d\
-6\x91\x07\x06\xedl\x1a\xae\xc0o7\xd6g\xfd\xc0\
t\x1c\xc2v\xcdsS^\x1b\xf4s\xfdy\xf0\x08\x03\
\xcf4\x009XY\xa0\xae\xe4\xcf\xf0.-,bP\
\xa9\xda\x19\xd3A\xea\xb1D\xae\x16R\xb1\x15\x93\x8aK\
e|\x0e\xee\x93\x85\xe2\xa2\xdc\xcfV\x86\x89\xf1\x85\xb8\
d:y\x11\x94\x1b\xe2\x0b\xf3\x13AFG\xd1)\xd8\
a\xda3L\x00j\x5c0\x85\xea\x12\xfd\xc0\xf5p\xcb\
\xa89\x80\xfd\x90=\x9c\xd7#\xfag\x18\x5c\xe3;\xcd\
0\xf6\xcb\x8f\xb1%\xa5-0M\xfaRQUh2\
8\xf4\xa7H\xdf\x80\xa1i\x87\xb1YC\x04%g\x98\
D\x8e\xf1\x06\x95\xbf\xfb\xdfC\x88\x1c\xe0\xc7\xe3c.\
_\xe2s\xccQ\x10\xdd1\xab\x83\xe14\x18\x81\xdf\xe6\
\x1c3\x00\xe4\x901\xe6\xcfY\x02\x82\xfa\xda\x09\xc1\xdc\
M!\xabAu\x0a&\xace/c_}\x89\xe3\xe1\
\x8c\x86z\xca\xaa|`\x13\x9c\xe2\x90\xb3\x93\x81\x87\xb3\
\xa7\xbe\xc4\xb0\x8e\xc3Y\xe7I/K\xc2\xaa\x94I1\
\x18\xee\xe4\xe7L\x89\xe5z,\xec\x09L\xd9og\xf2\
\xb0q\xfc s\xa6gf\x98XagSN>m\
\x19\xeb\xfb7\x01L\x99^p\x1a\xe1sM\xa0\xd6V\
6M~(\xc8p\xbd\xf7\xa7\x90\x97\xf4?\xc9LV\
\x96\x8d6\x1a\x11`\x8f,\xb2O\x13\x80\x22\xdbfe\
r\xc1\x18\xe1\xb9N+ \xf7\x9d\xf3o\xde%e=\
\x1d6\x0ee7\x03B\x17\x9c\xc8k%<\xf5D\xf6\
\x98\xcfX\x9e\x9d\x82\xdf\xd8\x81m:\xa7\x0d\x9a\x8e\x99\
M\xe9n\xf2|\x86\x1b\xe8k\x951i\xd2\xbe\xac\x90\
\xf6sm\x9a\x1f\xbeX\x93\xbdd\xfe\x8e\x1dE\xd3\xc7\
\xfb.\x8d\xf4\xe5Z:\x93\xbc\xf7\x05\xe1>WK\xfb\
\xf4\x08/\xe9\x0ea*\x9f6\xc7|\xcc_ZV\x9a\
\x8a\xf0s\x96\xb6\xc1\xef\xb0\x02\xaem\xcc2\xbd\x05T\
1\xa75\x07\x0c\x00\x95\xcdI\xab\x19\x228o$\x14\
F9\x5c\xe5\x18\x96\xe4\xfc\x07e\x87=vBQ\xfa\
q\xe0\xe6\xac\x9f\xcfaN\x12\xb3\xf36 \x9b`,\
\x97\xa4\x5c\xdd\xc2\xa8G)z\xe7\xd2\x91\xb0@\x85\xef\
\xdb,\xd4\xd11,\xa8\xc3i\xc7\x97\xa8\xabW\x0d$\
&\xbb\xc3\x80\x88\x04\xf3\xc9\xbd\x8a\xbb;\xb0#\x9d\x86\
\xb3H\x85Z\xfbys\x96\xcc\x03\x8c\xbbt\x01^@\
mG>m\x07\x1b\xdca2\x7f\xabVi\xa1\xce\x96\
\x22_\x8cK\xaf`j\xa7g\x99\x01\x15\x9f\xa8\xd2\x02\
O\x11\x1f}y\x09\xa3\xfb\x843\xa5w\x9eQg\xe9\
\xb2\x1c\xab\x84Y\xba\xf6\xe9\x0c#\xf3\x0aEL\x9f\x95\
qGc\xe7\x17\x9f\xf6H\xed\xe6\xa8\xf6O\xb6mY\
\xd1M\x0b\xfdF\x9fE\x0dX\xe1\x06A*\xd2O\xb6\
\x1avY\x08'g\xc2\xbf</\xbdp\x0d\xb7\xb59\
\x97&7\xa7\x0a\xbd0/}/\xea\xac\xeb\xf6\xe9d\
3\xec\xf5J+\x11\xa7\xcb\xe7/v\xba}\xef\xd5\xd4\
\xe1!\x08\x19\xf9 \xfd\x22V2\xc9\xb8\x94k\xd6M\
k%\xecy*\x9f\xae\x08\x1c\xaf\x01\xaeA\xd0$a\
2\xb3\x88P\xcd\xa9W\xa1-.\x91\x10\x11\x9b\x13\x1b\
\xca0K\xc6\xc8P\xd2M\xcf\x84q\xa9*\x86\xcb\x8e\
z\xf5\xc2$3\x03\xccy\xa0\xaa\x12\xd4\xa1\x16\x02\xc2\
0\x09j\x1a&we'\x03\xa8\x186\x05\x8b\x1dv\
\xbd1#O\xd7\x1d\x1fvF\x84+\xd1\xafo\xb2\xa4\
\xc7I\x5c\xe1l\x82\xff=B\xda\xc7#\xaam\xae\xd7\
\x1b\x0a\x87l\xca\x98\xde6l-H\x05 \xc8\xc6G\
\x9b_`4\x9b\x88\xb1\xd1\x11[\xd8\x88v6i\xcc\
Y\x11<R\x08\x8b\xb4x\x0c\x8b$\x22\x8f\x85D\x18\
\x1e\x81\xffRQ\x9a\x13\xdcB\x0fu\x92\x8f\x0dky\
 \xa7\x8972\x1d\xb6\xc5)\xba\xfe6\x9a1).\
t\x13\xf5l7r\xa7*\xf8\x9e~\xdb\xb8\x86\x02m\
\xe7\x080\xc7\xec\xfb\xf0\x89\x84\xdf\xd7\xac\x11\x1cV\xbc\
\xc7lt\x1ca\x1fs\x84\xd1\xa0\x0aRn\xc6\xf5c\
c5\xb1\xfeF\x0a\x0f\xa0\x1f\xb1\xbd\x94\x11\x85\xb8%\
@S\x19\x9bH@\xfa\x09\xe6\xc3&\xb9\x16H\xe8p\
,\xf6:\x07\x19\xab\x12H4\xab~\x0d\xd0\xe3mm\
\xd6\xa8\x95\xd5\x0f\xe9\x11V\x93\xaaQvJ\x8c\xbe\xce\
3Ch\x18M`\xd18\x93fIV\xfb\xe1\x12\xf6\
/x\xa2\xf9}\xf9,\xf0\xc52\x8d\xf3-\x8b0\x8f\
\x83\xf2\x89\xb4'\x9dF\x8f\xa4\xdb.@\x0c\xc2\x09\xeb\
\xfaG\x80\x1b\x1c\x021R?\xe2$\xb4\x16\xc8J\x0a\
\xfa\xa7\xe9\xa9\x0aP\xea\xcf{9'\xefk\xfb\x95\x1d\
\xc4\x80\x15\xcf\x98c\xf3[\xa1\xbd\x9b>\xd0\x0c1\xfb\
\x09K:\xe5\xb8\xb9\x0d<C$\x13.gf\x99\xda\
A\x96\xdb\xe3\xeaUn-O\x13\x88\xf0\x14MV\x1c\
\xd1\x0a\x16\x95rm|\x14\xaaM\xe3\xd2\x13gj\xf3\
\x915s\xc9#'\xb9m\x8c\xb3\xd5\x0f\x93\x1dyl\
\xed\x5c\xc7H\xe5\x16q\xd9\xdb\xe0\xf1\x9a\xa3\x16\xd6\x8f\
\xf8\xf0\x8a\x89Q>\xe3f\x83\x11\xc3\xe6*\x80P\x15\
\x8c\x0d\xf5v&\x83\xa9S\xda\xf6S\x9e\x85\x7fi\x02\
\x0d`\xc4\xc0\x86!\xa0\x83\x995,\xd3\x1f3\xb6\x9b\
\x84O\xf1ax\x18\xd2\xa3\xec\xf4\xfe\xd87\xa5\x1b(\
x\x7f~\x18\xa6\xc4#P\x85\xe2lvY\x82\x7f\xa7\
\x90\x9e\x0f\xa1\x18_M\xabr\x15\xfcX\x97\x11\x91H\
\x16\x93rL\x89:\xce\xbe\x0e\xc2Q\xb8\xbd\x22\xc5\xfc\
\xa7\x0a\xf1*\xe2z)\xe3\xce\xd7\xb1\x8c]\xb2\xa5h\
\xd0U\xd0\x88\xaae\xa8\x04\x92\x22\x8c\x01W\xcdp\xd3\
n\x10\xce\xe5\x90\xaf\x86\xc3\xd7k2\xd9\xc7\x8b\x5c\xdb\
\xe9pmp\xd4\x1c\xe7\xa7\xb1\xc2f\xce\xd2Vc\xbb\
\x0dw\x965\x96-\xa6\x82\x1f\xc8\x80\xf8\xd9\xb2+\xe4\
\x0c\x94\xcf\x9f\x1b\xe9\xb5\xac\xdd\xe8\xb2\x86,\xcf\xc3\xf7\
Jn\xdc\xcdZm\x81\x9d\x91\x95<\xd8M+\xb0\xb2\
i\xc3\xcbg\xe1^\x0b_ec\xe8H\xe6\xb1w \
\x1b\x1f\xf2D\x10\x93\xf5\x5cBN\x9e#\xe9\xc7\x9c\xf0\
u\xc8\x07\xe9K\xfaq/\xc4\xb2\xf4\xf7\xe3L%\xe8\
J\xcc\x0b5\xed\xdb\xe4p\xb3\x05\xde7\xd5\x14\xa92\
\x86\xf5\x1e\x00\x8d\xb8\xb2\xa0\xc3\xc8gm\xa2L\x9b\xb3\
d\x8e\xe1\xc1\xc5Q\x03\x8b\x99\xf2\x5c\x1f[\x9f0+\
\x84/\x81\x1d\xbbO\x9e\x0e\xbc\xa7A7\x1f\xa8o\x13\
\xab\x9c<\x22\xf6\xf8\x05/\xb8\xe0=\xc1\xa3Y\x1b;\
\x9d%\x11\xacg\xc9\x00(I\xactMK\xe8z\x08\
\xa0Q\xc8(8a\x1f\xea\x08\x05a\xd90\x22H&\
U\x02\xe5\x13\xae\xd9\x8f_]\xb8\xa4CA\x88\xc6\x0b\
\x12\xc7hgS.\x00qxj\x05\x97\xf6&1\xa7\
\xe1I\xc7`\xa2\x11\x052S\xcc\xee@\x99;Y\xc3\
cJ\x0f\xba5\xdcN*t\x9dK\x86\xc0\xe8\x19\xfb\
\x0c\x91p\x9a\x90\x0dQ\x89_\x04\xde|\xc5\xdc\x9ac\
Z07\x94J\x12\xe9Txt#\x1d\x01\x81\x22\xca\
\x8a\x07\xc6`\xde\xa3\x9eI\xad\xf8@S.vV2\
<7?<\xe2\x8ca8\x14w\x9e\xb5\x02\x0aq\x00\
\x0dD,\x0bF\xc8w2P\x12\xcd\x9b\xe5\xd9n\xba\
04\x0e\xa0Nv\xce\x01yey\x06\x22y\x09\x97\
P?\x97\xd1\xc2|\x85\x8cQ\x84\x1c\xbb&o;\xd8\
\x83\x08\xef\x08\xafx0?\x04H\xaf\xc4\xf7\xe13\xba\
\xe9)\xc0\xaa\x22\x7fy\xb6\xa9\x9d0\x86\x9d\xc6\x0en\
!j\xa5R\x5c\xe2d\x1b\x13\x99\x86\xd2\x11\xa0\x84H\
\x85`\xd9\x99\x0ft\xb8e\x10K\x5cs\x0a.i\x1d\
y\x13\xc3\xa1\x05Af)\xfd\x12$\xdf\xf8-\xcc\x5c\
\x9f\x05\xb6\x01k2\xa2b\xee\xe0X\xb1\x03z\x22q\
5~\xc9\xc8#M\x14\x84:\x9c\x17\xa7\x08\xdc\xb3Q\
v\x0d\xe4oLgT\xcf\x86-\xe6\xefL\xe6l\xa2\
\xbe\xd0y\x80Y(\xe7\xb73\xfa\x06\xd9\xc9\xe03\x89\
\xa108\x1c\x93#\x5cA\x04\xb6YV\xce\x8f\xbe4\
\xac\xb1\xcfZ\xc3&\x16S\x95\xd7\x08$\xc1\xde\xe9f\
\x0b\xbf\xc1\xe7b@(#h\x95vbc\x9e|\xc2\
\xa9p\xafT\x08\x09\x98\xa0J\xc5\x15\x15z\xde\x0d\x13\
\x869^j\xc5\xe1\xce\x0f&!(\x1e\xd3Q;\xa1\
[a\xd45C\x9c\xb6\xbb\xc1\xddn\xb1WI@\x8f\
\x12W7\xc5\xb4\x11\xc4Vhe\xe9\xe1\xb9\xc0 \xbb\
v\xba0'e\x032t\x0d\x17\xbe\xf1\x84\x96\xca7\
\xa8_G\xe1C\x7f\xf2\xbdzf\xe4R\xf0\xe1{L\
3\x22L\x85\x11B\x1e\xf1\x8f\xb7\x98\xef\xbe\xc7~\xef\
3\xe3\xca\xd0{B^\xec>\xd3\xf6)s\x99\xf0\xee\
\xf1\xb1\x8e\x02\xba\x0c\xcf<\x95\xf7G04c\xf1!\
\x00\xe63\xe7\xfav\x0c\xa2'H_\xa6\xe8`[\xc8\
\xa0}\x98\x1f\xb3\x8a!\xa1\xc5D\x145\x99\x0b\x8bU\
\x84Q\x95'\x98\xdcg\x8d\xda\xd6v\xe2y\x01g\x90\
f1\x18\x89L\xf4\xfc\xd0\xd8\xa4C6\xe2\xce\xd4\x1b\
\x1b\x0d\xcdQ\xfbB?\xcc\x08\x1cR\xa4\xb7\x95\xa0T\
,\xce\xcf#\x0f:\x01a\x1aS\xa4(\x81\x97\x19\x03\
\x15URr\xa5\xc0(\x81>\xd9_\x8c>\xf7\x9d\x04\
\x86\xbd\x88\xfb\x0c\xf7\xb6\xa6(T\x15p\x05\x9c}r\
@\x05\x0a\x0c9\xbe\x00\x1dx\xa1\x1a2\xe8\xd9>\x01\
\xc2|\x8ejZ%\xfc\xbag\xd7\x05\xd4\xe9\x15\xbb\x87\
15\xea\x98\x9b\x07\x86\x08G\x0b\x00\xffn\xc3x\x01\
\x13q\x89\xd3F\x11\xfefK\x81M\xc7\xa5v\x19\xf3\
\xe6\x08V+\xc4\xfe\x1a'\x85+#\x027a\xcd\xbd\
R\xb9\xdf\xb7\xc9\xda\x84c\xa9@:CL%\xeaD\
\x10\x0d\x17\xd3\x87\x08\x95\x1c\x0c\xc5Y\x93\xa1\x14\x93\xc8\
Q\x94?2B\xff\xa4(\x97\x9ba`)Db\xee\
\x0ak\x87\xa8\x8b\xda\xeb\xe9~\xb3\xecY-\x8d\xa8\xbd\
\x06\xd9\xc8\x83\x8a\xe0<JVc\xab:8F\xa9\xa9\
\xed_5\x06~\xec$\xec\x1fK\xdff\x88\xa0\xa8\x19\
\xd5\xc6\x84\xd6\xc6\xcep\x0e#\xad.=V\xe0\x88\x19\
\xef\xeb\xb7\x1b\x1dv\x86\xf8\xed\x99\x81\x81}\xad\x88\xd0\
\x86\xc9\xc7\xa0\xefz\x83@\x1f\xbc\x8c\xe9\x18\xa3\xa6g\
\x9b\x83\xb6c\x07\x85\xc5h\xb4\x1c\x180\x9b\xf9\xcdx\
\x8a\xe6\xceRX\x11E\x1f(\xf4\xc1\xa1\x7f2\x88\xf4\
\x81\xeb\x11\xc9l\xbfNB\x8f\xd6\xd1\xdf\xf4\x9a\xc3\x16\
\x99\xe9#\x92/!\x7f\xb5i\xe6w\x9cR\x04\x1e|\
]\x18H\x86\xd9\xca<f3\x93\xbd>\xf9\x08q\xc7\
\x93\xe9\x1b]F\x11\x89\xb8\xebz\xd8\xec9fQM\
b\xc2\xda\xceF\xfd0\x87\xa3\xe0\xbf\xec\x84\xb4\xa2\xa3\
\x04t\xbc\xd0{\xd5 zP\xfd\xb9\xfa\x05v\xefK\
;i\xeb\xb7\x1c\xfc\xf8U5)A\xf0v\xc0\xc9>\
?\xf9B\xdb\x9b\x8f\x16\xc1\x94Q\xb1X\xe3\xd7!t\
\xf4\x8b\x0c,\xea\xca\xbe\x18\x93y8Q\x1f\x08mk\
\xd36\xcc@\x06\xaf\x05z\xd5\x0e\xff.\x0e;W.\
n_\xbc\xb8P\x97\xa5\xda\xb5\x14ty\x0d\x07\xdf\x0f\
\xafK\xf1e-4S3\xcc\x94\xa5\xc1\x1fx\xa6p\
\x94\xeaN\xfc\xee\x9cB]\xfb\x98\xa88D\xee5\xa3\
<z\xa1\xc2\xe1\xce\x84\xaa\xdb\x16G\xc1\x11\xe7I\xa1\
G\xe8\xc4\xeea^\x06$7l\xcc60s\xa7\xfa\
$\x17ZY\xa3l\xf6\x0d\xc7\xac\xed,\xe1\xb2.z\
\x8fb\xbd\xfe}\x91]G\xd1\xc8\xae}\x8e\xe7J\xda\
\xf9\x0c\xa0\x8d.S\x83F5p\x02.\xea\xbb\xc2\x0b\
)4\x186\xcaF\x86(t\xef\x05\x01\xfa\xc0\xae}\
\x81\x81\xeew\xbf\x02\xf8\xe9\x18a\xfdN\x5c\xc51\x85\
\x96\xb1B\xbb\x0c'!\xa8-\xbe\xf9)l\xda\x92\x1f\
4\xbe\xc6\xe2\xc36\xad-u\xbc\xc5\xc0\x06P\x12\x9d\
g\x8a\x97|\x89K\xdf_\x8d\xcc\x1a5\x9d|\xc1\x99\
6\x90G\xf0\x1e\xc5\x08\x0b\xe8\xe9N\x0a\x02.\xb4\x96\
\xd9\xa5\xacE\xa2\xf2b\x8e\xa2C\x1f\x14\x19:\xc4\x1a\
\xc6\xdcp\xc0\x86n\xe6\x05\xbeg\xd7\xb5\x85\xc7\xea*\
\x1aS\xd6\xd4\x8dchK!T#\xc4g\xc3eG\
kK\x1a\xbf\xa4\xd0 \x9dg\xad0\x0c%\xc5\x19\x08\
\x5c6g#\x09\xf2%\xa7'\xdc^\x01c\xc91\x01\
\x05\xb1\xd6\xd6\x7f\xcb\x9au1\x02\xa5\xad:\xf4\xe7/\
\xb8\xeaK&\x10\xc8\x22\x87\xf6\xb4G\xb8\x94\x9d\x1a\xce\
\xc0e\x1at\x15|wN<R!\x1a\x12\xe3\xf3\xf0\
\x9fv\xc2\xfa\x98\xf4Y\x03\xa3=\x14\x81\xfe\xf6\xc2\xdc\
\xd0@\xe4\xf5T\xf6\x15AA\xd3\x88\x06Xexe\
\x9aT\xd9o\x8e\x16\x1c`\xa5~\x80\x09!\xe2\xc9x\
\x92\x92\xd1p\xd9\xa9\xc0\x1cY1f\x88\xdb\xb3&J\
\x86Dp5\x95\xe8\x9c\x08S\x8c\xe1Bx\xfeF\xd9\
p\x9f\xc5\xb7\xe0\x1b\x16\x0c\xf6PI\x8eb\x19\x16\xce\
d+~D\xbe&\x1e\x96:\xcb\xb8\xa1\xc5 \xaa\xb0\
H\x85\xfc\x94\xaaz\x10^\x99\xb6\xa2&S\xe3lv\
Hg$\x19`\x07FH\xc4\x18\xb5\xc1Y\xa3\x967\
\x16\x0d\xe3\xc2\xc8\x0f\xeb\x0f\xcc\x5c\xae\xdd\x08\xa51/\
\x9f\xf5\x89\x99\xd6\xc8\xe4\x9d\xc0n\x0b\xfd\x9f$\xad!\
\xb6\xb7\x0e\xc1\xeb6\xf2\xd9\x00\xfe\x8b\x95\x0e&\xc0}\
4$'\x09\xe8\xa6Gps\x18[+\xb0\xfc\x80[\
\x12^\x9e\x82z\x0a\xb8\x1c\xd5l\x16\x9eF\xc9t\xa2\
\x87q\xb1C\xd1\x90\xd2p\x9c\xc6.)\x5c\x14\x0f6\
\x09\xff\xa2\x97\xfe\xbc\x1e\x87\xab2\xd7\xd7\xc4\xa1\x0aD\
iO\xd1\xc5\xa4&O\xf2w`\xdfDd\x80l\x03\
\x15S\xafD\xf5\xc6,h\xdb\xc9?T\xf1E_\x0d\
\x871\xcea\xd3\xef\x96\x101\x8c\x7f\xa9\xea<8\x22\
\xc0\xdf\xf0\xaf\x8f B\xdb\xb2\xb0\x87\xc9\xe4$\xf5\xfb\
#B\x85\xae\xcfz.\x85^K\x81\xefk\x83\x16\xff\
\x97|CF\x88:\x1f\xd0\xfb\x14R\xa6z\x1f_d\
\xa7\x82e\xdb\x8c\x19\xf8+\xeb\xf7\xec\xfa\x9a\xd1\xde\xde\
NTb\x14\xd6\x81\xd1'\xbf]\xb2\x98\xfd:\xd4\x86\
\xd04\x1fK\x16\x07#\xf4\x83#\xda\x17/\xa3\x9f`\
\x7fs\xfa\xc5\x92#\x8c\x1e\xd3K\xd1/\x96.^\xba\
\xa2m\xf1\x8a6\xf8%\xfe*\xf4>\xc0\xa6q\x83\x07\
U\xe8o\xab\x8f\xc4t\xb5\xcbg,\x09\xfe\xeaI\xb7\
\x8a\x1b\x93\xbe\x89IY\x220\xd3j\x1fn\xa7\xfb\xc3\
:\x1d\xb6\xbfVr\x0e\xf8\x17i,\x0c%/\xad\x16\
\x1e\xa1z\xac\x95]l/\xf5\xa4\x83\x9d\xdaf\xf1\xf7\
\xda\x13Z\x9d|\xa2\x9ff\xde:B\xf6!t?\xd4\
\xe3E\x07\x98!\x0d {\xbe\xa8\xceR\xcd\xbd\x9e5\
j\xbby?y\xa0#K\xf5\xddb\xdcA\xc0h\xf7\
x$\xf7\x8c\xb0\x8b\xa4A\x84H1\x1c\xd1\xd4\x05T\
<e\x07k\xccl\x96Mx<0\x15\xdc\x9e\xc1C\
\x9b2\x91\x90\xe8\xcc\x04\xdd\xc9\xa6E\x96\xb0\xdd\xf4\xb2\
L\xdb\xaeY\x01\xce\x161\xccT\x82\x22\xf9\x80\xc9R\
\x11\xc8\xc1\x18\x13]\xc7\x8c.\xdb\xc71\xd9QS\x91\
\xe9X\xd4UQ\xb3\x9a\x85\x84\xa9\xb4\x08\xeb\xca\xcd\xcd\
\xaa\xa9\xcc\x89\x99.\xa6v\xdb\x1e\x10\x16\xd5\xabgI\
\xe2\x04\x1da <\x9e\xe0p2\x81/\x85\xc7\xc7\xad\
\xd9S:RL\xe79<\xecX,2\x19\x8f\xdf\xb0\
6\x1b`\xaf\xafP\x9b\xb52A{T\x02\xc5\x17R\
\x03\xd1nqb\xa8\x9d\xc6\x8b\xb1\xa2r^\x84\x5c\xe4\
\x04Kc7\x04\x9b\xe20W}:>e\xde\x17\x89\
\xf0{\xbc<\x92Ha\x88\x1c\xbbpI\xcf\x87F\xae\
E\xc6`>\x08\xdc\xacv\xf1%\xe8\xbdb}&\xc7\
ey\xd1\x8f\xca\xe9\xda~\xb3\xb5:\x00\xd5\x17\xfe\x18\
\x89\x0eS\x89\x1f\xa7\xe7:F;\xdet\xedx\x8a\x1d\
\x8d\x8d\x91\x00 \xab\x0b(%&\x02$\x93\xd84\x85\
\xe1d\x1a\xcbh!g\xd0\x90\x17[\x83\x19\x95\xa4\xa5\
6\x03\x02\x97\x0cgR'j;\xd2v\x9a\x896\x11\
\xd6\xd9\x09C\x0f\x15\xdb\x9b`\xc0\xd8 F`\x0ej\
\x07\x9a\x14\xe6\xc1b\x1e&\xe2\xbe\xd7gp\xf0T\xc2\
\xf1FzM\x8c\xeb\x16\x9a\x5c:\x87\xc4\x93&\x1cQ\
\x9f\xecv!-\x91\xf8-h\xfb\xcc\x88\x9c\x90\xa7\x1d\
\xa1\x9e\x8e\x90x<\xeb\x1416\xba5\x9d\xef\xa5p\
\xc1\xb0\xc3\xf0p\x99:\x1eH\x84Nz)\x12+>\
f\xe9O\xba\xbb\xe0\x02\xe4M\x956=6\x8d0o\
\x8f\x12f\xe7\x1aSY\x8e\x0b\xdd_\xc5[\x5c\xcbY\
5\xc2\xa6\xb0A\xb6\xd8\xd6\xf6\x1e7m9!\x7f\xae\
\xe3G\xe5g\xb2_\x8f\xca\xdb\xd1\x07\xa3\x1fo~\xe8\
\xfb9\x14\xb2$\x8ed7\xa4\xb6\xbb9h\x99x\xca\
\x9b\x88\x99\x8d\xe80\xe6,5\xe6,K\x1e|f\x88\
:#K\x8dD$\xb4\x9c\x14r\x9aal\x82~\xc4\
\x02\x16\x92:\xdca\x0c\xe4\xb6\x0c\x83\xf5\x1e\xd9\x96-\
`\xbd\x83X\x865=\x96\xa2\x8d,\xfbH\x9a\x85\x1c\
\x97\xfe\x00\x9b\xa5\x14~&}I\x91\xd1'\x83\x98\x1f\
q&\x97\xec\x0d,:G\xd3\xaf5\xde\x8f\x98\x08\x86\
\x08\x0b 2\x88`\x9c)b!\xf6\xe7#\x1a\xf3\xdd\
\x1cq\xfbv\x16h\x06/\xc1\xfc\x11\xe9\xb1O\xf2a\
\xecj6\x10\x09\x97\xda\x90\x05/\xda\xd0e\xf9)\xcf\
&\xeb\xd5v+\x8e\xe0c]\x8a\x22\xbcH\x8fZ\x1e\
E+\x00l`,\xa7\xfbr\x06|\xd5\xce\x12\xb3\xf0\
\x88\x7f\x87G\x01\x88=\x11\xa9\xa4\xdftL\xed\xed\xfe\
{\x18\xb0\x96p\x92.\xcf\xdcnqSW7\xe9\xaa\
r#U\x9d\x8eK\x8fN\xdbi\x95\x86\x22O\x9c\xfa\
7\x13\xba]|\x89%\xab\xef\xb4\xbd\xd7\x14\xd1\xddM\
h\xc5D\x87W|\xc5QK|\x9c\x92\x99,\xd2 \
\xfe\x86\xf5\x89%d\x7f\xadv%\xebP\x18\xc2\xc7\xfd\
\x91D\xc8\x87p\xa7\x9a\xca\x1eC\x07\xbc\xf8\xb1\xc0N\
\x01\x0d\xca2\xdcyr\x89ku\xe4\xc79\xc1u\x1a\
\xb0N\x8c\x00\xf7u\x8d\x03\x13X\xa3\xc5\x22\xa2J_\
\xdd\xa18S\x92c\xa6\xf6yy\x8d\xb0\xbc\x1c\x01\x96\
\x97P^\xe0\xcbM@\xb7\xb1/A\x91\xde4\x16\xdc\
f!\x829&\xb4&\xc4\x19\x09P\x1cpsR\xc4\
N\x919\xe6\xc6\xe6\xa0 \xaf^\xaa\xc4s\xe0\xd1\xf1\
\x8d\x15\x1b\xd8(0\xb0\xa5h\xe9\xeb\xf1\x90\xe4\x98\x8b\
\x8d9]\xa5\xd1\x9a\x98\xbe\x06J\xad\xc3`>>\xd8\
\x9a|j\x9b\x05r\xb2'\xa2\xce\xd6\x14\x01\x9d\x89\x00\
\xca\xc1\x00(\xa5\x80\x88f\x19\xf5d\x19\x81B\x04\xaa\
6a?\xd3\x22\x1d'\x13\xd8\xa2\x1a{\xaa\xb4\x90\xb0\
tG.\xc7\x94Wl\x80n\xdb\x01\xea\x0a\x03\xb0[\
_K\x1cIM\xb2;\xd9\x009D<\xa9X^\x0f\
A2:\x1d\xe0\xb8p6\x07\x18\xc4O\x1ew:\x5c\
:u\xe5\xe31n4\x89\xc3\xb8$\x05\xe7\xfd\xc0\xcd\
$\x0fQ\x89Y\x0c\x81\xc1\xb1\x891\xf9\xe3Y,4\
,Mf\xcd2\x92\xa3\xe7\x96\x1b7`\xf5<\x8b\x9c\
J\x1e\xb2\x9d\xb0\x00<\xc2RDZ\xa6\xf5\xde\x96\x82\
'\xed\xb7\xb0\xc63\xf4<L\x9e\xc1K\x98\x81Rr\
\xf5\xe1\xb5Jj\xdc\xf8\xa3oUzQ\xfcF\x8dt\
\xbcO\x960_\xe2<\xe7\xb0U\xe2\x17\xdc\x1aR\x88\
V\xfa\xfcZ\xb1\xc9-\xeb2\x85\xacv\xedS\x88\xf1\
Ix\x85\xb6\xe1\xd7-\xbdd\x0c\xf7\xa1\xf6Q?D\
-\xc9\xa9&\xdfL\xf9\x80\x9b\xfc\xf9r\xc2r\xe6X\
\x8ae\xd9\xc1\x9c'\x01\x92MX,\x0b\xa7\xb8t,\
)`\xd7\xadP\xcf\xac\x9d\xe4U\x108]\xa6$\x94\
\xe32S\xec`i|A+\x8b\xfd\xf9\x87d9\xf0\
C\x85\x94\xcf\x18k5\xae3\x88\xe4K\x11Q\x0a;\
\xc8\xdb\xa5i\xdee;\xb2\x90&\xf3\xecg\x8bE\xcc\
P\x10\x18d\xb6h9\xa7$\x8d\x9a\xb1Y\x865\xee\
T<\xa4\xb8He\x09P\xc9Nn\x83\x9d\x8e\x8d\xe3\
\x81<+0\xed,<\xecV\x9c;+\xf0\xccT\x00\
\x80\x90r\xfd\x00~\x83C\xd1\x5c@ef\xa0\xf8\xd5\
\x127H\xc3\xcf`}d\xces\x87,\xdf'R\x83\
\xe1c\xd2\x96\xc2_\xd8^\x86z\xc6q\xdb\xd8\x80\x95\
\xc1\xf9\xa6,\x9f\xe9\xae:\xb5\xbbI\x85\xa9\x9fm)\
mp\x0b\x8e\xb8\xc1\x065X\x04\x1e\xb9\xc0\xc0\x8f\xa8\
L|b\xb0\x88j>\x88_o\x8a\x5cO\x1e\x96\xc5\
/2#%\xf5\xf1\x19\xfb\xee\xb1$EV\xec\xea\xb8\
\xf7H\x10\x06(s\x83\x1df\xfdM\x92\x16\xcfbW\
<\x12&\x0eQS\x1f\xc9Df\x80\x8b\xe9\xc2\xcd\xd9\
\xc3\x11\xe6y\xfc\x92\x1d7\x9f\x96\xaf,g\x8ey.\
\xdc\x0d\xb9'\x1c\xb0\x0b\xf2r\x9b\x1f\xe04i\xfd\xa6\
\xd9\x0f\x9ffrfv\xac\xd0\x05=\x0e\x174B8\
\xf9\xa10\x12a\x1e\x8bAW\x81<\xcb@\x93k\xf8\
[\xc9{\xa4A\xcc\x9er\xae\xe2\xd1\x88|q\xe2\xa1\
\x08\x87\xde@20\xfbRr@|6{\xc3\x99\xa3\
O\x85\xe6\x993\x09\xc8\xf3s\x1d#?Q\x02)\xce\
r\xb8\xd7\xb5\xb3A\x9b;\xd4\xe6\x9b\x8e%\xce\x11\xc7\
\xc7\xb5\xe2\xec\xce\xd0b\xd6\xb9s\xd3q\xfd\xf4@}\
\xcb\xf4\x09\x8039\x95?\x81A\xcfNmk\x83/\
\xda2\xae\x17\x00\xb2!\xaf\xc9!I\xe9\xacb\xf0\xcf\
\x13SxJ>Ejy1\x15\xf8o\xe8c\xc3\x8e\
\xb8\xb9\x02\x83b\x05n@N1 z\xd8\x10\xd6\x04\
F$\xd7O\xd2\x9b\xe5\x0b\x8dT\x82>\xa4\x91j\x11\
\xbbl\xd3a\xe9#\x1a\xc9\xd3\x0b\x22v\xe4\xca5f\
j\x9b\xbe\xc3\x14`\x18L\xb2}z\x93\x00U\x92\xb3\
R\xdd\x1a\xcf\xdd\xee[\xccU)\xde\xbb\x04U{\xbc\
S\xc9\x8a\x95x\xd7S\xc9\x8bpc\x89\xfa\xb8\x0c\xae\
\xa6\xcf\xea\x84\xb3\xdf\x12Rd\x9a\xe2@\x18g\xed\x88\
\x22Wr\x02\xea\x1cqA\xc6\x06\xd8\xea\xec\xdf\x82I\
\xf2\xda\x1d\xb0\x19\x96J\xcb5\xecL\x98\xa5Uw\x01\
E\x154\xf1N\xfb\xa4\xa3\xd1\xdd\xc6\x00S\x18\xe0\xd7\
7.\xd9E\xdd\xac\xa5\xef\xb2\x86\xd8#}\xce\xbfJ\
|\xa8\xc5\x90\xb5\xc8\xa96O9\xb2\x10E\x087\x9a\
uv\xdab\xa7cX$\xa3\x97~\xd2\x92T\xef\xf1\
n\xff^\xdd{|\xbeA\xa6\xf8\x1c*\xb1v\x88X\
\xdbx\xc4/\x87\xead\xe5\x13\x8d\xfa\x9d\xcd\xa5\xb3[\
\xe90|\x96\xea\xa7\x89\x1f\xcb\x9c\xa5\xec8\x13`n\
\x07\xbcB\x9f,(\x15:\xda\xa8\xee\x12\xf4\xa7\x0c\xc1\
Gr\xc1\x0c\xd5M!\x15\xe6G\x90\x1d\xa1e\xcb\x9f\
\xfa\xc2\xc4\xf2\x97\xf4\x989\x03{*\x8b\x1a-C\xb6\
\xe5\x90\x0c<&\x90:'\x9f\xc9b\xb1\x8c\x99\xf5X\
\xe6\xb7\xf8N\xaa\xa9FW@\xeeF\xa6\x9b\xd5\x01{\
\xbf\xd6\x92_\x89-\xf9I\xc0\xae\x0a\x9c\x0e\xc9l\x9a\
\x95(k\xa8*(\x9a\xd7\xee \x92\xc3\x99F\x9ca\
\x1c\x19Ij\x17\x9f|\x1a\xd9Z6\x0c\x1b\xa4\x97%\
e\xac\xd9\xe8\x06\xa4v\x105\xe5\xc7\x07\x98Mp\x1f\
\xbdE\x9f\x05\x06E\xf5\xc9\x924\xb4\x89i\x91\xe9E\
$\x80\xf8\x19\xb2zDzNG(V^A\xef\xc5\
\x89\xa9\x00.\xc3\x88\xbc\xbdx\xb2F\x15\xc6df\xf8\
\xe8^v\x9c,\xa7\x06\xb5\xfe\x1eAO\x97\xbc\x03\x02\
=\x0c\x98X\x95%\xec\xfb\x05<t:\xe1\xd0\xcf!\
:\x90\x97\xc3P\xd9\x18\xce'\xa1Pr\x0d\x80\x9d\xa1\
\x84\xc33~gX\x0e+\x1bd\xad4c\xe8\xb9i\
\x88\x8b\x17B\x05\xb0SR\x5c\xacO\xa40G\xf5\x91\
\xcaL\x82\x98\x18,x\x91\x84\xc3\xe53\x19\x9c\xf4e\
\xd0\xc2\xd6\x09\xcc\xfa\xa4\x1c`q\x8c\xf5\x85\xe8\xceA\
DE?\x1c&\xd9Y\xa2\xc9\xf2V\xdf\xe7\xe2\xf0H\
\x9e\xd5->\xc8\xd2\x84P /\x09IH\xac\xc2$\
\x16\xb0C\xef'\x91c\xe8*0\x85\xa3M\x82\xa9\xb9\
7\xe1\x99\xc1&UI\xb3~\xe6\x8d\x00\xeb\xba\xecM\
\x13\x22v\x1a\x8d\xd7\x01\xfd#p\xac\x0a\xd9\x13\xa9\xac\
48\xa8[Ih\xeeK/\x03\xcb\x1b\xf4E\xe3Y\
\x16\x02t\xa6\xe0\xef\xa3\xf0\x13\xfe\xff\x1dDF\xda!\
\xcd|p\x7f\x0e\x97S\xf2G,+\x809\x17\xb6\xa7\
\xfcQca\xfb\x0e\xc7\xdf\x910{\x01cI\xfcc\
C\x0a\x02\x12\x19\xc7\xa5xD\xa1\xf1\xdc\x00'@\xb2\
>\xa7-\x96wl\xda\x06\x13\xe0\xb7#\x1f\xb8X\xd0\
\xc1\xae\x04\xdd\x18\x0f1\x9eS\x83\xbb\x04\xaf\xc4\xed_\
E\x86)\xff3\xb1\x84\x96\xec6$\xc5T\xfa\xec\xa9\
\x98La\xeeh\xddZD.\xc1tX\x94A\x174\
n1\x14\xf0g)d< \x92\xc5\xa0\x12\xc0\xa0\xa2\
\x0e\xdao'A>.\xf3\xf2M\xf2\x01\xd6\x85\x05R\
T\xeb\x90\x1d\xfaR\xaej3\xcc\xbe\x150\x11;\x08\
\xd70\xce3\x14\x87\xb7Y\xb2\xa1%\xd1\xf4OY\x09\
Z\xe8\x87\x97z\xf2\x08\x84\xd0\xe4\x7f<\xbaT\xbe\xa3\
\x94\xe2\xc3\xd9\x06\xb3?O@\xde\x95\x92QEoc\
\x9c\x94{\xc8*\xeekr\x0a+\x9f<Y\x87%\xa9\
\x1dc+\xe2Ij\xad\x90\xbcEw\xb0@\xf1\xb0\x96\
\xd7I+\x009\x84\x9f\xf3\x98z\xcf+X\xaaC\x85\
+\xfa\x1b\x1ew<.\xd6M<F}2\x9e\x93\xb8\
_\x0e\xabr\xca9)\xdbQ\xd9\xc9\x1d\xb1\x0c\x09\xd8\
]\x9aq\x91\xcc\x91\x80\xd2P\x9c\x8ex\xfb\x08\x96h\
R\x8e\xeb\xcb\xb1\xb7\xb8\x9f\xcf\x08\x0d\xae\xfc\xd4n\x9c\
8B\xca\xc8\x99\x811\x82y\x91\xac\xdf\xca]\xacY\
@)M\x88\x11\xe6\xe5\x1e\xb1\x87G\x1c\xf87\xf0\x95\
\xac\xe5\xc2i\x8b\x8cE\xb4Z\xf6`>\xa0I\x19\x09\
\x95\x93\xbd\xe9\xc8G$k\xb2\xebI\x0b\x17\xd9\xb7\xb0\
z `9 \xf8\x1c,\x99DzA\xbb\xb1\xc1\xc4\
i\xd3\xc3!EU\x93\xf0@|\x0b'\xa7\x0e,g\
l\xcf\xae\x0b\xdc\xac3F\x97kz\xc0=\xc0L \
 \x91t_\x80\xca\xa9\xebwC\x8f\x15\x8c\xb8i\x17\
\x90\xe1\x18\xf3\xdc\xec\x8c\x17&S^wB.Z\xe1\
\x81\xa2\x164\x14E\xcat\xf3\x95\x9f\x1d\xc2di\xaf\
3\xea\xb3\xff\xb2\xa6\x8c\x91\x9ag/\xcdTK\xe3\x9a\
$7\x22\x1a\x80\xc6\xa5\x8cJI\xde0\x96J\x93\xde\
\xf1RBj:\x02\xae\xd2\x93E\x11\xdd;\xe6\xb0.\
\x97~\x0b\x08V\x91S\xd1\x15/vS0p\x9b\xb1\
\x12t\xfd\xb6\x84\xbdK\x0bA\x8b\x06e\xfb\x0a\xde\x90\
\xfb\x8b\x88\x1b\x9aO\x5c\xf5:X\x0bT\xab\x8fe\x06\
\xa5\x15\xb8\x16(\xb8DN\xbd=\xcevNq<\x8d\
\xb7\xb0\x09\x1b \xf7\xd0\x09*\xf8\x8b\xa3\x18F\xa2y\
sZ5\xf1D\xb6\x04\xcf\x96\x82sd\xbb\x96\x8cu\
*:\xd5 \x8aA\x8b\x96\xc9 \xb9[\x8d\xb4\x8dS\
>\xe1\x97\xca\xa0\x1c\xdeV\xbb\xb1\x86V?\xa1\x09\x1e\
\xe8\xd3\xc4,\xae\x95n\xa5\x22#{\xdb>{\x11\x12\
\x8e\xe0\xa1\xdf{v]\xecG\xf23S_P\xa2\xe3\
KG+\x80\x1a]4q\x04\x0d\xe7\x98O\x1c:\xd6\
n\xee#9W7\xf7w- K\xc8\xfb\xd0q;\
\xc6v\xa1\xe4v\x14M/\xb3\x1dg\xac0\xb3D\x09\
\xe9\xf9,\xd8\x04\xa7]\x94D\x8d\x18z\xe8&\xbe.\
A$\x8bH:\x81\xac\x14WRL\xd7\xbay' \
\x0b\xb4XI\x94\xccuyf\x98_\x84\xfe\xcc\xcd\x81\
\x0a\x07MC\x8e\xbd|V\xce\x1a\xa3\x9d\xc4P\xca\x97\
\xf9\xb1\x10\x11\xc9Z)\xeb\xaa|-zke\xd2,\
G\x0b\xa5!9\xb5 \x9f\x9c\xae3\xb9\xaa\x1a\xcd>\
\x9cc\x0e\xd8\xfc\xd1F{q\xd0O\x13\xa4a\x91G\
\x97#\xe6f\x99yR\x11\x97(\x8f1\x1eV\x9dK\
\x13\x95\x84M<\xd2\xac\xf0\xa9\x96\x96\xe1'\x8a\xaeL\
\x05\xed\xc6e\x84x\x86]\xf5\xe6U\xc6F\xbd:\x81\
>DL\xcfx\x98\xa3\x06\xdfG\x9e\xb1!\x5cv\xce\
\x90\x9ejN$\x1e\x04'\xea\xe4\x19\x12K*\xec\x82\
\xe31r1\xaft\xbf)In~a-F\x18\xb2\
G8\x8e\xd7\xa2\xb6\x94T\xa0D \xb5\x1b$[\x0d\
\x0b\xb4\xc1\xd9\xa6v\xe4\x80a!\x88\x0aK\x8a\xd9\xb4\
=j\xa7qU\x02\x9a\x16\x9c`!\x9f\xe7\x8a\x94\xb1\
\x0f+\xf7\xc0\x8a8\xe1\xbfD^\x0b\xc1]\xa6\x93\xc2\
\xe5!p\x08e/7P`<Cb\xa3\xc8\x0c\xa6\
O\x02\xcdH\x06h\x82x\xac\xb4M\xcci\xa6\xd8\x91\
\x16\xb9T,\x8f<\x16LK\xa8A-\xaa^\xd1'\
\xea0Y\x96\x98\xb8B/.\xc9$\xf1\xfe\xba\xd4X\
\xed\xc4\xc9\xc4\x0d\xfd4t\x11Z\x1ch-\xf28\xcc\
07\x94J\xabKMz\xd5Z0V\xd2\x88q&\
Y%\xd1_4\x87\x9d\xd6\x85\x5c\x91+\xfc\x04i\x85\
V\xcd\xe4JT\xf9Y\xd2\x8a\x1c\xf5\xf0Oq)\xf1\
\xe8\x92d\xc9X\xc0\x11\x0e\x97\x88\xeff\xd6d\xcd^\
\xf0:6\x94(\xb3Rt\x22\xeeM7/\xe7\xbf,\
\x05-\xe5X\xee\xa0 \x22c\x09\xb8SGVb\xb0\
\xd8Yz\xe4\xf6\xf3,\x17dV\xca\xc6\xec\x97@\xda\
\xe2\xb97\x04\xcf2B\x90\xc6\x90\x14\x1fJ\xado>\
\x8d %ZE\x9e5\x8df\xae\xa4\xcf\x9a\xc4\x94\xb2\
h<x\xdeV6m\x92\xfc\x1b\xd4\xbfH\xc9\x84E\
0\x84\x90\x94\x80\xbd\xf1\xb9\xb39)^\x14\xe6\x9b\x95\
\xd3\x09s\xa1\x87\xf4\xcb\x12$\x06\x02\x92\xbf\xb2\xbe>\
*\xa6\x1dMU\xcd8\xb2,\xfa\xa7E|\x9e=g\
\x9e\x1f\xceS_O3u\xb1>0\x07\xe1\xa0\xa2}\
\x07-\xdc\x93\x22\xbb,\x8e\x7f\xe3\x1f\x92\xe3\xc1_\xe6\
\xb0\x91\xb6\x15\xef4\x9dOQT\x05\xdf\xb4\x0d\x8e\x91\
\x127\x114\xa8g\x8c\x96\x17\xf2\xa4'\xfcq<\x0f\
\x8bPq\xed\x17z\xd8\x1b\xf3I<\xe0\x82\x84I\xfa\
Ez\x04\xc55\xa4\x94\xf8\xef\xa9j6\x0bZ\x83\xd7\
O\x90\x02\xa3\xe1c\x13\x0dZ\x9b\xd2-\xa2\x9a|9\
-{l\xaeu0\x97CF\xd7%\x8a\xda\x17\xcb\xd7\
\x8cuXO'8x\xc2\x8as\x90\xd4\xae\x01;\xfc\
\x8d\x93|\xbd.\xd1\x82a\xe2>\xac\x8c)w\xd1\x0e\
\xb1\x9a\xbb\x1bEH\x15\xcf\xbd\xad\x1d^S\xc0\xe3\x00\
i`\x83I\xce\xbc\xa8Ql\xd2\xa4\xa8\x8b%R \
\xc2\xfe=\xf1\x88Z\xed`4\xce\x80'4\x8b\x96\xab\
\xd3\x86\xd1\x8b#\xefQ\x83\xd0i\x8e2{\xa7\x99\xc8\
\xcb\xb7\x12\xb5\xa6\xc8\x9a\xa5\x0bG\x0eC\x91Et\xcd\
&)\xaa\x97G\xff\x92\xc8_\xed$s\x899\xdc\x0a\
3\xdb\xabq\xd8!\xa3(\xb4\xfb<b\xd9\xdaab\
=\xac\x9e\xa9\xbfU#\x0f\x0bFs\x98Py\xcad\
\x0e\x93\xab\x1ed\x9c\x81\x1c\x90\x1aM=\xdf\xab\xa9v\
F\xcd6j\xae\xbf\xd1\xd0\xf8\xc2\x99Q}\x8a\x99\xa4\
\xea}\xdcM \x1a\xa7\xe9\x14)\xa2\xac+\x8f,\xdc\
b\x02b\xec\x18W<\xd0\xf4\xeb\x923]s6\x1c\
S\xc5\xbd\xa1A\x823\xcc\x5c\x98\xe3\x0e\x10\x9cQ\xdf\
\xc1\xccLY\x85\x0d\x17`4\x8f\xcc\x91b#\xf2l\
\xcf\x94\xdd\x17\xe2\x8f\xc6\xe8I4\x15\xd9}\xe0<\xe5\
\xbc\x11\xb2\xb9\x90\x8bm<+\xd6p\xc8c\xca\x86\x18\
\xca\xa1\x98aj9\xbb@\xae4\x9dfN5t\xf3\
\x1d\x0a|m\xaa\xc9\xf3\xcaH\xb2\x12V\xe9\xd9\xcc\x9a\
\xc3@\xa5\x87\x1dw\x10\x17_\xc4$\xbf\xdf\x0a\x02Z\
9\x94d\x82\xc4>]\xa4X#+\x8b\xce\xca4\xd2\
\xc2\xa1$k\x0c\xc9\x9a\x12\xd6|\xc5.\x90\xee\xf6\xac\
\xe3\x9a\xe90\x0f8\xedJ\xb8\x10<\xdc\x0e\xfc\xc2L\
\x87'k\xf5\xa8\x94\x90\xb5\x82\xed\xae\xb7\x0d$\x13 \
J\xb4\xfeChj6:T\xbe\x06\xe7\xb4`\xc6R\
\x10*\x88\xcb0\xb1Ha\xcd\xa9)l\xf3B\xf5\x18\
*7Xmk\xbd\xfc\xd1\xaa\x88\xcc\x94\x9bL\x11a\
\xd8d|\xbb\x9ap\x94G\xad\x04\xa1a\x9df\x0c\x89\
\xe6\x94\x8ej\x0b'\x9a\xc1\xc4\x8dh\xf5\xe3Q\xd6i\
\xad\xe1Z\xbcO\xe1\x05\xeaEz\x98\x04\xa9[Lm\
\xc2\xc7T\xb5~^\x88A\xa9\x1f\xb7\xac\x18\xe06\x82\
y\x11m\x9a%%j\x9d\x17j$'\xf6\xae\xb8\xc3\
_\xc8E\x11\x8b\x02\xd7\x0c&Y'\xf4ZL\x19\xe7\
F\x83\xbc\xe3\xf3\x06\xe1\xf8\x19%\xccH\x9d\xc9\x99\xd0\
-\x0aGD\xaeU\x95}\xe3wF\xe4\xb7\xa4\xf3\xa6\
\xb0@\xdf{\x10\x86\xad\x8b\xac\xa9T\x164%\x88\x89\
\xc3\xb0\x9a\xb2\x99\xcaVvh\x84\xa6\x94@h\x9b\xf5\
\xa9:\x05>Y\xd2\x9f\x02L\xe0\xd98\x91i\x1a\xd0\
\x016\xd2\xd2L3[\xf3\x8c\x03l#Z\x0c\xae\x19\
\xc59/,R\x00\x0b?J\xc7\xc66\x89\xc0\x02Q\
\x82\x96\x06w\x88\x16\xd5!H\x02\xa7\x0b\x00L\x84\xe3\
X<\x92\xd7\x19c-\xa6\xa04\x88yc\x88YR\
8\xae\x91\xf1\xc4\x9e]\x17\xc0\x9f\xc6B+\x09Nh\
K\x94\xae\xd4?\x87\x7f\x89E\x97\xb4KK\xfaR\xfe\
\x98\xe9[\x05\x0b\xd9n\xd0\xc0\x047\x5c\x08L\x0b\xbf\
\x19\xa5\x8a\x12\x9f\x9f@\x0e\x87\x90\xe0\x19<+\xc0\xc5\
\x0f\xb8\x11\x88L\x8c5\xbbx\xb7I\x02D168\
~\x95\x82q\xd9/\xbc\x84\x9cCk\xf1&\xb0x}\
\x05`+`\x7fS\xbc\xd3\x05\x1f\x89\xfd6]\x0f\xbb\
l\x84\xc7\xa0\x9b\xa4l\x06\xf1\xdd\x17\xa1,fh^\
\xd8\xa1 \x08\xb9b\x1a}X\x9d\x04\xe8F\xe0\xff\xba\
\x09\xb2\xdaN\x18#'\x04kO\xa3\x84p\x14Wt\
U\x8d\xe2\xb3:?Bcm)h\xb9Dmu\x88\
\x12\x86\x99\x8f\x90\xa10\x93rJ)+T\x17\xf8\xba\
\xfb\x92t|\xff\x87\xc40\xe4\xb0\xa34\x06z\xd3\xce\
\xfa\x06\xf6\xb0 \x0aq\x9c\xc6\xd7\xe8uH\xba\x8dP\
b\x96$q\xbf\x95i\xca\xa3IA\x98W6\x80q\
\x1a\xb8W\xc9>A}\x8b\x19\x90\xf8z\x10\x9c\xa5\x0d\
\x8bVXr\xe1\x05yR,\x09\x8fv\xcc\x22\x9e\xba\
-\xd2\xf7Rv\x88\x89Jc\xdaa\x0a\xd7\x98\x9b\xc4\
\xc4\xa2\x01\xcca\xe0`n\xe69b\x92\x82+\xe2\x9e\
*:r^\xe1\xef\x89\xc7\xb9\xf4}~8\xf9\xfbb\
u\xec\xf4\xbd\xfe\x97\xb3\xdb$m5Mh\xb7t4\
]V*\xf9\xfbR\xc2\xa2\x93\x0ei\x88\xd0d\xe5\x1a\
\xba\xad\xc1Bs\x15\x8d\xa7N\x9aj+9\xb7Qy\
\xaa\xe3\xcdl\xe1\x1e\xd4\xafI\xee\x91w\x0a\x1d\x1c\xed\
\x91\x95\xbf\xcf\x16\xfa>\xfa\xd8*\xe0}%\x7f_M\
S\xec\xca_\x8f\x15\x1a\xbd'\x92\xf2\xbd\xaa'\x0c\xa4\
\xd2\xf6\x98A\xd2}\x0a\x1fA%\x9eExbr5\
\x03\xf3\xeb+\xb4\xde\x8d\x18%\x88\xf5n\xa4\xd9)\x92\
\xd6\x8b\x0d\xbb\xca\xfdltG\x0b}\xefF\xd2@V\
lJ\x15\x18\x7f\xc7{X!\x91[\xc7\xc2\xb4\x1c\xe4\
\xbf\xe3\xda(\xa0\xa2u\x12y\x224?k\xe6\xe0\x99\
\x06\x14i'\x01\xa5OB\x7f\x94m\xf7[\xb9\xe4\x1e\
\x93\xa2\xf5\xc4\xc5\xfbd\xd5\xbeIV\x80\xde\xf4\x10<\
W\x97\x85\x82.\xa7\x9d\x08\x1b\xde\x17I\xcd\x9fh\xcc\
\x10\xb6^\x5c\x0ft\xd7\x05F\xaf\xa4P\xb6\xb8#c\
d\xa6\xc9hQ\xe2\x02k\x17%\xaf\xb0\xb5 \x83\x13\
Vd%?\xad\x94\x12\x8e\xd3\xc4T!_\xb3R3\
\xf4\xd5\x1a\x0d\xaf^\xb2\xe3\xb6\x94h\xf5\x02!\xabd\
#\x8a\xb6q)\xc0\x89n\xbb\x14\x1f\x0e\xd5Y7\xaf\
\x00Uw\x07\xce\x10\xc68n\x1e)L\x8f\x9b\xf1\xc3\
TAG\x19b8P\x91u\x8a\xa5\x87\x1c\x84\xd3h\
\xd7\x02A\x92\xa23\xd9^%\x8e\xba\xb1#\x97\x0b\xd5\
\x9a\x9a\xd1\xdfm\xd9\xd6\x18\x1c\xf5\x91\xbcg\xe3\xa2\xb8\
\x90\x80\xa35\x8c!\xd7\xf4k\x06^T2\x1b\x89\xc7\
\xd1I\x8d\x0b\x9a.\xf5\xe8!\xb2kOBmU]\
\x96\x13\x98\x9a\x8f\xe7\xc7\xcaz\xcfSp\x0a\xe7\x99%\
\x18\xed\xb2}`\x13\xc7B\xdf\x10\xdd\xe9M'\xfaN\
\x11\x9f\xc1y8\xe9\xfc\xe9\xd7\xd8N\x1b\xe8F\x98I\
\x94\xc0A\xc4e7nLh\xec\xfe\x10`,7\xc0\
a\xbc\xba\x878Mq\xd5\x08\xab\x7fH9\x9dm\xac\
\x03\x92\x1c1\x22\x03\x1c\xcf\xf3\x1e\x86\xd7\x9f+\x92\xd1\
\xae8\xcfs\xa0\xce(\x11\x86\xec\xc6P\xc9:\xa5\xc6\
V!M\x85tM\xa2\x5c\x06-\x94\xa5;\xe4\x84\xd8\
\xf3\x18\x0c\xaeen\xa6\xe3\x8a V\xb3>\x1b\x86\xf3\
D\xba\x1c\xb9\xafF\x08a\xb7\xd1\x99\x1f43MA\
\xeb\x99\x1bH\x8a]\x93\xcc\xdfW\xc3(\x9e\x9d\xd2\xf4\
+\xc4~\xc4\x10M\xaf\xe4\xfcU(\xc1\xaf\x8e\x1f\x09\
\xcd\x1e\xd4\xd6\x09h}Xw\xcbI\xccH\xe4\xb3F\
9\xa6F\x0a\xc2q\xb5\xd8c~\x1c\xeb\x84\x05K)\
J\xcbDrjN\xda\x94\xa5\xea\xd7\xc1d\x9c4\x17\
\x9eTT\x95S\xd2\x98\x5c\xec\xd3\xe2\xc7MQw\x07\
\x01g\x9b\xa8\xb5X\x0b\x9a\xfdr\x05\x1e)\xe3\x08\xab\
a\xa3\xbd\xf9\xc4\xb4\xd9\x91/'E7*\xc6\xefO\
\xde\xcab\x16\xe7\x9ac\x96\x14;,\xd3RLy\xb2\
\x7f\xa8<!\x1e6\x9e\xed\xb3<O\xd1\x0d$$\x14\
\x88|7\x8b0\x0a\x81T\xec\xc8\x97\x22\xb4\xd5\xb7\xdc\
4\xe0\x06\x80\x06\xed\xc4\x17\xad\x1f\xcc\xd7\x9e~3\x1d\
\xccM\xbe\x83\x83ty\x98)\x95\x10\xe13,\x1b3\
\x10\x08-\x95\xeb\x88%?\xa8\xc4\xba\x00\xcd\xb7\xe5\xc6\
\x14\xf1\xae\x80\xf3\xd3|\xb2PV\x0fH\x05\x9e4)\
\xc0\x05\x8a\xc5\xca\x03\xcc\xb5p\x8e\x99\xe6\xc0\xc0\xea\x92\
.\x12\xbc\xbc\xc1\x1cs\xf3\x9c\x9d\xe8\x9e\x80\xe1\xb8\xbe\
S\x89\x95\xd4\x0fyd\x81rJ\x05\xcb\xfeHI\xd9\
\x94\xb2>\xc9SM&fx}]\xa6ZNh\x92\
\xbbOa\x95\x05\xf4\xecx\xbd\xe0\xc3\x93\x87`b\x82\
p\xe3\x15\xdd17O=M\xc3\xee\x9ap\xadHw\
M\xb8V\xb3\x18\x88\x87l\xe9\x07+\xa2J\xd2w\x9a\
H\xe0\xb7~\x84\x12\x82\xbf\xf5\x1d\xdf=\xec\xc5\x86\xfc\
\xf4\x84\x02\xc3\xdb\xe17\x01\x13\x85\xb2\x09\xa1\x81\xb2\x12\
V\xceX\xefH\xf1\x1a\xeaC\x142\xc6\xd20\x80\xbc\
}(\xc0z\xe7H\x80\x1av\x054\x8d\xac\xb5=|\
\xa9\xed\x85\x8eY\xe6\x88\xa5\x0c\x9e\x9d\xa1\x0e3\xb9\xf3\
t8ju\xefQ\xb7\x8a\xdanX\x1a\xf7\xa3\xd0\x0f\
rld\x10\xbf \xcbG#\xd7\xe4\x03^ \xf1\x99\
\x9c\x09\xc4\x07Bb\xd6\xe8\x01-H\x9e}U\xfc\xad\
\xc7\xc2\xadU\xf3\xb2O8\x12b\xe8\x16\x85q\xc3\x99\
m\x1ei\xed\xe7\x89Eu(\xef8c\xc9\xd3\xcf\x95\
\x92L\x96R\x16\xae)\x9c\x88\xe7\x95\xd4\x8f[R\x10\
\xbc\xbek\xab&\x10>Q;#\xf4P,\xec}(\
\x8a\x1e5@\xb3^\x17\xfb(\xa1\x07\x16,(\xaa\xd8\
\xe8\x07Z.\xd5\x9d\x12Ye\xbc\xd0:;_\xd2\x17\
\xd8\x8cY\x15\xc0\xd2\xf4A\xcb\xca\x91\xa2L\x19\xc6\xf7\
\xe9g\x99\x15\xd6\xb5\x96\xc7\xe6e\xf2\xd4\x9c\xf3ud\
\xcc\xc2\xe3MA\x1b\x88\xaa\x8cr\x16\xd1\xf7R\xb7\xc1\
M\x99N\xe1\x07s\x10\x81\x19m\x85\x0b1\xceF\x1c\
9\xce+\x0a%=\xfd\x221\xee\xfan\x22p\x93\x96\
d\x94m8\xea\x22\x9a1\xa3I\x227\x1d;\x15\x14\
X\xc9\x1d%\x86I\x17\x8b\xc0\xd1\x85Q\xb7\x86\xa3`\
\xd9k4b\xf3M\x15\xdeJ\xc4\x13W\xc5\xe2;%\
\x9c\xfcA)\xc2:\xd4(*\xa1\xd68\xf9\x8c\xef:\
\xa3\xd8gs\x8c:F\x84'\xc3|4\xa5\xd4\x1f\xfa\
sZW$\x82:N\x8b\xd2E\x9e\xed\x14\x1e\xe2,\
c\xce\xe4\x05\xac\x96\x9e\x9c\x1a-\xc1'\x8bf\xf2R\
\x16$x\xc9\xcd>-\x88F\xbcS\x0a\xcf\xb9\x14X\
\x98\xe8L4\xd3J\x9e\x05q\xe5\x13\xe7\xa9\xc7\xf3\xe0\
\xe1\xe7\x15\x80>Z\xc3qcq\x1a,\xd7p\xdc(\
\x91W\x12\xe0\x8c\x87\xde\x00\x9c\xa5\x94\xe4\xb9\xab\x84\xb0\
\xbd&%lO?\x92\xa1\xa5Q\xa3\xec\x92e\xf5P\
\xf3\x1a\xe8\xbb\xad\xc8\xc2JI\xab\x13\xebT\x0f\xaf\x9e\
JQr\x07\xcfb\xa2d\xbc\xc3r\xd1\xa1\x88z_\
\xb7\x91\xa9thc\xb0\x84\xfd\xf4\x96<\xd3\xf3R\xbc\
\x82\xcd@v^<\xcc'\x5c\xc5\xfb\xd8*\xc4\xeb \
E\x81X\x22%\xfdj\xe6\x96\xb6\x1a)53\x9d#\
[\x14\xa0N\x0eGN.\x99\xb0\xb7\x80\x7fMN\x8a\
\x99\x10\x0e\x00)\xe5J\x0fg\xab\x91*$(\x06\x12\
\xec\xba\x1d\xfe\x86))\xe2+\x9d\xceV*iB#\
t\xae\x81\xce\x93\xe6\x94.>F\x895\x13\xe2\x1d\x9f\
/\xa5h\x02\xfc\x1b7+\x94\xe6P\xa4\xfa\x1a\xa4\x19\
\x12\x1eWT\xb7\xfa\xaa\xdf\xc2H!\xbc4\xe2\xd7D\
q\x1c\xd7\xc0\xa9%\xc0\xc6\x15cC\x9f\x5c\xf0\xc1\xc0\
\x96\x07\xd9\xfb\x1ag\x89\x13&\x9f\xb4\x19\x98\xcck\xc7\
\xf6\xc5\x9dn\xb7\xa1\xd7\xa0\xc5*a\xb1D'\xb1#\
mM(\xfbP\x98Wma\xcb+\x0c\xd5\x0b\xb5)\
\xa5\x8bp\xc1$\x81t\xb1qe\x9d|\x89+\xa6*\
\x92\x22#\xebE\x06K\xb1\x00LDd\xb0v$\x88\
\x0c\xf1\xa9\xff\xb7d%\x1dZ{\xb7\x82J|\xcc)\
\x9a\x83\x94R\x11w\xcbz\xa6x\xef\xf9h\xf7\x04\xd1\
9-hY\x18}\xbfw\xd2O|\xec\x83\x14\xe3\x8c\
\x92\x09R\x1a)k\x07\xb6j\xa2\x89\x8f4\x93e\xef\
3H\x22\x8c4\xb1Z\x05\x1a\xbf\xfd\xe6\x1e\xe0>\xf3\
\xe9a+\x08\x9d\xf5\xe3\x83\xcd\x9e\x10\xef\xd3X\x9c\xf3\
Y\x1d\xc9\x84U\x98\x18%\x17\xd5\x98\xb4QR6\xf2\
b\x1a\xf1\xe9JN\x13\x1f\xefz\x87\x94\xa4Q\xf8\x22\
\xa8\xae\xe4%\xb0-R^^\x99S\xdd\x99\x10C\xbc\
\xaf%\x15\x03\x9a]G58\xf7\x13\x92\xcc\x9c\xb2U\
v\x09{K\xe6\x89\xa2\x88\xc3<\xfd.\x18\xcb\xd9 \
e\xca\x8e\x96\xfa\xe3)P^\xe3\xc0>V\x00\x9e'\
\xdcU\x13\xe1'\xd7D\x8f\xa6,\xae\xa7%Ay^\
\xe2\x22\xe3\xae.Pk]\xcd\x1c\xa3\xf5\x9f\x95jb\
\xe1\x82\x8c\xbc\x86\xbd%\x5c\xa3\x8a\xcc_B\xda\xcc\x22\
#\x94\x9c\x9f\xb2\xc88+\x14\x9d\xa4|\x126K\x94\
*;\xa4\xd9\xc4\x03Z\xb6\xb8M\x0b\xb5\x88p\x0c\x96\
\x9d\xc3\xaa+s\xb8\x943(V9\xa2h\xf7\xa29\
,\x8b\x8cP\xa06_Q\xf0Ib6&\x06>S\
\x09\x03\xb2\x0f\xf03\x93$l\x15\xe1\xec\x91x!\xa9\
D\x06\x89\xfe\xe0q\x1f%\x8c\xdcG\x08\x97\x19f\xa1\
\xa6\xc4\x7f+lj\x98\xa5\xf8\xdaJ6\xc8\x7f\xca\x11\
\xcf\x02\xfa\xff\xdb\xe1\xf7\x83$}#\xfei\x84\xe4f\
NI\xcc\xc2\x82\xf5\x184\x08\x93\xb057l\xe0\xff\
Z\xb8\xc9e\xf1\x7f\xb7[\x839hF,;\xb5\xa0\
$\xd4\xf0.\x12\x7f\x15\x19;1\xc3cQ\x88\xda\x18\
AK\x95\x1bKCH\xb5$3\x9e%\x95\x7f\xa8\xea\
\xc5\xc9\xd6K\xe8:\x9bDz\xa4b1\xd2\xd2k\x95\
\x94\xa2\x93qR?\x9a\x14\x9a<W\xa6\x1a-2\xc7\
G\x124k\xbe\x92\xb6S8r\xe7\x88\xbb\xf48\xd3\
\x9b\xe5\xa4\xf8\xa68\x85\x95\xf5_\x871\xfd\x97\x9f\x1f\
\x06@\x09x\x86N\xae\xd9\xc2\x9e\xf8\xed%,\xb7d\
R^d\x9c\xd6\x02\xb5_b\xaf]\xca\xf7\x87#\x0b\
\xf6\xe1UO\x06\xf0\xa1:J\x9e\x04\x5c^r\x8a\xfa\
\xb5\x16\x19cn|\x0c)\x22-\x8e\xbf\x1b\xf1\xb8\x1c\
\x18J\x18\xff\xcc\xc4\x98\xc6L\x0c%&\xa7wu\x99\
G\x98\x1a\x05\xa9C\xa0I\x91\x90\x02f\x8e\x08#\xdd\
02\xc5ZQ\x9a\xd5\x95\xc4\xb8a\xec'\xa7\xfc\xe2\
\x98\xb0\xbd$\x0c\xc3\xd3!u\x10^\x8cO\x1dO*\
\x5cG\xb2\xf7t\xbbn\xba$\xe0\xe4\xc3v\x86\xb1Q\
\x8a\x1f\x00\x19\xec8\xcfMY\xbc2KQj\xc0G\
<\x91\xd0r\xca\x1e\xe2\x0a\xc6\xf8F\xa4\xf8X2\xf2\
\x89#\xaec\x91\xc5\x962\xf6\x04\xd2 \xfe\xbf\xe6\xb9\
\xa6D\xe6\x17\x85\xf2FK\xac\x14\xba7D\xa0%,\
h\x02\xd5B\x97F\xaa\x85FW\x9fP44yC\
%\xe8^\x93;\x97\xa8\x12K\x1e\xe0]\xd6\x13M\x1e\
x\xa2\x85E\x93G:\xb6\x80\xaaib\xe0v\x00\x9b\
qb\x107\x91\x9a\xa3\xc9\xa3\xac,R|(EX\
\x7f\x1anN\xc3\xa1\xd3\xcc\x99Yz. \xfdfL\
\x16\xdf+\x97\x9dI\x9evy\x91i\x0b\x1f\x18\xaea\
\x19=\xacP\xecN\x9et\x92\x1ap\x22\xbb\xa5\xf5\xb3\
\x9aI\xc5\x1e\xf9Z\x16\xa9=\xa6\x08\xcd&/\x9c\xc4\
b\xe4<\xe6-!jt\xaaEv8u\xb2\x12\xe2\
;\x95\xdaG\x12\x1dj\x1b\xf0\xc6p\xea\x910\xbd\x9c\
O\x8b\xe8\x00\x09\xca`b\x94\x92\x8b#\xb5\x17\xde\xcb\
\xd9\x11\xf0\x89\xa2\xac\xe4Us\x85\x9a\x13\x91\xdd\xc2\xfc\
g\x84#\xdb\xb7\x1d\xae$;$\x81\xa1\x18\x98\x08B\
c\x9b$\x95\xd0\xf1+\xa19f&\xb8]^\xa4\xca\
\xd4\xf8y\xd7w\xe4r0R\xa8\xc4\xe2\x11\xeea\xe7\
b\xd5$b\x1dVEX$\xd9\xd5]\xae\xe6\x22\x5c\
\xf6C\xb6I\x82\xcai\x9d\xa4\x98\x0a\x97z\xfd\x94\x08\
\xdc\x8cO\xc9\xd1\x01\x8fy\xc6Yweg\xcd\xba.\
\xd3\xdbF\x22p\xf5\xfdg\xc3\xe3P\x0d\x04\x96\x92\xe9\
(Rd\xaa\x0bk\xe9\xe7\x1aJ=\x87\xe8\x98eS\
\xd0&\x12s\x22\xcc\x0ajR9\x9e\xdf`%\x83\xb7\
,\x81@;!\x9a\x81\xaa\xb6x\x16Y^\x90%+\
Y\xc7\x03\x16\xc0!\xca\xabw\x90\xb2\xeb\xd1\xac\x10\x98\
\x8f\xe9\x22\x99hM\x86\xdcv\x16\xcd\xa7\xc5\xc9p\x1b\
\xb3\xdb\x8f\x16\x09\xf7\x91\x8d'\xaet\x0a\x02\xd6?\xde\
e\x8dZ\x0e.idP\x1eg%\x8b\x0a\xc6\x81\x9c\
8M+ 7\x1aj\x81uan\x9e\xa6\x8f\xc5q\
\xd1\x8c\x90\x87\x89\x12:z\xd7\xb7\x1bT\xbd\xc6S/\
\x11\xf5Y[[\xda\x1a%\xd6\xb0\x11\x92\x81\xd6\xf6Y\
i\xf5v=\x0c\xccb\xc5A\xe4\x9c\x9f}\xa1\x93=\
9K)#\x11O\x16D|'`\x09\xfa1\xfb\x80\
L\xdal\x04*\xbd\x0bC\xb8>\x83G\xe9k\x98\x15\
[\x83\x943\xc2\x1a\xf4\xed \x01\xd8gpW\xe3\x82\
!\x0c\xcdJ>$_?\xd4\x06\xe2\xca-r\xa2$\
\xe55I\xca\xa7\xaa\xe4L\x91\x8c\x1e8_\x06M\x9d\
a\x95\xb0\x8af\xb5~\x89\xc0Q\xb8\x16\x89\xbe\xcb\x03\
\x8aF9\xd8\xa7\xb8\xe7\xd6H\xa8S\x81\xa4\x98\xca\xb7\
\x13\x8d\x8a\x96C\xa3\xe4\xf8n\xb9 \xe4\x860\xa9\x93\
\x1c\xec,\xa7B\xc4e\xc5B_\xc1V5\xe0\x99\xc4\
<\x89\xe4\x85It`\x03\xbb\xbd\xbc\xac\x10\xdc\x00\xb7\
\x93g\x1a\xc9x\xa7\xc5\xe8\xb8\x89\x01\x86\x90\xf2{H\
\xfa\x95\x12\x01@\x9ae\xcem\x82\xb6\xb11\xf6|\xf9\
6}\xc7\x89\xc7R\xc7\xf1\xfc\x1a\x82M\xe5\xac#\xe3\
R&:\x1a\x86Cy$9kH\x8e\xcc\x19\xb0\x0b\
\x8e\xe9\x7f\xc3L\x174_\x8a02\x0b\xec\xca3\xf4\
R\xa2NBn\x09\x8ePs\x9f$ab\x9a!]\
\xa5:\xa6\xc2\x95\xca\xfa\xe9\xa3\x94\xbf&c/\x99\xbc\
\xd3\xf1\xfd0\xf3|\x8a=\x1eN\xaf\xb2L\xab&e\
\x16F\xbb6\x0d\x0d\x19\x83cF\xda\x1a2\xf3\x0e\xa9\
\x88A\xc9\x7fn\xc4\x0d\x5c\x92\x93\x8ee\xea\x02l\x0e\
\xe8\xdd\xc6\x09\xfa\xd6\xe2L;\x94,\xe0\xdf\xba@3\
p\xb6\x8a|\x8e\xa4\xd9!\xear\xff(\x92\x0a\x073\
\x14!\x8e\xb4\xe9g@V\xb2V\x0a\xab\xc2\x80\x85N\
 \x0dg\xb18\x10Oqz\x1b&j7zu\xbd\
\x00\x04\xdd\xccZH\x8d\x06\x1es\x85\xd3\xa5U\x91-\
TYrx\xbc\x9a\xdd\x189\xb0\xbd\x8c\x85\xd6\x00\x91\
`\x16q\xfc\x09\xa1x\x83y\x9c\xce m\xf4vu\
\x1b\xc3yR~\x89\x15\xd9\xf1\xc7\xfc\xc0\xca\xcc\xf3\xf9\
y\x1aX\xf9GK\x9a\xc67yd\xb8I[\xf1\x9d\
4\xa5\x9c\x07\xb2\xe1,\x1e\xd74\x89,)\xef\x87\x1a\
q\xfdD\x93\xd4\x89\xa4\xf7ZK\x06H|\xad\x93$\
\xc2E\x8eFt\xa4Y\x9b\x06\xc7\x92\xf0\xc3\x80\x96\xc7\
\xace\xe0\x95\x80Vh\xb8lZ\xe2\x95\xf8{\xc8\xc6\
\xb3K\x09\x81\xb0\xcf\xa2\xfe74\xf5<\xcd\xb6\xa4\x9f\
`\x8a.\xb1\x99$\x97\xb1\xef\xf5\x9d\xbb5\x0ew\xa5\
e2\xa7\xbcZ\xb4X\xd0\x01\xd8\x09/\xe3\xa6\xb6\x95\
\x84rg\x13\x9a[*d4l.\x06\x14\xf3\x89\xde\
S\xd6Tf\x8a`\xe6I8Z\xdb\xc8\x14A\xcf@\
\xb6\xc2\x81eH#\x9d\x13!\xedI\xc2\xb7\x19\x0aN\
o-\x99\xb3\x91\xc95\xcf\xf86\x1e\xe2y\xa1\xad/\
\x8cK\xe5[\x8a#\x16\x93I\xa3\xb6R\xd5B\xe5\xfa\
\xa39\xe9\x04\x9e\xfd\x08\xa9\xf0@S\x94\xe1\x0c\xec\xca\
\x85\x13n\x00\xe3Nl\x1e i\xc9\x00\xc5\x80\x9c\xd9\
\x06h\x85\xc0\x87@\xa1Y\xc0/\x80cY\xb1&\xc2\
\xb0av\x5cO(\xab\x13\x0f5Y\xf4\xa0bR\x90\
 \xe4\xe4%O,^x5\x9e\x04o_\x12\xf1\xe9\
\xaeUM\xce\xc7\x13\xe2\x19%$\xd4\x93\x93\xd0\x89K\
\xc8\xab\x97\xc0\x85\x17\x9cQ\x9f\xc9:JB8V\xd2\
U\x9bC.\x9a\xfb~c,]\x1cGD\x09\x14\xae\
\x80\x0b\xc1\xe4~;\x83\xf9B\x90\xd1:q\x05\x0f\xd7\
\xf1C\x99\xb9h\x90\xb6x\xad\xd1\x00\xedBCOS\
\xa2\x9b\xc3\x10i\xf1z\xd7\xe2\xa4T\xcc\x96\x9c4\xc8\
\x19\x84_\x95\x93\xc0\xcb\xd1\xd6\xd4%\xd0\x8eT\xc9\x18\
'\x85K\x1dI\xdfC-mj\xf5\x17K\xc9\x05\x16\
\x1d_\x14E\x16W\xdd\xca\x17ldp\xd6\xafA\x92\
\xa0\x13\x17.\x1d\xe2\x06\x14J2\xf0'\xed\x8565\
]\xe3.G*\x5c\x0a\x9e\x979\xc7u\xf6o)4\
\xd0\x91Z\xbf;]^\x065+\x9d\xb0M\x1c\xc0&\
\xb2vX\xa9<I\x10!\xf2U$\xcd\xba\xaf\xaeU\
I\xe3\xcd\x95\xd2\x93\x94\xe29\xd8\x88\x93\x89\xc8^Q\
\xc9\x0b\xedJ\xbaVq\xd2\xfd\xe1\x9d\x15\x1aj\xbe\xc6\
\x19\x90\x17%\x95\x0b|I\xf9\x8eq\xc5\xd1\xd0\xdf/\
\xe5\x8f\x12{}\xb3\x18_\xe2\xd9\xfe\x9d\xb7\xa8\x9bq\
eA\x7f\xcd\xb83-\xa5B*\x88NgsJ~\
\xaf\xa6\xcf\x01V7\xe9\x5ceR\x99>\xe0\x8b\xce\xb3\
\xf2\xdaJ.\xe7\x04_M\xdd\xe8%\xc7\x91\xea:\xeb\
n\x97\x0b\x03\xf3\x99\x07G\x1ap\x8et\xbb\x98O\x0f\
o7\x97\x1eJ\xbc\xdd\x22)\xba\xfa\xa9\x11\x1f'<\
\xeb\xc5\x99\xf5X\x1e\x965D\x172\xae)9\xa1\xcf\
!\xa91\xbc\x91\x146\x5c\xc8\x89\xe7\x1b\x89gV\xa1\
$\x0e\xbb\xc7\xede\x8fF\xad/\xa0\xaa4\x04^<\
\x0e\x87U\x84\x85\xaah\x22\xc0\xd0-\x0eg\xc3!\xc9\
\x0bq\xf6\x12\x9aq\x05\x80s\xc8!\x89\xdd\xa8|\xc3\
\x14\x18\xed\xc9\xe7\xd1\x1b\xb1\xb5\xe0\xf5\x0e3\xef\x9b@\
\xebs\xaf\xba}G!Z\xf2\xa5\xd8\xe8r?\x0a<\
\xa5\xf0\xda\x16`]`]34\x85\x083,\x83\xbe\
\xe4\x5cK\xca\x0a\x02\xa8\xf8\xc9#\x1d\xa4\x19)G\x1c\
\x15\xa3\xe3d\xe0d\x93\xc7\x99FLz\xd1\xb3\x11c\
4H\xbd\x92G\x99\xabX\x89\xbc\x10\x03\xf8\x099\x0b\
Z\xb0\xcd#\x92\x85A?\xf2\xe2\xd2F\xd6D1\xec\
\x1f\x99#\x8c\xdbK\xb8\x99\x1e\xc5\x0dT_F\xb3\x05\
\xde!w\xd7\xe4\x81\xd9Sx\xed\xee^;\xb5\xcd\xf2\
J\x0f\xceN\xeeX\x8a!:\xb1\xf3,\xad\xef\xa1\xde\
\xe9z\xbf\xd0\xcfPv\xbcN\x1e\xbbH\xa0Qr\xc7\
w\xef\xa1\x9e<\xf6\xbb\xf0\xb7N\x1e\xb4\x95-\x98\x1b\
\xb9\x0b\xe6\xc7\x15~`\xd8\xa5MM\xa5Zx\x9a\xbd\
\x1a\xa3L\x89\x81P\x12k[Z\x918\x8f\x94\xf3\x18\
g\xac\xb0\xadM\xa5.VQ\xcc\xf1H\xae\xa0lJ\
\xe9\xca\x1dV\x0e\x12\xcffj\x10\xe8\x89\x94\x7fb\x22\
f\xce\xb3\xda\x88\x98)\xe5\xc4\xe5\xa0(e\xdb\xc6f\
}Z\x8d#L\x8d\xcb\xb8\xe8\x14\x06>\x8et\x93\xcf\
yZ\xe4yG\x91E\xe3\x80x\xd5K\x0a\x0f5[\
\xa3\x81q\xa2\xf9\xf3\xc5\xc0X\xbfR\xda\xe3Z\xc9b\
&\x84\xab\x1f\xbf\xd1\xa29`\x05c\xd71\x88\xadf\
\xb1\x84\xa95,\xde\xd2\xeb!\xda\x18\x16\xb0\x1au\x1d\
JK\xc9\x96\x05IT\x0d\xa3~\xbc\xd4\x8c4{:\
\xad+~\xa2\x9b\xfd\xdd&5\x8b\x8ew\x89\x12\x807\
\xd1@C\xb9 \xabH.\xbe\xef/SQ\xdc\x84\xbb\
X\xbd\x06@=-\xe75$\xcf\xc0Oy\xd8\x95\x04\
\x8b\x86\xbe\xfc8\xb8\x8aW\x06\x9f\xe8\xb6gM\x008\
\xf6+\x09,\xdeU\x8a\x8e\xe8`\x97\xa3MD\x93\xe2\
0\x08\xea.\x05W\x11F\xd4T`\xb3U\x83\x91Z\
\xb5\xa9;,V\xd0\xc1#B}6\xf2H#\x09\xe1\
E\x05r\xa9\xb8a`\x0e\x12.\xd4Lc%\x19\xa0\
\x9eV\x16\xfcM\xedg\xae7lf\xed\x9dr\x96n\
\xdd\xceW\x11\xffF\x8b\xadl_3\xd2N\x89d\xa4\
5\x1dK\x0f\xfeK\x8bU\xe8\x8bUP\x92t\xd7\x9d\
n&C\xc3\x10\xd5\xd2}\xd1I\xba\x94tR\x16s\
\x03\x10\xdez\xa6\xa6$\xa7\x97\x98kpj'\xc9,\
\xc5\xe2^\xe4$_\xd1y'\x1a\xb6\xbb\x1f\x0b\x945\
\x15*\x1c\x1du\x0d\xdc\x10\xb5\xe4\xb4\x11\xb5s\x86i\
\x8c\xe3\x89\x8b\x8a\x97=\x9c.\x97=\x04$\x05\xd3\x1b\
\xa48\xb7n\xe2wSM1:\x96.B\xd3\xd2\x04\
\xa7\xcax\xa0e-\xf5\xe9M\x1b\xe9\xd0/1\x0eO\
\x1d\xb1j(E2\xf1\x0b\xad\xdfZZ\x05CI\x89\
\x1e\x9d\xa0=R\xd8N$\xde\xda\x97\xb2P\xd1\xd1\xf7\
\xd9\xdb!:\xd0\x05\x13\xac\xc5\xab\xab3\xcd+\xeef\
\x08Y\x10u \x92\xaa\xf1\x89\x85\x8b\xb7+\xea\xd2\xc9\
\xf0q\xd4\xdah\xd1el\xf5\xc3<\x91\xcf\xd8P^\
\xf0\xcb\xcdJ\x15\xc8\xd2I\xbb=\x9b\xa9\x5cxU\x8c\
\x9dJ~5\x9d\x8b\x027t\x8e\x13\x96\xcf\x8c!\xdb\
R\xc3\xb65\xf5)\xc2]\xaeX\xcb* \x08\xd7\x05\
\xee\x1e\x84Al\xbbGk)REB\xaa =Z\
\x9c\xa8:\xe3\xea\x9b$\x95\xd9\x94\x98\xca\xac\xb7\xab[\
O\x91\xa3u\xc2\x9cP[\x19MG\xd8H\x93o:\
f>Ks\xc5G\x07;\x93\xd8\x0a\x87\xd9\x0ac\xf1\
\xb8\x8cV\xa6B\xec\xa8\xa3\x89\xad\x91\x00h\x95N\xca\
\xc6\xdft\x04\xd8t\x91\xbfG\x87\x91\xbf4Q?\xa6\
\x94\x84\x09\xb7\x04\x99\xa4A\xd3\x8c\x5cb\xe3\xae\x92\x95\
.\xba\xc7\xe9\x91\x03\xf3y9\x11\x81\xb0\x8e\xa3\x96\x0b\
\xca\x1eQ\xbbjt\x94\xe5\xfa\xccE\xe1N-\x9d.\
1\x16#<\x97\xad]\xcf\x18\xc5\xa3\x8f\xa9J\xf7p\
\xe6\xc0%\xe7\xda\x9c\xc4F\xec\xec\xdfr8\xa0\x19*\
\xb5G\x87\xfc\xf2>a\x978{n\x12\x1dN&\xac\
\xe5\xfd^\xe1\x97\x954W\xbc\x8c^\x80\xbd\xdfg\xf4\
\xf2\x083\xce\xe4\xe2\x5c\x81\xa2\x19`\xeeF\x92-M\
.\x14\xc3K\x5c\xa5J(!\x96\xd3\x94\x10+%9\
3W\xa2\xcaG\x18s\xbc\x09\x8f\xa9\x87\xbbCay\
\x96\xf8)\xd3\xca\xb0\xacf\x8a\x83\xd3F\xd1\xb4\xa3\xa4\
NK\x8aH\xac\x86\xcf\xccq\xf8\xf0\xc8a2\xd7\x16\
\xfd\x1b\x99\xa8\xcbRt\x84\xbb\x18\xa30\xaeD@O\
\x0cM\xf3Rh^X6^\xc8\x86\xd4S^-d\
\xa6O\xd8]\xdco.Z\xb9Y\x00\xe4\x9a\x1e\x17x\
\x16\xec\x1f\x9c\x07\xd6\x02W\xa5\xc4(\x86\xd7\xbf\x93\xc0\
\x94\xf0\x94\xba\xe2\xc0Z\xc0|75\x03\xe3$\xa67\
r\x14\xefM!\xbf\xe8<\x97FD\xab^\x9d%\x86\
\x90\x07Y\xe9\xc3\xbd\x84G\x94<\xce\xad\x0a\x95*d\
=h\xd5r\x02Q\x12#.\xecX)\xb3=\x17\xac\
\x00\xf0y&\xe8VZ\xbb\x8c\x91\x87VA\xe19\x11\
\xf1\xf5\x0c\xb4.\x970\xd5&\xd8\x8a\xde\xa0\xe5\x84\xbc\
\x9d\xdaf\x84\xafR\xcf\x89n\x08\xf9~'L0F\
\x0b\xe0Q\x8b\xbe>\x9b\xf24\x1c\xf4I@\x81\x97%\
\x080\xdb\xab\x9b\xe2\x1eB 8[\xa1\xf2U\xfa\x22\
=\xfcY\xd9a\x05\xdex\xfe\xb5\xdc\xbe\xd5#\x8d\x94\
\x17\xa7\xd5\xc8l\x02\xa7\xc2Z\xe2\x85\xb5~\xe5\xe4\xce\
\x9d\xd8\x92*\x95\xdc\xa1\x0e\xa59\x97:a\x0f\xe92\
\x89\xb3\xda\xd9 p\x8c\x00\xf2\xb3\xb2\x09\xc2\x80z>\
Q1/)_\xeb\x94>V\x87\xd6\x94V\xa5\x9b\xa0\
\x8f\xe8Y\x0b?\x02\xd9'7Z4YS\x02;\x5c\
\xc4!\xfd\x02\x9eC\x96G*\x8e\xab\x17\xafz\xb5\x94\
\x89\xe3\xd28}\x94b$\xb8\x1f\x07p+\x82\xdeh\
\xcf\xf5\x22\xfd4\x04+`bB]\x0e[#d\xb7\
\xb5\x88SLk\x81\xbc\xe9\xad\x13\xf4\x1e\xec\x0e7\xc3\
\x0c\x7f\x19\xe0#\x1dFN\xa3>J\xad\xb2\xe3Wk\
\xd4\xe70\xba\xf9\x95l\xf3\x01\xe3\xa0=%\xa7G\xd4\
|\xab\xe4\xe2\x91\xd2`\x8f`\x0d\x85\x9c\xcb\xd5\xd7\xcf\
\xa5\xea\xf1\xbd}Hh6U\xd1\x8c\x17R\xfa\xcd\x04\
\xe9v$\xf4\x17\xe5P\x1bw\xd3\x9e<\x80\xcf\x93\xc0\
\xa4#9l\xc7u\x08\x1d\x84\xc1\xca\x87%\x94-\xe6\
\xc0D\x9d\x9cxye\xd9\xdfq\xf2\x80\x9dc\xcf\x1f\
?u\x10\x89\x128\xbe\xcd\xb1\xac+q.:j\xb2\
\xe6\x12Ow\x89\x96\x0d\xb5\x0c\xbd\x17\xbbm\xb5\x04\xa4\
\xde\x1dOM\xcd\xc8]5\xa8&8\xce\xdd\x1f\x8b\xd5\
\xfa\x8c\xc3g\xfc\x80\xa4A$\x82Q\xe0\x12w:\x03\
gS\xa6\x97\x8a\x1d<\x5c\xcfH\x94\x06\xf6\xc5\xbb\xb2\
'\x11\xfc'\xa35\x0c\x83\xf3\x1aPR\x1a\xfb\x13-\
\x87\x17\x81\x8a\xf7\xebO.\xa9w\xe2\x88\x19\xb4\xd9C\
\x82N\xeb\x91\xdb\xee\xb0\x1e#\xaf\x83\x99f\xb8\xc7\x97\
j\xc1HxB \xb7\x13G\x5cjP\xa7\x0f\xdb\xa0\
\x09\xd1\xf4\x82\xf6\xbb.\xcd\xa6{\x09j\xc5NO\x22\
\x08z[vs\x07\xf0\xf4c\x8a)\xbb\x01\x1f\xd3\xfa\
!a]^\xaa\xd4\xb5\x9c\x986\xad%RfQ;\
A3\xe1\x88\xd2\xe4\xc8=%s\x8b\xeb8f\x8e\x06\
\xd6\xc6z\xadR{M\xach\xa6\xb0\xfa\xf09\x225\
\x1f\xb5S\xd2\xb8\x095\x22\xce\xdb\xc7\x89\xb1\xc3\x8f\x1c\
\xd1R`\xdaS%\x87\x90\xd2\x85m\x11jW(+\
\xa0\x90\x03\x0f\xd9\xe8\xaa\xa2\xb2\x9a\xd0\xaf]\xbb\xb4\xbd\
\xb1\xf2L;\x13\xeaN\xea\xc2\x96\xa2\xb5\x96x\xbc\xea\
<B\x9fM\x161\x22<\x8a\xd3\x13\xac\xcf\xca\x8f \
\xa3I\xcd\xa3O\xb2\xa8\xf7.\x92]`\xfby\xedR\
qXr!T\x93\x16\x9e\xf2\x03,\xb5\x05\xac\xc0\xa6\
\x0dO,\x8c\x09\xc4,\x81\xd0\xf8\xe1\xec\x89\xfa\xa3-\
\xb1h\x86\xe6]<\x94xx\x85\x8b\xc7\xca6\xe5\x19\
a\x09\x0deG\xd8c\x88\x95\xae\x8f\xce\xbbBM`\
5\xe1\x19\xa7\x89\x19\xc9q\x16\x9akR\x04\xf5\x08+\
e=C5i+\xab\xed\xf9\xeeM\x8e\x95\x19\xd3\xce\
2In=\xa1\xcc\xae\x14-\xa6\x94\x02\x97L!\xb6\
\x8f+U\xd3\xaa\xd6\xea(\x13\xc9U\xa8\xf6*1\x0e\
Ct*1\xa0\x9ev8\x13\x17\xfc\xa8(\xfb\xbfK\
\x8f\xb2\xc4\
\x00\x01\x00\xc6\
<\
\xb8d\x18\xca\xef\x9c\x95\xcd!\x1c\xbf`\xa1\xbd\xdd\xa7\
\x00\x00\x00\x05ru_RUB\x00\x00\x10P\x00\x00\
\x05\xaf\x00\x00V1\x00\x00\x05\xaf\x00\x00\x912\x00\x00\
Hr\x00\x00\x83\xb2\x00\x00H\xb7\x00\x00\x83\xe2\x00\x00\
J\xb3\x00\x00\x84\xc7\x00\x00L\xb2\x00\x00\x85/\x00\x00\
P~\x00\x00\x85\x98\x00\x00Q\xbc\x00\x00\x85\xc8\x00\x00\
Q\xbe\x00\x00\x85\xf8\x00\x00S\x82\x00\x00\x86(\x00\x00\
S\x89\x00\x00\x86X\x00\x00T\xc4\x00\x00\x87\x0c\x00\x00\
T\xc4\x00\x00\x8f\x1d\x00\x00Uf\x00\x00\x87@\x00\x00\
U\xa4\x00\x00\x87r\x00\x00Y\xc0\x00\x00\x88W\x00\x00\
\xea\x94\x00\x00\x92K\x00\x01,\x06\x00\x00\x98^\x00\x03\
10\x00\x003\xa8\x00\x0310\x00\x00K\x14\x00\x03\
10\x00\x00\xa6\x7f\x00\x0310\x00\x00\xc5&\x00\x04\
\x87\x9b\x00\x00[\xa5\x00\x04\x87\x9b\x00\x00\x83\x07\x00\x04\
\x87\x9b\x00\x00\x94l\x00\x04\x87\x9b\x00\x00\xb5\xed\x00\x04\
\x87\x9b\x00\x00\xceG\x00\x04\xa8\xa5\x00\x00A\xea\x00\x04\
\xa8\xa5\x00\x00\xa8\xf0\x00\x04\xb6E\x00\x00]\x88\x00\x04\
\xd9]\x00\x00Tn\x00\x04\xd9]\x00\x00\x8d\x9c\x00\x04\
\xef\xa5\x00\x00\xbao\x00\x05H5\x00\x00`\x14\x00\x05\
H5\x00\x00\xab\x0c\x00\x05L\xf4\x00\x00`I\x00\x05\
L\xf4\x00\x00\x99\xc1\x00\x05VE\x00\x00\x8fJ\x00\x05\
V\xa5\x00\x00\xabN\x00\x05\x88\xa5\x00\x00;\xb8\x00\x05\
\x88\xa5\x00\x00\x90{\x00\x05\x98\xc5\x00\x00;\xeb\x00\x05\
\x98\xc5\x00\x00N\xde\x00\x05\x98\xc5\x00\x00\xa5?\x00\x05\
\x98\xc5\x00\x00\xac\xc4\x00\x05\x99~\x00\x00\xad\x81\x00\x05\
\xc0e\x00\x00Mq\x00\x05\xc0e\x00\x00e\x16\x00\x05\
\xfb\x82\x00\x00\x92#\x00\x1b\x9c\x05\x00\x00\xa7\x11\x00\x1b\
\x9c\x05\x00\x00\xb0=\x00(2\x82\x00\x00\x1d\x22\x00(\
2\x82\x00\x00\x83~\x00(2\x82\x00\x00\xca\x91\x00(\
\xc6Q\x00\x00\x96W\x000\xc6\x81\x00\x00\x0b\x18\x00A\
Z\x95\x00\x00\xb2R\x00Hw9\x00\x00S\x9d\x00J\
6\x95\x00\x00N=\x00J6\x95\x00\x00\xa8m\x00J\
\xc1\x05\x00\x00\x05\xe8\x00J\xc3\xa1\x00\x00\x8b}\x00M\
6\xb3\x00\x00\x8d\xc2\x00Te\xa8\x00\x00\x86\x86\x00T\
e\xa8\x00\x00\x8e\x8d\x00V\xae\xc2\x00\x00Sb\x00W\
'\x95\x00\x00\xab\x8e\x00`\xa0\xe7\x00\x00\x18\x14\x00h\
\x974\x00\x00\xd5\xb6\x00\x89\x05\xb4\x00\x00\x10\x94\x00\xa3\
\xad\x83\x00\x00\xdd\x93\x00\xa6\xda)\x00\x00\xb8\xd9\x00\xbf\
\xd7>\x00\x00\x93\xa3\x00\xc18^\x00\x002\x06\x00\xd0\
\x0c\xee\x00\x00`x\x00\xd6T1\x00\x00\x10\x1d\x00\xe1\
\xf8\xec\x00\x00\xeb^\x00\xed,%\x00\x00VZ\x00\xfd\
@\xc3\x00\x00\xb2\xf4\x01\x03\xe8\xce\x00\x00\x90\xdb\x01\x0d\
RI\x00\x009g\x01\x18\x9e\x04\x00\x00\xdc\xae\x01\x1a\
\xc6.\x00\x00m|\x010\xa9T\x00\x00H\xfe\x01:\
\xc0-\x00\x00W\xff\x01<\xc7\xd3\x00\x00\xaf5\x01]\
\xac\x8e\x00\x00\x16\x02\x01a\xbfw\x00\x00O\x18\x01b\
\xefh\x00\x00w\xfb\x01b\xefh\x00\x00\xe0\xcf\x01j\
\xf6Q\x00\x00D \x01t\xc1n\x00\x00+\xda\x01\x8e\
\x85i\x00\x00\x93\x13\x01\x91 \xc1\x00\x00\x0a}\x01\x9e\
`\xa5\x00\x007\xa4\x01\xa4)\xa1\x00\x00\x09j\x01\xa6\
dT\x00\x00\xdc\xf6\x01\xc1\x8d\xbe\x00\x00\x02$\x01\xd9\
\xca\x85\x00\x003\xdb\x01\xe1\x9c\xe9\x00\x00\xa9\xf9\x01\xe2\
\xae4\x00\x00\x98\x0c\x01\xe2\xae4\x00\x00\xa3\xb8\x01\xe2\
\xb2\xe4\x00\x00\xa1\xb5\x01\xee<(\x00\x00/\x91\x01\xf6\
'\xa3\x00\x004t\x01\xfcH\xce\x00\x00P\xc0\x02\x1d\
\x9fA\x00\x00\xee\x84\x02#\x0b\xfe\x00\x00>\xd7\x02#\
\x0b\xfe\x00\x00L\x97\x02#\x0b\xfe\x00\x00]E\x02+\
\xe6\xfe\x00\x00|\x87\x02/\x07\xa3\x00\x00\x8cK\x020\
\xc0s\x00\x00nC\x020\xc0s\x00\x00\xd7\xbf\x023\
\xc6D\x00\x00\xb3_\x02R,.\x00\x00\x09\xd8\x02T\
\xac.\x00\x00\xac#\x02T\xbc!\x00\x00\xee\x14\x02n\
.?\x00\x006\xd0\x02t8\xa3\x00\x00Q\xef\x02\x80\
\xddW\x00\x00\x16\xfd\x02\x81T\x12\x00\x00c>\x02\xa0\
\xc0W\x00\x00Nt\x02\xca8A\x00\x00F\x9f\x02\xca\
8A\x00\x00\xb2\x0c\x02\xcd,9\x00\x00$s\x02\xd4\
\xd4\xff\x00\x00\xcd)\x02\xef\xea_\x00\x00\x8f\xc0\x02\xfa\
E\xd5\x00\x00\xd6\x96\x02\xfc\xecn\x00\x009\xb9\x02\xff\
\xee\xd2\x00\x00\x1a\xab\x03\x0e\x0f3\x00\x00T\x9b\x03\x17\
\x9et\x00\x00\xc7\xcb\x039c\xce\x00\x00a\x8a\x03:\
\xf4\x01\x00\x00w\x98\x03U\xa4\x95\x00\x00\xe2n\x03Z\
j\x96\x00\x00\xdb\x1c\x03[\x1au\x00\x00\x98\x9d\x03\x5c\
\x09\x13\x00\x00H%\x03\x5c\x09\x13\x00\x00^I\x03h\
3\xaa\x00\x00\x8d\xfd\x03m\x13\xc4\x00\x00Ik\x03p\
\x7fn\x00\x00\xca\xc5\x03z\xe9e\x00\x00\xce\xb9\x03\x88\
\xaf\xff\x00\x00FY\x03\x88\xaf\xff\x00\x00\xb1\xbd\x03\x9b\
$\x8e\x00\x00\xb7\x19\x03\xbc\xb42\x00\x00\xd4\x17\x03\xbc\
\xb42\x00\x00\xef\x1e\x03\xc2\x90>\x00\x00n\x86\x03\xc7\
\x0c\x84\x00\x00\x9cs\x03\xc7\x0et\x00\x00\xa4\xa3\x03\xd0\
u\xf1\x00\x00\x05h\x03\xd1\xe0^\x00\x00\xb4\xdd\x03\xec\
\x02\x02\x00\x00\xe9\xad\x03\xf1M\xf5\x00\x00\x8fr\x03\xf4\
\x8c\xa9\x00\x00\x13!\x03\xf7B\xc9\x00\x00\xa9\xa1\x03\xf8\
>\xf8\x00\x00\xdb\x85\x03\xfeR\x15\x00\x00\xb9-\x04\x06\
\xa9\x85\x00\x00<(\x04\x0fJ\xc4\x00\x00\x9d\x0a\x04\x11\
\xd2I\x00\x00\x9c\xc0\x043\x0cD\x00\x00\xd7V\x04A\
\xa4\xb4\x00\x00\xa1\x0f\x04Y$\x93\x00\x00Ji\x04f\
\xace\x00\x00\xc5\xb4\x04juT\x00\x00C\x92\x04m\
c4\x00\x00\xc6\xfb\x04mc4\x00\x00\xc8\xbd\x04t\
\xdc\xf3\x00\x00\xd6+\x04\x84lT\x00\x00K>\x04\x84\
lT\x00\x00[t\x04\x84lT\x00\x00\xa7q\x04\x84\
\x9f4\x00\x00\x03c\x04\x98I\xbc\x00\x004;\x04\x98\
I\xbc\x00\x00E\xf3\x04\x98I\xbc\x00\x00\x5c\x0a\x04\x98\
I\xbc\x00\x00\x94\xd9\x04\x98I\xbc\x00\x00\x9dU\x04\x98\
I\xbc\x00\x00\xb1E\x04\x98I\xbc\x00\x00\xce~\x04\x99\
cs\x00\x00\xdf\xc4\x04\x9c\x1e\xf9\x00\x00\x1d\xd0\x04\xa8\
\xb8\xa5\x00\x00\x9d\x88\x04\xa8\xb8\xa5\x00\x00\xcf\x11\x04\xac\
,\xa5\x00\x00F%\x04\xac,\xa5\x00\x00\x9f\xbd\x04\xac\
,\xa5\x00\x00\xb1\x80\x04\xac\xab]\x00\x00T+\x04\xbb\
\xb3\xde\x00\x00\xdev\x04\xca\x1c\xb3\x00\x00y;\x04\xf6\
'\x15\x00\x00?\x87\x04\xf74\xbe\x00\x00\x1f\xa7\x05\x00\
\x16Q\x00\x00\xcd\x89\x05\x04v\x94\x00\x00G\xf3\x05\x04\
v\x94\x00\x00^\x16\x05\x04v\x94\x00\x00\x97\xd5\x05\x04\
\xa65\x00\x00H\x84\x05\x04\xa65\x00\x00MA\x05\x04\
\xa65\x00\x00\x85a\x05\x05\x18\xc7\x00\x00F\xdc\x05\x1c\
d\xd2\x00\x00\x19^\x05&\xe2\xe3\x00\x006`\x05'\
h\xd3\x00\x00\x91T\x05*\xee\xf9\x00\x00R\x9c\x05<\
\xb8\xf3\x00\x00\x8eU\x05=\xd9\xc5\x00\x00U>\x05>\
x\xae\x00\x00:\xd1\x05J\x98s\x00\x00\xd4\xb0\x05l\
\xa0#\x00\x00\xe7_\x05l\xc7<\x00\x00\xe8\xcd\x05x\
\x0a\xa8\x00\x00U\xee\x05\x81\xc4\x09\x00\x00u\xbb\x05\x81\
\xc4\x09\x00\x00\xd8\xc2\x05\x86\x1a\xb5\x00\x00\x8c\x9f\x05\xa4\
\x11\x85\x00\x00\xe7\x18\x05\xbbHs\x00\x00\xd8a\x05\xbd\
k\xaa\x00\x00\x89L\x05\xc0\xdd\x17\x00\x00\x17U\x05\xd6\
\xf6Y\x00\x00\x07\x0f\x05\xdb\x8c\xb2\x00\x00G\xa8\x05\xe2\
*\x81\x00\x00\x18\x7f\x05\xeb!\x9e\x00\x00?\x1e\x05\xf3\
\xcb\xd5\x00\x00\x1b\x90\x05\xfbB\xf2\x00\x00\xd26\x06\x00\
b\x99\x00\x00M\x99\x06\x07\xff\x19\x00\x00wW\x06\x07\
\xff\x19\x00\x00\x839\x06\x07\xff\x19\x00\x00\xbcm\x06\x07\
\xff\x19\x00\x00\xdf\x84\x06\x0b\xe1\xd5\x00\x00\xad\x08\x06\x1e\
\xe7\xc9\x00\x00\xc8g\x06 \x22\xe3\x00\x008R\x06 \
\x22\xe3\x00\x00\xb9\xf7\x06*\xc4!\x00\x00\x15\x8f\x06/\
vI\x00\x00\x97\x06\x06/x\xf9\x00\x00\xa2\x05\x062\
~\xd2\x00\x00H\xb6\x062\x835\x00\x00\xeb&\x063\
L\xc5\x00\x00\xa6\xb9\x06lP\x17\x00\x00\x90\x10\x06t\
\xc5\xd7\x00\x00\x00\x00\x06w)X\x00\x00B\x15\x06x\
\x99\xee\x00\x00\xec\xb7\x06\x83'\xc9\x00\x00\xca;\x06\x8b\
\x9ct\x00\x00\x93h\x06\x8b\x9ct\x00\x00\xca\x02\x06\x92\
\x87\xf6\x00\x00\xc6\xb4\x06\x96\xe6y\x00\x001\xb0\x06\x97\
uS\x00\x00\xccI\x06\x97\x7fu\x00\x00\xcc\x95\x06\x9a\
\x9f\xdc\x00\x00\x1f%\x06\xa6U\x17\x00\x00\x18\xf3\x06\xaa\
\x8a\x89\x00\x00\xb6\xcb\x06\xbd\x14\xc5\x00\x00\xe4z\x06\xc0\
\xefv\x00\x00\xbf\xae\x06\xc4\xab\xe7\x00\x00\xb3\xd8\x06\xc4\
\xab\xe7\x00\x00\xf0\x11\x06\xcb\xee\x93\x00\x00\x9c\x1a\x06\xce\
cu\x00\x00\xd8\x01\x06\xe2#\x15\x00\x007\xee\x06\xe8\
(\xb3\x00\x00S\xd9\x06\xeas6\x00\x00[\xd4\x06\xea\
s6\x00\x00\x94\x9f\x06\xeb\xfc\xa9\x00\x00\x96\x94\x06\xeb\
\xfc\xa9\x00\x00\xa2~\x07\x07)\xdc\x00\x00\xe7\xc2\x07\x0a\
\xec\xc6\x00\x00\xa4V\x07\x0a\xec\xc6\x00\x00\xcf\xa6\x07\x0f\
\xff\xf5\x00\x00\x97\x81\x07\x0f\xff\xf5\x00\x00\xa2\xec\x07\x0f\
\xff\xf5\x00\x00\xcfN\x07\x11\xac\x14\x00\x00B\xa9\x07\x16\
#\xae\x00\x00-\xec\x07\x1873\x00\x00\xaf\x8d\x07\x1c\
\xc6#\x00\x00\xea\xd3\x07&\x8a^\x00\x00\x9f\xf2\x07'\
(5\x00\x00\xe6\xc4\x076\xc6\xde\x00\x00\x0d\xe5\x07;\
c\xf1\x00\x00Dy\x07= \xd4\x00\x00`\xeb\x07O\
\xa1\xfc\x00\x00\xbf=\x07Qi\x84\x00\x00\x14\xc1\x07c\
\x06n\x00\x00\xd0V\x07g\x0d\xce\x00\x00\xae!\x07l\
\xc7<\x00\x00\xc1k\x07ql\xb3\x00\x00\x04\xa6\x07t\
\xb3n\x00\x00\x00\xfc\x07w\xcf\xe3\x00\x00RL\x07x\
\xe3\xd4\x00\x00\xc0S\x07\x8a\x89d\x00\x00\x1a\xf2\x07\x8d\
e\xfe\x00\x00Y\x94\x07\x90\xeb\xe2\x00\x00&\xf3\x07\xa6\
\x7f\xce\x00\x00y\x8b\x07\xaf$>\x00\x00(\xe7\x07\xb0\
c\x1c\x00\x00e\x9e\x07\xb0c\x1c\x00\x00\xaf\xed\x07\xd2\
\xd4V\x00\x00\xbc*\x07\xd4\xdfE\x00\x00\xa3v\x07\xd7\
4$\x00\x00\x1c\x8c\x07\xd8\x97$\x00\x00\xa4\xea\x07\xe3\
\xa6\xb3\x00\x00T\xee\x07\xe7T\x0e\x00\x00\x1e)\x08\x0c\
/#\x00\x00v\x1a\x08\x1e\xe3\xda\x00\x00\x8a\x7f\x08!\
\x01'\x00\x00\xb6\x1c\x08!<&\x00\x00c\x83\x086\
\xa9#\x00\x00\x88\x87\x086\xab\xd3\x00\x00\x89\x18\x08>\
\x07.\x00\x00i\xff\x08Fk\xb5\x00\x00\xa7\xf7\x08N\
\xb2\xf5\x00\x00\xbb\x93\x08x$e\x00\x00\x9e\x1f\x08y\
0\x84\x00\x00c\xd6\x08\x82\x84\xd5\x00\x00\x1dR\x08\x82\
\x84\xd5\x00\x00\x84\x12\x08\x87\xd7e\x00\x00'\xce\x08\x8a\
\x7f\xae\x00\x00R\xe5\x08\x9c,\xc5\x00\x00\x8b\x14\x08\xab\
\xe2\x09\x00\x00K\xca\x08\xab\xe2\x09\x00\x00\x5c=\x08\xab\
\xe2\x09\x00\x00\xa7\xaf\x08\xacS\x19\x00\x00\xbf\xe9\x08\xae\
H>\x00\x00\x11)\x08\xae\xa0$\x00\x00\x91\xe9\x08\xb9\
\xc7\xd3\x00\x00\xa3<\x08\xb9\xc7\xd3\x00\x00\xef\xac\x08\xbb\
\xd8r\x00\x00J\xc4\x08\xc03S\x00\x00\x96\x1c\x08\xc1\
c!\x00\x00J\x19\x08\xc6\x107\x00\x00\x17\xad\x08\xd6\
A\xa1\x00\x00(_\x08\xd7\x8f%\x00\x00\xb6\x8b\x08\xe2\
\xe0\xd9\x00\x003Q\x08\xe3\xd2^\x00\x00xZ\x08\xed\
j\xa5\x00\x00\xa4\x06\x08\xedj\xa5\x00\x00\xc7u\x08\xef\
AV\x00\x00x\xcc\x08\xefAV\x00\x00\xe1-\x08\xf2\
\xf0\x04\x00\x00\x88\xb8\x09\x0f\x05u\x00\x00\x8c\xe8\x09\x12\
\xac>\x00\x00\xc3\x98\x09 :\x03\x00\x00\xd2\x92\x09E\
A\xde\x00\x00\xb0\x98\x09Mg\xfe\x00\x00L\xd7\x09W\
\x1f\xe8\x00\x00$\xe2\x09c\x02%\x00\x00\xc8 \x09e\
l\x8e\x00\x00Oz\x09x\xde\x03\x00\x00\x99}\x09\x7f\
\x91\xd1\x00\x00\x995\x09\x7f\xd6n\x00\x00!.\x09\x80\
{\x1e\x00\x000#\x09\x83\x91Y\x00\x00d>\x09\x88\
\xc6~\x00\x00\xee\xe4\x09\x94\xdc\x15\x00\x00\x8e\xba\x09\x9d\
4R\x00\x00\x94!\x09\xbdO1\x00\x00\x01\xb7\x09\xc4\
\x8do\x00\x00\x90\xa5\x09\xc4\x8do\x00\x00\xed\xdc\x09\xe6\
\x0a\xd3\x00\x00\xb9\xb2\x09\xe6\x0a\xd3\x00\x00\xd9 \x09\xed\
\x1f\x83\x00\x00\xe9m\x09\xfc\x02\xe8\x00\x00\x82\xb3\x09\xfc\
\x02\xe8\x00\x00\xea.\x09\xfd\xb6\xae\x00\x00<\x8b\x0a\x04\
\xbe\x14\x00\x00\xae\xec\x0a\x0c\xd23\x00\x00\x91\xa1\x0a\x1b\
\xd3\xc5\x00\x00\xa9*\x0a\x1cQ.\x00\x00^\xa9\x0a \
X'\x00\x00-\x82\x0a,\xf1\xb3\x00\x00\x00r\x0a6\
\xa0\x07\x00\x00\x8bH\x0aE\xa5n\x00\x00\x06v\x0aE\
\xa5\xfe\x00\x00\x0c\xa0\x0aP\xc8\xb3\x00\x00\xdb\xca\x0a_\
\xddi\x00\x00\xc9\x9a\x0aa\x0f\x05\x00\x00\xd3H\x0ac\
X\x93\x00\x00]\xb9\x0ai\xces\x00\x00\x92\xc6\x0ai\
\xces\x00\x00\x95\x10\x0ai\xces\x00\x00\xd4i\x0al\
%\xe5\x00\x00eA\x0al%\xe5\x00\x00\xaa\xac\x0a\xb4\
\xc5w\x00\x00\x80\x5c\x0a\xbf\xe7\xfe\x00\x00\x89\x9b\x0a\xc9\
s\x93\x00\x00\x1fo\x0a\xd8\xd6>\x00\x00\xe4)\x0a\xde\
/\xb9\x00\x00L\x02\x0a\xf6\xd9\x94\x00\x00\x93\xe2\x0a\xfd\
I\x01\x00\x00\x9f}\x0b\x00\xc9N\x00\x00\x08\xca\x0b\x1c\
\xda6\x00\x00\xab\xcb\x0b%\xd6U\x00\x00\x9bM\x0b3\
\xbd\x9c\x00\x00\xe5k\x0bL*z\x00\x00\x8b\xae\x0bL\
\x85\xa4\x00\x00\x9e\x91\x0b[\xb8\x8e\x00\x00\x22\xd1\x0b]\
\x0e\xd9\x00\x00AI\x0b\x8d\x03\xf5\x00\x00\xb5\xac\x0b\x90\
\x85\xee\x00\x00_P\x0b\x9c\x023\x00\x00\xc0\x22\x0b\x9e\
\xaa\x22\x00\x00\x0c\x1c\x0b\xa5f.\x00\x00\xb4\x17\x0b\xb0\
b\xc1\x00\x00G8\x0b\xb0b\xc1\x00\x00\xb2\xae\x0b\xb1\
F\xae\x00\x00\xc2Y\x0b\xb4\xc2\xa9\x00\x00\xc5Y\x0b\xb4\
\xc2\xae\x00\x00\x87\xa2\x0b\xb6(\x1e\x00\x00\xbc\xaf\x0b\xb9\
*1\x00\x00-9\x0b\xd0\xb81\x00\x00'e\x0b\xfe\
\xee\x9e\x00\x00P\x1c\x0b\xff\x17\x04\x00\x00\x0b\xca\x0c\x1d\
I\x9e\x00\x00:E\x0c'o\xf5\x00\x00\x98\xef\x0c>\
\x22\xbe\x00\x00\xa5v\x0cA6\xfe\x00\x00jo\x0cD\
<u\x00\x00\x125\x0ce\xf2\xc0\x00\x00\x07\xd1\x0cj\
\x8a\xe4\x00\x00>\x97\x0cu\x97S\x00\x00\x99\xf4\x0c\x85\
rD\x00\x00\x9d\xbd\x0c\x98\xc0\x09\x00\x004\xfc\x0c\x98\
\xc0\x09\x00\x00Le\x0c\x98\xc0\x09\x00\x00]\x10\x0c\x98\
\xc0\x09\x00\x00\xa8\xae\x0c\x9b&I\x00\x00I\xd5\x0c\xa3\
\xcc\x0c\x00\x006\x19\x0c\xa4I~\x00\x00qG\x0c\xa8\
\xf2r\x00\x00\x1bE\x0c\xa9\x00\xde\x00\x00e\xeb\x0c\xad\
3\x83\x00\x00\x90G\x0c\xb7%\xf4\x00\x00\xd7\x04\x0c\xb7\
\xe8r\x00\x00\xbe\x5c\x0c\xbb\x01s\x00\x00\xc0\xb6\x0c\xbb\
\x01s\x00\x00\xef\xde\x0c\xbd\xdc\xe1\x00\x00\x08l\x0c\xc3\
\xb2\x09\x00\x00>I\x0c\xc9\xca\xa7\x00\x00QW\x0c\xe4\
0\xd9\x00\x00\xc1\xc7\x0c\xf0Y\x83\x00\x00\xcc\xe1\x0c\xf6\
\xc5\xd5\x00\x00Gu\x0c\xf6\xc5\xd5\x00\x00M\x10\x0c\xf6\
\xc5\xd5\x00\x00\x84\xf7\x0d\x04\x85\xa1\x00\x00\xd1\x92\x0d\x0b\
h\xae\x00\x00\x0d'\x0d\x10\xd3\xae\x00\x00EF\x0d\x17\
\x1e\xb5\x00\x00m\xea\x0d @\x04\x00\x00\xad\xc9\x0d4\
\xf07\x00\x00C\x18\x0d4\xf07\x00\x00\x84J\x0d;\
\xfe4\x00\x00\xa1]\x0d@\xbc5\x00\x00\xe2\xc0\x0dG\
\x19^\x00\x00bl\x0dH,\xe3\x00\x00\xd9c\x0dV\
4\xde\x00\x00\x81\x1e\x0d_\x14\xc3\x00\x00\xe6h\x0da\
\xc5E\x00\x00\x1b\xe2\x0di#\xc9\x00\x00d\xae\x0dw\
R\xde\x00\x00\xcb\xb9\x0d\x80\xcb\xb7\x00\x00\x19\xd5\x0d\x84\
6\xd5\x00\x00\x9b\xb2\x0d\x98\xe8E\x00\x00\x13\xef\x0d\x9b\
\xebS\x00\x00\xbb\xc4\x0d\x9f#\x91\x00\x00\x1a1\x0d\xa9\
,\x8e\x00\x00\xec.\x0d\xaf\xe9d\x00\x00\xcf\xfb\x0d\xb2\
\xcd%\x00\x007C\x0d\xb8p\x8e\x00\x002\x8a\x0d\xbf\
f\x18\x00\x00B\x5c\x0d\xc2\xa6e\x00\x00\xe9'\x0d\xc9\
\xb3#\x00\x00a4\x0d\xe34^\x00\x00X\x5c\x0d\xe3\
\xcf\xa3\x00\x00\xc0\xf1\x0d\xf6R\xb4\x00\x00v\xe1\x0e\x00\
\x12\xd3\x00\x00Q\x93\x0e\x00\xbc\xa7\x00\x00D\xeb\x0e\x00\
\xbc\xa7\x00\x00M\xde\x0e\x09\xe6>\x00\x00\x0e\xa3\x0e\x0d\
/\xf5\x00\x00Kl\x0e)n>\x00\x00*M\x0e6\
\xe7\x1c\x00\x00\xeb\xc5\x0eH\x95\xc3\x00\x00\xe3#\x0ef\
\xd9\x82\x00\x00\xefj\x0ey\x1e\xea\x00\x00\x8c\x03\x0e\x9a\
\xdd\x9c\x00\x00v\x81\x0e\xc6\xa1\xd4\x00\x00\xba\xa0\x0e\xc7\
\xda\xd3\x00\x00\x80\xb9\x0e\xc8mr\x00\x00\x1c\xe1\x0e\xc9\
\x906\x00\x009#\x0e\xd7;\xef\x00\x00\xea\x81\x0e\xd8\
\x919\x00\x00\x16\x85\x0e\xdbv\xa3\x00\x008\xd0\x0e\xe7\
\xe8>\x00\x00V\xa5\x0e\xf1~\x1e\x00\x00\x95]\x0e\xf3\
\xed\x1e\x00\x00\x9aE\x0e\xf7D\x9e\x00\x00%}\x0f\x04\
\xad\x92\x00\x00\xcd\xf5\x0f\x1e\xd3C\x00\x00\xdaE\x0f%\
+\xde\x00\x00\xc5\xff\x0f*\x19\xbe\x00\x00\x5cx\x0f-\
W\x89\x00\x00\x86\xba\x0f.\xe4g\x00\x00\x9e\xe3\x0f6\
\x1da\x00\x00\x02\xb9\x0f?\xfe\xb0\x00\x00[*\x0f@\
\x9c\x03\x00\x00\x92n\x0fX\x1cz\x00\x00\x8dI\x0fj\
\xf7\xd3\x00\x00\xe1\x8d\x0fs+~\x00\x00\x03\xb5\x0fu\
\xc6N\x00\x0057\x0f\x90_\x05\x00\x00\xd1\xdb\x0f\x91\
J\x16\x00\x00\xc93\x0f\x91V\x87\x00\x00\x1c:\x0f\xa8\
\xe1\x1e\x00\x00\x1e|\x0f\xaf\xa5L\x00\x00\xddD\x0f\xbf\
U\x10\x00\x00Z\xd7\x0f\xc9\xef\xd6\x00\x00\xc2\x1e\x0f\xeb\
lD\x00\x00\x1d\x86\x0f\xeblD\x00\x00\x8a\xcd\x0f\xeb\
lD\x00\x00\xd3\x02\x0f\xfe\xbb\x93\x00\x00\xe5\x06i\x00\
\x00\xf0@\x03\x00\x00\x00@\x00%\x001\x00 \x044\
\x04>\x04;\x046\x04=\x04>\x00 \x041\x04K\
\x04B\x04L\x00 \x04>\x041\x04J\x045\x04:\
\x04B\x04>\x04<\x00 \x04A\x00 \x04?\x04>\
\x04;\x04O\x04<\x048\x08\x00\x00\x00\x00\x06\x00\x00\
\x00\x14%1 must be a m\
apping\x07\x00\x00\x00\x09AppEr\
rors\x01\x03\x00\x00\x00H\x04\x1f\x04@\x04>\
\x043\x04=\x04>\x047\x00 \x04A\x00 \x048\
\x04<\x045\x04=\x045\x04<\x00 \x00\xab\x00%\
\x001\x00\xbb\x00 \x04C\x046\x045\x00 \x04A\
\x04C\x04I\x045\x04A\x04B\x042\x04C\x045\
\x04B\x08\x00\x00\x00\x00\x06\x00\x00\x00$A fo\
recast named \x22%1\
\x22 already exists\
\x07\x00\x00\x00\x09AppErrors\x01\x03\
\x00\x00\x00f\x04\x14\x04;\x04O\x00 \x047\x040\
\x043\x04@\x04C\x047\x04:\x048\x00 \x04:\
\x04C\x04@\x04A\x04>\x042\x00 \x042\x040\
\x04;\x04N\x04B\x00 \x04B\x04@\x045\x041\
\x04C\x045\x04B\x04A\x04O\x00 \x041\x040\
\x047\x04>\x042\x040\x04O\x00 \x042\x040\
\x04;\x04N\x04B\x040\x00.\x08\x00\x00\x00\x00\x06\
\x00\x00\x007Base currenc\
y is required to\
 fetch live exch\
ange rates.\x07\x00\x00\x00\x09\
AppErrors\x01\x03\x00\x00\x008\x04\
\x14\x045\x04=\x045\x046\x04=\x04K\x049\x00\
 \x04?\x04>\x04B\x04>\x04:\x00 \x04=\x04\
5\x00 \x04=\x040\x049\x044\x045\x04=\x00\
:\x00 \x00%\x001\x08\x00\x00\x00\x00\x06\x00\x00\x00\
\x17Cash flow not f\
ound: %1\x07\x00\x00\x00\x09App\
Errors\x01\x03\x00\x00\x00X\x04\x1d\x045\
\x00 \x04C\x044\x040\x04;\x04>\x04A\x04L\
\x00 \x04>\x04B\x04:\x04@\x04K\x04B\x04L\
\x00 \x04@\x04C\x04:\x04>\x042\x04>\x044\
\x04A\x04B\x042\x04>\x00 \x04?\x04>\x04;\
\x04L\x047\x04>\x042\x040\x04B\x045\x04;\
\x04O\x00.\x08\x00\x00\x00\x00\x06\x00\x00\x00\x1fCo\
uld not open the\
 user manual.\x07\x00\x00\
\x00\x09AppErrors\x01\x03\x00\x00\x00\
b\x04\x1d\x045\x00 \x04C\x044\x040\x04;\x04\
>\x04A\x04L\x00 \x04?\x04@\x04>\x04G\x04\
8\x04B\x040\x04B\x04L\x00 \x04B\x045\x04\
:\x04A\x04B\x00 \x04A\x00 \x048\x047\x04\
>\x041\x04@\x040\x046\x045\x04=\x048\x04\
O\x00 \x04G\x045\x04:\x040\x00:\x00 \x00\
%\x001\x08\x00\x00\x00\x00\x06\x00\x00\x00*Cou\
ld not read text\
 from receipt im\
age: %1\x07\x00\x00\x00\x09AppE\
rrors\x01\x03\x00\x00\x00 \x04\x22\x04@\x04\
5\x041\x04C\x045\x04B\x04A\x04O\x00 \x04\
2\x040\x04;\x04N\x04B\x040\x08\x00\x00\x00\x00\
\x06\x00\x00\x00\x14Currency is\
 required\x07\x00\x00\x00\x09Ap\
pErrors\x01\x03\x00\x00\x00\x8e\x04\x14\x04\
>\x04A\x04B\x048\x043\x04=\x04C\x04B\x00\
 \x044\x04=\x045\x042\x04=\x04>\x049\x00\
 \x04;\x048\x04<\x048\x04B\x00 \x047\x04\
0\x043\x04@\x04C\x047\x04:\x048\x00 \x04\
:\x04C\x04@\x04A\x04>\x042\x00 \x00(\x00\
1\x000\x00 \x042\x00 \x044\x045\x04=\x04\
L\x00)\x00.\x00 \x04\x1f\x04>\x04?\x04@\x04\
>\x041\x04C\x049\x04B\x045\x00 \x047\x04\
0\x042\x04B\x04@\x040\x00.\x08\x00\x00\x00\x00\
\x06\x00\x00\x00EDaily live \
rate fetch limit\
 reached (10 per\
 day). Try again\
 tomorrow.\x07\x00\x00\x00\x09A\
ppErrors\x01\x03\x00\x00\x00n\x04\x12\
\x00 \x04>\x04B\x042\x045\x04B\x045\x00 \
\x00A\x00P\x00I\x00 \x04:\x04C\x04@\x04A\
\x04>\x042\x00 \x042\x040\x04;\x04N\x04B\
\x00 \x04>\x04B\x04A\x04C\x04B\x04A\x04B\
\x042\x04C\x04N\x04B\x00 \x04:\x04C\x04@\
\x04A\x04K\x00 \x04:\x04>\x04=\x042\x045\
\x04@\x04B\x040\x04F\x048\x048\x08\x00\x00\x00\
\x00\x06\x00\x00\x006Exchange r\
ate API response\
 is missing conv\
ersion rates\x07\x00\x00\x00\
\x09AppErrors\x01\x03\x00\x00\x00@\
\x00A\x00P\x00I\x00 \x04:\x04C\x04@\x04A\
\x04>\x042\x00 \x042\x040\x04;\x04N\x04B\
\x00 \x042\x045\x04@\x04=\x04C\x04;\x04>\
\x00 \x00H\x00T\x00T\x00P\x00 \x00%\x001\
\x08\x00\x00\x00\x00\x06\x00\x00\x00\x22Exchan\
ge rate API retu\
rned HTTP %1\x07\x00\x00\x00\
\x09AppErrors\x01\x03\x00\x00\x00J\
\x00A\x00P\x00I\x00 \x04:\x04C\x04@\x04A\
\x04>\x042\x00 \x042\x040\x04;\x04N\x04B\
\x00 \x042\x045\x04@\x04=\x04C\x04;\x04>\
\x00 \x04=\x04C\x04;\x045\x042\x04>\x049\
\x00 \x04:\x04C\x04@\x04A\x08\x00\x00\x00\x00\x06\
\x00\x00\x00&Exchange rat\
e API returned a\
 zero rate\x07\x00\x00\x00\x09A\
ppErrors\x01\x03\x00\x00\x00T\x00A\
\x00P\x00I\x00 \x04:\x04C\x04@\x04A\x04>\
\x042\x00 \x042\x040\x04;\x04N\x04B\x00 \
\x042\x045\x04@\x04=\x04C\x04;\x04>\x00 \
\x04=\x045\x044\x04>\x04?\x04C\x04A\x04B\
\x048\x04<\x04K\x049\x00 \x00J\x00S\x00O\
\x00N\x08\x00\x00\x00\x00\x06\x00\x00\x00'Exch\
ange rate API re\
turned invalid J\
SON\x07\x00\x00\x00\x09AppError\
s\x01\x03\x00\x00\x00p\x00U\x00S\x00D\x00 \x04\
=\x045\x04;\x04L\x047\x04O\x00 \x048\x04\
A\x04?\x04>\x04;\x04L\x047\x04>\x042\x04\
0\x04B\x04L\x00 \x04:\x040\x04:\x00 \x04\
8\x04A\x04E\x04>\x044\x04=\x04C\x04N\x00\
 \x042\x040\x04;\x04N\x04B\x04C\x00 \x04\
:\x04C\x04@\x04A\x040\x00 \x04>\x041\x04\
<\x045\x04=\x040\x08\x00\x00\x00\x00\x06\x00\x00\x00\
4Exchange rates \
cannot use USD a\
s the source cur\
rency\x07\x00\x00\x00\x09AppErr\
ors\x01\x03\x00\x00\x00V\x04\x1a\x04C\x04@\x04\
A\x04K\x00 \x04>\x041\x04<\x045\x04=\x04\
0\x00 \x044\x04>\x04;\x046\x04=\x04K\x00\
 \x041\x04K\x04B\x04L\x00 \x04:\x00 \x00\
U\x00S\x00D\x00,\x00 \x04?\x04>\x04;\x04\
C\x04G\x045\x04=\x00 \x00G\x00B\x00P\x08\
\x00\x00\x00\x00\x06\x00\x00\x00'Exchang\
e rates must tar\
get USD, got GBP\
\x07\x00\x00\x00\x09AppErrors\x01\x03\
\x00\x00\x00*\x04\x1f\x04@\x04>\x043\x04=\x04>\
\x047\x00 \x04=\x045\x00 \x04=\x040\x049\
\x044\x045\x04=\x00:\x00 \x00%\x001\x08\x00\
\x00\x00\x00\x06\x00\x00\x00\x16Forecast\
 not found: %1\x07\x00\
\x00\x00\x09AppErrors\x01\x03\x00\x00\
\x00\x5c\x04\x1d\x045\x042\x045\x04@\x04=\x04K\
\x045\x00 \x044\x040\x04=\x04=\x04K\x045\
\x00.\x00 \x04\x1f\x04@\x04>\x042\x045\x04@\
\x04L\x04B\x045\x00 \x042\x042\x045\x044\
\x04Q\x04=\x04=\x04K\x045\x00 \x047\x04=\
\x040\x04G\x045\x04=\x048\x04O\x00.\x08\x00\
\x00\x00\x00\x06\x00\x00\x00&Invalid \
data. Please che\
ck your input.\x07\x00\
\x00\x00\x09AppErrors\x01\x03\x00\x00\
\x008\x04\x1d\x045\x044\x04>\x04?\x04C\x04A\
\x04B\x048\x04<\x04K\x049\x00 \x04H\x040\
\x041\x04;\x04>\x04=\x00 \x044\x040\x04B\
\x04K\x00:\x00 \x00%\x001\x08\x00\x00\x00\x00\x06\
\x00\x00\x00\x18Invalid date\
 pattern: %1\x07\x00\x00\x00\
\x09AppErrors\x01\x03\x00\x00\x00\x5c\
\x04\x1f\x04>\x04;\x04C\x04G\x045\x04=\x048\
\x045\x00 \x040\x04:\x04B\x04C\x040\x04;\
\x04L\x04=\x04K\x04E\x00 \x04:\x04C\x04@\
\x04A\x04>\x042\x00 \x042\x040\x04;\x04N\
\x04B\x00 \x04=\x045\x00 \x042\x04:\x04;\
\x04N\x04G\x045\x04=\x04>\x00.\x08\x00\x00\x00\
\x00\x06\x00\x00\x00+Live excha\
nge-rate fetchin\
g is not enabled\
.\x07\x00\x00\x00\x09AppErrors\x01\
\x03\x00\x00\x00R\x04\x12\x00 \x04B\x045\x04A\x04\
B\x04>\x042\x04K\x04E\x00 \x04:\x04C\x04\
@\x04A\x040\x04E\x00 \x04>\x04B\x04A\x04\
C\x04B\x04A\x04B\x042\x04C\x04N\x04B\x00\
 \x04A\x048\x04<\x042\x04>\x04;\x04K\x00\
:\x00 \x00%\x001\x08\x00\x00\x00\x00\x06\x00\x00\x00\
+Mock exchange r\
ates are missing\
 symbols: %1\x07\x00\x00\x00\
\x09AppErrors\x01\x03\x00\x00\x00\x5c\
\x04\x14\x04;\x04O\x00 \x041\x040\x047\x04>\
\x042\x04>\x049\x00 \x042\x040\x04;\x04N\
\x04B\x04K\x00 \x00%\x001\x00 \x04=\x045\
\x00 \x047\x040\x044\x040\x04=\x04K\x00 \
\x04B\x045\x04A\x04B\x04>\x042\x04K\x045\
\x00 \x04:\x04C\x04@\x04A\x04K\x08\x00\x00\x00\
\x00\x06\x00\x00\x008Mock excha\
nge rates are no\
t defined for ba\
se currency %1\x07\x00\
\x00\x00\x09AppErrors\x01\x03\x00\x00\
\x00$\x04\x22\x04@\x045\x041\x04C\x045\x04B\
\x04A\x04O\x00 \x04=\x040\x047\x042\x040\
\x04=\x048\x045\x08\x00\x00\x00\x00\x06\x00\x00\x00\x10\
Name is required\
\x07\x00\x00\x00\x09AppErrors\x01\x03\
\x00\x00\x00B\x04\x1a\x04C\x04@\x04A\x00 \x04>\
\x041\x04<\x045\x04=\x040\x00 \x04=\x045\
\x00 \x04=\x040\x049\x044\x045\x04=\x00 \
\x044\x04;\x04O\x00 \x00%\x001\x00 !\x92\
\x00 \x00%\x002\x08\x00\x00\x00\x00\x06\x00\x00\x00$\
No exchange rate\
 found for %1 \xe2\x86\
\x92 %2\x07\x00\x00\x00\x09AppErro\
rs\x01\x03\x00\x00\x00J\x04\x1d\x045\x04B\x00 \
\x04@\x045\x047\x04C\x04;\x04L\x04B\x040\
\x04B\x040\x00 \x04?\x04@\x04>\x045\x04:\
\x04F\x048\x048\x00 \x044\x04;\x04O\x00 \
\x04M\x04:\x04A\x04?\x04>\x04@\x04B\x040\
\x00.\x08\x00\x00\x00\x00\x06\x00\x00\x00\x1fNo p\
rojection result\
 to export.\x07\x00\x00\x00\x09\
AppErrors\x01\x03\x00\x00\x00f\x04\
\x1f\x04>\x044\x04>\x046\x044\x048\x04B\x04\
5\x00 \x00%\x001\x00 \x04<\x048\x04=\x00\
.\x00 \x04?\x045\x04@\x045\x044\x00 \x04\
?\x04>\x042\x04B\x04>\x04@\x04=\x04>\x04\
9\x00 \x047\x040\x043\x04@\x04C\x047\x04\
:\x04>\x049\x00 \x04:\x04C\x04@\x04A\x04\
>\x042\x00.\x08\x00\x00\x00\x00\x06\x00\x00\x00:P\
lease wait %1 mi\
nute(s) before f\
etching live rat\
es again.\x07\x00\x00\x00\x09Ap\
pErrors\x01\x03\x00\x00\x00f\x04\x1f\x04\
>\x044\x04>\x046\x044\x048\x04B\x045\x00\
 \x00%\x001\x00 \x04A\x045\x04:\x00.\x00\
 \x04?\x045\x04@\x045\x044\x00 \x04?\x04\
>\x042\x04B\x04>\x04@\x04=\x04>\x049\x00\
 \x047\x040\x043\x04@\x04C\x047\x04:\x04\
>\x049\x00 \x04:\x04C\x04@\x04A\x04>\x04\
2\x00.\x08\x00\x00\x00\x00\x06\x00\x00\x00:Ple\
ase wait %1 seco\
nd(s) before fet\
ching live rates\
 again.\x07\x00\x00\x00\x09AppE\
rrors\x01\x03\x00\x00\x00\xea\x04 \x040\x04\
A\x04?\x04>\x047\x04=\x040\x042\x040\x04\
=\x048\x045\x00 \x04G\x045\x04:\x04>\x04\
2\x00 \x04=\x040\x00 \x00m\x00a\x00c\x00\
O\x00S\x00 \x04B\x04@\x045\x041\x04C\x04\
5\x04B\x00 \x04?\x04@\x048\x042\x04O\x04\
7\x04>\x04:\x00 \x00P\x00y\x00O\x00b\x00\
j\x00C\x00 \x00V\x00i\x00s\x00i\x00o\x00\
n\x00.\x00 \x04#\x04A\x04B\x040\x04=\x04\
>\x042\x048\x04B\x045\x00 \x00e\x00x\x00\
t\x00r\x00a\x00 \x00'\x00o\x00c\x00r\x00\
-\x00m\x00a\x00c\x00o\x00s\x00'\x00 \x04\
8\x04;\x048\x00 \x042\x042\x045\x044\x04\
8\x04B\x045\x00 \x04@\x040\x04A\x04E\x04\
>\x044\x00 \x042\x04@\x04C\x04G\x04=\x04\
C\x04N\x00.\x08\x00\x00\x00\x00\x06\x00\x00\x00rR\
eceipt OCR on ma\
cOS requires PyO\
bjC Vision bindi\
ngs. Install the\
 'ocr-macos' ext\
ra or enter the \
expense manually\
.\x07\x00\x00\x00\x09AppErrors\x01\
\x03\x00\x00\x00>\x04\x18\x047\x04>\x041\x04@\x04\
0\x046\x045\x04=\x048\x045\x00 \x04G\x04\
5\x04:\x040\x00 \x04=\x045\x00 \x04=\x04\
0\x049\x044\x045\x04=\x04>\x00:\x00 \x00\
%\x001\x08\x00\x00\x00\x00\x06\x00\x00\x00\x1bRec\
eipt image not f\
ound: %1\x07\x00\x00\x00\x09App\
Errors\x01\x03\x00\x00\x00P\x04%\x04@\
\x040\x04=\x048\x04;\x048\x04I\x045\x00 \
\x048\x047\x04>\x041\x04@\x040\x046\x045\
\x04=\x048\x049\x00 \x04G\x045\x04:\x04>\
\x042\x00 \x04=\x045\x00 \x04=\x040\x04A\
\x04B\x04@\x04>\x045\x04=\x04>\x08\x00\x00\x00\
\x00\x06\x00\x00\x00'Receipt im\
age storage is n\
ot configured\x07\x00\x00\
\x00\x09AppErrors\x01\x03\x00\x00\x00\
\x9a\x04!\x04:\x040\x04=\x048\x04@\x04>\x04\
2\x040\x04=\x048\x045\x00 \x04G\x045\x04\
:\x04>\x042\x00 \x04=\x045\x044\x04>\x04\
A\x04B\x04C\x04?\x04=\x04>\x00 \x04=\x04\
0\x00 \x04M\x04B\x04>\x049\x00 \x04?\x04\
;\x040\x04B\x04D\x04>\x04@\x04<\x045\x00\
 \x00(\x00%\x001\x00)\x00.\x00 \x04\x12\x04\
2\x045\x044\x048\x04B\x045\x00 \x04@\x04\
0\x04A\x04E\x04>\x044\x00 \x042\x04@\x04\
C\x04G\x04=\x04C\x04N\x00.\x08\x00\x00\x00\x00\
\x06\x00\x00\x00TReceipt sca\
nning is not ava\
ilable on this p\
latform (%1). En\
ter the expense \
manually.\x07\x00\x00\x00\x09Ap\
pErrors\x01\x03\x00\x00\x00\x94\x04\x1f\x04\
0\x04@\x040\x04<\x045\x04B\x04@\x04K\x00\
 \x04A\x048\x04<\x04C\x04;\x04O\x04F\x04\
8\x048\x00 \x044\x04>\x04;\x046\x04=\x04\
K\x00 \x04A\x04>\x044\x045\x04@\x046\x04\
0\x04B\x04L\x00 \x044\x040\x04B\x04K\x00\
 \x04=\x040\x04G\x040\x04;\x040\x00 \x04\
8\x00 \x04>\x04:\x04>\x04=\x04G\x040\x04\
=\x048\x04O\x00 \x042\x00 \x04D\x04>\x04\
@\x04<\x040\x04B\x045\x00 \x00I\x00S\x00\
O\x08\x00\x00\x00\x00\x06\x00\x00\x00:Simul\
ation params mus\
t include ISO st\
art_date and end\
_date\x07\x00\x00\x00\x09AppErr\
ors\x01\x03\x00\x00\x00x\x04\x1f\x040\x04@\x04\
0\x04<\x045\x04B\x04@\x04K\x00 \x04A\x04\
8\x04<\x04C\x04;\x04O\x04F\x048\x048\x00\
 \x044\x04>\x04;\x046\x04=\x04K\x00 \x04\
A\x04>\x044\x045\x04@\x046\x040\x04B\x04\
L\x00 \x04=\x045\x04?\x04C\x04A\x04B\x04\
C\x04N\x00 \x041\x040\x047\x04>\x042\x04\
C\x04N\x00 \x042\x040\x04;\x04N\x04B\x04\
C\x08\x00\x00\x00\x00\x06\x00\x00\x008Simul\
ation params mus\
t include a non-\
empty base_curre\
ncy\x07\x00\x00\x00\x09AppError\
s\x01\x03\x00\x00\x00|\x04\x1f\x040\x04@\x040\x04\
<\x045\x04B\x04@\x04K\x00 \x04A\x048\x04\
<\x04C\x04;\x04O\x04F\x048\x048\x00 \x04\
4\x04>\x04;\x046\x04=\x04K\x00 \x04A\x04\
>\x044\x045\x04@\x046\x040\x04B\x04L\x00\
 \x04G\x048\x04A\x04;\x04>\x042\x04>\x04\
9\x00 \x04=\x040\x04G\x040\x04;\x04L\x04\
=\x04K\x049\x00 \x041\x040\x04;\x040\x04\
=\x04A\x08\x00\x00\x00\x00\x06\x00\x00\x008Sim\
ulation params m\
ust include a nu\
meric initial_ba\
lance\x07\x00\x00\x00\x09AppErr\
ors\x01\x03\x00\x00\x00r\x04\x14\x048\x040\x04\
?\x040\x047\x04>\x04=\x00 \x04A\x048\x04\
<\x04C\x04;\x04O\x04F\x048\x048\x00 \x00\
%\x001\x00 \x044\x04=\x00.\x00 \x04?\x04\
@\x045\x042\x04K\x04H\x040\x045\x04B\x00\
 \x04;\x048\x04<\x048\x04B\x00 \x00%\x00\
2\x00 \x044\x04=\x00.\x00 \x00(\x001\x00\
0\x00 \x04;\x045\x04B\x00)\x08\x00\x00\x00\x00\
\x06\x00\x00\x00>Simulation \
range of %1 days\
 exceeds the %2-\
day (10-year) li\
mit\x07\x00\x00\x00\x09AppError\
s\x01\x03\x00\x00\x00<\x04\x1d\x045\x04?\x04>\x04\
4\x044\x045\x04@\x046\x048\x042\x040\x04\
5\x04<\x04K\x049\x00 \x04B\x048\x04?\x00\
 \x04D\x040\x049\x04;\x040\x00:\x00 \x00\
%\x001\x08\x00\x00\x00\x00\x06\x00\x00\x00\x19Uns\
upported file ty\
pe: %1\x07\x00\x00\x00\x09AppEr\
rors\x01\x03\x00\x00\x00H\x04 \x04C\x04:\
\x04>\x042\x04>\x044\x04A\x04B\x042\x04>\
\x00 \x04?\x04>\x04;\x04L\x047\x04>\x042\
\x040\x04B\x045\x04;\x04O\x00 \x04=\x045\
\x044\x04>\x04A\x04B\x04C\x04?\x04=\x04>\
\x00.\x08\x00\x00\x00\x00\x06\x00\x00\x00\x1dUser\
 manual is not a\
vailable.\x07\x00\x00\x00\x09Ap\
pErrors\x01\x03\x00\x00\x00B\x04\x14\x04\
>\x041\x040\x042\x04;\x045\x04=\x00 \x04\
4\x045\x04=\x045\x046\x04=\x04K\x049\x00\
 \x04?\x04>\x04B\x04>\x04:\x00 \x00\xab\x00\
%\x001\x00\xbb\x00 \x00(\x00%\x002\x00)\x08\
\x00\x00\x00\x00\x06\x00\x00\x00\x19Added c\
ash flow '%1' (%\
2)\x07\x00\x00\x00\x08AuditLog\x01\
\x03\x00\x00\x00&\x04!\x04>\x047\x044\x040\x04\
=\x00 \x04?\x04@\x04>\x043\x04=\x04>\x04\
7\x00 \x00\xab\x00%\x001\x00\xbb\x08\x00\x00\x00\x00\
\x06\x00\x00\x00\x15Created for\
ecast '%1'\x07\x00\x00\x00\x08A\
uditLog\x01\x03\x00\x00\x00&\x04#\x04\
4\x040\x04;\x04Q\x04=\x00 \x04?\x04@\x04\
>\x043\x04=\x04>\x047\x00 \x00\xab\x00%\x00\
1\x00\xbb\x08\x00\x00\x00\x00\x06\x00\x00\x00\x15Del\
eted forecast '%\
1'\x07\x00\x00\x00\x08AuditLog\x01\
\x03\x00\x00\x004\x04#\x044\x040\x04;\x04Q\x04\
=\x00 \x044\x045\x04=\x045\x046\x04=\x04\
K\x049\x00 \x04?\x04>\x04B\x04>\x04:\x00\
 \x00\xab\x00%\x001\x00\xbb\x08\x00\x00\x00\x00\x06\x00\
\x00\x00\x16Removed cash \
flow '%1'\x07\x00\x00\x00\x08Au\
ditLog\x01\x03\x00\x00\x006\x04\x1f\x04@\
\x04>\x043\x04=\x04>\x047\x00 \x04?\x045\
\x04@\x045\x048\x04<\x045\x04=\x04>\x042\
\x040\x04=\x00 \x042\x00 \x00\xab\x00%\x001\
\x00\xbb\x08\x00\x00\x00\x00\x06\x00\x00\x00\x18Rena\
med forecast to \
'%1'\x07\x00\x00\x00\x08AuditLo\
g\x01\x03\x00\x00\x00<\x04\x11\x040\x047\x04>\x04\
2\x040\x04O\x00 \x042\x040\x04;\x04N\x04\
B\x040\x00 \x04>\x041\x04=\x04>\x042\x04\
;\x045\x04=\x040\x00 \x044\x04>\x00 \x00\
%\x001\x08\x00\x00\x00\x00\x06\x00\x00\x00\x1bUpd\
ated base curren\
cy to %1\x07\x00\x00\x00\x08Aud\
itLog\x01\x03\x00\x00\x008\x04\x14\x045\x04\
=\x045\x046\x04=\x04K\x049\x00 \x04?\x04\
>\x04B\x04>\x04:\x00 \x00\xab\x00%\x001\x00\
\xbb\x00 \x04>\x041\x04=\x04>\x042\x04;\x04\
Q\x04=\x08\x00\x00\x00\x00\x06\x00\x00\x00\x16Upd\
ated cash flow '\
%1'\x07\x00\x00\x00\x08AuditLog\
\x01\x03\x00\x00\x00@\x04\x14\x045\x04=\x045\x046\
\x04=\x04K\x049\x00 \x04?\x04>\x04B\x04>\
\x04:\x00 \x00\xab\x00%\x001\x00\xbb\x00 \x04>\
\x041\x04=\x04>\x042\x04;\x04Q\x04=\x00:\
\x00 \x00%\x002\x08\x00\x00\x00\x00\x06\x00\x00\x00\x1a\
Updated cash flo\
w '%1': %2\x07\x00\x00\x00\x08A\
uditLog\x01\x03\x00\x00\x00*\x04\x1f\x04\
@\x04>\x043\x04=\x04>\x047\x00 \x00\xab\x00\
%\x001\x00\xbb\x00 \x04>\x041\x04=\x04>\x04\
2\x04;\x04Q\x04=\x08\x00\x00\x00\x00\x06\x00\x00\x00\
\x15Updated forecas\
t '%1'\x07\x00\x00\x00\x08Audit\
Log\x01\x03\x00\x00\x00@\x04\x1d\x040\x04G\x04\
0\x04;\x04L\x04=\x04K\x049\x00 \x04>\x04\
A\x04B\x040\x04B\x04>\x04:\x00 \x04>\x04\
1\x04=\x04>\x042\x04;\x04Q\x04=\x00 \x04\
4\x04>\x00 \x00%\x001\x08\x00\x00\x00\x00\x06\x00\
\x00\x00\x1dUpdated openi\
ng balance to %1\
\x07\x00\x00\x00\x08AuditLog\x01\x03\x00\
\x00\x00\x1a\x04A\x04C\x04<\x04<\x040\x00 \x00\
%\x001\x00 !\x92\x00 \x00%\x002\x08\x00\x00\
\x00\x00\x06\x00\x00\x00\x10amount %1\
 \xe2\x86\x92 %2\x07\x00\x00\x00\x08Audi\
tLog\x01\x03\x00\x00\x00&\x04:\x040\x04B\
\x045\x043\x04>\x04@\x048\x04O\x00 \x04>\
\x041\x04=\x04>\x042\x04;\x045\x04=\x040\
\x08\x00\x00\x00\x00\x06\x00\x00\x00\x10catego\
ry updated\x07\x00\x00\x00\x08A\
uditLog\x01\x03\x00\x00\x00\x1c\x042\x04\
0\x04;\x04N\x04B\x040\x00 \x00%\x001\x00\
 !\x92\x00 \x00%\x002\x08\x00\x00\x00\x00\x06\x00\
\x00\x00\x12currency %1 \xe2\
\x86\x92 %2\x07\x00\x00\x00\x08AuditL\
og\x01\x03\x00\x00\x00(\x04>\x04B\x04<\x045\
\x04G\x045\x04=\x00 \x04:\x040\x04:\x00 \
\x040\x04:\x04B\x048\x042\x04=\x04K\x049\
\x08\x00\x00\x00\x00\x06\x00\x00\x00\x0dmarked\
 active\x07\x00\x00\x00\x08Audi\
tLog\x01\x03\x00\x00\x00,\x04>\x04B\x04<\
\x045\x04G\x045\x04=\x00 \x04:\x040\x04:\
\x00 \x04=\x045\x040\x04:\x04B\x048\x042\
\x04=\x04K\x049\x08\x00\x00\x00\x00\x06\x00\x00\x00\x0f\
marked inactive\x07\
\x00\x00\x00\x08AuditLog\x01\x03\x00\x00\
\x00&\x04?\x045\x04@\x045\x048\x04<\x045\
\x04=\x04>\x042\x040\x04=\x00 \x042\x00 \
\x00\xab\x00%\x001\x00\xbb\x08\x00\x00\x00\x00\x06\x00\x00\
\x00\x0frenamed to '%1\
'\x07\x00\x00\x00\x08AuditLog\x01\x03\
\x00\x00\x00(\x04@\x040\x04A\x04?\x048\x04A\
\x040\x04=\x048\x045\x00 \x04>\x041\x04=\
\x04>\x042\x04;\x045\x04=\x04>\x08\x00\x00\x00\
\x00\x06\x00\x00\x00\x10schedule u\
pdated\x07\x00\x00\x00\x08Audit\
Log\x01\x03\x00\x00\x00\x16\x04B\x048\x04?\x00\
 \x00%\x001\x00 !\x92\x00 \x00%\x002\x08\
\x00\x00\x00\x00\x06\x00\x00\x00\x0etype %1\
 \xe2\x86\x92 %2\x07\x00\x00\x00\x08Audi\
tLog\x01\x03\x00\x00\x00\x0a\x00%\x001\x00 \
\x00%\x002\x08\x00\x00\x00\x00\x06\x00\x00\x00\x05%1\
 %2\x07\x00\x00\x00\x0cBalanceC\
hart\x01\x03\x00\x00\x00\x0c\x04\x11\x040\x04;\
\x040\x04=\x04A\x08\x00\x00\x00\x00\x06\x00\x00\x00\x07\
Balance\x07\x00\x00\x00\x0cBala\
nceChart\x01\x03\x00\x00\x00\x1c\x04\x13\
\x04@\x040\x04D\x048\x04:\x00 \x041\x040\
\x04;\x040\x04=\x04A\x040\x08\x00\x00\x00\x00\x06\
\x00\x00\x00\x0dBalance char\
t\x07\x00\x00\x00\x0cBalanceCha\
rt\x01\x03\x00\x00\x00&\x04\x13\x04@\x040\x04D\
\x048\x04:\x00 \x041\x040\x04;\x040\x04=\
\x04A\x040\x00 \x00(\x00%\x001\x00)\x08\x00\
\x00\x00\x00\x06\x00\x00\x00\x12Balance \
chart (%1)\x07\x00\x00\x00\x0cB\
alanceChart\x01\x03\x00\x00\x00\
(\x04\x22\x04>\x04G\x04:\x040\x00 \x041\x04\
5\x047\x04C\x041\x04K\x04B\x04>\x04G\x04\
=\x04>\x04A\x04B\x048\x08\x00\x00\x00\x00\x06\x00\
\x00\x00\x0aBreak-even\x07\x00\x00\
\x00\x0cBalanceChart\x01\x03\
\x00\x00\x00`\x04\x17\x040\x04?\x04C\x04A\x04B\
\x048\x04B\x045\x00 \x04?\x04@\x04>\x043\
\x04=\x04>\x047\x00,\x00 \x04G\x04B\x04>\
\x041\x04K\x00 \x04C\x042\x048\x044\x045\
\x04B\x04L\x00 \x043\x04@\x040\x04D\x048\
\x04:\x00 \x041\x040\x04;\x040\x04=\x04A\
\x040\x00.\x08\x00\x00\x00\x00\x06\x00\x00\x00(Ru\
n a forecast to \
see the balance \
chart.\x07\x00\x00\x00\x0cBalan\
ceChart\x01\x03\x00\x00\x00 \x04\x1d\x04\
5\x04E\x042\x040\x04B\x04:\x040\x00 \x04\
A\x04@\x045\x044\x04A\x04B\x042\x08\x00\x00\
\x00\x00\x06\x00\x00\x00\x09Shortfall\
\x07\x00\x00\x00\x0cBalanceChar\
t\x01\x03\x00\x00\x00\x10\x04\x1f\x04@\x04>\x04D\x04\
8\x04F\x048\x04B\x08\x00\x00\x00\x00\x06\x00\x00\x00\
\x07Surplus\x07\x00\x00\x00\x0cBal\
anceChart\x01\x03\x00\x00\x00\xf4\x00\
%\x001\x00 \x042\x00 \x04A\x04@\x045\x04\
4\x04=\x045\x04<\x00 \x04A\x04>\x04A\x04\
B\x040\x042\x04;\x04O\x045\x04B\x00 \x00\
%\x002\x00 \x042\x00 \x04<\x045\x04A\x04\
O\x04F\x00 \x042\x00 \x04M\x04B\x04>\x04\
<\x00 \x04?\x04@\x04>\x043\x04=\x04>\x04\
7\x045\x00.\x00 \x04!\x04>\x04:\x04@\x04\
0\x04I\x045\x04=\x048\x045\x00 \x044\x04\
8\x04A\x04:\x04@\x045\x04F\x048\x04>\x04\
=\x04=\x04K\x04E\x00 \x04:\x040\x04B\x04\
5\x043\x04>\x04@\x048\x049\x00  \x14\x00\
 \x04?\x04@\x04>\x04A\x04B\x04>\x049\x00\
 \x04A\x04?\x04>\x04A\x04>\x041\x00 \x04\
A\x04M\x04:\x04>\x04=\x04>\x04<\x048\x04\
B\x04L\x00 \x041\x04>\x04;\x04L\x04H\x04\
5\x00.\x08\x00\x00\x00\x00\x06\x00\x00\x00k%1 \
averages %2 per \
month in this pr\
ojection. Trimmi\
ng discretionary\
 categories is a\
n easy way to sa\
ve more.\x07\x00\x00\x00\x13Cas\
hFlowSuggestions\
\x01\x03\x00\x00\x00\xfc\x00%\x001\x00 \x047\x040\
\x04?\x04;\x040\x04=\x048\x04@\x04>\x042\
\x040\x04=\x00 \x04=\x040\x00 \x00%\x002\
\x00,\x00 \x042\x00 \x04?\x04@\x045\x044\
\x045\x04;\x040\x04E\x00 \x003\x000\x00 \
\x044\x04=\x045\x049\x00 \x044\x04>\x00 \
\x04?\x04@\x04>\x043\x04=\x04>\x047\x048\
\x04@\x04C\x045\x04<\x04>\x043\x04>\x00 \
\x044\x045\x04D\x048\x04F\x048\x04B\x040\
\x00 \x00%\x003\x00.\x00 \x04\x1f\x045\x04@\
\x045\x04=\x04>\x04A\x00 \x04M\x04B\x04>\
\x043\x04>\x00 \x04@\x040\x047\x04>\x042\
\x04>\x043\x04>\x00 \x04@\x040\x04A\x04E\
\x04>\x044\x040\x00 \x04<\x04>\x046\x045\
\x04B\x00 \x04?\x04@\x04>\x044\x04;\x048\
\x04B\x04L\x00 \x047\x040\x04?\x040\x04A\
\x00.\x08\x00\x00\x00\x00\x06\x00\x00\x00\x7f%1 i\
s scheduled on %\
2, within 30 day\
s of the project\
ed cash shortfal\
l on %3. Deferri\
ng this one-time\
 expense may ext\
end runway.\x07\x00\x00\x00\x13\
CashFlowSuggesti\
ons\x01\x03\x00\x00\x01\x06\x04 \x040\x042\x04\
=\x04>\x04<\x045\x04@\x04=\x04>\x045\x00\
 \x04A\x04>\x04:\x04@\x040\x04I\x045\x04\
=\x048\x045\x00 \x04?\x04>\x042\x04B\x04\
>\x04@\x04O\x04N\x04I\x048\x04E\x04A\x04\
O\x00 \x04@\x040\x04A\x04E\x04>\x044\x04\
>\x042\x00 \x04=\x040\x00 \x00%\x001\x00\
%\x00 \x04M\x04:\x04>\x04=\x04>\x04<\x04\
8\x04B\x00 \x04>\x04:\x04>\x04;\x04>\x00\
 \x00%\x002\x00 \x042\x00 \x04<\x045\x04\
A\x04O\x04F\x00 \x048\x00 \x04C\x04A\x04\
B\x04@\x040\x04=\x04O\x045\x04B\x00 \x04\
?\x04@\x04>\x043\x04=\x04>\x047\x048\x04\
@\x04C\x045\x04<\x04K\x049\x00 \x044\x04\
5\x04D\x048\x04F\x048\x04B\x00 \x044\x04\
5\x04=\x045\x046\x04=\x04K\x04E\x00 \x04\
A\x04@\x045\x044\x04A\x04B\x042\x00.\x08\
\x00\x00\x00\x00\x06\x00\x00\x00tA unifo\
rm %1% reduction\
 across recurrin\
g expenses saves\
 about %2 per mo\
nth and removes \
the projected ca\
sh shortfall.\x07\x00\x00\
\x00\x13CashFlowSugges\
tions\x01\x03\x00\x00\x00.\x04\x1e\x04:\x04\
>\x04;\x04>\x00 \x00%\x001\x00 \x04<\x04\
5\x04A\x04O\x04F\x045\x042\x00 \x047\x04\
0\x04?\x040\x04A\x040\x08\x00\x00\x00\x00\x06\x00\
\x00\x00\x19About %1 mont\
hs of runway\x07\x00\x00\x00\
\x13CashFlowSuggest\
ions\x01\x03\x00\x00\x00R\x04\x14\x04>\x041\
\x040\x042\x048\x04B\x04L\x00 \x00%\x001\
\x00 \x04?\x04>\x042\x04B\x04>\x04@\x04O\
\x04N\x04I\x045\x043\x04>\x04A\x04O\x00 \
\x044\x04>\x04E\x04>\x044\x040\x00 \x042\
\x00 \x04<\x045\x04A\x04O\x04F\x08\x00\x00\x00\
\x00\x06\x00\x00\x00!Add %1 rec\
urring income pe\
r month\x07\x00\x00\x00\x13Cash\
FlowSuggestions\x01\
\x03\x00\x00\x00\xe6\x04\x1f\x04@\x048\x00 \x04B\x04\
5\x04:\x04C\x04I\x045\x04<\x00 \x04B\x04\
5\x04<\x04?\x045\x00 \x04@\x040\x04A\x04\
E\x04>\x044\x04>\x042\x040\x04=\x048\x04\
O\x00 \x00%\x001\x00 \x04?\x04>\x04:\x04\
@\x04K\x042\x040\x045\x04B\x00 \x04?\x04\
@\x048\x04<\x045\x04@\x04=\x04>\x00 \x00\
%\x002\x00 \x04<\x045\x04A\x04O\x04F\x04\
5\x042\x00 \x04G\x048\x04A\x04B\x04>\x04\
3\x04>\x00 \x04>\x04B\x04B\x04>\x04:\x04\
0\x00 \x044\x045\x04=\x045\x046\x04=\x04\
K\x04E\x00 \x04A\x04@\x045\x044\x04A\x04\
B\x042\x00 \x04=\x040\x00 \x04?\x045\x04\
@\x048\x04>\x044\x00 \x04?\x04@\x04>\x04\
3\x04=\x04>\x047\x040\x00.\x08\x00\x00\x00\x00\
\x06\x00\x00\x00hAt the curr\
ent burn rate, %\
1 covers roughly\
 %2 months of ne\
t cash outflow t\
hrough the proje\
ction period.\x07\x00\x00\
\x00\x13CashFlowSugges\
tions\x01\x03\x00\x00\x004\x04!\x04>\x04\
7\x044\x040\x04B\x04L\x00 \x044\x045\x04\
=\x045\x046\x04=\x04K\x049\x00 \x04@\x04\
5\x047\x045\x04@\x042\x00 \x00%\x001\x08\
\x00\x00\x00\x00\x06\x00\x00\x00\x16Build a\
 %1 cash buffer\x07\
\x00\x00\x00\x13CashFlowSugg\
estions\x01\x03\x00\x00\x00,\x04 \x04\
0\x04A\x04A\x04<\x04>\x04B\x04@\x048\x04\
B\x045\x00 \x04?\x045\x04@\x045\x04=\x04\
>\x04A\x00 \x00%\x001\x08\x00\x00\x00\x00\x06\x00\
\x00\x00\x15Consider defe\
rring %1\x07\x00\x00\x00\x13Cas\
hFlowSuggestions\
\x01\x03\x00\x00\x00L\x04!\x04>\x04:\x04@\x040\
\x04B\x048\x04B\x04L\x00 \x04?\x04>\x042\
\x04B\x04>\x04@\x04O\x04N\x04I\x048\x045\
\x04A\x04O\x00 \x04@\x040\x04A\x04E\x04>\
\x044\x04K\x00 \x04=\x040\x00 \x00%\x001\
\x00%\x08\x00\x00\x00\x00\x06\x00\x00\x00\x1dCut \
recurring expens\
es by %1%\x07\x00\x00\x00\x13Ca\
shFlowSuggestion\
s\x01\x03\x00\x00\x00B\x04#\x042\x045\x04;\x04\
8\x04G\x048\x04B\x04L\x00 \x04=\x040\x04\
G\x040\x04;\x04L\x04=\x04K\x049\x00 \x04\
>\x04A\x04B\x040\x04B\x04>\x04:\x00 \x04\
=\x040\x00 \x00%\x001\x08\x00\x00\x00\x00\x06\x00\
\x00\x00\x1eIncrease open\
ing balance by %\
1\x07\x00\x00\x00\x13CashFlowSu\
ggestions\x01\x03\x00\x00\x00\xd6\x04\
#\x042\x045\x04;\x048\x04G\x045\x04=\x04\
8\x045\x00 \x04?\x04>\x042\x04B\x04>\x04\
@\x04O\x04N\x04I\x045\x043\x04>\x04A\x04\
O\x00 \x044\x04>\x04E\x04>\x044\x040\x00\
 \x04?\x04@\x048\x04<\x045\x04@\x04=\x04\
>\x00 \x04=\x040\x00 \x00%\x001\x00 \x04\
2\x00 \x04<\x045\x04A\x04O\x04F\x00 \x04\
A\x04>\x04E\x04@\x040\x04=\x04O\x045\x04\
B\x00 \x04=\x045\x04>\x04B\x04@\x048\x04\
F\x040\x04B\x045\x04;\x04L\x04=\x04K\x04\
9\x00 \x04?\x04@\x04>\x043\x04=\x04>\x04\
7\x00 \x04=\x040\x00 \x042\x045\x04A\x04\
L\x00 \x043\x04>\x04@\x048\x047\x04>\x04\
=\x04B\x00.\x08\x00\x00\x00\x00\x06\x00\x00\x00hI\
ncreasing recurr\
ing income by ab\
out %1 per month\
 keeps the proje\
ction non-negati\
ve through the h\
orizon.\x07\x00\x00\x00\x13Cash\
FlowSuggestions\x01\
\x03\x00\x00\x00\xf6\x04!\x04=\x048\x046\x045\x04\
=\x048\x045\x00 \x00%\x001\x00 \x04=\x04\
0\x00 \x00%\x002\x00 \x047\x040\x00 \x04\
:\x040\x046\x044\x04>\x045\x00 \x04=\x04\
0\x04G\x048\x04A\x04;\x045\x04=\x048\x04\
5\x00 \x044\x04>\x04A\x04B\x040\x04B\x04\
>\x04G\x04=\x04>\x00,\x00 \x04G\x04B\x04\
>\x041\x04K\x00 \x048\x047\x041\x045\x04\
6\x040\x04B\x04L\x00 \x04?\x04@\x04>\x04\
3\x04=\x04>\x047\x048\x04@\x04C\x045\x04\
<\x04>\x043\x04>\x00 \x044\x045\x04D\x04\
8\x04F\x048\x04B\x040\x00,\x00 \x045\x04\
A\x04;\x048\x00 \x044\x04@\x04C\x043\x04\
8\x045\x00 \x04?\x04>\x04B\x04>\x04:\x04\
8\x00 \x04=\x045\x00 \x04<\x045\x04=\x04\
O\x04N\x04B\x04A\x04O\x00.\x08\x00\x00\x00\x00\
\x06\x00\x00\x00oLowering %1\
 by %2 per occur\
rence is enough \
to avoid the pro\
jected cash shor\
tfall if no othe\
r cash flows cha\
nge.\x07\x00\x00\x00\x13CashFlo\
wSuggestions\x01\x03\x00\x00\
\x00\xce\x04\x1f\x04>\x042\x04K\x04H\x045\x04=\
\x048\x045\x00 \x04=\x040\x04G\x040\x04;\
\x04L\x04=\x04>\x043\x04>\x00 \x04>\x04A\
\x04B\x040\x04B\x04:\x040\x00 \x04=\x040\
\x00 \x00%\x001\x00 \x044\x040\x04Q\x04B\
\x00 \x044\x04>\x04A\x04B\x040\x04B\x04>\
\x04G\x04=\x04K\x049\x00 \x047\x040\x04?\
\x040\x04A\x00,\x00 \x04G\x04B\x04>\x041\
\x04K\x00 \x04>\x04A\x04B\x040\x042\x040\
\x04B\x04L\x04A\x04O\x00 \x042\x00 \x04?\
\x04;\x04N\x04A\x045\x00 \x04=\x040\x00 \
\x04?\x045\x04@\x048\x04>\x044\x00 \x04?\
\x04@\x04>\x043\x04=\x04>\x047\x040\x00.\
\x08\x00\x00\x00\x00\x06\x00\x00\x00iRaisin\
g the opening ba\
lance by %1 prov\
ides enough cush\
ion to stay posi\
tive through the\
 projection peri\
od.\x07\x00\x00\x00\x13CashFlow\
Suggestions\x01\x03\x00\x00\x00\
\x18\x04!\x04>\x04:\x04@\x040\x04B\x048\x04\
B\x04L\x00 \x00%\x001\x08\x00\x00\x00\x00\x06\x00\
\x00\x00\x09Reduce %1\x07\x00\x00\x00\
\x13CashFlowSuggest\
ions\x01\x03\x00\x00\x000\x04\x1f\x045\x04@\
\x045\x04A\x04<\x04>\x04B\x04@\x045\x04B\
\x04L\x00 \x04@\x040\x04A\x04E\x04>\x044\
\x04K\x00:\x00 \x00%\x001\x08\x00\x00\x00\x00\x06\
\x00\x00\x00\x12Review %1 sp\
ending\x07\x00\x00\x00\x13CashF\
lowSuggestions\x01\x03\
\x00\x00\x00\xfc\x04\x1f\x04@\x04>\x043\x04=\x04>\
\x047\x00 \x04>\x04A\x04B\x040\x04Q\x04B\
\x04A\x04O\x00 \x04?\x04>\x04;\x04>\x046\
\x048\x04B\x045\x04;\x04L\x04=\x04K\x04<\
\x00,\x00 \x045\x04A\x04;\x048\x00 \x04?\
\x04>\x042\x04B\x04>\x04@\x04O\x04N\x04I\
\x048\x045\x04A\x04O\x00 \x04@\x040\x04A\
\x04E\x04>\x044\x04K\x00 \x042\x04K\x04@\
\x040\x04A\x04B\x04C\x04B\x00 \x044\x04>\
\x00 \x00%\x001\x00 \x042\x00 \x04<\x045\
\x04A\x04O\x04F\x00  \x14\x00 \x04B\x04C\
\x00 \x046\x045\x00 \x04A\x04C\x04<\x04<\
\x04C\x00 \x04<\x04>\x046\x04=\x04>\x00 \
\x04=\x040\x04?\x04@\x040\x042\x048\x04B\
\x04L\x00 \x04=\x040\x00 \x04A\x041\x045\
\x04@\x045\x046\x045\x04=\x048\x04O\x00.\
\x08\x00\x00\x00\x00\x06\x00\x00\x00\x81The pr\
ojection stays p\
ositive if recur\
ring expenses ri\
se by up to %1 p\
er month \xe2\x80\x94 the\
 same amount you\
 could redirect \
to savings.\x07\x00\x00\x00\x13\
CashFlowSuggesti\
ons\x01\x03\x00\x00\x00J\x04\x12\x04K\x00 \x04\
<\x04>\x043\x04;\x048\x00 \x041\x04K\x00\
 \x04A\x04M\x04:\x04>\x04=\x04>\x04<\x04\
8\x04B\x04L\x00 \x045\x04I\x04Q\x00 \x00\
%\x001\x00 \x042\x00 \x04<\x045\x04A\x04\
O\x04F\x08\x00\x00\x00\x00\x06\x00\x00\x00 You\
 could save %1 m\
ore per month\x07\x00\x00\
\x00\x13CashFlowSugges\
tions\x01\x03\x00\x00\x00\xf4\x04\x12\x040\x04\
H\x00 \x04:\x04>\x04=\x045\x04G\x04=\x04\
K\x049\x00 \x04>\x04A\x04B\x040\x04B\x04\
>\x04:\x00 \x00%\x001\x00 \x04<\x040\x04\
;\x00 \x04>\x04B\x04=\x04>\x04A\x048\x04\
B\x045\x04;\x04L\x04=\x04>\x00 \x04<\x04\
5\x04A\x04O\x04G\x04=\x04K\x04E\x00 \x04\
>\x04B\x04B\x04>\x04:\x04>\x042\x00.\x00\
 \x04!\x04B\x04@\x045\x04<\x048\x04B\x04\
5\x04A\x04L\x00 \x04:\x040\x04:\x00 \x04\
<\x048\x04=\x048\x04<\x04C\x04<\x00 \x04\
:\x00 \x00%\x002\x00,\x00 \x04G\x04B\x04\
>\x041\x04K\x00 \x04?\x04>\x043\x04;\x04\
>\x04I\x040\x04B\x04L\x00 \x04>\x041\x04\
K\x04G\x04=\x04K\x045\x00 \x04:\x04>\x04\
;\x045\x041\x040\x04=\x048\x04O\x00.\x08\
\x00\x00\x00\x00\x06\x00\x00\x00qYour en\
ding balance of \
%1 is thin relat\
ive to monthly o\
utflows. Aim for\
 at least %2 to \
absorb normal va\
riability.\x07\x00\x00\x00\x13C\
ashFlowSuggestio\
ns\x01\x03\x00\x00\x00 \x04\x18\x04A\x04B\x04>\
\x04@\x048\x04O\x00 \x04?\x04@\x04>\x043\
\x04=\x04>\x047\x040\x08\x00\x00\x00\x00\x06\x00\x00\
\x00\x10Forecast histo\
ry\x07\x00\x00\x00\x11ChangeHis\
toryPage\x01\x03\x00\x00\x00F\x04\x18\
\x047\x04<\x045\x04=\x045\x04=\x048\x04O\
\x00 \x04?\x04>\x04:\x040\x00 \x04=\x045\
\x00 \x047\x040\x04@\x045\x043\x048\x04A\
\x04B\x04@\x048\x04@\x04>\x042\x040\x04=\
\x04K\x00.\x08\x00\x00\x00\x00\x06\x00\x00\x00\x18No\
 changes recorde\
d yet.\x07\x00\x00\x00\x11Chang\
eHistoryPage\x01\x03\x00\x00\
\x00t\x04\x12\x04K\x041\x045\x04@\x048\x04B\
\x045\x00 \x04?\x04@\x04>\x043\x04=\x04>\
\x047\x00,\x00 \x04G\x04B\x04>\x041\x04K\
\x00 \x04?\x04@\x04>\x04A\x04<\x04>\x04B\
\x04@\x045\x04B\x04L\x00 \x045\x043\x04>\
\x00 \x048\x04A\x04B\x04>\x04@\x048\x04N\
\x00 \x048\x047\x04<\x045\x04=\x045\x04=\
\x048\x049\x00.\x08\x00\x00\x00\x00\x06\x00\x00\x00-\
Select a forecas\
t to view its ch\
ange history.\x07\x00\x00\
\x00\x11ChangeHistoryP\
age\x01\x03\x00\x00\x00\x22\x00+\x00 \x04\x14\x04\
>\x041\x040\x042\x048\x04B\x04L\x00 \x04\
2\x040\x04;\x04N\x04B\x04C\x08\x00\x00\x00\x00\
\x06\x00\x00\x00\x0e+ Add curre\
ncy\x07\x00\x00\x00\x12Currency\
RateEditor\x01\x03\x00\x00\x00\x08\
\x000\x00.\x000\x000\x08\x00\x00\x00\x00\x06\x00\x00\
\x00\x040.00\x07\x00\x00\x00\x12Curre\
ncyRateEditor\x01\x03\x00\
\x00\x00(\x04\x14\x04>\x041\x040\x042\x048\x04\
B\x04L\x00 \x04:\x04C\x04@\x04A\x00 \x04\
2\x040\x04;\x04N\x04B\x04K\x08\x00\x00\x00\x00\
\x06\x00\x00\x00\x11Add exchang\
e rate\x07\x00\x00\x00\x12Curre\
ncyRateEditor\x01\x03\x00\
\x00\x00\x0c\x04\x1e\x04B\x04<\x045\x04=\x040\x08\
\x00\x00\x00\x00\x06\x00\x00\x00\x06Cancel\x07\
\x00\x00\x00\x12CurrencyRate\
Editor\x01\x03\x00\x00\x00@\x04\x1f\x04>\
\x044\x04B\x042\x045\x04@\x044\x048\x04B\
\x045\x00 \x04C\x044\x040\x04;\x045\x04=\
\x048\x045\x00 \x042\x04A\x045\x04E\x00 \
\x04:\x04C\x04@\x04A\x04>\x042\x08\x00\x00\x00\
\x00\x06\x00\x00\x00!Confirm de\
lete all exchang\
e rates\x07\x00\x00\x00\x12Curr\
encyRateEditor\x01\x03\
\x00\x00\x00\x0c\x04\x12\x040\x04;\x04N\x04B\x040\
\x08\x00\x00\x00\x00\x06\x00\x00\x00\x08Curren\
cy\x07\x00\x00\x00\x12CurrencyR\
ateEditor\x01\x03\x00\x00\x00\x80\x04\
\x14\x04>\x04A\x04B\x048\x043\x04=\x04C\x04\
B\x00 \x044\x04=\x045\x042\x04=\x04>\x04\
9\x00 \x04;\x048\x04<\x048\x04B\x00 \x04\
7\x040\x043\x04@\x04C\x047\x04:\x048\x00\
 \x00(\x001\x000\x00 \x042\x00 \x044\x04\
5\x04=\x04L\x00)\x00.\x00 \x04\x1f\x04>\x04\
?\x04@\x04>\x041\x04C\x049\x04B\x045\x00\
 \x047\x040\x042\x04B\x04@\x040\x00.\x08\
\x00\x00\x00\x00\x06\x00\x00\x00;Daily f\
etch limit reach\
ed (10 per day).\
 Try again tomor\
row.\x07\x00\x00\x00\x12Currenc\
yRateEditor\x01\x03\x00\x00\x00\
\x16\x04#\x044\x040\x04;\x048\x04B\x04L\x00\
 \x042\x04A\x045\x08\x00\x00\x00\x00\x06\x00\x00\x00\
\x0aDelete all\x07\x00\x00\x00\x12\
CurrencyRateEdit\
or\x01\x03\x00\x00\x000\x04#\x044\x040\x04;\
\x048\x04B\x04L\x00 \x042\x04A\x045\x00 \
\x04:\x04C\x04@\x04A\x04K\x00 \x04>\x041\
\x04<\x045\x04=\x040\x08\x00\x00\x00\x00\x06\x00\x00\
\x00\x19Delete all exc\
hange rates\x07\x00\x00\x00\x12\
CurrencyRateEdit\
or\x01\x03\x00\x00\x002\x04#\x044\x040\x04;\
\x048\x04B\x04L\x00 \x042\x04A\x045\x00 \
\x04:\x04C\x04@\x04A\x04K\x00 \x04>\x041\
\x04<\x045\x04=\x040\x00?\x08\x00\x00\x00\x00\x06\
\x00\x00\x00\x1aDelete all e\
xchange rates?\x07\x00\
\x00\x00\x12CurrencyRateE\
ditor\x01\x03\x00\x00\x00&\x04#\x044\x04\
0\x04;\x048\x04B\x04L\x00 \x04:\x04C\x04\
@\x04A\x00 \x042\x040\x04;\x04N\x04B\x04\
K\x08\x00\x00\x00\x00\x06\x00\x00\x00\x14Delet\
e exchange rate\x07\
\x00\x00\x00\x12CurrencyRate\
Editor\x01\x03\x00\x00\x00\x16\x04\x1a\x04C\
\x04@\x04A\x00 \x042\x040\x04;\x04N\x04B\
\x04K\x08\x00\x00\x00\x00\x06\x00\x00\x00\x0dExch\
ange rate\x07\x00\x00\x00\x12Cu\
rrencyRateEditor\
\x01\x03\x00\x00\x00*\x04\x17\x04=\x040\x04G\x045\
\x04=\x048\x045\x00 \x04:\x04C\x04@\x04A\
\x040\x00 \x042\x040\x04;\x04N\x04B\x04K\
\x08\x00\x00\x00\x00\x06\x00\x00\x00\x13Exchan\
ge rate value\x07\x00\x00\
\x00\x12CurrencyRateEd\
itor\x01\x03\x00\x00\x00>\x04\x1f\x04>\x04;\
\x04C\x04G\x040\x04B\x04L\x00 \x040\x04:\
\x04B\x04C\x040\x04;\x04L\x04=\x04K\x045\
\x00 \x04:\x04C\x04@\x04A\x04K\x00 \x042\
\x040\x04;\x04N\x04B\x08\x00\x00\x00\x00\x06\x00\x00\
\x00\x19Fetch live exc\
hange rates\x07\x00\x00\x00\x12\
CurrencyRateEdit\
or\x01\x03\x00\x00\x00\x1c\x04\x1f\x04>\x04;\x04C\
\x04G\x048\x04B\x04L\x00 \x04:\x04C\x04@\
\x04A\x04K\x08\x00\x00\x00\x00\x06\x00\x00\x00\x10Fe\
tch live rates\x07\x00\
\x00\x00\x12CurrencyRateE\
ditor\x01\x03\x00\x00\x00\x12\x04\x17\x040\x04\
3\x04@\x04C\x047\x04:\x040 &\x08\x00\x00\
\x00\x00\x06\x00\x00\x00\x0bFetching\xe2\
\x80\xa6\x07\x00\x00\x00\x12CurrencyR\
ateEditor\x01\x03\x00\x00\x00\x1e\x04\
\x18\x04A\x04E\x04>\x044\x04=\x040\x04O\x00\
 \x042\x040\x04;\x04N\x04B\x040\x08\x00\x00\
\x00\x00\x06\x00\x00\x00\x0dFrom curr\
ency\x07\x00\x00\x00\x12Currenc\
yRateEditor\x01\x03\x00\x00\x00\
@\x04!\x04;\x045\x044\x04C\x04N\x04I\x04\
0\x04O\x00 \x047\x040\x043\x04@\x04C\x04\
7\x04:\x040\x00 \x04G\x045\x04@\x045\x04\
7\x00 \x00%\x001\x00 \x04<\x048\x04=\x00\
.\x08\x00\x00\x00\x00\x06\x00\x00\x00%Next \
fetch available \
in %1 minute(s).\
\x07\x00\x00\x00\x12CurrencyRat\
eEditor\x01\x03\x00\x00\x00@\x04!\x04\
;\x045\x044\x04C\x04N\x04I\x040\x04O\x00\
 \x047\x040\x043\x04@\x04C\x047\x04:\x04\
0\x00 \x04G\x045\x04@\x045\x047\x00 \x00\
%\x001\x00 \x04A\x045\x04:\x00.\x08\x00\x00\
\x00\x00\x06\x00\x00\x00%Next fetc\
h available in %\
1 second(s).\x07\x00\x00\x00\
\x12CurrencyRateEdi\
tor\x01\x03\x00\x00\x00\x86\x04\x1a\x04C\x04@\x04\
A\x04K\x00 \x042\x040\x04;\x04N\x04B\x00\
 \x04=\x045\x00 \x047\x040\x044\x040\x04\
=\x04K\x00.\x00 \x04\x14\x04>\x041\x040\x04\
2\x04L\x04B\x045\x00 \x04:\x04C\x04@\x04\
A\x00 \x048\x04;\x048\x00 \x04?\x04>\x04\
;\x04C\x04G\x048\x04B\x045\x00 \x040\x04\
:\x04B\x04C\x040\x04;\x04L\x04=\x04K\x04\
5\x00 \x04:\x04C\x04@\x04A\x04K\x00.\x08\
\x00\x00\x00\x00\x06\x00\x00\x00:No exch\
ange rates defin\
ed. Add a rate o\
r fetch live rat\
es.\x07\x00\x00\x00\x12Currency\
RateEditor\x01\x03\x00\x00\x00\x08\
\x04\x1a\x04C\x04@\x04A\x08\x00\x00\x00\x00\x06\x00\x00\
\x00\x04Rate\x07\x00\x00\x00\x12Curre\
ncyRateEditor\x01\x03\x00\
\x00\x00\x12\x04!\x04>\x04E\x04@\x040\x04=\x04\
8\x04B\x04L\x08\x00\x00\x00\x00\x06\x00\x00\x00\x04S\
ave\x07\x00\x00\x00\x12Currency\
RateEditor\x01\x03\x00\x00\x00*\
\x04!\x04>\x04E\x04@\x040\x04=\x048\x04B\
\x04L\x00 \x04:\x04C\x04@\x04A\x00 \x042\
\x040\x04;\x04N\x04B\x04K\x08\x00\x00\x00\x00\x06\
\x00\x00\x00\x12Save exchang\
e rate\x07\x00\x00\x00\x12Curre\
ncyRateEditor\x01\x03\x00\
\x00\x01\x18\x04-\x04B\x04>\x00 \x04C\x044\x04\
0\x04;\x048\x04B\x00 \x042\x04A\x045\x00\
 \x04:\x04C\x04@\x04A\x04K\x00 \x04>\x04\
1\x04<\x045\x04=\x040\x00 \x048\x047\x00\
 \x04?\x04@\x048\x04;\x04>\x046\x045\x04\
=\x048\x04O\x00.\x00 \x04\x1f\x04@\x04>\x04\
3\x04=\x04>\x047\x04K\x00 \x04A\x00 \x04\
<\x04C\x04;\x04L\x04B\x048\x042\x040\x04\
;\x04N\x04B\x04=\x04K\x04<\x048\x00 \x04\
4\x045\x04=\x045\x046\x04=\x04K\x04<\x04\
8\x00 \x04?\x04>\x04B\x04>\x04:\x040\x04\
<\x048\x00 \x04<\x04>\x043\x04C\x04B\x00\
 \x04=\x045\x00 \x04@\x040\x041\x04>\x04\
B\x040\x04B\x04L\x00,\x00 \x04?\x04>\x04\
:\x040\x00 \x042\x04K\x00 \x04=\x045\x00\
 \x044\x04>\x041\x040\x042\x048\x04B\x04\
5\x00 \x04:\x04C\x04@\x04A\x04K\x00 \x04\
A\x04=\x04>\x042\x040\x00.\x08\x00\x00\x00\x00\
\x06\x00\x00\x00\x7fThis remove\
s every exchange\
 rate from the a\
pp. Forecast run\
s with multi-cur\
rency cash flows\
 may fail until \
you add rates ag\
ain.\x07\x00\x00\x00\x12Currenc\
yRateEditor\x01\x03\x00\x00\x00\
\x1c\x04&\x045\x04;\x045\x042\x040\x04O\x00\
 \x042\x040\x04;\x04N\x04B\x040\x08\x00\x00\
\x00\x00\x06\x00\x00\x00\x0bTo curren\
cy\x07\x00\x00\x00\x12CurrencyR\
ateEditor\x01\x03\x00\x00\x00\x12\x04\
\x1e\x041\x04=\x04>\x042\x04;\x045\x04=\x04\
>\x08\x00\x00\x00\x00\x06\x00\x00\x00\x07Updat\
ed\x07\x00\x00\x00\x12CurrencyR\
ateEditor\x01\x03\x00\x00\x00\x16\x04\
(\x040\x041\x04;\x04>\x04=\x00 \x044\x04\
0\x04B\x04K\x08\x00\x00\x00\x00\x06\x00\x00\x00\x0cD\
ate pattern\x07\x00\x00\x00\x10\
DatePatternInput\
\x01\x03\x00\x00\x000\x04\x1d\x045\x044\x04>\x04?\
\x04C\x04A\x04B\x048\x04<\x04K\x049\x00 \
\x04H\x040\x041\x04;\x04>\x04=\x00 \x044\
\x040\x04B\x04K\x08\x00\x00\x00\x00\x06\x00\x00\x00\x14\
Invalid date pat\
tern\x07\x00\x00\x00\x10DatePat\
ternInput\x01\x03\x00\x00\x01\x0e\x04\
$\x04>\x04@\x04<\x040\x04B\x04K\x00 \x04\
H\x040\x041\x04;\x04>\x04=\x04>\x042\x00\
:\x00\x0a \x22\x00 \x00.\x00.\x00.\x00  \
\x14\x00 \x04:\x040\x046\x044\x04K\x049\x00\
 \x044\x045\x04=\x04L\x00\x0a \x22\x00 \x00\
1\x000\x00.\x00.\x00  \x14\x00 \x045\x04\
6\x045\x04<\x045\x04A\x04O\x04G\x04=\x04\
>\x00 \x001\x000\x00-\x043\x04>\x00\x0a \
\x22\x00 \x001\x005\x00.\x000\x003\x00.\x00\
  \x14\x00 \x045\x046\x045\x043\x04>\x04\
4\x04=\x04>\x00 \x001\x005\x00 \x04<\x04\
0\x04@\x04B\x040\x00\x0a \x22\x00 \x002\x00\
0\x002\x006\x00-\x000\x006\x00-\x001\x00\
5\x00  \x14\x00 \x04>\x044\x04=\x04>\x04\
:\x04@\x040\x04B\x04=\x04>\x00 \x042\x00\
 \x04C\x04:\x040\x047\x040\x04=\x04=\x04\
C\x04N\x00 \x044\x040\x04B\x04C\x08\x00\x00\
\x00\x00\x06\x00\x00\x00\x8fPattern f\
ormats:\x0a\xe2\x80\xa2 ... \
\xe2\x80\x94 every day\x0a\xe2\x80\
\xa2 10.. \xe2\x80\x94 month\
ly on the 10th\x0a\xe2\
\x80\xa2 15.03. \xe2\x80\x94 ye\
arly on 15 March\
\x0a\xe2\x80\xa2 2026-06-15 \
\xe2\x80\x94 one-time on \
a date\x07\x00\x00\x00\x10DateP\
atternInput\x01\x03\x00\x00\x00\
X\x04=\x040\x04?\x04@\x00.\x00 \x001\x00\
0\x00.\x00.\x00 \x044\x04;\x04O\x00 \x04\
5\x046\x045\x04<\x045\x04A\x04O\x04G\x04\
=\x04>\x00,\x00 \x00.\x00.\x00.\x00 \x04\
4\x04;\x04O\x00 \x045\x046\x045\x044\x04\
=\x045\x042\x04=\x04>\x08\x00\x00\x00\x00\x06\x00\
\x00\x00$e.g. 10.. for\
 monthly, ... fo\
r daily\x07\x00\x00\x00\x10Date\
PatternInput\x01\x03\x00\x00\
\x00\x08\x04\x14\x040\x04B\x040\x08\x00\x00\x00\x00\x06\
\x00\x00\x00\x04Date\x07\x00\x00\x00\x0aDat\
ePicker\x01\x03\x00\x00\x00\x1e\x04!\x04\
;\x045\x044\x04C\x04N\x04I\x048\x049\x00\
 \x04<\x045\x04A\x04O\x04F\x08\x00\x00\x00\x00\
\x06\x00\x00\x00\x0aNext month\x07\
\x00\x00\x00\x0aDatePicker\x01\x03\
\x00\x00\x00 \x04\x1f\x04@\x045\x044\x04K\x044\
\x04C\x04I\x048\x049\x00 \x04<\x045\x04A\
\x04O\x04F\x08\x00\x00\x00\x00\x06\x00\x00\x00\x0ePr\
evious month\x07\x00\x00\x00\
\x0aDatePicker\x01\x03\x00\x00\x00\
6\x04\x1e\x041\x04=\x040\x04@\x04C\x046\x04\
5\x04=\x040\x00 \x04=\x045\x04E\x042\x04\
0\x04B\x04:\x040\x00 \x04A\x04@\x045\x04\
4\x04A\x04B\x042\x08\x00\x00\x00\x00\x06\x00\x00\x00\
\x17Cash shortfall \
detected\x07\x00\x00\x00\x0dDef\
icitBanner\x01\x03\x00\x00\x00B\
\x04\x1f\x04@\x045\x044\x04C\x04?\x04@\x045\
\x046\x044\x045\x04=\x048\x045\x00 \x04>\
\x00 \x04=\x045\x04E\x042\x040\x04B\x04:\
\x045\x00 \x04A\x04@\x045\x044\x04A\x04B\
\x042\x08\x00\x00\x00\x00\x06\x00\x00\x00\x16Cash\
 shortfall warni\
ng\x07\x00\x00\x00\x0dDeficitBa\
nner\x01\x03\x00\x00\x00P\x04!\x04:\x04@\
\x04K\x04B\x04L\x00 \x04?\x04@\x045\x044\
\x04C\x04?\x04@\x045\x046\x044\x045\x04=\
\x048\x045\x00 \x04>\x00 \x04=\x045\x04E\
\x042\x040\x04B\x04:\x045\x00 \x04A\x04@\
\x045\x044\x04A\x04B\x042\x08\x00\x00\x00\x00\x06\
\x00\x00\x00\x1cDismiss cash\
 shortfall alert\
\x07\x00\x00\x00\x0dDeficitBann\
er\x01\x03\x00\x00\x00\x22\x04\x1f\x045\x04@\x042\
\x04K\x049\x00 \x044\x045\x04D\x048\x04F\
\x048\x04B\x00 \x00%\x001\x08\x00\x00\x00\x00\x06\
\x00\x00\x00\x15First shortf\
all on %1\x07\x00\x00\x00\x0dDe\
ficitBanner\x01\x03\x00\x00\x00\
>\x04\x1f\x045\x04@\x045\x04:\x04;\x04N\x04\
G\x040\x04B\x045\x04;\x04L\x00 \x040\x04\
:\x04B\x048\x042\x04=\x04>\x04A\x04B\x04\
8\x00 \x044\x04;\x04O\x00 \x00%\x001\x08\
\x00\x00\x00\x00\x06\x00\x00\x00\x14Active \
toggle for %1\x07\x00\x00\
\x00\x0bEntriesPage\x01\x03\x00\
\x00\x00.\x04\x14\x04>\x041\x040\x042\x048\x04\
B\x04L\x00 \x044\x045\x04=\x045\x046\x04\
=\x04K\x049\x00 \x04?\x04>\x04B\x04>\x04\
:\x08\x00\x00\x00\x00\x06\x00\x00\x00\x0dAdd c\
ash flow\x07\x00\x00\x00\x0bEnt\
riesPage\x01\x03\x00\x00\x00b\x04\x14\
\x04>\x041\x040\x042\x04L\x04B\x045\x00 \
\x04?\x045\x04@\x042\x04K\x049\x00 \x044\
\x045\x04=\x045\x046\x04=\x04K\x049\x00 \
\x04?\x04>\x04B\x04>\x04:\x00 \x04A\x00 \
\x04?\x04>\x04<\x04>\x04I\x04L\x04N\x00 \
\x04:\x04=\x04>\x04?\x04:\x048\x00 \x00+\
\x08\x00\x00\x00\x00\x06\x00\x00\x00+Add yo\
ur first cash fl\
ow using the + b\
utton\x07\x00\x00\x00\x0bEntrie\
sPage\x01\x03\x00\x00\x00\x0c\x04\x1e\x04B\x04\
<\x045\x04=\x040\x08\x00\x00\x00\x00\x06\x00\x00\x00\
\x06Cancel\x07\x00\x00\x00\x0bEntr\
iesPage\x01\x03\x00\x00\x00\x0e\x04#\x04\
4\x040\x04;\x048\x04B\x04L\x08\x00\x00\x00\x00\
\x06\x00\x00\x00\x06Delete\x07\x00\x00\x00\x0b\
EntriesPage\x01\x03\x00\x00\x00\
\x1a\x04#\x044\x040\x04;\x048\x04B\x04L\x00\
 \x00\xab\x00%\x001\x00\xbb\x00?\x08\x00\x00\x00\x00\
\x06\x00\x00\x00\x0cDelete \x22%1\x22\
?\x07\x00\x00\x00\x0bEntriesPag\
e\x01\x03\x00\x00\x00\x14\x04#\x044\x040\x04;\x04\
8\x04B\x04L\x00 \x00%\x001\x08\x00\x00\x00\x00\
\x06\x00\x00\x00\x09Delete %1\x07\x00\
\x00\x00\x0bEntriesPage\x01\x03\
\x00\x00\x00,\x04#\x044\x040\x04;\x048\x04B\
\x04L\x00 \x044\x045\x04=\x045\x046\x04=\
\x04K\x049\x00 \x04?\x04>\x04B\x04>\x04:\
\x08\x00\x00\x00\x00\x06\x00\x00\x00\x10Delete\
 cash flow\x07\x00\x00\x00\x0bE\
ntriesPage\x01\x03\x00\x00\x00\x16\
\x04\x18\x047\x04<\x045\x04=\x048\x04B\x04L\
\x00 \x00%\x001\x08\x00\x00\x00\x00\x06\x00\x00\x00\x07\
Edit %1\x07\x00\x00\x00\x0bEntr\
iesPage\x01\x03\x00\x00\x00\x0c\x04 \x04\
0\x04A\x04E\x04>\x044\x08\x00\x00\x00\x00\x06\x00\
\x00\x00\x07Expense\x07\x00\x00\x00\x0bE\
ntriesPage\x01\x03\x00\x00\x00 \
\x04\x12\x04:\x04;\x040\x044\x04:\x040\x00 \
\x04@\x040\x04A\x04E\x04>\x044\x04>\x042\
\x08\x00\x00\x00\x00\x06\x00\x00\x00\x0bExpens\
e tab\x07\x00\x00\x00\x0bEntrie\
sPage\x01\x03\x00\x00\x00\x0c\x04\x18\x04<\x04\
?\x04>\x04@\x04B\x08\x00\x00\x00\x00\x06\x00\x00\x00\
\x06Import\x07\x00\x00\x00\x0bEntr\
iesPage\x01\x03\x00\x00\x00.\x04\x18\x04\
<\x04?\x04>\x04@\x04B\x00 \x044\x045\x04\
=\x045\x046\x04=\x04K\x04E\x00 \x04?\x04\
>\x04B\x04>\x04:\x04>\x042\x08\x00\x00\x00\x00\
\x06\x00\x00\x00\x11Import cash\
 flows\x07\x00\x00\x00\x0bEntri\
esPage\x01\x03\x00\x00\x00\x0c\x04\x14\x04>\
\x04E\x04>\x044\x04K\x08\x00\x00\x00\x00\x06\x00\x00\
\x00\x06Income\x07\x00\x00\x00\x0bEnt\
riesPage\x01\x03\x00\x00\x00\x1e\x04\x12\
\x04:\x04;\x040\x044\x04:\x040\x00 \x044\
\x04>\x04E\x04>\x044\x04>\x042\x08\x00\x00\x00\
\x00\x06\x00\x00\x00\x0aIncome tab\
\x07\x00\x00\x00\x0bEntriesPage\
\x01\x03\x00\x00\x004\x04\x1f\x04>\x04:\x040\x00 \
\x04=\x045\x04B\x00 \x04@\x040\x04A\x04E\
\x04>\x044\x04=\x04K\x04E\x00 \x04?\x04>\
\x04B\x04>\x04:\x04>\x042\x08\x00\x00\x00\x00\x06\
\x00\x00\x00\x19No expense c\
ash flows yet\x07\x00\x00\
\x00\x0bEntriesPage\x01\x03\x00\
\x00\x002\x04\x1f\x04>\x04:\x040\x00 \x04=\x04\
5\x04B\x00 \x044\x04>\x04E\x04>\x044\x04\
=\x04K\x04E\x00 \x04?\x04>\x04B\x04>\x04\
:\x04>\x042\x08\x00\x00\x00\x00\x06\x00\x00\x00\x18N\
o income cash fl\
ows yet\x07\x00\x00\x00\x0bEntr\
iesPage\x01\x03\x00\x00\x00\x16\x04\x1a\x04\
0\x046\x044\x04K\x049\x00 \x044\x045\x04\
=\x04L\x08\x00\x00\x00\x00\x06\x00\x00\x00\x09Eve\
ry day\x07\x00\x00\x00\x10Entri\
esViewModel\x01\x03\x00\x00\x00\
\x1a\x04\x15\x046\x045\x04<\x045\x04A\x04O\x04\
G\x04=\x04>\x00 \x00%\x001\x08\x00\x00\x00\x00\
\x06\x00\x00\x00\x11Monthly on \
the %1\x07\x00\x00\x00\x10Entri\
esViewModel\x01\x03\x00\x00\x00\
&\x04\x1e\x044\x04=\x04>\x04:\x04@\x040\x04\
B\x04=\x04>\x00 \x00%\x001\x00 \x00%\x00\
2\x00 \x00%\x003\x08\x00\x00\x00\x00\x06\x00\x00\x00\
\x10Once on %1 %2 %\
3\x07\x00\x00\x00\x10EntriesVie\
wModel\x01\x03\x00\x00\x00\x1c\x04\x15\x046\
\x045\x043\x04>\x044\x04=\x04>\x00 \x00%\
\x001\x00 \x00%\x002\x08\x00\x00\x00\x00\x06\x00\x00\
\x00\x0fYearly on %1 %\
2\x07\x00\x00\x00\x10EntriesVie\
wModel\x01\x03\x00\x00\x00\x08\x000\x00.\
\x000\x000\x08\x00\x00\x00\x00\x06\x00\x00\x00\x040.\
00\x07\x00\x00\x00\x09EntryForm\
\x01\x03\x00\x00\x00\x0a\x04!\x04C\x04<\x04<\x040\
\x08\x00\x00\x00\x00\x06\x00\x00\x00\x06Amount\
\x07\x00\x00\x00\x09EntryForm\x01\x03\
\x00\x00\x002\x04\x1d\x040\x047\x042\x040\x04=\
\x048\x045\x00 \x044\x045\x04=\x045\x046\
\x04=\x04>\x043\x04>\x00 \x04?\x04>\x04B\
\x04>\x04:\x040\x08\x00\x00\x00\x00\x06\x00\x00\x00\x0e\
Cash flow name\x07\x00\
\x00\x00\x09EntryForm\x01\x03\x00\x00\
\x00\x12\x04\x1a\x040\x04B\x045\x043\x04>\x04@\
\x048\x04O\x08\x00\x00\x00\x00\x06\x00\x00\x00\x08Ca\
tegory\x07\x00\x00\x00\x09Entry\
Form\x01\x03\x00\x00\x002\x04\x1a\x040\x04B\
\x045\x043\x04>\x04@\x048\x04O\x00 \x00(\
\x04=\x045\x04>\x041\x04O\x047\x040\x04B\
\x045\x04;\x04L\x04=\x04>\x00)\x08\x00\x00\x00\
\x00\x06\x00\x00\x00\x13Category (\
optional)\x07\x00\x00\x00\x09En\
tryForm\x01\x03\x00\x00\x00\x0c\x04\x12\x04\
0\x04;\x04N\x04B\x040\x08\x00\x00\x00\x00\x06\x00\
\x00\x00\x08Currency\x07\x00\x00\x00\x09\
EntryForm\x01\x03\x00\x00\x00\x16\x04\
(\x040\x041\x04;\x04>\x04=\x00 \x044\x04\
0\x04B\x04K\x08\x00\x00\x00\x00\x06\x00\x00\x00\x0cD\
ate pattern\x07\x00\x00\x00\x09\
EntryForm\x01\x03\x00\x00\x00\x10\x04\
\x1e\x04?\x048\x04A\x040\x04=\x048\x045\x08\
\x00\x00\x00\x00\x06\x00\x00\x00\x0bDescrip\
tion\x07\x00\x00\x00\x09EntryFo\
rm\x01\x03\x00\x00\x00\x0c\x04 \x040\x04A\x04E\
\x04>\x044\x08\x00\x00\x00\x00\x06\x00\x00\x00\x07Ex\
pense\x07\x00\x00\x00\x09EntryF\
orm\x01\x03\x00\x00\x00\x0c\x04\x14\x04>\x04E\x04\
>\x044\x04K\x08\x00\x00\x00\x00\x06\x00\x00\x00\x06I\
ncome\x07\x00\x00\x00\x09EntryF\
orm\x01\x03\x00\x00\x00\x06\x04\x22\x048\x04?\x08\
\x00\x00\x00\x00\x06\x00\x00\x00\x04Type\x07\x00\x00\
\x00\x09EntryForm\x01\x03\x00\x00\x00\
\x1c\x04=\x040\x04?\x04@\x00.\x00 \x04\x17\x04\
0\x04@\x04?\x04;\x040\x04B\x040\x08\x00\x00\
\x00\x00\x06\x00\x00\x00\x0be.g. Sala\
ry\x07\x00\x00\x00\x09EntryForm\
\x01\x03\x00\x00\x00.\x04\x14\x04>\x041\x040\x042\
\x048\x04B\x04L\x00 \x044\x045\x04=\x045\
\x046\x04=\x04K\x049\x00 \x04?\x04>\x04B\
\x04>\x04:\x08\x00\x00\x00\x00\x06\x00\x00\x00\x0dAd\
d cash flow\x07\x00\x00\x00\x0f\
EntryFormDrawer\x01\
\x03\x00\x00\x00\x0e\x04\x17\x040\x04:\x04@\x04K\x04\
B\x04L\x08\x00\x00\x00\x00\x06\x00\x00\x00\x05Clo\
se\x07\x00\x00\x00\x0fEntryForm\
Drawer\x01\x03\x00\x00\x008\x04 \x045\
\x044\x040\x04:\x04B\x048\x04@\x04>\x042\
\x040\x04B\x04L\x00 \x044\x045\x04=\x045\
\x046\x04=\x04K\x049\x00 \x04?\x04>\x04B\
\x04>\x04:\x08\x00\x00\x00\x00\x06\x00\x00\x00\x0eEd\
it cash flow\x07\x00\x00\x00\
\x0fEntryFormDrawer\
\x01\x03\x00\x00\x00\x12\x04!\x04>\x04E\x04@\x040\
\x04=\x048\x04B\x04L\x08\x00\x00\x00\x00\x06\x00\x00\
\x00\x04Save\x07\x00\x00\x00\x0fEntry\
FormDrawer\x01\x03\x00\x00\x000\
\x04!\x04>\x04E\x04@\x040\x04=\x048\x04B\
\x04L\x00 \x044\x045\x04=\x045\x046\x04=\
\x04K\x049\x00 \x04?\x04>\x04B\x04>\x04:\
\x08\x00\x00\x00\x00\x06\x00\x00\x00\x0eSave c\
ash flow\x07\x00\x00\x00\x0fEnt\
ryFormDrawer\x01\x03\x00\x00\
\x00T\x04\x1d\x045\x04B\x00 \x04@\x040\x04A\
\x04E\x04>\x044\x04>\x042\x00 \x04?\x04>\
\x00 \x04:\x040\x04B\x045\x043\x04>\x04@\
\x048\x04O\x04<\x00 \x047\x040\x00 \x04M\
\x04B\x04>\x04B\x00 \x04?\x045\x04@\x048\
\x04>\x044\x00.\x08\x00\x00\x00\x00\x06\x00\x00\x00$\
No category spen\
ding in this per\
iod.\x07\x00\x00\x00\x15Expense\
AnalyticsPanel\x01\x03\
\x00\x00\x00Z\x04\x1d\x045\x04B\x00 \x04@\x040\
\x04A\x04E\x04>\x044\x04>\x042\x00 \x04?\
\x04>\x00 \x04=\x040\x048\x04<\x045\x04=\
\x04>\x042\x040\x04=\x048\x04O\x04<\x00 \
\x047\x040\x00 \x04M\x04B\x04>\x04B\x00 \
\x04?\x045\x04@\x048\x04>\x044\x00.\x08\x00\
\x00\x00\x00\x06\x00\x00\x00 No name \
spending in this\
 period.\x07\x00\x00\x00\x15Exp\
enseAnalyticsPan\
el\x01\x03\x00\x00\x00L\x04\x1d\x045\x04B\x00 \
\x04@\x040\x04A\x04E\x04>\x044\x04>\x042\
\x00 \x04?\x04>\x00 \x04<\x045\x04A\x04B\
\x040\x04<\x00 \x047\x040\x00 \x04M\x04B\
\x04>\x04B\x00 \x04?\x045\x04@\x048\x04>\
\x044\x00.\x08\x00\x00\x00\x00\x06\x00\x00\x00!No\
 place spending \
in this period.\x07\
\x00\x00\x00\x15ExpenseAnaly\
ticsPanel\x01\x03\x00\x00\x00\x0a\x04\
\x1e\x041\x047\x04>\x04@\x08\x00\x00\x00\x00\x06\x00\
\x00\x00\x08Overview\x07\x00\x00\x00\x15\
ExpenseAnalytics\
Panel\x01\x03\x00\x00\x00$\x04\x1e\x04A\x04\
=\x04>\x042\x04=\x04K\x045\x00 \x04:\x04\
0\x04B\x045\x043\x04>\x04@\x048\x048\x08\
\x00\x00\x00\x00\x06\x00\x00\x00\x0eTop cat\
egories\x07\x00\x00\x00\x15Expe\
nseAnalyticsPane\
l\x01\x03\x00\x00\x00*\x04\x1e\x04A\x04=\x04>\x04\
2\x04=\x04K\x045\x00 \x04=\x040\x048\x04\
<\x045\x04=\x04>\x042\x040\x04=\x048\x04\
O\x08\x00\x00\x00\x00\x06\x00\x00\x00\x09Top n\
ames\x07\x00\x00\x00\x15Expense\
AnalyticsPanel\x01\x03\
\x00\x00\x00\x1c\x04\x1e\x04A\x04=\x04>\x042\x04=\
\x04K\x045\x00 \x04<\x045\x04A\x04B\x040\
\x08\x00\x00\x00\x00\x06\x00\x00\x00\x0aTop pl\
aces\x07\x00\x00\x00\x15Expense\
AnalyticsPanel\x01\x03\
\x00\x00\x00\x14\x04!\x04C\x04<\x04<\x040\x00 \
\x00(\x00%\x001\x00)\x08\x00\x00\x00\x00\x06\x00\x00\
\x00\x0bAmount (%1)\x07\x00\x00\
\x00\x15ExpenseBucketB\
arChart\x01\x03\x00\x00\x008\x04\x1d\x04\
5\x04B\x00 \x04@\x040\x04A\x04E\x04>\x04\
4\x04>\x042\x00 \x047\x040\x00 \x04M\x04\
B\x04>\x04B\x00 \x04?\x045\x04@\x048\x04\
>\x044\x00.\x08\x00\x00\x00\x00\x06\x00\x00\x00\x1bN\
o spending in th\
is period.\x07\x00\x00\x00\x15E\
xpenseBucketBarC\
hart\x01\x03\x00\x00\x00\x0c\x04\x1f\x04@\x04>\
\x04G\x045\x045\x08\x00\x00\x00\x00\x06\x00\x00\x00\x05\
Other\x07\x00\x00\x00\x15Expens\
eBucketBarChart\x01\
\x03\x00\x00\x00\x12\x04\x1f\x04@\x048\x04<\x045\x04\
=\x048\x04B\x04L\x08\x00\x00\x00\x00\x06\x00\x00\x00\
\x05Apply\x07\x00\x00\x00\x10Expen\
seFilterBar\x01\x03\x00\x00\x00\
 \x04!\x041\x04@\x04>\x04A\x048\x04B\x04\
L\x00 \x04D\x048\x04;\x04L\x04B\x04@\x04\
K\x08\x00\x00\x00\x00\x06\x00\x00\x00\x0dClear\
 filters\x07\x00\x00\x00\x10Exp\
enseFilterBar\x01\x03\x00\
\x00\x00\x18\x04\x1f\x04@\x04>\x048\x047\x042\x04\
>\x04;\x04L\x04=\x04K\x049\x08\x00\x00\x00\x00\
\x06\x00\x00\x00\x06Custom\x07\x00\x00\x00\x10\
ExpenseFilterBar\
\x01\x03\x00\x00\x00\x04\x04\x18\x047\x08\x00\x00\x00\x00\x06\
\x00\x00\x00\x04From\x07\x00\x00\x00\x10Exp\
enseFilterBar\x01\x03\x00\
\x00\x00\x22\x04\x1f\x04>\x04A\x04;\x045\x044\x04\
=\x048\x045\x00 \x003\x000\x00 \x044\x04\
=\x045\x049\x08\x00\x00\x00\x00\x06\x00\x00\x00\x0cL\
ast 30 days\x07\x00\x00\x00\x10\
ExpenseFilterBar\
\x01\x03\x00\x00\x00\x1c\x04\x1f\x04>\x048\x04A\x04:\
\x00 \x04@\x040\x04A\x04E\x04>\x044\x04>\
\x042\x08\x00\x00\x00\x00\x06\x00\x00\x00\x0fSear\
ch expenses\x07\x00\x00\x00\x10\
ExpenseFilterBar\
\x01\x03\x00\x00\x00f\x04\x1f\x04>\x048\x04A\x04:\
\x00 \x04?\x04>\x00 \x04=\x040\x048\x04<\
\x045\x04=\x04>\x042\x040\x04=\x048\x04N\
\x00,\x00 \x04:\x040\x04B\x045\x043\x04>\
\x04@\x048\x048\x00,\x00 \x04<\x045\x04A\
\x04B\x04C\x00 \x048\x04;\x048\x00 \x047\
\x040\x04<\x045\x04B\x04:\x045\x08\x00\x00\x00\
\x00\x06\x00\x00\x00%Search nam\
e, category, pla\
ce, or note\x07\x00\x00\x00\x10\
ExpenseFilterBar\
\x01\x03\x00\x00\x00\x14\x04-\x04B\x04>\x04B\x00 \
\x04<\x045\x04A\x04O\x04F\x08\x00\x00\x00\x00\x06\
\x00\x00\x00\x0aThis month\x07\x00\
\x00\x00\x10ExpenseFilter\
Bar\x01\x03\x00\x00\x00\x02\x04\x12\x08\x00\x00\x00\x00\
\x06\x00\x00\x00\x02To\x07\x00\x00\x00\x10Expe\
nseFilterBar\x01\x03\x00\x00\
\x00\x1a\x04!\x00 \x04=\x040\x04G\x040\x04;\
\x040\x00 \x043\x04>\x044\x040\x08\x00\x00\x00\
\x00\x06\x00\x00\x00\x0cYear to da\
te\x07\x00\x00\x00\x10ExpenseFi\
lterBar\x01\x03\x00\x00\x00\xd2\x04\x10\x04\
1\x04>\x04=\x045\x04=\x04B\x04A\x04:\x04\
0\x04O\x00 \x04?\x04;\x040\x04B\x040\x00\
 \x04:\x04;\x048\x045\x04=\x04B\x04>\x04\
2\x00,\x00 \x04@\x040\x04A\x04E\x04>\x04\
4\x04K\x00 \x04=\x040\x00 \x04?\x04>\x04\
4\x04@\x04O\x044\x04G\x048\x04:\x04>\x04\
2\x00 \x048\x00 \x04>\x04?\x045\x04@\x04\
0\x04F\x048\x04>\x04=\x04=\x04K\x045\x00\
 \x04@\x040\x04A\x04E\x04>\x044\x04K\x00\
 \x04=\x045\x041\x04>\x04;\x04L\x04H\x04\
>\x049\x00 \x04:\x04>\x04=\x04A\x040\x04\
;\x04B\x048\x04=\x043\x04>\x042\x04>\x04\
9\x00 \x04D\x048\x04@\x04<\x04K\x00.\x08\
\x00\x00\x00\x00\x06\x00\x00\x00bClient \
retainers, contr\
actor costs, and\
 operating expen\
ses for a small \
professional ser\
vices firm.\x07\x00\x00\x00\x11\
ForecastTemplate\
s\x01\x03\x00\x00\x00(\x04\x1a\x04>\x04=\x04A\x04\
0\x04;\x04B\x048\x04=\x043\x04>\x042\x04\
0\x04O\x00 \x04D\x048\x04@\x04<\x040\x08\
\x00\x00\x00\x00\x06\x00\x00\x00\x0fConsult\
ing firm\x07\x00\x00\x00\x11For\
ecastTemplates\x01\x03\
\x00\x00\x00\xbe\x04\x15\x046\x045\x04<\x045\x04A\
\x04O\x04G\x04=\x040\x04O\x00 \x04@\x045\
\x043\x04C\x04;\x04O\x04@\x04=\x040\x04O\
\x00 \x042\x04K\x04@\x04C\x04G\x04:\x040\
\x00,\x00 \x04>\x041\x04;\x040\x04G\x04=\
\x04K\x045\x00 \x04@\x040\x04A\x04E\x04>\
\x044\x04K\x00 \x048\x00 \x047\x040\x04@\
\x04?\x04;\x040\x04B\x040\x00 \x044\x04;\
\x04O\x00 \x00S\x00a\x00a\x00S\x00-\x04:\
\x04>\x04<\x04?\x040\x04=\x048\x048\x00 \
\x04=\x040\x00 \x04@\x040\x04=\x04=\x045\
\x049\x00 \x04A\x04B\x040\x044\x048\x048\
\x00.\x08\x00\x00\x00\x00\x06\x00\x00\x00TMont\
hly recurring re\
venue, cloud cos\
ts, and payroll \
for an early-sta\
ge SaaS company.\
\x07\x00\x00\x00\x11ForecastTem\
plates\x01\x03\x00\x00\x00\xb6\x04\x12\x04K\
\x04@\x04C\x04G\x04:\x040\x00 \x042\x00 \
\x04B\x04>\x04G\x04:\x045\x00 \x04?\x04@\
\x04>\x044\x040\x046\x00,\x00 \x040\x04@\
\x045\x04=\x044\x040\x00,\x00 \x04A\x045\
\x041\x045\x04A\x04B\x04>\x048\x04<\x04>\
\x04A\x04B\x04L\x00 \x04B\x04>\x042\x040\
\x04@\x04>\x042\x00 \x048\x00 \x04A\x045\
\x047\x04>\x04=\x04=\x04>\x04A\x04B\x04L\
\x00 \x044\x04;\x04O\x00 \x04@\x04>\x047\
\x04=\x048\x04G\x04=\x04>\x043\x04>\x00 \
\x04<\x040\x043\x040\x047\x048\x04=\x040\
\x00.\x08\x00\x00\x00\x00\x06\x00\x00\x00gPoin\
t-of-sale revenu\
e, rent, invento\
ry COGS, and sea\
sonal patterns f\
or a brick-and-m\
ortar retail sto\
re.\x07\x00\x00\x00\x11Forecast\
Templates\x01\x03\x00\x00\x00\x22\x04\
 \x04>\x047\x04=\x048\x04G\x04=\x04K\x04\
9\x00 \x04<\x040\x043\x040\x047\x048\x04\
=\x08\x00\x00\x00\x00\x06\x00\x00\x00\x0bRetai\
l shop\x07\x00\x00\x00\x11Forec\
astTemplates\x01\x03\x00\x00\
\x00\x18\x00S\x00a\x00a\x00S\x00-\x04A\x04B\
\x040\x04@\x04B\x040\x04?\x08\x00\x00\x00\x00\x06\
\x00\x00\x00\x0cSaaS startup\
\x07\x00\x00\x00\x11ForecastTem\
plates\x01\x03\x00\x00\x00\x0a\x04!\x04C\
\x04<\x04<\x040\x08\x00\x00\x00\x00\x06\x00\x00\x00\x06\
Amount\x07\x00\x00\x00\x0cImpor\
tDialog\x01\x03\x00\x00\x00\x0a\x04\x1d\x04\
0\x047\x040\x044\x08\x00\x00\x00\x00\x06\x00\x00\x00\
\x04Back\x07\x00\x00\x00\x0cImport\
Dialog\x01\x03\x00\x00\x00\x0c\x04\x1e\x041\
\x047\x04>\x04@ &\x08\x00\x00\x00\x00\x06\x00\x00\
\x00\x09Browse\xe2\x80\xa6\x07\x00\x00\x00\x0c\
ImportDialog\x01\x03\x00\x00\
\x00\x0c\x04\x1e\x04B\x04<\x045\x04=\x040\x08\x00\
\x00\x00\x00\x06\x00\x00\x00\x06Cancel\x07\x00\
\x00\x00\x0cImportDialog\x01\
\x03\x00\x00\x00\x12\x04\x1a\x040\x04B\x045\x043\x04\
>\x04@\x048\x04O\x08\x00\x00\x00\x00\x06\x00\x00\x00\
\x08Category\x07\x00\x00\x00\x0cIm\
portDialog\x01\x03\x00\x00\x00R\
\x04\x12\x04K\x041\x045\x04@\x048\x04B\x045\
\x00 \x00C\x00S\x00V\x00-\x00 \x048\x04;\
\x048\x00 \x00E\x00x\x00c\x00e\x00l\x00-\
\x04D\x040\x049\x04;\x00 \x044\x04;\x04O\
\x00 \x048\x04<\x04?\x04>\x04@\x04B\x040\
\x00.\x08\x00\x00\x00\x00\x06\x00\x00\x00%Choo\
se a CSV or Exce\
l file to import\
.\x07\x00\x00\x00\x0cImportDial\
og\x01\x03\x00\x00\x00\x0c\x04\x12\x040\x04;\x04N\
\x04B\x040\x08\x00\x00\x00\x00\x06\x00\x00\x00\x08Cu\
rrency\x07\x00\x00\x00\x0cImpor\
tDialog\x01\x03\x00\x00\x00\x16\x04(\x04\
0\x041\x04;\x04>\x04=\x00 \x044\x040\x04\
B\x04K\x08\x00\x00\x00\x00\x06\x00\x00\x00\x0cDat\
e pattern\x07\x00\x00\x00\x0cIm\
portDialog\x01\x03\x00\x00\x00\x0c\
\x04\x13\x04>\x04B\x04>\x042\x04>\x08\x00\x00\x00\
\x00\x06\x00\x00\x00\x04Done\x07\x00\x00\x00\x0cI\
mportDialog\x01\x03\x00\x00\x00\
*\x04!\x04:\x04@\x04K\x04B\x04L\x00 \x04\
>\x04H\x048\x041\x04:\x048\x00 \x048\x04\
<\x04?\x04>\x04@\x04B\x040\x08\x00\x00\x00\x00\
\x06\x00\x00\x00\x12Hide import\
 errors\x07\x00\x00\x00\x0cImpo\
rtDialog\x01\x03\x00\x00\x00\x0c\x04\x18\
\x04<\x04?\x04>\x04@\x04B\x08\x00\x00\x00\x00\x06\
\x00\x00\x00\x06Import\x07\x00\x00\x00\x0cI\
mportDialog\x01\x03\x00\x00\x00\
.\x04\x18\x04<\x04?\x04>\x04@\x04B\x00 \x04\
4\x045\x04=\x045\x046\x04=\x04K\x04E\x00\
 \x04?\x04>\x04B\x04>\x04:\x04>\x042\x08\
\x00\x00\x00\x00\x06\x00\x00\x00\x11Import \
cash flows\x07\x00\x00\x00\x0cI\
mportDialog\x01\x03\x00\x00\x00\
`\x04\x18\x04<\x04?\x04>\x04@\x04B\x048\x04\
@\x04>\x042\x040\x04=\x04>\x00 \x00%\x00\
1\x00 \x044\x045\x04=\x045\x046\x04=\x04\
K\x04E\x00 \x04?\x04>\x04B\x04>\x04:\x04\
>\x042\x00 \x04A\x00 \x00%\x002\x00 \x04\
>\x04H\x048\x041\x04:\x040\x04<\x048\x00\
.\x08\x00\x00\x00\x00\x06\x00\x00\x00&Impor\
ted %1 cash flow\
s with %2 errors\
.\x07\x00\x00\x00\x0cImportDial\
og\x01\x03\x00\x00\x00r\x04!\x04>\x04?\x04>\
\x04A\x04B\x040\x042\x04L\x04B\x045\x00 \
\x04:\x040\x046\x044\x04>\x045\x00 \x04>\
\x041\x04O\x047\x040\x04B\x045\x04;\x04L\
\x04=\x04>\x045\x00 \x04?\x04>\x04;\x045\
\x00 \x04A\x04>\x00 \x04A\x04B\x04>\x04;\
\x041\x04F\x04>\x04<\x00 \x042\x00 \x04D\
\x040\x049\x04;\x045\x00.\x08\x00\x00\x00\x00\x06\
\x00\x00\x001Map each req\
uired field to a\
 column in your \
file.\x07\x00\x00\x00\x0cImport\
Dialog\x01\x03\x00\x00\x00\x10\x04\x1d\x040\
\x047\x042\x040\x04=\x048\x045\x08\x00\x00\x00\
\x00\x06\x00\x00\x00\x04Name\x07\x00\x00\x00\x0cI\
mportDialog\x01\x03\x00\x00\x00\
\x0a\x04\x14\x040\x04;\x045\x045\x08\x00\x00\x00\x00\
\x06\x00\x00\x00\x04Next\x07\x00\x00\x00\x0cIm\
portDialog\x01\x03\x00\x00\x008\
\x04\x1d\x045\x04B\x00 \x04A\x04B\x04@\x04>\
\x04:\x00 \x044\x04;\x04O\x00 \x04?\x04@\
\x045\x044\x04?\x04@\x04>\x04A\x04<\x04>\
\x04B\x04@\x040\x00.\x08\x00\x00\x00\x00\x06\x00\x00\
\x00\x1aNo preview row\
s available.\x07\x00\x00\x00\
\x0cImportDialog\x01\x03\x00\
\x00\x00\x1e\x04\x1d\x045\x00 \x04A\x04>\x04?\x04\
>\x04A\x04B\x040\x042\x04;\x045\x04=\x04\
>\x08\x00\x00\x00\x00\x06\x00\x00\x00\x0aNot m\
apped\x07\x00\x00\x00\x0cImport\
Dialog\x01\x03\x00\x00\x00&\x04\x1d\x045\
\x04>\x041\x04O\x047\x040\x04B\x045\x04;\
\x04L\x04=\x04K\x045\x00 \x04?\x04>\x04;\
\x04O\x08\x00\x00\x00\x00\x06\x00\x00\x00\x0fOpti\
onal fields\x07\x00\x00\x00\x0c\
ImportDialog\x01\x03\x00\x00\
\x00\x84\x04\x1f\x04@\x045\x044\x04?\x04@\x04>\
\x04A\x04<\x04>\x04B\x04@\x00 \x04?\x045\
\x04@\x042\x04K\x04E\x00 \x005\x00 \x04A\
\x04B\x04@\x04>\x04:\x00 \x04A\x00 \x04?\
\x04@\x048\x04<\x045\x04=\x04Q\x04=\x04=\
\x04K\x04<\x00 \x04A\x04>\x04?\x04>\x04A\
\x04B\x040\x042\x04;\x045\x04=\x048\x045\
\x04<\x00 \x04A\x04B\x04>\x04;\x041\x04F\
\x04>\x042\x00.\x08\x00\x00\x00\x00\x06\x00\x00\x00=\
Preview of the f\
irst 5 rows with\
 your column map\
ping applied.\x07\x00\x00\
\x00\x0cImportDialog\x01\x03\
\x00\x00\x00v\x04\x13\x04>\x04B\x04>\x042\x04>\
\x00 \x04:\x00 \x048\x04<\x04?\x04>\x04@\
\x04B\x04C\x00.\x00 \x04\x1f\x04@\x04>\x042\
\x045\x04@\x04L\x04B\x045\x00 \x04A\x042\
\x04>\x044\x04:\x04C\x00 \x04=\x048\x046\
\x045\x00 \x048\x00 \x04=\x040\x046\x04<\
\x048\x04B\x045\x00 \x00\xab\x04\x18\x04<\x04?\
\x04>\x04@\x04B\x00\xbb\x00.\x08\x00\x00\x00\x00\x06\
\x00\x00\x00;Ready to imp\
ort. Review the \
summary below an\
d click Import.\x07\
\x00\x00\x00\x0cImportDialog\
\x01\x03\x00\x00\x00\x1a\x04!\x04B\x04@\x04>\x04:\
\x040\x00 \x00%\x001\x00:\x00 \x00%\x002\
\x08\x00\x00\x00\x00\x06\x00\x00\x00\x0aRow %1\
: %2\x07\x00\x00\x00\x0cImportD\
ialog\x01\x03\x00\x00\x00\x22\x04\x12\x04K\x04\
1\x045\x04@\x048\x04B\x045\x00 \x04A\x04\
B\x04>\x04;\x041\x045\x04F &\x08\x00\x00\
\x00\x00\x06\x00\x00\x00\x10Select co\
lumn\xe2\x80\xa6\x07\x00\x00\x00\x0cImpo\
rtDialog\x01\x03\x00\x00\x002\x04\x12\
\x04K\x041\x045\x04@\x048\x04B\x045\x00 \
\x04D\x040\x049\x04;\x00 \x044\x04;\x04O\
\x00 \x048\x04<\x04?\x04>\x04@\x04B\x040\
\x08\x00\x00\x00\x00\x06\x00\x00\x00\x15Select\
 file to import\x07\
\x00\x00\x00\x0cImportDialog\
\x01\x03\x00\x00\x008\x04\x1f\x04>\x04:\x040\x047\
\x040\x04B\x04L\x00 \x04>\x04H\x048\x041\
\x04:\x048\x00 \x048\x04<\x04?\x04>\x04@\
\x04B\x040\x00 \x00(\x00%\x001\x00)\x08\x00\
\x00\x00\x00\x06\x00\x00\x00\x17Show imp\
ort errors (%1)\x07\
\x00\x00\x00\x0cImportDialog\
\x01\x03\x00\x00\x00,\x04\x22\x040\x041\x04;\x048\
\x04F\x04K\x00 \x00(\x00*\x00.\x00c\x00s\
\x00v\x00 \x00*\x00.\x00x\x00l\x00s\x00x\
\x00)\x08\x00\x00\x00\x00\x06\x00\x00\x00\x1bSpre\
adsheets (*.csv \
*.xlsx)\x07\x00\x00\x00\x0cImpo\
rtDialog\x01\x03\x00\x00\x00\x06\x04\x22\
\x048\x04?\x08\x00\x00\x00\x00\x06\x00\x00\x00\x04Ty\
pe\x07\x00\x00\x00\x0cImportDia\
log\x01\x03\x00\x00\x00$\x04\x1d\x048\x047\x04\
:\x040\x04O\x00 \x04C\x042\x045\x04@\x04\
5\x04=\x04=\x04>\x04A\x04B\x04L\x08\x00\x00\
\x00\x00\x06\x00\x00\x00\x0eLow confi\
dence\x07\x00\x00\x00\x16LabelA\
utocompleteField\
\x01\x03\x00\x00\x00\x1a\x04=\x045\x04>\x041\x04O\
\x047\x040\x04B\x045\x04;\x04L\x04=\x04>\
\x08\x00\x00\x00\x00\x06\x00\x00\x00\x08option\
al\x07\x00\x00\x00\x16LabelAuto\
completeField\x01\x03\x00\
\x00\x02\x9a\x04\x1a\x040\x04A\x04A\x04>\x042\x04\
K\x049\x00 \x04@\x040\x047\x04@\x04K\x04\
2\x00 \x04D\x048\x04:\x04A\x048\x04@\x04\
C\x045\x04B\x04A\x04O\x00 \x042\x00 \x04\
?\x045\x04@\x042\x04K\x049\x00 \x044\x04\
5\x04=\x04L\x00,\x00 \x04:\x04>\x043\x04\
4\x040\x00 \x04:\x04>\x04=\x045\x04G\x04\
=\x04K\x049\x00 \x04>\x04A\x04B\x040\x04\
B\x04>\x04:\x00 \x04>\x04?\x04C\x04A\x04\
:\x040\x045\x04B\x04A\x04O\x00 \x04=\x04\
8\x046\x045\x00 \x04=\x04C\x04;\x04O\x00\
.\x00 \x04\x1f\x04@\x048\x04;\x04>\x046\x04\
5\x04=\x048\x045\x00 \x047\x040\x04?\x04\
8\x04A\x04K\x042\x040\x045\x04B\x00 \x04\
4\x040\x04B\x04C\x00 \x048\x00 \x042\x04\
K\x044\x045\x04;\x04O\x045\x04B\x00 \x04\
@\x040\x04A\x04E\x04>\x044\x04=\x04K\x04\
9\x00 \x044\x045\x04=\x045\x046\x04=\x04\
K\x049\x00 \x04?\x04>\x04B\x04>\x04:\x00\
,\x00 \x04:\x04>\x04B\x04>\x04@\x04K\x04\
9\x00 \x04A\x04?\x04>\x04A\x04>\x041\x04\
A\x04B\x042\x04>\x042\x040\x04;\x00 \x04\
@\x040\x047\x04@\x04K\x042\x04C\x00 \x04\
2\x00 \x04M\x04B\x04>\x04B\x00 \x044\x04\
5\x04=\x04L\x00 \x00(\x048\x04;\x048\x00\
 \x04?\x045\x04@\x042\x04>\x045\x00 \x04\
7\x040\x04?\x04;\x040\x04=\x048\x04@\x04\
>\x042\x040\x04=\x04=\x04>\x045\x00 \x04\
A\x04>\x041\x04K\x04B\x048\x045\x00,\x00\
 \x045\x04A\x04;\x048\x00 \x04@\x040\x04\
A\x04E\x04>\x044\x04>\x042\x00 \x04=\x04\
5\x00 \x041\x04K\x04;\x04>\x00)\x00.\x00\
 \x04\x1f\x04>\x04A\x04;\x045\x044\x04C\x04\
N\x04I\x048\x045\x00 \x04@\x040\x047\x04\
@\x04K\x042\x04K\x00 \x04>\x04B\x044\x04\
5\x04;\x04L\x04=\x04>\x00 \x04=\x045\x00\
 \x04A\x04>\x04>\x041\x04I\x040\x04N\x04\
B\x04A\x04O\x00  \x14\x00 \x04?\x04>\x04\
:\x040\x047\x04K\x042\x040\x045\x04B\x04\
A\x04O\x00 \x04B\x04>\x04;\x04L\x04:\x04\
>\x00 \x04A\x040\x04<\x04K\x049\x00 \x04\
@\x040\x04=\x04=\x048\x049\x00.\x08\x00\x00\
\x00\x00\x06\x00\x00\x01ZA cash sh\
ortfall is repor\
ted on the first\
 day whose closi\
ng balance falls\
 below zero. Whe\
n that happens, \
the app records \
the date and hig\
hlights the expe\
nse cash flow th\
at contributed t\
o the shortfall \
on that day (or \
the first schedu\
led event if no \
expense occurred\
). Later shortfa\
lls are not repo\
rted separately\xe2\
\x80\x94only the earli\
est one is shown\
.\x07\x00\x00\x00\x0bMethodolog\
y\x01\x03\x00\x00\x008\x04\x1a\x04>\x04=\x042\x04\
5\x04@\x04B\x040\x04F\x048\x04O\x00 \x04\
2\x00 \x041\x040\x047\x04>\x042\x04C\x04\
N\x00 \x042\x040\x04;\x04N\x04B\x04C\x08\
\x00\x00\x00\x00\x06\x00\x00\x00\x18Base cu\
rrency conversio\
n\x07\x00\x00\x00\x0bMethodolog\
y\x01\x03\x00\x00\x01\xea\x04\x14\x045\x04=\x045\x04\
6\x04=\x04K\x045\x00 \x04?\x04>\x04B\x04\
>\x04:\x048\x00 \x04<\x04>\x043\x04C\x04\
B\x00 \x042\x042\x04>\x044\x048\x04B\x04\
L\x04A\x04O\x00 \x042\x00 \x04@\x040\x04\
7\x04=\x04K\x04E\x00 \x042\x040\x04;\x04\
N\x04B\x040\x04E\x00.\x00 \x04\x1f\x045\x04\
@\x045\x044\x00 \x04A\x04C\x04<\x04<\x04\
8\x04@\x04>\x042\x040\x04=\x048\x045\x04\
<\x00 \x04:\x040\x046\x044\x04>\x045\x00\
 \x04A\x04>\x041\x04K\x04B\x048\x045\x00\
 \x04:\x04>\x04=\x042\x045\x04@\x04B\x04\
8\x04@\x04C\x045\x04B\x04A\x04O\x00 \x04\
2\x00 \x041\x040\x047\x04>\x042\x04C\x04\
N\x00 \x042\x040\x04;\x04N\x04B\x04C\x00\
 \x04?\x04@\x04>\x043\x04=\x04>\x047\x04\
0\x00 \x04?\x04>\x00 \x04A\x04>\x04E\x04\
@\x040\x04=\x04Q\x04=\x04=\x04K\x04<\x00\
 \x04:\x04C\x04@\x04A\x040\x04<\x00.\x00\
 \x04\x18\x04A\x04?\x04>\x04;\x04L\x047\x04\
C\x04N\x04B\x04A\x04O\x00 \x04?\x04@\x04\
O\x04<\x04K\x045\x00 \x04:\x04C\x04@\x04\
A\x04K\x00 \x00(\x04=\x040\x04?\x04@\x00\
.\x00 \x00E\x00U\x00R\x00 !\x92\x00 \x00\
U\x00S\x00D\x00)\x00,\x00 \x045\x04A\x04\
;\x048\x00 \x04>\x04=\x048\x00 \x044\x04\
>\x04A\x04B\x04C\x04?\x04=\x04K\x00;\x00\
 \x048\x04=\x040\x04G\x045\x00 \x04?\x04\
@\x048\x04<\x045\x04=\x04O\x045\x04B\x04\
A\x04O\x00 \x04>\x041\x04@\x040\x04B\x04\
=\x04K\x049\x00 \x04:\x04C\x04@\x04A\x00\
.\x08\x00\x00\x00\x00\x06\x00\x00\x01\x03Cash \
flows may be ent\
ered in differen\
t currencies. Be\
fore amounts are\
 summed, each ev\
ent is converted\
 to the forecast\
\xe2\x80\x99s base curren\
cy using stored \
exchange rates. \
Direct rates (e.\
g. EUR \xe2\x86\x92 USD) \
are used when av\
ailable; otherwi\
se an inverse ra\
te is applied.\x07\x00\
\x00\x00\x0bMethodology\x01\x03\
\x00\x00\x006\x04\x12\x04K\x04O\x042\x04;\x045\
\x04=\x048\x045\x00 \x04:\x040\x04A\x04A\
\x04>\x042\x04>\x043\x04>\x00 \x04@\x040\
\x047\x04@\x04K\x042\x040\x08\x00\x00\x00\x00\x06\
\x00\x00\x00\x18Cash shortfa\
ll detection\x07\x00\x00\x00\
\x0bMethodology\x01\x03\x00\x00\
\x00$\x04\x15\x046\x045\x044\x04=\x045\x042\
\x04=\x04K\x049\x00 \x04>\x04A\x04B\x040\
\x04B\x04>\x04:\x08\x00\x00\x00\x00\x06\x00\x00\x00\x15\
Daily running ba\
lance\x07\x00\x00\x00\x0bMethod\
ology\x01\x03\x00\x00\x00\x16\x04(\x040\x04\
1\x04;\x04>\x04=\x04K\x00 \x044\x040\x04\
B\x08\x00\x00\x00\x00\x06\x00\x00\x00\x0dDate \
patterns\x07\x00\x00\x00\x0bMet\
hodology\x01\x03\x00\x00\x01\xc0\x04\x1a\
\x040\x046\x044\x04K\x049\x00 \x044\x045\
\x04=\x045\x046\x04=\x04K\x049\x00 \x04?\
\x04>\x04B\x04>\x04:\x00 \x048\x04A\x04?\
\x04>\x04;\x04L\x047\x04C\x045\x04B\x00 \
\x04:\x04>\x04<\x04?\x040\x04:\x04B\x04=\
\x04K\x049\x00 \x04H\x040\x041\x04;\x04>\
\x04=\x00 \x044\x040\x04B\x04K\x00.\x00 \
\x04(\x040\x041\x04;\x04>\x04=\x00 \x04@\
\x040\x047\x042\x04>\x04@\x040\x04G\x048\
\x042\x040\x045\x04B\x04A\x04O\x00 \x042\
\x00 \x04>\x04B\x044\x045\x04;\x04L\x04=\
\x04K\x045\x00 \x044\x040\x04B\x048\x04@\
\x04>\x042\x040\x04=\x04=\x04K\x045\x00 \
\x04A\x04>\x041\x04K\x04B\x048\x04O\x00 \
\x042\x00 \x044\x048\x040\x04?\x040\x047\
\x04>\x04=\x045\x00 \x04?\x04@\x04>\x043\
\x04=\x04>\x047\x040\x00 \x044\x04>\x00 \
\x04@\x040\x04A\x04G\x04Q\x04B\x040\x00 \
\x04>\x04A\x04B\x040\x04B\x04:\x040\x00.\
\x00 \x04(\x040\x041\x04;\x04>\x04=\x04K\
\x00 \x04?\x04@\x04>\x042\x045\x04@\x04O\
\x04N\x04B\x04A\x04O\x00 \x04?\x04>\x00 \
\x04<\x045\x04@\x045\x00 \x042\x042\x04>\
\x044\x040\x00 \x04?\x04@\x048\x00 \x04@\
\x045\x044\x040\x04:\x04B\x048\x04@\x04>\
\x042\x040\x04=\x048\x048\x00 \x044\x045\
\x04=\x045\x046\x04=\x04>\x043\x04>\x00 \
\x04?\x04>\x04B\x04>\x04:\x040\x00.\x08\x00\
\x00\x00\x00\x06\x00\x00\x00\xe1Each cas\
h flow uses a co\
mpact date patte\
rn. The pattern \
is expanded into\
 individual date\
d events across \
the forecast ran\
ge before the ru\
nning balance is\
 calculated. Pat\
terns are valida\
ted as you type \
when editing a c\
ash flow.\x07\x00\x00\x00\x0bMe\
thodology\x01\x03\x00\x00\x02\xec\x04\
\x1a\x040\x046\x044\x04K\x049\x00 \x04?\x04\
@\x04>\x043\x04=\x04>\x047\x00 \x04=\x04\
0\x04G\x048\x04=\x040\x045\x04B\x04A\x04\
O\x00 \x04A\x00 \x04=\x040\x04G\x040\x04\
;\x04L\x04=\x04>\x043\x04>\x00 \x04>\x04\
A\x04B\x040\x04B\x04:\x040\x00 \x044\x04\
5\x04=\x045\x046\x04=\x04K\x04E\x00 \x04\
A\x04@\x045\x044\x04A\x04B\x042\x00.\x00\
 \x04\x14\x04;\x04O\x00 \x04:\x040\x046\x04\
4\x04>\x043\x04>\x00 \x04:\x040\x04;\x04\
5\x04=\x044\x040\x04@\x04=\x04>\x043\x04\
>\x00 \x044\x04=\x04O\x00 \x042\x00 \x04\
4\x048\x040\x04?\x040\x047\x04>\x04=\x04\
5\x00 \x04?\x04@\x04>\x045\x04:\x04F\x04\
8\x048\x00 \x04?\x04@\x048\x04;\x04>\x04\
6\x045\x04=\x048\x045\x00 \x04A\x04C\x04\
<\x04<\x048\x04@\x04C\x045\x04B\x00 \x04\
4\x04>\x04E\x04>\x044\x04K\x00 \x048\x00\
 \x04@\x040\x04A\x04E\x04>\x044\x04K\x00\
,\x00 \x047\x040\x04?\x04;\x040\x04=\x04\
8\x04@\x04>\x042\x040\x04=\x04=\x04K\x04\
5\x00 \x04=\x040\x00 \x04M\x04B\x04>\x04\
B\x00 \x044\x045\x04=\x04L\x00,\x00 \x04\
7\x040\x04B\x045\x04<\x00 \x042\x04K\x04\
G\x048\x04A\x04;\x04O\x045\x04B\x00:\x00\
\x0a\x00\x0a\x04:\x04>\x04=\x045\x04G\x04=\x04\
K\x049\x00 \x04>\x04A\x04B\x040\x04B\x04\
>\x04:\x00 \x00=\x00 \x04?\x04@\x045\x04\
4\x04K\x044\x04C\x04I\x048\x049\x00 \x04\
:\x04>\x04=\x045\x04G\x04=\x04K\x049\x00\
 \x04>\x04A\x04B\x040\x04B\x04>\x04:\x00\
 \x00+\x00 \x044\x04>\x04E\x04>\x044\x04\
K\x00 \x22\x12\x00 \x04@\x040\x04A\x04E\x04\
>\x044\x04K\x00\x0a\x00\x0a\x04\x1a\x04>\x04=\x04\
5\x04G\x04=\x04K\x049\x00 \x04>\x04A\x04\
B\x040\x04B\x04>\x04:\x00 \x04?\x04@\x04\
5\x044\x04K\x044\x04C\x04I\x045\x043\x04\
>\x00 \x044\x04=\x04O\x00 \x04A\x04B\x04\
0\x04=\x04>\x042\x048\x04B\x04A\x04O\x00\
 \x04=\x040\x04G\x040\x04;\x04L\x04=\x04\
>\x049\x00 \x04B\x04>\x04G\x04:\x04>\x04\
9\x00 \x04A\x04;\x045\x044\x04C\x04N\x04\
I\x045\x043\x04>\x00 \x044\x04=\x04O\x00\
,\x00 \x04D\x04>\x04@\x04<\x048\x04@\x04\
C\x04O\x00 \x045\x046\x045\x044\x04=\x04\
5\x042\x04=\x04K\x049\x00 \x04>\x04A\x04\
B\x040\x04B\x04>\x04:\x00.\x08\x00\x00\x00\x00\
\x06\x00\x00\x01hEach foreca\
st run starts fr\
om your opening \
cash balance. Fo\
r every calendar\
 day in the proj\
ection range, th\
e app sums incom\
e and expenses s\
cheduled on that\
 day, then compu\
tes:\x0a\x0aclosing ba\
lance = previous\
 closing balance\
 + income \xe2\x88\x92 ex\
penses\x0a\x0aThe prev\
ious day\xe2\x80\x99s clo\
sing balance bec\
omes the next da\
y\xe2\x80\x99s starting p\
oint, producing \
a day-by-day run\
ning balance.\x07\x00\x00\
\x00\x0bMethodology\x01\x03\x00\
\x00\x00.\x04\x1a\x040\x046\x044\x04K\x049\x00\
 \x044\x045\x04=\x04L\x00 \x00(\x045\x04\
6\x045\x044\x04=\x045\x042\x04=\x04>\x00\
)\x08\x00\x00\x00\x00\x06\x00\x00\x00\x11Every\
 day (daily)\x07\x00\x00\x00\
\x0bMethodology\x01\x03\x00\x00\
\x002\x04\x18\x04A\x04B\x04>\x04G\x04=\x048\
\x04:\x048\x00 \x04>\x041\x04<\x045\x04=\
\x04=\x04K\x04E\x00 \x04:\x04C\x04@\x04A\
\x04>\x042\x08\x00\x00\x00\x00\x06\x00\x00\x00\x15Ex\
change rate sour\
ces\x07\x00\x00\x00\x0bMethodol\
ogy\x01\x03\x00\x00\x00,\x04\x1f\x045\x04@\x04\
2\x04K\x049\x00 \x04:\x040\x04A\x04A\x04\
>\x042\x04K\x049\x00 \x04@\x040\x047\x04\
@\x04K\x042\x08\x00\x00\x00\x00\x06\x00\x00\x00\x14F\
irst cash shortf\
all\x07\x00\x00\x00\x0bMethodol\
ogy\x01\x03\x00\x00\x00:\x04\x1f\x04;\x040\x04\
=\x048\x04@\x04>\x042\x040\x04=\x048\x04\
5\x00 \x044\x045\x04=\x045\x046\x04=\x04\
K\x04E\x00 \x04?\x04>\x04B\x04>\x04:\x04\
>\x042\x08\x00\x00\x00\x00\x06\x00\x00\x00\x1cHow\
 cash flows are \
scheduled\x07\x00\x00\x00\x0bMe\
thodology\x01\x03\x00\x00\x00\x16\x04\
\x1c\x045\x04B\x04>\x044\x04>\x04;\x04>\x04\
3\x048\x04O\x08\x00\x00\x00\x00\x06\x00\x00\x00\x0bM\
ethodology\x07\x00\x00\x00\x0bM\
ethodology\x01\x03\x00\x00\x00,\
\x04\x12\x045\x04@\x04A\x048\x04O\x00 \x04<\
\x045\x04B\x04>\x044\x04>\x04;\x04>\x043\
\x048\x048\x00:\x00 \x00%\x001\x08\x00\x00\x00\
\x00\x06\x00\x00\x00\x17Methodolog\
y version: %1\x07\x00\x00\
\x00\x0bMethodology\x01\x03\x00\
\x00\x00,\x04\x15\x046\x045\x04<\x045\x04A\x04\
O\x04G\x04=\x04>\x00 \x001\x000\x00-\x04\
3\x04>\x00 \x04G\x048\x04A\x04;\x040\x08\
\x00\x00\x00\x00\x06\x00\x00\x00\x13Monthly\
 on the 10th\x07\x00\x00\x00\
\x0bMethodology\x01\x03\x00\x00\
\x006\x04\x1c\x04C\x04;\x04L\x04B\x048\x042\
\x040\x04;\x04N\x04B\x04=\x040\x04O\x00 \
\x04=\x04>\x04@\x04<\x040\x04;\x048\x047\
\x040\x04F\x048\x04O\x08\x00\x00\x00\x00\x06\x00\x00\
\x00\x1cMulti-currency\
 normalization\x07\x00\
\x00\x00\x0bMethodology\x01\x03\
\x00\x00\x006\x04\x1e\x044\x04=\x04>\x04:\x04@\
\x040\x04B\x04=\x04>\x00 \x001\x005\x00 \
\x04<\x040\x04@\x04B\x040\x00 \x002\x000\
\x002\x006\x00 \x043\x00.\x08\x00\x00\x00\x00\x06\
\x00\x00\x00\x19One-time on \
15 March 2026\x07\x00\x00\
\x00\x0bMethodology\x01\x03\x00\
\x00\x00 \x04\x1f\x04@\x048\x04<\x045\x04@\x04\
K\x00 \x04H\x040\x041\x04;\x04>\x04=\x04\
>\x042\x08\x00\x00\x00\x00\x06\x00\x00\x00\x10Pat\
tern examples\x07\x00\x00\
\x00\x0bMethodology\x01\x03\x00\
\x00\x01\xd8\x04\x1a\x04C\x04@\x04A\x04K\x00 \x04\
C\x04?\x04@\x040\x042\x04;\x04O\x04N\x04\
B\x04A\x04O\x00 \x043\x04;\x04>\x041\x04\
0\x04;\x04L\x04=\x04>\x00 \x042\x00 \x04\
\x1d\x040\x04A\x04B\x04@\x04>\x049\x04:\x04\
0\x04E\x00.\x00 \x04\x1c\x04>\x046\x04=\x04\
>\x00 \x042\x042\x04>\x044\x048\x04B\x04\
L\x00 \x04:\x04C\x04@\x04A\x04K\x00 \x04\
2\x04@\x04C\x04G\x04=\x04C\x04N\x00 \x04\
8\x04;\x048\x00 \x042\x04:\x04;\x04N\x04\
G\x048\x04B\x04L\x00 \x047\x040\x043\x04\
@\x04C\x047\x04:\x04C\x00 \x040\x04:\x04\
B\x04C\x040\x04;\x04L\x04=\x04K\x04E\x00\
 \x04:\x04C\x04@\x04A\x04>\x042\x00 \x04\
>\x04B\x00 \x042\x04=\x045\x04H\x04=\x04\
5\x043\x04>\x00 \x04?\x04@\x04>\x042\x04\
0\x049\x044\x045\x04@\x040\x00 \x04?\x04\
@\x048\x00 \x04=\x040\x04;\x048\x04G\x04\
8\x048\x00 \x04A\x045\x04B\x048\x00.\x00\
 \x04\x1f\x04@\x04>\x043\x04=\x04>\x047\x00\
 \x047\x040\x042\x045\x04@\x04H\x048\x04\
B\x04A\x04O\x00 \x04A\x00 \x04?\x04>\x04\
=\x04O\x04B\x04=\x04>\x049\x00 \x04>\x04\
H\x048\x041\x04:\x04>\x049\x00,\x00 \x04\
5\x04A\x04;\x048\x00 \x04>\x04B\x04A\x04\
C\x04B\x04A\x04B\x042\x04C\x045\x04B\x00\
 \x04=\x045\x04>\x041\x04E\x04>\x044\x04\
8\x04<\x04K\x049\x00 \x04:\x04C\x04@\x04\
A\x00 \x04:\x04>\x04=\x042\x045\x04@\x04\
B\x040\x04F\x048\x048\x00.\x08\x00\x00\x00\x00\
\x06\x00\x00\x01\x04Rates are m\
anaged globally \
in Settings. You\
 can enter rates\
 manually or ena\
ble live fetchin\
g to download cu\
rrent rates from\
 an external pro\
vider when netwo\
rk access is ava\
ilable. A foreca\
st run fails wit\
h a clear error \
if a required co\
nversion rate is\
 missing.\x07\x00\x00\x00\x0bMe\
thodology\x01\x03\x00\x00\x02\x84\x04\
 \x045\x046\x048\x04<\x00 \x04A\x04F\x04\
5\x04=\x040\x04@\x048\x04O\x00 \x04?\x04\
>\x047\x042\x04>\x04;\x04O\x045\x04B\x00\
 \x048\x047\x04<\x045\x04=\x04O\x04B\x04\
L\x00 \x04A\x04C\x04<\x04<\x04K\x00 \x04\
4\x045\x04=\x045\x046\x04=\x04K\x04E\x00\
 \x04?\x04>\x04B\x04>\x04:\x04>\x042\x00\
 \x048\x04;\x048\x00 \x04>\x04B\x04:\x04\
;\x04N\x04G\x040\x04B\x04L\x00 \x04A\x04\
B\x04@\x04>\x04:\x048\x00 \x044\x04;\x04\
O\x00 \x04?\x04@\x04>\x042\x045\x04@\x04\
:\x048\x00 \x040\x04;\x04L\x04B\x045\x04\
@\x04=\x040\x04B\x048\x042\x00.\x00 \x04\
\x1f\x045\x04@\x045\x04>\x04?\x04@\x045\x04\
4\x045\x04;\x045\x04=\x048\x04O\x00 \x04\
?\x04@\x048\x04<\x045\x04=\x04O\x04N\x04\
B\x04A\x04O\x00 \x04B\x04>\x04;\x04L\x04\
:\x04>\x00 \x04:\x00 \x04B\x045\x04:\x04\
C\x04I\x045\x04<\x04C\x00 \x04?\x04@\x04\
>\x043\x04=\x04>\x047\x04C\x00  \x14\x00\
 \x04>\x04=\x048\x00 \x04=\x045\x00 \x04\
A\x04>\x04E\x04@\x040\x04=\x04O\x04N\x04\
B\x04A\x04O\x00 \x042\x00 \x04?\x04@\x04\
>\x043\x04=\x04>\x047\x045\x00 \x048\x00\
 \x04=\x045\x00 \x04<\x045\x04=\x04O\x04\
N\x04B\x00 \x04A\x04>\x04E\x04@\x040\x04\
=\x04Q\x04=\x04=\x04K\x045\x00 \x044\x04\
5\x04=\x045\x046\x04=\x04K\x045\x00 \x04\
?\x04>\x04B\x04>\x04:\x048\x00.\x00 \x04\
!\x041\x04@\x04>\x04A\x04L\x04B\x045\x00\
 \x04?\x045\x04@\x045\x04>\x04?\x04@\x04\
5\x044\x045\x04;\x045\x04=\x048\x04O\x00\
 \x048\x04;\x048\x00 \x047\x040\x04:\x04\
@\x04>\x049\x04B\x045\x00 \x04?\x040\x04\
=\x045\x04;\x04L\x00 \x04A\x04F\x045\x04\
=\x040\x04@\x048\x04O\x00,\x00 \x04G\x04\
B\x04>\x041\x04K\x00 \x042\x045\x04@\x04\
=\x04C\x04B\x04L\x04A\x04O\x00 \x04:\x00\
 \x04A\x04>\x04E\x04@\x040\x04=\x04Q\x04\
=\x04=\x04>\x049\x00 \x041\x040\x047\x04\
5\x00.\x08\x00\x00\x00\x00\x06\x00\x00\x011Sce\
nario mode lets \
you adjust cash-\
flow amounts or \
deactivate line \
items to explore\
 alternatives. O\
verrides are app\
lied only for th\
e current foreca\
st run\xe2\x80\x94they ar\
e not saved to y\
our forecast and\
 do not change s\
tored cash flows\
. Clear override\
s or leave the s\
cenario panel to\
 return to the s\
aved baseline.\x07\x00\
\x00\x00\x0bMethodology\x01\x03\
\x00\x00\x00,\x04\x1f\x04;\x040\x04=\x048\x04@\
\x04>\x042\x040\x04=\x048\x045\x00 \x04A\
\x04F\x045\x04=\x040\x04@\x048\x045\x042\
\x08\x00\x00\x00\x00\x06\x00\x00\x00\x11Scenar\
io planning\x07\x00\x00\x00\x0b\
Methodology\x01\x03\x00\x00\x00\
2\x04\x12\x04@\x045\x04<\x045\x04=\x04=\x04\
K\x045\x00 \x04?\x045\x04@\x045\x04>\x04\
?\x04@\x045\x044\x045\x04;\x045\x04=\x04\
8\x04O\x08\x00\x00\x00\x00\x06\x00\x00\x00\x13Tem\
porary overrides\
\x07\x00\x00\x00\x0bMethodology\
\x01\x03\x00\x00\x00\xf8\x04\x1d\x040\x00 \x04M\x04B\
\x04>\x049\x00 \x04A\x04B\x04@\x040\x04=\
\x048\x04F\x045\x00 \x04>\x04?\x048\x04A\
\x040\x04=\x04>\x00,\x00 \x04:\x040\x04:\
\x00 \x00C\x00a\x00s\x00h\x00 \x00F\x00l\
\x00o\x00w\x00 \x00P\x00l\x00a\x00n\x00n\
\x00e\x00r\x00 \x04A\x04B\x04@\x04>\x048\
\x04B\x00 \x04?\x04@\x04>\x045\x04:\x04F\
\x048\x048\x00,\x00 \x042\x04K\x04O\x042\
\x04;\x04O\x045\x04B\x00 \x04:\x040\x04A\
\x04A\x04>\x042\x04K\x045\x00 \x04@\x040\
\x047\x04@\x04K\x042\x04K\x00 \x048\x00 \
\x04>\x041\x04@\x040\x041\x040\x04B\x04K\
\x042\x040\x045\x04B\x00 \x042\x040\x04;\
\x04N\x04B\x04K\x00 \x048\x00 \x04A\x04F\
\x045\x04=\x040\x04@\x048\x048\x00.\x08\x00\
\x00\x00\x00\x06\x00\x00\x00}This pag\
e explains how C\
ash Flow Planner\
 computes projec\
tions, detects c\
ash shortfalls, \
and handles curr\
encies and scena\
rios.\x07\x00\x00\x00\x0bMethod\
ology\x01\x03\x00\x00\x00\x22\x04\x15\x046\x04\
5\x043\x04>\x044\x04=\x04>\x00 \x001\x00\
5\x00 \x04<\x040\x04@\x04B\x040\x08\x00\x00\
\x00\x00\x06\x00\x00\x00\x12Yearly on\
 15 March\x07\x00\x00\x00\x0bMe\
thodology\x01\x03\x00\x00\x00\x0a\x04\
\x1d\x040\x047\x040\x044\x08\x00\x00\x00\x00\x06\x00\
\x00\x00\x04Back\x07\x00\x00\x00\x0fMeth\
odologyPage\x01\x03\x00\x00\x00\
\x16\x04\x1c\x045\x04B\x04>\x044\x04>\x04;\x04\
>\x043\x048\x04O\x08\x00\x00\x00\x00\x06\x00\x00\x00\
\x0bMethodology\x07\x00\x00\x00\
\x0fMethodologyPage\
\x01\x03\x00\x00\x00\x0a\x00%\x001\x00 \x00%\x002\
\x08\x00\x00\x00\x00\x06\x00\x00\x00\x05%1 %2\x07\
\x00\x00\x00\x10MonthlyTable\
View\x01\x03\x00\x00\x00\x08\x040\x04?\x04@\
\x00.\x08\x00\x00\x00\x00\x06\x00\x00\x00\x03Apr\x07\
\x00\x00\x00\x10MonthlyTable\
View\x01\x03\x00\x00\x00\x08\x040\x042\x043\
\x00.\x08\x00\x00\x00\x00\x06\x00\x00\x00\x03Aug\x07\
\x00\x00\x00\x10MonthlyTable\
View\x01\x03\x00\x00\x00\x0c\x04\x11\x040\x04;\
\x040\x04=\x04A\x08\x00\x00\x00\x00\x06\x00\x00\x00\x07\
Balance\x07\x00\x00\x00\x10Mont\
hlyTableView\x01\x03\x00\x00\
\x00B\x04\x1f\x04@\x045\x044\x04C\x04?\x04@\
\x045\x046\x044\x045\x04=\x048\x045\x00 \
\x04>\x00 \x04=\x045\x04E\x042\x040\x04B\
\x04:\x045\x00 \x04A\x04@\x045\x044\x04A\
\x04B\x042\x08\x00\x00\x00\x00\x06\x00\x00\x00\x16Ca\
sh shortfall war\
ning\x07\x00\x00\x00\x10Monthly\
TableView\x01\x03\x00\x00\x00\x08\x04\
4\x045\x04:\x00.\x08\x00\x00\x00\x00\x06\x00\x00\x00\
\x03Dec\x07\x00\x00\x00\x10Monthly\
TableView\x01\x03\x00\x00\x00\x0c\x04\
 \x040\x04A\x04E\x04>\x044\x08\x00\x00\x00\x00\
\x06\x00\x00\x00\x07Expense\x07\x00\x00\x00\
\x10MonthlyTableVie\
w\x01\x03\x00\x00\x00\x0a\x04D\x045\x042\x04@\x00\
.\x08\x00\x00\x00\x00\x06\x00\x00\x00\x03Feb\x07\x00\
\x00\x00\x10MonthlyTableV\
iew\x01\x03\x00\x00\x00\x0c\x04\x14\x04>\x04E\x04\
>\x044\x04K\x08\x00\x00\x00\x00\x06\x00\x00\x00\x06I\
ncome\x07\x00\x00\x00\x10Monthl\
yTableView\x01\x03\x00\x00\x00\x08\
\x04O\x04=\x042\x00.\x08\x00\x00\x00\x00\x06\x00\x00\
\x00\x03Jan\x07\x00\x00\x00\x10Monthl\
yTableView\x01\x03\x00\x00\x00\x08\
\x048\x04N\x04;\x00.\x08\x00\x00\x00\x00\x06\x00\x00\
\x00\x03Jul\x07\x00\x00\x00\x10Monthl\
yTableView\x01\x03\x00\x00\x00\x08\
\x048\x04N\x04=\x00.\x08\x00\x00\x00\x00\x06\x00\x00\
\x00\x03Jun\x07\x00\x00\x00\x10Monthl\
yTableView\x01\x03\x00\x00\x00\x08\
\x04<\x040\x04@\x00.\x08\x00\x00\x00\x00\x06\x00\x00\
\x00\x03Mar\x07\x00\x00\x00\x10Monthl\
yTableView\x01\x03\x00\x00\x00\x06\
\x04<\x040\x049\x08\x00\x00\x00\x00\x06\x00\x00\x00\x03\
May\x07\x00\x00\x00\x10MonthlyT\
ableView\x01\x03\x00\x00\x00\x0a\x04\x1c\
\x045\x04A\x04O\x04F\x08\x00\x00\x00\x00\x06\x00\x00\
\x00\x05Month\x07\x00\x00\x00\x10Mont\
hlyTableView\x01\x03\x00\x00\
\x00\x1e\x04\x1c\x045\x04A\x04O\x04G\x04=\x040\
\x04O\x00 \x04A\x042\x04>\x044\x04:\x040\
\x08\x00\x00\x00\x00\x06\x00\x00\x00\x0fMonthl\
y summary\x07\x00\x00\x00\x10Mo\
nthlyTableView\x01\x03\
\x00\x00\x00\x0c\x04'\x048\x04A\x04B\x04K\x049\
\x08\x00\x00\x00\x00\x06\x00\x00\x00\x03Net\x07\x00\x00\
\x00\x10MonthlyTableVi\
ew\x01\x03\x00\x00\x00\x0a\x04=\x04>\x04O\x041\
\x00.\x08\x00\x00\x00\x00\x06\x00\x00\x00\x03Nov\x07\
\x00\x00\x00\x10MonthlyTable\
View\x01\x03\x00\x00\x00\x08\x04>\x04:\x04B\
\x00.\x08\x00\x00\x00\x00\x06\x00\x00\x00\x03Oct\x07\
\x00\x00\x00\x10MonthlyTable\
View\x01\x03\x00\x00\x00h\x04\x17\x040\x04?\
\x04C\x04A\x04B\x048\x04B\x045\x00 \x04?\
\x04@\x04>\x043\x04=\x04>\x047\x00,\x00 \
\x04G\x04B\x04>\x041\x04K\x00 \x04C\x042\
\x048\x044\x045\x04B\x04L\x00 \x045\x046\
\x045\x04<\x045\x04A\x04O\x04G\x04=\x04K\
\x045\x00 \x04A\x04=\x048\x04<\x04:\x048\
\x00.\x08\x00\x00\x00\x00\x06\x00\x00\x00(Run \
a forecast to se\
e monthly snapsh\
ots.\x07\x00\x00\x00\x10Monthly\
TableView\x01\x03\x00\x00\x00\x08\x04\
A\x045\x04=\x00.\x08\x00\x00\x00\x00\x06\x00\x00\x00\
\x03Sep\x07\x00\x00\x00\x10Monthly\
TableView\x01\x03\x00\x00\x00\x0c\x00\
%\x001\x00 \x044\x04=\x00.\x08\x00\x00\x00\x00\
\x06\x00\x00\x00\x07%1 days\x07\x00\x00\x00\
\x09PdfExport\x01\x03\x00\x00\x00*\
\x00%\x001\x00  \x14\x00 \x04\x1e\x04B\x04G\
\x04Q\x04B\x00 \x04>\x00 \x04?\x04@\x04>\
\x043\x04=\x04>\x047\x045\x08\x00\x00\x00\x00\x06\
\x00\x00\x00\x18%1 \xe2\x80\x94 Proje\
ction report\x07\x00\x00\x00\
\x09PdfExport\x01\x03\x00\x00\x00\x0e\
\x00+\x00%\x001\x00 \x044\x04=\x00.\x08\x00\
\x00\x00\x00\x06\x00\x00\x00\x08+%1 days\
\x07\x00\x00\x00\x09PdfExport\x01\x03\
\x00\x00\x00 \x04\x10\x04:\x04B\x048\x042\x04=\
\x04K\x045\x00 \x047\x040\x04<\x045\x04=\
\x04K\x00:\x08\x00\x00\x00\x00\x06\x00\x00\x00\x11Ac\
tive overrides:\x07\
\x00\x00\x00\x09PdfExport\x01\x03\x00\
\x00\x00\x80\x04\x12\x04A\x045\x00 \x04A\x04C\x04\
<\x04<\x04K\x00 \x042\x00 \x04M\x04B\x04\
>\x04<\x00 \x04>\x04B\x04G\x04Q\x04B\x04\
5\x00 \x04?\x04@\x048\x042\x045\x044\x04\
5\x04=\x04K\x00 \x04:\x00 \x00%\x001\x00\
 \x04?\x04>\x00 \x04C\x04:\x040\x047\x04\
0\x04=\x04=\x04K\x04<\x00 \x042\x04K\x04\
H\x045\x00 \x04:\x04C\x04@\x04A\x040\x04\
<\x00.\x08\x00\x00\x00\x00\x06\x00\x00\x00FAll\
 amounts in this\
 report are norm\
alized to %1 usi\
ng the rates abo\
ve.\x07\x00\x00\x00\x09PdfExpor\
t\x01\x03\x00\x00\x00$\x04\x12\x045\x04@\x04A\x04\
8\x04O\x00 \x04?\x04@\x048\x04;\x04>\x04\
6\x045\x04=\x048\x04O\x00:\x08\x00\x00\x00\x00\
\x06\x00\x00\x00\x0cApp version\
:\x07\x00\x00\x00\x09PdfExport\x01\
\x03\x00\x00\x00\x1c\x04\x13\x04@\x040\x04D\x048\x04\
:\x00 \x041\x040\x04;\x040\x04=\x04A\x04\
0\x08\x00\x00\x00\x00\x06\x00\x00\x00\x0dBalan\
ce chart\x07\x00\x00\x00\x09Pdf\
Export\x01\x03\x00\x00\x00\x0e\x04\x11\x040\
\x047\x04>\x042\x04K\x049\x08\x00\x00\x00\x00\x06\
\x00\x00\x00\x08Baseline\x07\x00\x00\x00\
\x09PdfExport\x01\x03\x00\x00\x00\x10\
\x04\x1a\x04>\x04=\x045\x04G\x04=\x04K\x049\
\x08\x00\x00\x00\x00\x06\x00\x00\x00\x07Closin\
g\x07\x00\x00\x00\x09PdfExport\x01\
\x03\x00\x00\x00\x0e\x04 \x040\x047\x04=\x048\x04\
F\x040\x08\x00\x00\x00\x00\x06\x00\x00\x00\x05Del\
ta\x07\x00\x00\x00\x09PdfExport\
\x01\x03\x00\x00\x00&\x04\x12\x040\x04;\x04N\x04B\
\x040\x00 \x04>\x04B\x04>\x041\x04@\x040\
\x046\x045\x04=\x048\x04O\x00:\x08\x00\x00\x00\
\x00\x06\x00\x00\x00\x11Display cu\
rrency:\x07\x00\x00\x00\x09PdfE\
xport\x01\x03\x00\x00\x00\x1e\x04-\x04:\x04\
A\x04?\x04>\x04@\x04B\x048\x04@\x04>\x04\
2\x040\x04=\x04>\x00:\x08\x00\x00\x00\x00\x06\x00\
\x00\x00\x0cExported at:\x07\
\x00\x00\x00\x09PdfExport\x01\x03\x00\
\x00\x00*\x04\x1f\x04@\x048\x04<\x045\x04G\x04\
0\x04=\x048\x04O\x00 \x04?\x04>\x00 \x04\
2\x040\x04;\x04N\x04B\x040\x04<\x08\x00\x00\
\x00\x00\x06\x00\x00\x00\x0cFX footno\
tes\x07\x00\x00\x00\x09PdfExpor\
t\x01\x03\x00\x00\x00\x1e\x04\x18\x04B\x04>\x043\x04\
>\x042\x04K\x049\x00 \x041\x040\x04;\x04\
0\x04=\x04A\x08\x00\x00\x00\x00\x06\x00\x00\x00\x0dF\
inal balance\x07\x00\x00\x00\
\x09PdfExport\x01\x03\x00\x00\x00*\
\x04\x14\x040\x04B\x040\x00 \x04?\x045\x04@\
\x042\x04>\x043\x04>\x00 \x044\x045\x04D\
\x048\x04F\x048\x04B\x040\x08\x00\x00\x00\x00\x06\
\x00\x00\x00\x19First cash s\
hortfall date\x07\x00\x00\
\x00\x09PdfExport\x01\x03\x00\x00\x00\
$\x04\x13\x04>\x04@\x048\x047\x04>\x04=\x04\
B\x00 \x04?\x04@\x04>\x043\x04=\x04>\x04\
7\x040\x00:\x08\x00\x00\x00\x00\x06\x00\x00\x00\x11F\
orecast horizon:\
\x07\x00\x00\x00\x09PdfExport\x01\x03\
\x00\x00\x00\x04\x04\x18\x047\x08\x00\x00\x00\x00\x06\x00\x00\
\x00\x04From\x07\x00\x00\x00\x09PdfEx\
port\x01\x03\x00\x00\x00\x16\x04\x1f\x04>\x04A\
\x04B\x04C\x04?\x04;\x045\x04=\x048\x04O\
\x08\x00\x00\x00\x00\x06\x00\x00\x00\x07Inflow\
s\x07\x00\x00\x00\x09PdfExport\x01\
\x03\x00\x00\x00&\x04\x12\x045\x04@\x04A\x048\x04\
O\x00 \x04<\x045\x04B\x04>\x044\x04>\x04\
;\x04>\x043\x048\x048\x00:\x08\x00\x00\x00\x00\
\x06\x00\x00\x00\x14Methodology\
 version:\x07\x00\x00\x00\x09Pd\
fExport\x01\x03\x00\x00\x00\x14\x04\x1f\x04\
>\x04:\x040\x047\x040\x04B\x045\x04;\x04\
L\x08\x00\x00\x00\x00\x06\x00\x00\x00\x06Metri\
c\x07\x00\x00\x00\x09PdfExport\x01\
\x03\x00\x00\x00\x0a\x04\x1c\x045\x04A\x04O\x04F\x08\
\x00\x00\x00\x00\x06\x00\x00\x00\x05Month\x07\x00\
\x00\x00\x09PdfExport\x01\x03\x00\x00\
\x002\x04\x15\x046\x045\x04<\x045\x04A\x04O\
\x04G\x04=\x04K\x049\x00 \x044\x045\x04=\
\x045\x046\x04=\x04K\x049\x00 \x04<\x04>\
\x04A\x04B\x08\x00\x00\x00\x00\x06\x00\x00\x00\x13Mo\
nthly cash bridg\
e\x07\x00\x00\x00\x09PdfExport\x01\
\x03\x00\x00\x00\x0c\x04'\x048\x04A\x04B\x04K\x04\
9\x08\x00\x00\x00\x00\x06\x00\x00\x00\x03Net\x07\x00\
\x00\x00\x09PdfExport\x01\x03\x00\x00\
\x00\x06\x04\x1d\x045\x04B\x08\x00\x00\x00\x00\x06\x00\x00\
\x00\x04None\x07\x00\x00\x00\x09PdfEx\
port\x01\x03\x00\x00\x00 \x04\x22\x04>\x04;\
\x04L\x04:\x04>\x00 \x042\x00 \x041\x040\
\x047\x04>\x042\x04>\x04<\x08\x00\x00\x00\x00\x06\
\x00\x00\x00\x10Only in base\
line\x07\x00\x00\x00\x09PdfExpo\
rt\x01\x03\x00\x00\x00\x22\x04\x22\x04>\x04;\x04L\
\x04:\x04>\x00 \x042\x00 \x04A\x04F\x045\
\x04=\x040\x04@\x048\x048\x08\x00\x00\x00\x00\x06\
\x00\x00\x00\x10Only in scen\
ario\x07\x00\x00\x00\x09PdfExpo\
rt\x01\x03\x00\x00\x00\x12\x04\x1d\x040\x04G\x040\
\x04;\x04L\x04=\x04K\x049\x08\x00\x00\x00\x00\x06\
\x00\x00\x00\x07Opening\x07\x00\x00\x00\x09\
PdfExport\x01\x03\x00\x00\x00\x0e\x04\
 \x040\x04A\x04E\x04>\x044\x04K\x08\x00\x00\
\x00\x00\x06\x00\x00\x00\x08Outflows\x07\
\x00\x00\x00\x09PdfExport\x01\x03\x00\
\x00\x00\x08\x04\x1a\x04C\x04@\x04A\x08\x00\x00\x00\x00\
\x06\x00\x00\x00\x04Rate\x07\x00\x00\x00\x09Pd\
fExport\x01\x03\x00\x00\x00\x10\x04!\x04\
F\x045\x04=\x040\x04@\x048\x049\x08\x00\x00\
\x00\x00\x06\x00\x00\x00\x08Scenario\x07\
\x00\x00\x00\x09PdfExport\x01\x03\x00\
\x00\x00&\x04!\x04@\x040\x042\x04=\x045\x04\
=\x048\x045\x00 \x04A\x04F\x045\x04=\x04\
0\x04@\x048\x045\x042\x08\x00\x00\x00\x00\x06\x00\
\x00\x00\x13Scenario comp\
arison\x07\x00\x00\x00\x09PdfEx\
port\x01\x03\x00\x00\x00\x02\x04\x12\x08\x00\x00\x00\
\x00\x06\x00\x00\x00\x02To\x07\x00\x00\x00\x09Pdf\
Export\x01\x03\x00\x00\x00\x22\x04\x12\x04A\
\x045\x043\x04>\x00 \x04?\x04>\x04A\x04B\
\x04C\x04?\x04;\x045\x04=\x048\x049\x08\x00\
\x00\x00\x00\x06\x00\x00\x00\x0dTotal in\
flows\x07\x00\x00\x00\x09PdfExp\
ort\x01\x03\x00\x00\x00\x1c\x04\x12\x04A\x045\x04\
3\x04>\x00 \x04@\x040\x04A\x04E\x04>\x04\
4\x04>\x042\x08\x00\x00\x00\x00\x06\x00\x00\x00\x0eT\
otal outflows\x07\x00\x00\
\x00\x09PdfExport\x01\x03\x00\x00\x00\
\x12\x04\x1e\x041\x04=\x04>\x042\x04;\x045\x04\
=\x04>\x08\x00\x00\x00\x00\x06\x00\x00\x00\x0aUpd\
ated at\x07\x00\x00\x00\x09PdfE\
xport\x01\x03\x00\x00\x00\x06\x04\x13\x04>\x04\
4\x08\x00\x00\x00\x00\x06\x00\x00\x00\x04Year\x07\
\x00\x00\x00\x09PdfExport\x01\x03\x00\
\x00\x00\x02 \x14\x08\x00\x00\x00\x00\x06\x00\x00\x00\x03\xe2\
\x80\x94\x07\x00\x00\x00\x09PdfExport\
\x01\x03\x00\x00\x00\x22\x04\x1d\x040\x047\x040\x044\
\x00 \x04:\x00 \x04?\x04@\x04>\x043\x04=\
\x04>\x047\x040\x04<\x08\x00\x00\x00\x00\x06\x00\x00\
\x00\x11Back to foreca\
sts\x07\x00\x00\x00\x10PlanDeta\
ilLayout\x01\x03\x00\x00\x00\x1e\x04\x14\
\x045\x04=\x045\x046\x04=\x04K\x045\x00 \
\x04?\x04>\x04B\x04>\x04:\x048\x08\x00\x00\x00\
\x00\x06\x00\x00\x00\x0aCash flows\
\x07\x00\x00\x00\x10PlanDetailL\
ayout\x01\x03\x00\x00\x00\x22\x04\x18\x04A\x04\
B\x04>\x04@\x048\x04O\x00 \x048\x047\x04\
<\x045\x04=\x045\x04=\x048\x049\x08\x00\x00\
\x00\x00\x06\x00\x00\x00\x0eChange hi\
story\x07\x00\x00\x00\x10PlanDe\
tailLayout\x01\x03\x00\x00\x00\x0e\
\x04\x1f\x04@\x04>\x043\x04=\x04>\x047\x08\x00\
\x00\x00\x00\x06\x00\x00\x00\x08Forecast\
\x07\x00\x00\x00\x10PlanDetailL\
ayout\x01\x03\x00\x00\x00\x10\x04\x1f\x04@\x04\
>\x045\x04:\x04F\x048\x04O\x08\x00\x00\x00\x00\
\x06\x00\x00\x00\x0aProjection\x07\
\x00\x00\x00\x10PlanDetailLa\
yout\x01\x03\x00\x00\x00\x10\x00%\x001\x00 \
!\x92\x00 \x00U\x00S\x00D\x08\x00\x00\x00\x00\x06\
\x00\x00\x00\x0a%1 \xe2\x86\x92 USD\x07\x00\
\x00\x00\x10PlanImportDia\
log\x01\x03\x00\x00\x00\x18\x00%\x001\x00 !\
\x92\x00 \x00U\x00S\x00D\x00:\x00 \x00%\x00\
2\x08\x00\x00\x00\x00\x06\x00\x00\x00\x0e%1 \xe2\x86\
\x92 USD: %2\x07\x00\x00\x00\x10Pl\
anImportDialog\x01\x03\
\x00\x00\x00\x0a\x04\x1d\x040\x047\x040\x044\x08\x00\
\x00\x00\x00\x06\x00\x00\x00\x04Back\x07\x00\x00\x00\
\x10PlanImportDialo\
g\x01\x03\x00\x00\x00\x0c\x04\x1e\x041\x047\x04>\x04\
@ &\x08\x00\x00\x00\x00\x06\x00\x00\x00\x09Bro\
wse\xe2\x80\xa6\x07\x00\x00\x00\x10PlanI\
mportDialog\x01\x03\x00\x00\x00\
\x0c\x04\x1e\x04B\x04<\x045\x04=\x040\x08\x00\x00\
\x00\x00\x06\x00\x00\x00\x06Cancel\x07\x00\x00\
\x00\x10PlanImportDial\
og\x01\x03\x00\x00\x00\x1e\x04\x14\x045\x04=\x045\
\x046\x04=\x04K\x045\x00 \x04?\x04>\x04B\
\x04>\x04:\x048\x08\x00\x00\x00\x00\x06\x00\x00\x00\x0a\
Cash flows\x07\x00\x00\x00\x10P\
lanImportDialog\x01\
\x03\x00\x00\x00h\x04\x12\x04K\x041\x045\x04@\x04\
8\x04B\x045\x00 \x04D\x040\x049\x04;\x00\
 \x00.\x00f\x00t\x00p\x00l\x00a\x00n\x00\
 \x044\x04;\x04O\x00 \x048\x04<\x04?\x04\
>\x04@\x04B\x040\x00 \x04:\x040\x04:\x00\
 \x04=\x04>\x042\x04K\x049\x00 \x04?\x04\
@\x04>\x043\x04=\x04>\x047\x00.\x08\x00\x00\
\x00\x00\x06\x00\x00\x002Choose a \
.ftplan file to \
import as a new \
forecast.\x07\x00\x00\x00\x10Pl\
anImportDialog\x01\x03\
\x00\x00\x00\x0c\x04\x12\x040\x04;\x04N\x04B\x04K\
\x08\x00\x00\x00\x00\x06\x00\x00\x00\x0aCurren\
cies\x07\x00\x00\x00\x10PlanImp\
ortDialog\x01\x03\x00\x00\x00\x10\x04\
$\x040\x049\x04;\x00:\x00 \x00%\x001\x08\
\x00\x00\x00\x00\x06\x00\x00\x00\x08File: %\
1\x07\x00\x00\x00\x10PlanImport\
Dialog\x01\x03\x00\x00\x004\x04$\x040\
\x049\x04;\x04K\x00 \x04?\x04@\x04>\x043\
\x04=\x04>\x047\x04>\x042\x00 \x00(\x00*\
\x00.\x00f\x00t\x00p\x00l\x00a\x00n\x00)\
\x08\x00\x00\x00\x00\x06\x00\x00\x00\x19Foreca\
st files (*.ftpl\
an)\x07\x00\x00\x00\x10PlanImpo\
rtDialog\x01\x03\x00\x00\x008\x04\x1f\
\x04@\x04>\x043\x04=\x04>\x047\x00 \x04C\
\x04A\x04?\x045\x04H\x04=\x04>\x00 \x048\
\x04<\x04?\x04>\x04@\x04B\x048\x04@\x04>\
\x042\x040\x04=\x08\x00\x00\x00\x00\x06\x00\x00\x00\x1e\
Forecast importe\
d successfully\x07\x00\
\x00\x00\x10PlanImportDia\
log\x01\x03\x00\x00\x00\x22\x04\x1d\x040\x047\x04\
2\x040\x04=\x048\x045\x00 \x04?\x04@\x04\
>\x043\x04=\x04>\x047\x040\x08\x00\x00\x00\x00\
\x06\x00\x00\x00\x0dForecast na\
me\x07\x00\x00\x00\x10PlanImpor\
tDialog\x01\x03\x00\x00\x00\x0c\x04\x18\x04\
<\x04?\x04>\x04@\x04B\x08\x00\x00\x00\x00\x06\x00\
\x00\x00\x06Import\x07\x00\x00\x00\x10Pl\
anImportDialog\x01\x03\
\x00\x00\x00\x1e\x04\x18\x04<\x04?\x04>\x04@\x04B\
\x00 \x04?\x04@\x04>\x043\x04=\x04>\x047\
\x040\x08\x00\x00\x00\x00\x06\x00\x00\x00\x0fImpo\
rt forecast\x07\x00\x00\x00\x10\
PlanImportDialog\
\x01\x03\x00\x00\x00\x0e\x04\x18\x04<\x04?\x04>\x04@\
\x04B &\x08\x00\x00\x00\x00\x06\x00\x00\x00\x0cIm\
porting\xe2\x80\xa6\x07\x00\x00\x00\x10P\
lanImportDialog\x01\
\x03\x00\x00\x00 \x04\x1e\x04A\x04B\x040\x042\x04\
8\x04B\x04L\x00 \x042\x04A\x045\x00 \x04\
<\x04>\x048\x08\x00\x00\x00\x00\x06\x00\x00\x00\x0dK\
eep all mine\x07\x00\x00\x00\
\x10PlanImportDialo\
g\x01\x03\x00\x00\x00\x18\x04\x1e\x04A\x04B\x040\x04\
2\x048\x04B\x04L\x00 \x04<\x04>\x049\x08\
\x00\x00\x00\x00\x06\x00\x00\x00\x09Keep mi\
ne\x07\x00\x00\x00\x10PlanImpor\
tDialog\x01\x03\x00\x00\x00\x1a\x04\x1b\x04\
>\x04:\x040\x04;\x04L\x04=\x04K\x049\x00\
:\x00 \x00%\x001\x08\x00\x00\x00\x00\x06\x00\x00\x00\
\x09Local: %1\x07\x00\x00\x00\x10P\
lanImportDialog\x01\
\x03\x00\x00\x00\x16\x04\x1d\x04>\x042\x04K\x045\x00\
 \x04:\x04C\x04@\x04A\x04K\x08\x00\x00\x00\x00\
\x06\x00\x00\x00\x09New rates\x07\x00\
\x00\x00\x10PlanImportDia\
log\x01\x03\x00\x00\x00\x0a\x04\x14\x040\x04;\x04\
5\x045\x08\x00\x00\x00\x00\x06\x00\x00\x00\x04Nex\
t\x07\x00\x00\x00\x10PlanImport\
Dialog\x01\x03\x00\x00\x00\x1e\x04\x1a\x04>\
\x04=\x04D\x048\x04:\x04B\x04K\x00 \x04:\
\x04C\x04@\x04A\x04>\x042\x08\x00\x00\x00\x00\x06\
\x00\x00\x00\x0eRate conflic\
ts\x07\x00\x00\x00\x10PlanImpor\
tDialog\x01\x03\x00\x00\x00\x98\x04\x1f\x04\
@\x04>\x04A\x04<\x04>\x04B\x04@\x048\x04\
B\x045\x00 \x04A\x042\x04>\x044\x04:\x04\
C\x00 \x04?\x04@\x04>\x043\x04=\x04>\x04\
7\x040\x00 \x04=\x048\x046\x045\x00,\x00\
 \x04@\x040\x047\x04@\x045\x04H\x048\x04\
B\x045\x00 \x04:\x04>\x04=\x04D\x04;\x04\
8\x04:\x04B\x04K\x00 \x04:\x04C\x04@\x04\
A\x04>\x042\x00 \x048\x00 \x048\x04<\x04\
?\x04>\x04@\x04B\x048\x04@\x04C\x049\x04\
B\x045\x00.\x08\x00\x00\x00\x00\x06\x00\x00\x00KR\
eview the foreca\
st summary below\
, resolve any ra\
te conflicts, th\
en import.\x07\x00\x00\x00\x10P\
lanImportDialog\x01\
\x03\x00\x00\x00,\x04\x12\x04K\x041\x045\x04@\x04\
8\x04B\x045\x00 \x04D\x040\x049\x04;\x00\
 \x04?\x04@\x04>\x043\x04=\x04>\x047\x04\
0\x08\x00\x00\x00\x00\x06\x00\x00\x00\x14Selec\
t forecast file\x07\
\x00\x00\x00\x10PlanImportDi\
alog\x01\x03\x00\x00\x002\x04\x18\x04A\x04?\
\x04>\x04;\x04L\x047\x04>\x042\x040\x04B\
\x04L\x00 \x042\x04A\x045\x00 \x048\x047\
\x00 \x04D\x040\x049\x04;\x040\x08\x00\x00\x00\
\x00\x06\x00\x00\x00\x11Use all fr\
om file\x07\x00\x00\x00\x10Plan\
ImportDialog\x01\x03\x00\x00\
\x00*\x04\x18\x04A\x04?\x04>\x04;\x04L\x047\
\x04>\x042\x040\x04B\x04L\x00 \x048\x047\
\x00 \x04D\x040\x049\x04;\x040\x08\x00\x00\x00\
\x00\x06\x00\x00\x00\x0aUse file's\
\x07\x00\x00\x00\x10PlanImportD\
ialog\x01\x03\x00\x00\x00\x1e\x00+\x00 \x04\
\x1d\x04>\x042\x04K\x049\x00 \x04?\x04@\x04\
>\x043\x04=\x04>\x047\x08\x00\x00\x00\x00\x06\x00\
\x00\x00\x0e+ New forecas\
t\x07\x00\x00\x00\x0cPlanListPa\
ge\x01\x03\x00\x00\x00\x1c\x04\x11\x040\x047\x04>\
\x042\x040\x04O\x00 \x042\x040\x04;\x04N\
\x04B\x040\x08\x00\x00\x00\x00\x06\x00\x00\x00\x0dBa\
se currency\x07\x00\x00\x00\x0c\
PlanListPage\x01\x03\x00\x00\
\x00\x1c\x04\x1f\x04C\x04A\x04B\x04>\x049\x00 \
\x04?\x04@\x04>\x043\x04=\x04>\x047\x08\x00\
\x00\x00\x00\x06\x00\x00\x00\x0eBlank fo\
recast\x07\x00\x00\x00\x0cPlanL\
istPage\x01\x03\x00\x00\x00\x0c\x04\x1e\x04\
B\x04<\x045\x04=\x040\x08\x00\x00\x00\x00\x06\x00\
\x00\x00\x06Cancel\x07\x00\x00\x00\x0cPl\
anListPage\x01\x03\x00\x00\x00\x0e\
\x04!\x04>\x047\x044\x040\x04B\x04L\x08\x00\
\x00\x00\x00\x06\x00\x00\x00\x06Create\x07\x00\
\x00\x00\x0cPlanListPage\x01\
\x03\x00\x00\x00,\x04!\x04>\x047\x044\x040\x04\
B\x04L\x00 \x04?\x04C\x04A\x04B\x04>\x04\
9\x00 \x04?\x04@\x04>\x043\x04=\x04>\x04\
7\x08\x00\x00\x00\x00\x06\x00\x00\x00\x15Creat\
e blank forecast\
\x07\x00\x00\x00\x0cPlanListPag\
e\x01\x03\x00\x00\x004\x04!\x04>\x047\x044\x04\
0\x04B\x04L\x00 \x04?\x04@\x04>\x043\x04\
=\x04>\x047\x00 \x048\x047\x00 \x04H\x04\
0\x041\x04;\x04>\x04=\x040\x08\x00\x00\x00\x00\
\x06\x00\x00\x00\x1dCreate fore\
cast from templa\
te\x07\x00\x00\x00\x0cPlanListP\
age\x01\x03\x00\x00\x00\x1e\x04!\x04>\x047\x04\
4\x040\x04B\x04L\x00 \x04?\x04@\x04>\x04\
3\x04=\x04>\x047\x08\x00\x00\x00\x00\x06\x00\x00\x00\
\x13Create new fore\
cast\x07\x00\x00\x00\x0cPlanLis\
tPage\x01\x03\x00\x00\x00J\x04!\x04>\x04\
7\x044\x040\x049\x04B\x045\x00 \x04?\x04\
5\x04@\x042\x04K\x049\x00 \x04?\x04@\x04\
>\x043\x04=\x04>\x047\x00,\x00 \x04G\x04\
B\x04>\x041\x04K\x00 \x04=\x040\x04G\x04\
0\x04B\x04L\x08\x00\x00\x00\x00\x06\x00\x00\x00/C\
reate your first\
 forecast to sta\
rt forecasting\x07\x00\
\x00\x00\x0cPlanListPage\x01\
\x03\x00\x00\x00\x14\x04!\x04>\x047\x044\x040\x04\
=\x00:\x00 \x00%\x001\x08\x00\x00\x00\x00\x06\x00\
\x00\x00\x0bCreated: %1\x07\x00\
\x00\x00\x0cPlanListPage\x01\
\x03\x00\x00\x00\x0e\x04#\x044\x040\x04;\x048\x04\
B\x04L\x08\x00\x00\x00\x00\x06\x00\x00\x00\x06Del\
ete\x07\x00\x00\x00\x0cPlanList\
Page\x01\x03\x00\x00\x00\xaa\x04#\x044\x040\
\x04;\x048\x04B\x04L\x00 \x00\xab\x00%\x001\
\x00\xbb\x00?\x00 \x04\x12\x04A\x045\x00 \x044\
\x045\x04=\x045\x046\x04=\x04K\x045\x00 \
\x04?\x04>\x04B\x04>\x04:\x048\x00 \x048\
\x00 \x044\x040\x04=\x04=\x04K\x045\x00 \
\x04?\x04@\x04>\x045\x04:\x04F\x048\x048\
\x00 \x044\x04;\x04O\x00 \x04M\x04B\x04>\
\x043\x04>\x00 \x04?\x04@\x04>\x043\x04=\
\x04>\x047\x040\x00 \x041\x04C\x044\x04C\
\x04B\x00 \x04C\x044\x040\x04;\x045\x04=\
\x04K\x00.\x08\x00\x00\x00\x00\x06\x00\x00\x00RDe\
lete \x22%1\x22? All c\
ash flows and pr\
ojection data fo\
r this forecast \
will be removed.\
\x07\x00\x00\x00\x0cPlanListPag\
e\x01\x03\x00\x00\x00\x1e\x04#\x044\x040\x04;\x04\
8\x04B\x04L\x00 \x04?\x04@\x04>\x043\x04\
=\x04>\x047\x08\x00\x00\x00\x00\x06\x00\x00\x00\x0fD\
elete forecast\x07\x00\
\x00\x00\x0cPlanListPage\x01\
\x03\x00\x00\x00*\x04 \x045\x044\x040\x04:\x04\
B\x048\x04@\x04>\x042\x040\x04B\x04L\x00\
 \x04?\x04@\x04>\x043\x04=\x04>\x047\x08\
\x00\x00\x00\x00\x06\x00\x00\x00\x0dEdit fo\
recast\x07\x00\x00\x00\x0cPlanL\
istPage\x01\x03\x00\x00\x00 \x04-\x04\
:\x04A\x04?\x04>\x04@\x04B\x00 \x04?\x04\
@\x04>\x043\x04=\x04>\x047\x040\x08\x00\x00\
\x00\x00\x06\x00\x00\x00\x0fExport fo\
recast\x07\x00\x00\x00\x0cPlanL\
istPage\x01\x03\x00\x00\x00:\x04\x1f\x04\
@\x04>\x043\x04=\x04>\x047\x00 \x04C\x04\
A\x04?\x045\x04H\x04=\x04>\x00 \x04M\x04\
:\x04A\x04?\x04>\x04@\x04B\x048\x04@\x04\
>\x042\x040\x04=\x08\x00\x00\x00\x00\x06\x00\x00\x00\
\x1eForecast export\
ed successfully\x07\
\x00\x00\x00\x0cPlanListPage\
\x01\x03\x00\x00\x004\x04$\x040\x049\x04;\x04K\
\x00 \x04?\x04@\x04>\x043\x04=\x04>\x047\
\x04>\x042\x00 \x00(\x00*\x00.\x00f\x00t\
\x00p\x00l\x00a\x00n\x00)\x08\x00\x00\x00\x00\x06\
\x00\x00\x00\x19Forecast fil\
es (*.ftplan)\x07\x00\x00\
\x00\x0cPlanListPage\x01\x03\
\x00\x00\x00\x22\x04\x1d\x040\x047\x042\x040\x04=\
\x048\x045\x00 \x04?\x04@\x04>\x043\x04=\
\x04>\x047\x040\x08\x00\x00\x00\x00\x06\x00\x00\x00\x0d\
Forecast name\x07\x00\x00\
\x00\x0cPlanListPage\x01\x03\
\x00\x00\x00\x10\x04\x1f\x04@\x04>\x043\x04=\x04>\
\x047\x04K\x08\x00\x00\x00\x00\x06\x00\x00\x00\x09Fo\
recasts\x07\x00\x00\x00\x0cPlan\
ListPage\x01\x03\x00\x00\x00\x14\x04\x18\
\x047\x00 \x04H\x040\x041\x04;\x04>\x04=\
\x040\x08\x00\x00\x00\x00\x06\x00\x00\x00\x0dFrom\
 template\x07\x00\x00\x00\x0cPl\
anListPage\x01\x03\x00\x00\x00\x1e\
\x04\x18\x04<\x04?\x04>\x04@\x04B\x00 \x04?\
\x04@\x04>\x043\x04=\x04>\x047\x040\x08\x00\
\x00\x00\x00\x06\x00\x00\x00\x0fImport f\
orecast\x07\x00\x00\x00\x0cPlan\
ListPage\x01\x03\x00\x00\x00 \x04\x1d\
\x040\x04G\x040\x04;\x04L\x04=\x04K\x049\
\x00 \x041\x040\x04;\x040\x04=\x04A\x08\x00\
\x00\x00\x00\x06\x00\x00\x00\x0fInitial \
balance\x07\x00\x00\x00\x0cPlan\
ListPage\x01\x03\x00\x00\x00\x1e\x04\x1c\
\x04>\x049\x00 \x041\x04N\x044\x046\x045\
\x04B\x00 \x002\x000\x002\x006\x08\x00\x00\x00\
\x00\x06\x00\x00\x00\x0eMy budget \
2026\x07\x00\x00\x00\x0cPlanLis\
tPage\x01\x03\x00\x00\x00\x1a\x04\x1d\x04>\x04\
2\x04K\x049\x00 \x04?\x04@\x04>\x043\x04\
=\x04>\x047\x08\x00\x00\x00\x00\x06\x00\x00\x00\x0cN\
ew forecast\x07\x00\x00\x00\x0c\
PlanListPage\x01\x03\x00\x00\
\x00$\x04\x1f\x04>\x04:\x040\x00 \x04=\x045\
\x04B\x00 \x04?\x04@\x04>\x043\x04=\x04>\
\x047\x04>\x042\x08\x00\x00\x00\x00\x06\x00\x00\x00\x10\
No forecasts yet\
\x07\x00\x00\x00\x0cPlanListPag\
e\x01\x03\x00\x00\x00\x12\x04!\x04>\x04E\x04@\x04\
0\x04=\x048\x04B\x04L\x08\x00\x00\x00\x00\x06\x00\
\x00\x00\x04Save\x07\x00\x00\x00\x0cPlan\
ListPage\x01\x03\x00\x00\x00\xa2\x04\x1d\
\x040\x04G\x04=\x048\x04B\x045\x00 \x04A\
\x00 \x04?\x04C\x04A\x04B\x04>\x043\x04>\
\x00 \x04?\x04@\x04>\x043\x04=\x04>\x047\
\x040\x00 \x048\x04;\x048\x00 \x048\x04A\
\x04?\x04>\x04;\x04L\x047\x04C\x049\x04B\
\x045\x00 \x04H\x040\x041\x04;\x04>\x04=\
\x00 \x04A\x00 \x04B\x048\x04?\x048\x04G\
\x04=\x04K\x04<\x048\x00 \x044\x045\x04=\
\x045\x046\x04=\x04K\x04<\x048\x00 \x04?\
\x04>\x04B\x04>\x04:\x040\x04<\x048\x00.\
\x08\x00\x00\x00\x00\x06\x00\x00\x00FStart \
with a blank for\
ecast or use a t\
emplate with typ\
ical cash flows.\
\x07\x00\x00\x00\x0cPlanListPag\
e\x01\x03\x00\x00\x00\x08\x000\x00.\x000\x000\x08\
\x00\x00\x00\x00\x06\x00\x00\x00\x040.00\x07\x00\x00\
\x00\x19RecordedExpens\
eFormDrawer\x01\x03\x00\x00\x00\
 \x04\x14\x04>\x041\x040\x042\x048\x04B\x04\
L\x00 \x047\x040\x04<\x045\x04B\x04:\x04\
C\x08\x00\x00\x00\x00\x06\x00\x00\x00\x0aAdd a\
 note\x07\x00\x00\x00\x19Record\
edExpenseFormDra\
wer\x01\x03\x00\x00\x00\x1e\x04\x14\x04>\x041\x04\
0\x042\x048\x04B\x04L\x00 \x04@\x040\x04\
A\x04E\x04>\x044\x08\x00\x00\x00\x00\x06\x00\x00\x00\
\x14Add recorded ex\
pense\x07\x00\x00\x00\x19Record\
edExpenseFormDra\
wer\x01\x03\x00\x00\x00\x0a\x04!\x04C\x04<\x04\
<\x040\x08\x00\x00\x00\x00\x06\x00\x00\x00\x06Amo\
unt\x07\x00\x00\x00\x19Recorded\
ExpenseFormDrawe\
r\x01\x03\x00\x00\x00\x12\x04\x1a\x040\x04B\x045\x04\
3\x04>\x04@\x048\x04O\x08\x00\x00\x00\x00\x06\x00\
\x00\x00\x08Category\x07\x00\x00\x00\x19\
RecordedExpenseF\
ormDrawer\x01\x03\x00\x00\x002\x04\
\x12\x04K\x041\x045\x04@\x048\x04B\x045\x00\
 \x048\x047\x04>\x041\x04@\x040\x046\x04\
5\x04=\x048\x045\x00 \x04G\x045\x04:\x04\
0\x08\x00\x00\x00\x00\x06\x00\x00\x00\x16Choos\
e a receipt imag\
e\x07\x00\x00\x00\x19RecordedEx\
penseFormDrawer\x01\
\x03\x00\x00\x00\x0e\x04\x17\x040\x04:\x04@\x04K\x04\
B\x04L\x08\x00\x00\x00\x00\x06\x00\x00\x00\x05Clo\
se\x07\x00\x00\x00\x19RecordedE\
xpenseFormDrawer\
\x01\x03\x00\x00\x00\x0c\x04\x12\x040\x04;\x04N\x04B\
\x040\x08\x00\x00\x00\x00\x06\x00\x00\x00\x08Curr\
ency\x07\x00\x00\x00\x19Recorde\
dExpenseFormDraw\
er\x01\x03\x00\x00\x00\x08\x04\x14\x040\x04B\x040\
\x08\x00\x00\x00\x00\x06\x00\x00\x00\x04Date\x07\x00\
\x00\x00\x19RecordedExpen\
seFormDrawer\x01\x03\x00\x00\
\x004\x04\x18\x047\x04<\x045\x04=\x048\x04B\
\x04L\x00 \x047\x040\x04?\x048\x04A\x040\
\x04=\x04=\x04K\x049\x00 \x04@\x040\x04A\
\x04E\x04>\x044\x08\x00\x00\x00\x00\x06\x00\x00\x00\x15\
Edit recorded ex\
pense\x07\x00\x00\x00\x19Record\
edExpenseFormDra\
wer\x01\x03\x00\x00\x00\x1c\x04\x12\x042\x045\x04\
A\x04B\x048\x00 \x042\x04@\x04C\x04G\x04\
=\x04C\x04N\x08\x00\x00\x00\x00\x06\x00\x00\x00\x0eE\
nter manually\x07\x00\x00\
\x00\x19RecordedExpens\
eFormDrawer\x01\x03\x00\x00\x00\
\x5c\x04\x18\x047\x04>\x041\x04@\x040\x046\x04\
5\x04=\x048\x04O\x00 \x00(\x00*\x00.\x00\
j\x00p\x00g\x00 \x00*\x00.\x00j\x00p\x00\
e\x00g\x00 \x00*\x00.\x00p\x00n\x00g\x00\
 \x00*\x00.\x00w\x00e\x00b\x00p\x00 \x00\
*\x00.\x00h\x00e\x00i\x00c\x00)\x08\x00\x00\
\x00\x00\x06\x00\x00\x00)Images (*\
.jpg *.jpeg *.pn\
g *.webp *.heic)\
\x07\x00\x00\x00\x19RecordedExp\
enseFormDrawer\x01\x03\
\x00\x00\x00$\x04\x1d\x048\x047\x04:\x040\x04O\
\x00 \x04C\x042\x045\x04@\x045\x04=\x04=\
\x04>\x04A\x04B\x04L\x08\x00\x00\x00\x00\x06\x00\x00\
\x00\x0eLow confidence\
\x07\x00\x00\x00\x19RecordedExp\
enseFormDrawer\x01\x03\
\x00\x00\x00\x10\x04\x1d\x040\x047\x042\x040\x04=\
\x048\x045\x08\x00\x00\x00\x00\x06\x00\x00\x00\x04Na\
me\x07\x00\x00\x00\x19RecordedE\
xpenseFormDrawer\
\x01\x03\x00\x00\x00\x0e\x04\x17\x040\x04<\x045\x04B\
\x04:\x040\x08\x00\x00\x00\x00\x06\x00\x00\x00\x04No\
te\x07\x00\x00\x00\x19RecordedE\
xpenseFormDrawer\
\x01\x03\x00\x00\x00\x0a\x04\x1c\x045\x04A\x04B\x04>\
\x08\x00\x00\x00\x00\x06\x00\x00\x00\x05Place\x07\
\x00\x00\x00\x19RecordedExpe\
nseFormDrawer\x01\x03\x00\
\x00\x00\x18\x04'\x04B\x045\x04=\x048\x045\x00\
 \x04G\x045\x04:\x040 &\x08\x00\x00\x00\x00\
\x06\x00\x00\x00\x12Reading rec\
eipt\xe2\x80\xa6\x07\x00\x00\x00\x19Reco\
rdedExpenseFormD\
rawer\x01\x03\x00\x00\x00P\x04\x1f\x04@\x04\
>\x042\x045\x04@\x04L\x04B\x045\x00 \x04\
?\x04@\x045\x044\x04;\x04>\x046\x045\x04\
=\x04=\x04K\x045\x00 \x04?\x04>\x04;\x04\
O\x00 \x048\x00 \x04A\x04>\x04E\x04@\x04\
0\x04=\x048\x04B\x045\x00.\x08\x00\x00\x00\x00\
\x06\x00\x00\x00#Review sugg\
ested fields, th\
en save.\x07\x00\x00\x00\x19Rec\
ordedExpenseForm\
Drawer\x01\x03\x00\x00\x00\x12\x04!\x04>\
\x04E\x04@\x040\x04=\x048\x04B\x04L\x08\x00\
\x00\x00\x00\x06\x00\x00\x00\x04Save\x07\x00\x00\x00\
\x19RecordedExpense\
FormDrawer\x01\x03\x00\x00\x006\
\x04!\x04>\x04E\x04@\x040\x04=\x048\x04B\
\x04L\x00 \x047\x040\x04?\x048\x04A\x040\
\x04=\x04=\x04K\x049\x00 \x04@\x040\x04A\
\x04E\x04>\x044\x08\x00\x00\x00\x00\x06\x00\x00\x00\x15\
Save recorded ex\
pense\x07\x00\x00\x00\x19Record\
edExpenseFormDra\
wer\x01\x03\x00\x00\x00\x16\x04!\x04:\x040\x04\
=\x048\x04@\x04>\x042\x040\x04B\x04L\x08\
\x00\x00\x00\x00\x06\x00\x00\x00\x04Scan\x07\x00\x00\
\x00\x19RecordedExpens\
eFormDrawer\x01\x03\x00\x00\x00\
\x1e\x04!\x04:\x040\x04=\x048\x04@\x04>\x04\
2\x040\x04B\x04L\x00 \x04G\x045\x04:\x08\
\x00\x00\x00\x00\x06\x00\x00\x00\x0cScan re\
ceipt\x07\x00\x00\x00\x19Record\
edExpenseFormDra\
wer\x01\x03\x00\x00\x00h\x04\x1c\x04>\x046\x04\
=\x04>\x00 \x048\x047\x04<\x045\x04=\x04\
8\x04B\x04L\x00 \x04;\x04N\x041\x04>\x04\
5\x00 \x04?\x04>\x04;\x045\x00 \x048\x04\
;\x048\x00 \x042\x042\x045\x04A\x04B\x04\
8\x00 \x04@\x040\x04A\x04E\x04>\x044\x00\
 \x042\x04@\x04C\x04G\x04=\x04C\x04N\x00\
.\x08\x00\x00\x00\x00\x06\x00\x00\x005You c\
an edit any fiel\
d or enter the e\
xpense manually.\
\x07\x00\x00\x00\x19RecordedExp\
enseFormDrawer\x01\x03\
\x00\x00\x00\x12\x04=\x040\x04?\x04@\x00.\x00 \
\x04\x15\x044\x040\x08\x00\x00\x00\x00\x06\x00\x00\x00\x09\
e.g. Food\x07\x00\x00\x00\x19Re\
cordedExpenseFor\
mDrawer\x01\x03\x00\x00\x00\x1c\x04=\x04\
0\x04?\x04@\x00.\x00 \x04\x1f\x04@\x04>\x04\
4\x04C\x04:\x04B\x04K\x08\x00\x00\x00\x00\x06\x00\
\x00\x00\x0ee.g. Grocerie\
s\x07\x00\x00\x00\x19RecordedEx\
penseFormDrawer\x01\
\x03\x00\x00\x00\x22\x04=\x040\x04?\x04@\x00.\x00\
 \x00W\x00h\x00o\x00l\x00e\x00 \x00F\x00\
o\x00o\x00d\x00s\x08\x00\x00\x00\x00\x06\x00\x00\x00\
\x10e.g. Whole Food\
s\x07\x00\x00\x00\x19RecordedEx\
penseFormDrawer\x01\
\x03\x00\x00\x00\x1a\x04=\x045\x04>\x041\x04O\x04\
7\x040\x04B\x045\x04;\x04L\x04=\x04>\x08\
\x00\x00\x00\x00\x06\x00\x00\x00\x08optiona\
l\x07\x00\x00\x00\x19RecordedEx\
penseFormDrawer\x01\
\x03\x00\x00\x00\x1e\x04\x14\x04>\x041\x040\x042\x04\
8\x04B\x04L\x00 \x04@\x040\x04A\x04E\x04\
>\x044\x08\x00\x00\x00\x00\x06\x00\x00\x00\x14Add\
 recorded expens\
e\x07\x00\x00\x00\x14RecordedEx\
pensesPage\x01\x03\x00\x00\x00R\
\x04\x14\x04>\x041\x040\x042\x04L\x04B\x045\
\x00 \x04?\x045\x04@\x042\x04K\x049\x00 \
\x04@\x040\x04A\x04E\x04>\x044\x00 \x04A\
\x00 \x04?\x04>\x04<\x04>\x04I\x04L\x04N\
\x00 \x04:\x04=\x04>\x04?\x04:\x048\x00 \
\x00+\x08\x00\x00\x00\x00\x06\x00\x00\x002Add \
your first recor\
ded expense usin\
g the + button\x07\x00\
\x00\x00\x14RecordedExpen\
sesPage\x01\x03\x00\x00\x00\x0c\x04\x1e\x04\
B\x04<\x045\x04=\x040\x08\x00\x00\x00\x00\x06\x00\
\x00\x00\x06Cancel\x07\x00\x00\x00\x14Re\
cordedExpensesPa\
ge\x01\x03\x00\x00\x00\x0e\x04#\x044\x040\x04;\
\x048\x04B\x04L\x08\x00\x00\x00\x00\x06\x00\x00\x00\x06\
Delete\x07\x00\x00\x00\x14Recor\
dedExpensesPage\x01\
\x03\x00\x00\x00\x1a\x04#\x044\x040\x04;\x048\x04\
B\x04L\x00 \x00\xab\x00%\x001\x00\xbb\x00?\x08\
\x00\x00\x00\x00\x06\x00\x00\x00\x0cDelete \
\x22%1\x22?\x07\x00\x00\x00\x14Record\
edExpensesPage\x01\x03\
\x00\x00\x00\x14\x04#\x044\x040\x04;\x048\x04B\
\x04L\x00 \x00%\x001\x08\x00\x00\x00\x00\x06\x00\x00\
\x00\x09Delete %1\x07\x00\x00\x00\x14\
RecordedExpenses\
Page\x01\x03\x00\x00\x00\x1c\x04#\x044\x040\
\x04;\x048\x04B\x04L\x00 \x04@\x040\x04A\
\x04E\x04>\x044\x08\x00\x00\x00\x00\x06\x00\x00\x00\x17\
Delete recorded \
expense\x07\x00\x00\x00\x14Reco\
rdedExpensesPage\
\x01\x03\x00\x00\x00\x16\x04\x18\x047\x04<\x045\x04=\
\x048\x04B\x04L\x00 \x00%\x001\x08\x00\x00\x00\
\x00\x06\x00\x00\x00\x07Edit %1\x07\x00\x00\
\x00\x14RecordedExpens\
esPage\x01\x03\x00\x00\x00.\x04\x1d\x045\
\x04B\x00 \x04?\x04>\x044\x04E\x04>\x044\
\x04O\x04I\x048\x04E\x00 \x04@\x040\x04A\
\x04E\x04>\x044\x04>\x042\x08\x00\x00\x00\x00\x06\
\x00\x00\x00\x14No matching \
expenses\x07\x00\x00\x00\x14Rec\
ordedExpensesPag\
e\x01\x03\x00\x00\x008\x04\x1f\x04>\x04:\x040\x00\
 \x04=\x045\x04B\x00 \x047\x040\x04?\x04\
8\x04A\x040\x04=\x04=\x04K\x04E\x00 \x04\
@\x040\x04A\x04E\x04>\x044\x04>\x042\x08\
\x00\x00\x00\x00\x06\x00\x00\x00\x18No reco\
rded expenses ye\
t\x07\x00\x00\x00\x14RecordedEx\
pensesPage\x01\x03\x00\x00\x00\x0e\
\x04 \x040\x04A\x04E\x04>\x044\x04K\x08\x00\
\x00\x00\x00\x06\x00\x00\x00\x08Spending\
\x07\x00\x00\x00\x14RecordedExp\
ensesPage\x01\x03\x00\x00\x00p\x04\
\x1f\x04>\x04?\x04@\x04>\x041\x04C\x049\x04\
B\x045\x00 \x044\x04@\x04C\x043\x04>\x04\
9\x00 \x04?\x04>\x048\x04A\x04:\x04>\x04\
2\x04K\x049\x00 \x047\x040\x04?\x04@\x04\
>\x04A\x00 \x048\x04;\x048\x00 \x04A\x04\
1\x04@\x04>\x04A\x04L\x04B\x045\x00 \x04\
D\x048\x04;\x04L\x04B\x04@\x04K\x00.\x08\
\x00\x00\x00\x00\x06\x00\x00\x00-Try a d\
ifferent search \
term or clear fi\
lters.\x07\x00\x00\x00\x14Recor\
dedExpensesPage\x01\
\x03\x00\x00\x00l\x04\x18\x047\x04<\x045\x04=\x04\
8\x04B\x045\x00 \x04?\x04>\x048\x04A\x04\
:\x00 \x048\x04;\x048\x00 \x044\x048\x04\
0\x04?\x040\x047\x04>\x04=\x00 \x044\x04\
0\x04B\x00 \x04;\x048\x041\x04>\x00 \x04\
A\x041\x04@\x04>\x04A\x04L\x04B\x045\x00\
 \x04D\x048\x04;\x04L\x04B\x04@\x04K\x00\
.\x08\x00\x00\x00\x00\x06\x00\x00\x00:Try a\
djusting your se\
arch or date ran\
ge, or clear fil\
ters.\x07\x00\x00\x00\x14Record\
edExpensesPage\x01\x03\
\x00\x00\x00\x16\x04\x12\x04=\x045\x04H\x04=\x048\
\x049\x00 \x042\x048\x044\x08\x00\x00\x00\x00\x06\
\x00\x00\x00\x0aAppearance\x07\x00\
\x00\x00\x0cSettingsPage\x01\
\x03\x00\x00\x00\x0a\x04\x1d\x040\x047\x040\x044\x08\
\x00\x00\x00\x00\x06\x00\x00\x00\x04Back\x07\x00\x00\
\x00\x0cSettingsPage\x01\x03\
\x00\x00\x008\x04\x1e\x041\x04;\x040\x04G\x04=\
\x04>\x045\x00 \x04@\x040\x04A\x04?\x04>\
\x047\x04=\x040\x042\x040\x04=\x048\x045\
\x00 \x04G\x045\x04:\x04>\x042\x08\x00\x00\x00\
\x00\x06\x00\x00\x00\x16Cloud rece\
ipt scanning\x07\x00\x00\x00\
\x0cSettingsPage\x01\x03\x00\
\x00\x00\x16\x04\x22\x04Q\x04<\x04=\x040\x04O\x00\
 \x04B\x045\x04<\x040\x08\x00\x00\x00\x00\x06\x00\
\x00\x00\x09Dark mode\x07\x00\x00\x00\
\x0cSettingsPage\x01\x03\x00\
\x00\x00\x1e\x04\x14\x040\x04=\x04=\x04K\x045\x00\
 \x048\x00 \x042\x040\x04;\x04N\x04B\x04\
0\x08\x00\x00\x00\x00\x06\x00\x00\x00\x0fData \
& Currency\x07\x00\x00\x00\x0cS\
ettingsPage\x01\x03\x00\x00\x01\
$\x04\x1e\x04?\x04F\x048\x04O\x00 \x04@\x04\
0\x047\x04@\x040\x041\x04>\x04B\x04G\x04\
8\x04:\x040\x00:\x00 \x042\x04>\x047\x04\
2\x04@\x040\x04I\x040\x045\x04B\x00 \x04\
?\x04>\x044\x043\x04>\x04B\x04>\x042\x04\
;\x045\x04=\x04=\x04K\x045\x00 \x04:\x04\
C\x04@\x04A\x04K\x00 \x041\x045\x047\x00\
 \x04>\x041\x04@\x040\x04I\x045\x04=\x04\
8\x04O\x00 \x04:\x00 \x042\x04=\x045\x04\
H\x04=\x045\x04<\x04C\x00 \x00A\x00P\x00\
I\x00.\x00 \x04\x17\x040\x04?\x04C\x04A\x04\
B\x048\x04B\x045\x00 \x04?\x04@\x048\x04\
;\x04>\x046\x045\x04=\x048\x045\x00 \x04\
A\x00 \x00-\x00-\x00d\x00e\x00v\x00,\x00\
 \x04G\x04B\x04>\x041\x04K\x00 \x04?\x04\
>\x04:\x040\x047\x040\x04B\x04L\x00 \x04\
M\x04B\x04>\x04B\x00 \x04?\x045\x04@\x04\
5\x04:\x04;\x04N\x04G\x040\x04B\x045\x04\
;\x04L\x00.\x08\x00\x00\x00\x00\x06\x00\x00\x00{D\
eveloper option:\
 returns prepare\
d rates without \
contacting the e\
xternal API. Sta\
rt the app with \
--dev to show th\
is toggle.\x07\x00\x00\x00\x0cS\
ettingsPage\x01\x03\x00\x00\x00\
\x22\x00E\x00x\x00c\x00h\x00a\x00n\x00g\x00\
e\x00 \x00R\x00a\x00t\x00e\x00 \x00A\x00\
P\x00I\x08\x00\x00\x00\x00\x06\x00\x00\x00\x11Exc\
hange Rate API\x07\x00\
\x00\x00\x0cSettingsPage\x01\
\x03\x00\x00\x00B\x04!\x040\x049\x04B\x00 \x04\
?\x04>\x04A\x04B\x040\x042\x04I\x048\x04\
:\x040\x00 \x00E\x00x\x00c\x00h\x00a\x00\
n\x00g\x00e\x00 \x00R\x00a\x00t\x00e\x00\
 \x00A\x00P\x00I\x08\x00\x00\x00\x00\x06\x00\x00\x00\
\x22Exchange Rate A\
PI provider webs\
ite\x07\x00\x00\x00\x0cSettings\
Page\x01\x03\x00\x00\x00\x16\x04\x1a\x04C\x04@\
\x04A\x04K\x00 \x042\x040\x04;\x04N\x04B\
\x08\x00\x00\x00\x00\x06\x00\x00\x00\x0eExchan\
ge rates\x07\x00\x00\x00\x0cSet\
tingsPage\x01\x03\x00\x00\x00>\x04\
\x1f\x04>\x04;\x04C\x04G\x040\x04B\x04L\x00\
 \x040\x04:\x04B\x04C\x040\x04;\x04L\x04\
=\x04K\x045\x00 \x04:\x04C\x04@\x04A\x04\
K\x00 \x042\x040\x04;\x04N\x04B\x08\x00\x00\
\x00\x00\x06\x00\x00\x00\x19Fetch liv\
e exchange rates\
\x07\x00\x00\x00\x0cSettingsPag\
e\x01\x03\x00\x00\x00\x0c\x04!\x04:\x04@\x04K\x04\
B\x04L\x08\x00\x00\x00\x00\x06\x00\x00\x00\x04Hid\
e\x07\x00\x00\x00\x0cSettingsPa\
ge\x01\x03\x00\x00\x00\x86\x04\x1a\x040\x04:\x00 \
\x04@\x040\x04A\x04A\x04G\x048\x04B\x04K\
\x042\x040\x04N\x04B\x04A\x04O\x00 \x04:\
\x040\x04A\x04A\x04>\x042\x04K\x045\x00 \
\x04@\x040\x047\x04@\x04K\x042\x04K\x00,\
\x00 \x04H\x040\x041\x04;\x04>\x04=\x04K\
\x00 \x044\x040\x04B\x00,\x00 \x042\x040\
\x04;\x04N\x04B\x04K\x00 \x048\x00 \x04A\
\x04F\x045\x04=\x040\x04@\x048\x048\x08\x00\
\x00\x00\x00\x06\x00\x00\x00LHow cash\
 shortfalls, dat\
e patterns, curr\
encies, and scen\
arios are calcul\
ated\x07\x00\x00\x00\x0cSetting\
sPage\x01\x03\x00\x00\x00\x08\x04/\x047\x04\
K\x04:\x08\x00\x00\x00\x00\x06\x00\x00\x00\x08Lan\
guage\x07\x00\x00\x00\x0cSettin\
gsPage\x01\x03\x00\x00\x000\x04#\x04?\
\x04@\x040\x042\x04;\x045\x04=\x048\x045\
\x00 \x04:\x04C\x04@\x04A\x040\x04<\x048\
\x00 \x042\x040\x04;\x04N\x04B\x08\x00\x00\x00\
\x00\x06\x00\x00\x00\x15Manage exc\
hange rates\x07\x00\x00\x00\x0c\
SettingsPage\x01\x03\x00\x00\
\x00\x18\x04#\x04?\x04@\x040\x042\x04;\x045\
\x04=\x048\x045\x00 %\xb6\x08\x00\x00\x00\x00\x06\
\x00\x00\x00\x0aManage \xe2\x96\xb6\x07\x00\
\x00\x00\x0cSettingsPage\x01\
\x03\x00\x00\x00\x16\x04\x1c\x045\x04B\x04>\x044\x04\
>\x04;\x04>\x043\x048\x04O\x08\x00\x00\x00\x00\
\x06\x00\x00\x00\x0bMethodology\
\x07\x00\x00\x00\x0cSettingsPag\
e\x01\x03\x00\x00\x01\x0c\x04\x12\x04K\x04:\x04;\x04\
N\x04G\x045\x04=\x04>\x00 \x04?\x04>\x00\
 \x04C\x04<\x04>\x04;\x04G\x040\x04=\x04\
8\x04N\x00.\x00 \x04$\x04>\x04B\x04>\x00\
 \x04G\x045\x04:\x04>\x042\x00 \x04>\x04\
A\x04B\x040\x04N\x04B\x04A\x04O\x00 \x04\
=\x040\x00 \x04M\x04B\x04>\x04<\x00 \x04\
C\x04A\x04B\x04@\x04>\x049\x04A\x04B\x04\
2\x045\x00.\x00 \x04\x12\x04:\x04;\x04N\x04\
G\x045\x04=\x048\x045\x00 \x04=\x045\x00\
 \x04>\x04B\x04?\x04@\x040\x042\x04;\x04\
O\x045\x04B\x00 \x048\x047\x04>\x041\x04\
@\x040\x046\x045\x04=\x048\x04O\x00:\x00\
 \x04>\x041\x04;\x040\x04G\x04=\x04K\x04\
9\x00 \x04A\x045\x04@\x042\x048\x04A\x00\
 \x045\x04I\x04Q\x00 \x04=\x045\x00 \x04\
?\x04>\x044\x04:\x04;\x04N\x04G\x04Q\x04\
=\x00.\x08\x00\x00\x00\x00\x06\x00\x00\x00\x80Off\
 by default. Rec\
eipt photos stay\
 on this device.\
 Enabling this d\
oes not upload i\
mages; a cloud p\
rovider is not c\
onnected yet.\x07\x00\x00\
\x00\x0cSettingsPage\x01\x03\
\x00\x00\x00\x86\x04\x1e\x04B\x04:\x04@\x04>\x049\
\x04B\x045\x00 \x042\x04A\x04B\x04@\x04>\
\x045\x04=\x04=\x04>\x045\x00 \x00P\x00D\
\x00F\x00-\x04@\x04C\x04:\x04>\x042\x04>\
\x044\x04A\x04B\x042\x04>\x00 \x042\x00 \
\x04A\x048\x04A\x04B\x045\x04<\x04=\x04>\
\x049\x00 \x04?\x04@\x04>\x043\x04@\x040\
\x04<\x04<\x045\x00 \x04?\x04@\x04>\x04A\
\x04<\x04>\x04B\x04@\x040\x08\x00\x00\x00\x00\x06\
\x00\x00\x00:Open the bun\
dled PDF guide i\
n your system's \
default viewer\x07\x00\
\x00\x00\x0cSettingsPage\x01\
\x03\x00\x00\x00@\x04\x1e\x04B\x04:\x04@\x04K\x04\
B\x04L\x00 \x04@\x04C\x04:\x04>\x042\x04\
>\x044\x04A\x04B\x042\x04>\x00 \x04?\x04\
>\x04;\x04L\x047\x04>\x042\x040\x04B\x04\
5\x04;\x04O\x08\x00\x00\x00\x00\x06\x00\x00\x00\x10O\
pen user manual\x07\
\x00\x00\x00\x0cSettingsPage\
\x01\x03\x00\x00\x00\x12\x04\x1e\x04B\x04:\x04@\x04K\
\x04B\x04L\x00 %\xb6\x08\x00\x00\x00\x00\x06\x00\x00\
\x00\x08Open \xe2\x96\xb6\x07\x00\x00\x00\x0cS\
ettingsPage\x01\x03\x00\x00\x00\
\x10\x04\x1a\x04C\x04@\x04A\x04K\x00 \x04>\x04\
B\x08\x00\x00\x00\x00\x06\x00\x00\x00\x08Rates\
 by\x07\x00\x00\x00\x0cSettings\
Page\x01\x03\x00\x00\x00\x08\x04'\x045\x04:\
\x048\x08\x00\x00\x00\x00\x06\x00\x00\x00\x08Rece\
ipts\x07\x00\x00\x00\x0cSetting\
sPage\x01\x03\x00\x00\x00.\x04\x1f\x045\x04\
@\x045\x047\x040\x04?\x04C\x04A\x04:\x00\
 \x04=\x045\x00 \x04B\x04@\x045\x041\x04\
C\x045\x04B\x04A\x04O\x08\x00\x00\x00\x00\x06\x00\
\x00\x00\x14Restart not r\
equired\x07\x00\x00\x00\x0cSett\
ingsPage\x01\x03\x00\x00\x00\x12\x04\x1d\
\x040\x04A\x04B\x04@\x04>\x049\x04:\x048\
\x08\x00\x00\x00\x00\x06\x00\x00\x00\x08Settin\
gs\x07\x00\x00\x00\x0cSettingsP\
age\x01\x03\x00\x00\x00B\x04\x18\x04A\x04?\x04\
>\x04;\x04L\x047\x04>\x042\x040\x04B\x04\
L\x00 \x04B\x045\x04A\x04B\x04>\x042\x04\
K\x045\x00 \x04:\x04C\x04@\x04A\x04K\x00\
 \x042\x040\x04;\x04N\x04B\x08\x00\x00\x00\x00\
\x06\x00\x00\x00\x17Use mock ex\
change rates\x07\x00\x00\x00\
\x0cSettingsPage\x01\x03\x00\
\x00\x000\x04 \x04C\x04:\x04>\x042\x04>\x04\
4\x04A\x04B\x042\x04>\x00 \x04?\x04>\x04\
;\x04L\x047\x04>\x042\x040\x04B\x045\x04\
;\x04O\x08\x00\x00\x00\x00\x06\x00\x00\x00\x0bUse\
r manual\x07\x00\x00\x00\x0cSet\
tingsPage\x01\x03\x00\x00\x00&\x04\
\x1e\x04B\x04:\x04@\x04K\x04B\x04L\x00 \x04\
<\x045\x04B\x04>\x044\x04>\x04;\x04>\x04\
3\x048\x04N\x08\x00\x00\x00\x00\x06\x00\x00\x00\x10V\
iew methodology\x07\
\x00\x00\x00\x0cSettingsPage\
\x01\x03\x00\x00\x00\x12\x04\x1e\x04B\x04:\x04@\x04K\
\x04B\x04L\x00 %\xb6\x08\x00\x00\x00\x00\x06\x00\x00\
\x00\x08View \xe2\x96\xb6\x07\x00\x00\x00\x0cS\
ettingsPage\x01\x03\x00\x00\x00\
\xc0\x04\x15\x04A\x04;\x048\x00 \x042\x04:\x04\
;\x04N\x04G\x045\x04=\x04>\x00,\x00 \x04\
:\x04C\x04@\x04A\x04K\x00 \x042\x040\x04\
;\x04N\x04B\x00 \x047\x040\x043\x04@\x04\
C\x046\x040\x04N\x04B\x04A\x04O\x00 \x04\
8\x047\x00 \x042\x04A\x04B\x04@\x04>\x04\
5\x04=\x04=\x04>\x043\x04>\x00 \x04B\x04\
5\x04A\x04B\x04>\x042\x04>\x043\x04>\x00\
 \x04?\x04@\x04>\x042\x040\x049\x044\x04\
5\x04@\x040\x00 \x042\x04<\x045\x04A\x04\
B\x04>\x00 \x04@\x045\x040\x04;\x04L\x04\
=\x04>\x043\x04>\x00 \x00A\x00P\x00I\x00\
.\x08\x00\x00\x00\x00\x06\x00\x00\x00^When \
enabled, exchang\
e rates are load\
ed from a built-\
in mock provider\
 instead of the \
live API.\x07\x00\x00\x00\x0cSe\
ttingsPage\x01\x03\x00\x00\x00\xf8\
\x04\x15\x04A\x04;\x048\x00 \x042\x04:\x04;\
\x04N\x04G\x045\x04=\x04>\x00,\x00 \x04?\
\x04@\x048\x04;\x04>\x046\x045\x04=\x048\
\x045\x00 \x04<\x04>\x046\x045\x04B\x00 \
\x04>\x041\x04@\x040\x04I\x040\x04B\x04L\
\x04A\x04O\x00 \x04:\x00 \x042\x04=\x045\
\x04H\x04=\x045\x04<\x04C\x00 \x04A\x045\
\x04@\x042\x048\x04A\x04C\x00 \x044\x04;\
\x04O\x00 \x047\x040\x043\x04@\x04C\x047\
\x04:\x048\x00 \x040\x04:\x04B\x04C\x040\
\x04;\x04L\x04=\x04K\x04E\x00 \x04:\x04C\
\x04@\x04A\x04>\x042\x00 \x042\x040\x04;\
\x04N\x04B\x00.\x00 \x04\x22\x04@\x045\x041\
\x04C\x045\x04B\x04A\x04O\x00 \x044\x04>\
\x04A\x04B\x04C\x04?\x00 \x04:\x00 \x04A\
\x045\x04B\x048\x00.\x08\x00\x00\x00\x00\x06\x00\x00\
\x00uWhen enabled, \
the app may cont\
act an external \
service to downl\
oad current exch\
ange rates. Netw\
ork access is re\
quired.\x07\x00\x00\x00\x0cSett\
ingsPage\x01\x03\x00\x00\x00\x08\x000\
\x00.\x000\x000\x08\x00\x00\x00\x00\x06\x00\x00\x00\x04\
0.00\x07\x00\x00\x00\x12Simulat\
ionControls\x01\x03\x00\x00\x00\
$\x04\x12\x040\x04;\x04N\x04B\x040\x00 \x04\
>\x04B\x04>\x041\x04@\x040\x046\x045\x04\
=\x048\x04O\x08\x00\x00\x00\x00\x06\x00\x00\x00\x10D\
isplay currency\x07\
\x00\x00\x00\x12SimulationCo\
ntrols\x01\x03\x00\x00\x00\x1c\x04\x14\x040\
\x04B\x040\x00 \x04>\x04:\x04>\x04=\x04G\
\x040\x04=\x048\x04O\x08\x00\x00\x00\x00\x06\x00\x00\
\x00\x08End date\x07\x00\x00\x00\x12S\
imulationControl\
s\x01\x03\x00\x00\x00b\x04\x14\x040\x04B\x040\x00\
 \x04>\x04:\x04>\x04=\x04G\x040\x04=\x04\
8\x04O\x00 \x044\x04>\x04;\x046\x04=\x04\
0\x00 \x041\x04K\x04B\x04L\x00 \x04=\x04\
5\x00 \x04@\x040\x04=\x04L\x04H\x045\x00\
 \x044\x040\x04B\x04K\x00 \x04=\x040\x04\
G\x040\x04;\x040\x00.\x08\x00\x00\x00\x00\x06\x00\
\x00\x00,End date must\
 be on or after \
the start date.\x07\
\x00\x00\x00\x12SimulationCo\
ntrols\x01\x03\x00\x00\x00\x16\x04-\x04:\
\x04A\x04?\x04>\x04@\x04B\x00 \x00C\x00S\
\x00V\x08\x00\x00\x00\x00\x06\x00\x00\x00\x0aExpo\
rt CSV\x07\x00\x00\x00\x12Simul\
ationControls\x01\x03\x00\
\x00\x00<\x04-\x04:\x04A\x04?\x04>\x04@\x04\
B\x00 \x048\x04A\x04?\x04>\x04;\x04=\x04\
8\x04B\x045\x04;\x04L\x04=\x04>\x043\x04\
>\x00 \x04>\x04B\x04G\x04Q\x04B\x040\x08\
\x00\x00\x00\x00\x06\x00\x00\x00\x17Export \
executive report\
\x07\x00\x00\x00\x12SimulationC\
ontrols\x01\x03\x00\x00\x00 \x04\x1d\x04\
0\x04G\x040\x04;\x04L\x04=\x04K\x049\x00\
 \x041\x040\x04;\x040\x04=\x04A\x08\x00\x00\
\x00\x00\x06\x00\x00\x00\x0fInitial b\
alance\x07\x00\x00\x00\x12Simul\
ationControls\x01\x03\x00\
\x00\x00\x22\x04\x17\x040\x04?\x04C\x04A\x04B\x04\
8\x04B\x04L\x00 \x04?\x04@\x04>\x043\x04\
=\x04>\x047\x08\x00\x00\x00\x00\x06\x00\x00\x00\x0cR\
un forecast\x07\x00\x00\x00\x12\
SimulationContro\
ls\x01\x03\x00\x00\x00\x16\x04\x14\x040\x04B\x040\
\x00 \x04=\x040\x04G\x040\x04;\x040\x08\x00\
\x00\x00\x00\x06\x00\x00\x00\x0aStart da\
te\x07\x00\x00\x00\x12Simulatio\
nControls\x01\x03\x00\x00\x00\x22\x04\
$\x040\x049\x04;\x04K\x00 \x00C\x00S\x00\
V\x00 \x00(\x00*\x00.\x00c\x00s\x00v\x00\
)\x08\x00\x00\x00\x00\x06\x00\x00\x00\x11CSV f\
iles (*.csv)\x07\x00\x00\x00\
\x0eSimulationPage\x01\
\x03\x00\x00\x00<\x04-\x04:\x04A\x04?\x04>\x04\
@\x04B\x00 \x048\x04A\x04?\x04>\x04;\x04\
=\x048\x04B\x045\x04;\x04L\x04=\x04>\x04\
3\x04>\x00 \x04>\x04B\x04G\x04Q\x04B\x04\
0\x08\x00\x00\x00\x00\x06\x00\x00\x00\x17Expor\
t executive repo\
rt\x07\x00\x00\x00\x0eSimulatio\
nPage\x01\x03\x00\x00\x00,\x04-\x04:\x04\
A\x04?\x04>\x04@\x04B\x00 \x04?\x04@\x04\
>\x045\x04:\x04F\x048\x048\x00 \x042\x00\
 \x00C\x00S\x00V\x08\x00\x00\x00\x00\x06\x00\x00\x00\
\x18Export projecti\
on as CSV\x07\x00\x00\x00\x0eSi\
mulationPage\x01\x03\x00\x00\
\x000\x04-\x04:\x04A\x04?\x04>\x04@\x04B\
\x00 \x042\x04K\x04?\x04>\x04;\x04=\x045\
\x04=\x00 \x04C\x04A\x04?\x045\x04H\x04=\
\x04>\x08\x00\x00\x00\x00\x06\x00\x00\x00\x15Expo\
rted successfull\
y\x07\x00\x00\x00\x0eSimulation\
Page\x01\x03\x00\x00\x00\x0e\x04\x1f\x04@\x04>\
\x043\x04=\x04>\x047\x08\x00\x00\x00\x00\x06\x00\x00\
\x00\x08Forecast\x07\x00\x00\x00\x0eS\
imulationPage\x01\x03\x00\
\x00\x00\x22\x04$\x040\x049\x04;\x04K\x00 \x00\
P\x00D\x00F\x00 \x00(\x00*\x00.\x00p\x00\
d\x00f\x00)\x08\x00\x00\x00\x00\x06\x00\x00\x00\x11P\
DF files (*.pdf)\
\x07\x00\x00\x00\x0eSimulationP\
age\x01\x03\x00\x00\x00\x0a\x00%\x001\x00 \x00\
%\x002\x08\x00\x00\x00\x00\x06\x00\x00\x00\x05%1 \
%2\x07\x00\x00\x00\x10Suggestio\
nsPanel\x01\x03\x00\x00\x00\x88\x04\x1d\x04\
0\x00 \x04>\x04A\x04=\x04>\x042\x045\x00\
 \x04A\x04>\x04E\x04@\x040\x04=\x04Q\x04\
=\x04=\x04>\x043\x04>\x00 \x04?\x04@\x04\
>\x043\x04=\x04>\x047\x040\x00  \x14\x00\
 \x043\x04@\x040\x04D\x048\x04:\x00 \x04\
2\x04K\x04H\x045\x00 \x04>\x04B\x04@\x04\
0\x046\x040\x045\x04B\x00 \x042\x040\x04\
H\x00 \x04A\x04F\x045\x04=\x040\x04@\x04\
8\x049\x00.\x08\x00\x00\x00\x00\x06\x00\x00\x00GB\
ased on the save\
d forecast \xe2\x80\x94 t\
he chart above r\
eflects your sce\
nario.\x07\x00\x00\x00\x10Sugge\
stionsPanel\x01\x03\x00\x00\x00\
H\x04\x1d\x045\x04B\x00 \x04@\x045\x04:\x04\
>\x04<\x045\x04=\x044\x040\x04F\x048\x04\
9\x00 \x044\x04;\x04O\x00 \x04M\x04B\x04\
>\x043\x04>\x00 \x04?\x04@\x04>\x043\x04\
=\x04>\x047\x040\x00.\x08\x00\x00\x00\x00\x06\x00\
\x00\x00#No suggestion\
s for this proje\
ction.\x07\x00\x00\x00\x10Sugge\
stionsPanel\x01\x03\x00\x00\x00\
\x1e\x04\x1f\x04>\x04:\x040\x047\x040\x04B\x04\
L\x00 \x04<\x045\x04=\x04L\x04H\x045\x08\
\x00\x00\x00\x00\x06\x00\x00\x00\x09Show le\
ss\x07\x00\x00\x00\x10Suggestio\
nsPanel\x01\x03\x00\x00\x00\x1e\x04\x1f\x04\
>\x04:\x040\x047\x040\x04B\x04L\x00 \x04\
1\x04>\x04;\x04L\x04H\x045\x08\x00\x00\x00\x00\
\x06\x00\x00\x00\x09Show more\x07\x00\
\x00\x00\x10SuggestionsPa\
nel\x01\x03\x00\x00\x00\x18\x04 \x045\x04:\x04\
>\x04<\x045\x04=\x044\x040\x04F\x048\x04\
8\x08\x00\x00\x00\x00\x06\x00\x00\x00\x0bSugge\
stions\x07\x00\x00\x00\x10Sugge\
stionsPanel\x01\x03\x00\x00\x00\
,\x04\x1f\x04>\x04?\x04@\x04>\x041\x04>\x04\
2\x040\x04B\x04L\x00 \x042\x00 \x04A\x04\
F\x045\x04=\x040\x04@\x048\x048\x08\x00\x00\
\x00\x00\x06\x00\x00\x00\x0fTry in sc\
enario\x07\x00\x00\x00\x10Sugge\
stionsPanel\x01\x03\x00\x00\x00\
4\x04\x1f\x04>\x04?\x04@\x04>\x041\x04>\x04\
2\x040\x04B\x04L\x00 \x042\x00 \x04A\x04\
F\x045\x04=\x040\x04@\x048\x048\x00:\x00\
 \x00%\x001\x08\x00\x00\x00\x00\x06\x00\x00\x00\x13T\
ry in scenario: \
%1\x07\x00\x00\x00\x10Suggestio\
nsPanel\x01\x03\x00\x00\x00\x1a\x04(\x04\
0\x041\x04;\x04>\x04=\x00 \x00%\x001\x00\
:\x00 \x00%\x002\x08\x00\x00\x00\x00\x06\x00\x00\x00\
\x0f%1 template: %2\
\x07\x00\x00\x00\x14TemplatePic\
kerDialog\x01\x03\x00\x00\x00\x0a\x04\
\x1d\x040\x047\x040\x044\x08\x00\x00\x00\x00\x06\x00\
\x00\x00\x04Back\x07\x00\x00\x00\x14Temp\
latePickerDialog\
\x01\x03\x00\x00\x00\x0c\x04\x1e\x04B\x04<\x045\x04=\
\x040\x08\x00\x00\x00\x00\x06\x00\x00\x00\x06Canc\
el\x07\x00\x00\x00\x14TemplateP\
ickerDialog\x01\x03\x00\x00\x00\
\x1e\x04\x12\x04K\x041\x045\x04@\x048\x04B\x04\
5\x00 \x04H\x040\x041\x04;\x04>\x04=\x08\
\x00\x00\x00\x00\x06\x00\x00\x00\x11Choose \
a template\x07\x00\x00\x00\x14T\
emplatePickerDia\
log\x01\x03\x00\x00\x00\x0e\x04!\x04>\x047\x04\
4\x040\x04B\x04L\x08\x00\x00\x00\x00\x06\x00\x00\x00\
\x06Create\x07\x00\x00\x00\x14Temp\
latePickerDialog\
\x01\x03\x00\x00\x00\x22\x04\x1d\x040\x047\x042\x040\
\x04=\x048\x045\x00 \x04?\x04@\x04>\x043\
\x04=\x04>\x047\x040\x08\x00\x00\x00\x00\x06\x00\x00\
\x00\x0dForecast name\x07\
\x00\x00\x00\x14TemplatePick\
erDialog\x01\x03\x00\x00\x00\x1e\x04\x1c\
\x04>\x049\x00 \x041\x04N\x044\x046\x045\
\x04B\x00 \x002\x000\x002\x006\x08\x00\x00\x00\
\x00\x06\x00\x00\x00\x0eMy budget \
2026\x07\x00\x00\x00\x14Templat\
ePickerDialog\x01\x03\x00\
\x00\x00 \x04\x1d\x040\x047\x04>\x042\x048\x04\
B\x045\x00 \x04?\x04@\x04>\x043\x04=\x04\
>\x047\x08\x00\x00\x00\x00\x06\x00\x00\x00\x12Nam\
e your forecast\x07\
\x00\x00\x00\x14TemplatePick\
erDialog\x01\x03\x00\x00\x00\xbc\x04\x1d\
\x040\x04G\x04=\x048\x04B\x045\x00 \x04A\
\x00 \x043\x04>\x04B\x04>\x042\x04>\x043\
\x04>\x00 \x04H\x040\x041\x04;\x04>\x04=\
\x040\x00 \x044\x045\x04=\x045\x046\x04=\
\x04K\x04E\x00 \x04?\x04>\x04B\x04>\x04:\
\x04>\x042\x00.\x00 \x04\x1f\x04>\x04A\x04;\
\x045\x00 \x04A\x04>\x047\x044\x040\x04=\
\x048\x04O\x00 \x042\x04K\x00 \x04A\x04<\
\x04>\x046\x045\x04B\x045\x00 \x048\x047\
\x04<\x045\x04=\x048\x04B\x04L\x00 \x04:\
\x040\x046\x044\x04C\x04N\x00 \x04A\x04B\
\x04@\x04>\x04:\x04C\x00.\x08\x00\x00\x00\x00\x06\
\x00\x00\x00WStart from a\
 pre-built cash-\
flow template. Y\
ou can edit ever\
y line item afte\
r creation.\x07\x00\x00\x00\x14\
TemplatePickerDi\
alog\x01\x03\x00\x00\x00\x14\x04(\x040\x041\
\x04;\x04>\x04=\x00:\x00 \x00%\x001\x08\x00\
\x00\x00\x00\x06\x00\x00\x00\x0cTemplate\
: %1\x07\x00\x00\x00\x14Templat\
ePickerDialog\x01\x03\x00\
\x00\x00&\x04\x18\x04A\x04?\x04>\x04;\x04L\x04\
7\x04>\x042\x040\x04B\x04L\x00 \x04H\x04\
0\x041\x04;\x04>\x04=\x08\x00\x00\x00\x00\x06\x00\
\x00\x00\x0cUse template\x07\
\x00\x00\x00\x14TemplatePick\
erDialog\x01\x03\x00\x00\x00&\x04\x1e\
\x00 \x00C\x00a\x00s\x00h\x00 \x00F\x00l\
\x00o\x00w\x00 \x00P\x00l\x00a\x00n\x00n\
\x00e\x00r\x08\x00\x00\x00\x00\x06\x00\x00\x00\x17Ab\
out Cash Flow Pl\
anner\x07\x00\x00\x00\x0aUserMa\
nual\x01\x03\x00\x00\x00:\x04\x14\x04>\x041\
\x040\x042\x04;\x045\x04=\x048\x045\x00 \
\x044\x04>\x04E\x04>\x044\x04>\x042\x00 \
\x048\x00 \x04@\x040\x04A\x04E\x04>\x044\
\x04>\x042\x08\x00\x00\x00\x00\x06\x00\x00\x00\x17Ad\
d income and exp\
enses\x07\x00\x00\x00\x0aUserMa\
nual\x01\x03\x00\x00\x00\x1a\x04\x13\x04@\x040\
\x04D\x048\x04:\x00 \x04A\x040\x04;\x04L\
\x044\x04>\x08\x00\x00\x00\x00\x06\x00\x00\x00\x0dBa\
lance chart\x07\x00\x00\x00\x0a\
UserManual\x01\x03\x00\x00\x00r\
\x04!\x04>\x047\x044\x040\x049\x04B\x045\
\x00 \x04?\x04@\x04>\x043\x04=\x04>\x047\
\x00 \x04A\x00 \x04=\x04C\x04;\x04O\x00 \
\x048\x04;\x048\x00 \x04=\x040\x04G\x04=\
\x048\x04B\x045\x00 \x04A\x00 \x042\x04A\
\x04B\x04@\x04>\x045\x04=\x04=\x04>\x043\
\x04>\x00 \x04H\x040\x041\x04;\x04>\x04=\
\x040\x08\x00\x00\x00\x00\x06\x00\x00\x00>Buil\
d a forecast fro\
m scratch or sta\
rt from a bundle\
d template\x07\x00\x00\x00\x0aU\
serManual\x01\x03\x00\x00\x00\x22\x00\
C\x00a\x00s\x00h\x00 \x00F\x00l\x00o\x00\
w\x00 \x00P\x00l\x00a\x00n\x00n\x00e\x00\
r\x08\x00\x00\x00\x00\x06\x00\x00\x00\x11Cash \
Flow Planner\x07\x00\x00\x00\
\x0aUserManual\x01\x03\x00\x00\x00\
\x1e\x04\x14\x045\x04=\x045\x046\x04=\x04K\x04\
5\x00 \x04?\x04>\x04B\x04>\x04:\x048\x08\
\x00\x00\x00\x00\x06\x00\x00\x00\x0aCash fl\
ows\x07\x00\x00\x00\x0aUserManu\
al\x01\x03\x00\x00\x00\xaa\x04\x12\x04:\x04;\x040\
\x044\x04:\x040\x00 \x00\xab\x04\x14\x045\x04=\
\x045\x046\x04=\x04K\x045\x00 \x04?\x04>\
\x04B\x04>\x04:\x048\x00\xbb\x00  \x14\x00 \
\x044\x04>\x041\x040\x042\x04;\x045\x04=\
\x048\x045\x00,\x00 \x04@\x045\x044\x040\
\x04:\x04B\x048\x04@\x04>\x042\x040\x04=\
\x048\x045\x00,\x00 \x048\x04<\x04?\x04>\
\x04@\x04B\x00 \x048\x00 \x04C\x04?\x04>\
\x04@\x04O\x044\x04>\x04G\x048\x042\x040\
\x04=\x048\x045\x00 \x04A\x04B\x04@\x04>\
\x04:\x08\x00\x00\x00\x00\x06\x00\x00\x00=Cash\
 flows tab \xe2\x80\x94 a\
dd, edit, import\
, and organize l\
ine items\x07\x00\x00\x00\x0aUs\
erManual\x01\x03\x00\x00\x00B\x04\x1f\
\x04@\x045\x044\x04C\x04?\x04@\x045\x046\
\x044\x045\x04=\x048\x045\x00 \x04>\x00 \
\x04=\x045\x04E\x042\x040\x04B\x04:\x045\
\x00 \x04A\x04@\x045\x044\x04A\x04B\x042\
\x08\x00\x00\x00\x00\x06\x00\x00\x00\x14Cash s\
hortfall alert\x07\x00\
\x00\x00\x0aUserManual\x01\x03\x00\
\x00\x008\x04 \x040\x04A\x04?\x04@\x04>\x04\
A\x04B\x04@\x040\x04=\x04Q\x04=\x04=\x04\
K\x045\x00 \x04H\x040\x041\x04;\x04>\x04\
=\x04K\x00 \x044\x040\x04B\x08\x00\x00\x00\x00\
\x06\x00\x00\x00\x14Common date\
 patterns\x07\x00\x00\x00\x0aUs\
erManual\x01\x03\x00\x00\x00:\x04!\
\x04@\x040\x042\x04=\x045\x04=\x048\x045\
\x00 \x04A\x00 \x041\x040\x047\x04>\x042\
\x04K\x04<\x00 \x042\x040\x04@\x048\x040\
\x04=\x04B\x04>\x04<\x08\x00\x00\x00\x00\x06\x00\x00\
\x00\x15Compare with b\
aseline\x07\x00\x00\x00\x0aUser\
Manual\x01\x03\x00\x00\x00\x22\x04!\x04>\
\x047\x044\x040\x04=\x048\x045\x00 \x04?\
\x04@\x04>\x043\x04=\x04>\x047\x040\x08\x00\
\x00\x00\x00\x06\x00\x00\x00\x11Create a\
 forecast\x07\x00\x00\x00\x0aUs\
erManual\x01\x03\x00\x00\x002\x04(\
\x04?\x040\x04@\x043\x040\x04;\x04:\x040\
\x00 \x04?\x04>\x00 \x04H\x040\x041\x04;\
\x04>\x04=\x040\x04<\x00 \x044\x040\x04B\
\x08\x00\x00\x00\x00\x06\x00\x00\x00\x18Date p\
attern cheat she\
et\x07\x00\x00\x00\x0aUserManua\
l\x01\x03\x00\x00\x00\x16\x04(\x040\x041\x04;\x04\
>\x04=\x04K\x00 \x044\x040\x04B\x08\x00\x00\
\x00\x00\x06\x00\x00\x00\x0dDate patt\
erns\x07\x00\x00\x00\x0aUserMan\
ual\x01\x03\x00\x00\x002\x04 \x045\x044\x04\
0\x04:\x04B\x048\x04@\x04>\x042\x040\x04\
=\x048\x045\x00 \x048\x00 \x04C\x044\x04\
0\x04;\x045\x04=\x048\x045\x08\x00\x00\x00\x00\
\x06\x00\x00\x00\x0fEdit and de\
lete\x07\x00\x00\x00\x0aUserMan\
ual\x01\x03\x00\x00\x002\x04\x12\x04:\x04;\x04\
N\x04G\x045\x04=\x048\x045\x00 \x04?\x04\
5\x04@\x045\x04>\x04?\x04@\x045\x044\x04\
5\x04;\x045\x04=\x048\x049\x08\x00\x00\x00\x00\
\x06\x00\x00\x00\x10Enable over\
rides\x07\x00\x00\x00\x0aUserMa\
nual\x01\x03\x00\x00\x00.\x04\x1a\x040\x046\
\x044\x04K\x049\x00 \x044\x045\x04=\x04L\
\x00 \x00(\x045\x046\x045\x044\x04=\x045\
\x042\x04=\x04>\x00)\x08\x00\x00\x00\x00\x06\x00\x00\
\x00\x11Every day (dai\
ly)\x07\x00\x00\x00\x0aUserManu\
al\x01\x03\x00\x00\x00\x16\x04\x1a\x04C\x04@\x04A\
\x04K\x00 \x042\x040\x04;\x04N\x04B\x08\x00\
\x00\x00\x00\x06\x00\x00\x00\x0eExchange\
 rates\x07\x00\x00\x00\x0aUserM\
anual\x01\x03\x00\x00\x00\x88\x04\x14\x045\x04\
=\x045\x046\x04=\x04K\x045\x00 \x04?\x04\
>\x04B\x04>\x04:\x048\x00 \x04@\x040\x04\
A\x04E\x04>\x044\x04>\x042\x00 \x04C\x04\
<\x045\x04=\x04L\x04H\x040\x04N\x04B\x00\
 \x042\x040\x04H\x00 \x041\x040\x04;\x04\
0\x04=\x04A\x00 \x042\x00 \x047\x040\x04\
?\x04;\x040\x04=\x048\x04@\x04>\x042\x04\
0\x04=\x04=\x04K\x045\x00 \x044\x040\x04\
B\x04K\x08\x00\x00\x00\x00\x06\x00\x00\x00;Exp\
ense cash flows \
decrease your ba\
lance on schedul\
ed dates\x07\x00\x00\x00\x0aUse\
rManual\x01\x03\x00\x00\x00\x82\x04\x18\x04\
A\x04A\x04;\x045\x044\x04C\x049\x04B\x04\
5\x00 \x04A\x04F\x045\x04=\x040\x04@\x04\
8\x048\x00,\x00 \x04=\x045\x00 \x04?\x04\
5\x04@\x045\x047\x040\x04?\x048\x04A\x04\
K\x042\x040\x04O\x00 \x04A\x04>\x04E\x04\
@\x040\x04=\x04Q\x04=\x04=\x04K\x045\x00\
 \x044\x045\x04=\x045\x046\x04=\x04K\x04\
5\x00 \x04?\x04>\x04B\x04>\x04:\x048\x08\
\x00\x00\x00\x00\x06\x00\x00\x006Explore\
 scenarios witho\
ut overwriting s\
aved cash flows\x07\
\x00\x00\x00\x0aUserManual\x01\x03\
\x00\x00\x006\x04-\x04:\x04A\x04?\x04>\x04@\
\x04B\x00 \x048\x04A\x04?\x04>\x04;\x04=\
\x048\x04B\x045\x04;\x04L\x04=\x04>\x043\
\x04>\x00 \x00P\x00D\x00F\x08\x00\x00\x00\x00\x06\
\x00\x00\x00\x14Export execu\
tive PDF\x07\x00\x00\x00\x0aUse\
rManual\x01\x03\x00\x00\x00\x1a\x04\x1f\x04\
5\x04@\x042\x04K\x049\x00 \x047\x040\x04\
?\x04C\x04A\x04:\x08\x00\x00\x00\x00\x06\x00\x00\x00\
\x0cFirst launch\x07\x00\x00\
\x00\x0aUserManual\x01\x03\x00\x00\
\x00\x88\x04!\x04B\x04@\x040\x04=\x048\x04F\
\x040\x00 \x00\xab\x04\x1f\x04@\x04>\x043\x04=\
\x04>\x047\x04K\x00\xbb\x00  \x14\x00 \x04A\
\x04>\x047\x044\x040\x04=\x048\x045\x00,\
\x00 \x048\x04<\x04?\x04>\x04@\x04B\x00,\
\x00 \x04M\x04:\x04A\x04?\x04>\x04@\x04B\
\x00 \x048\x00 \x04>\x04B\x04:\x04@\x04K\
\x04B\x048\x045\x00 \x04?\x04@\x04>\x043\
\x04=\x04>\x047\x04>\x042\x08\x00\x00\x00\x00\x06\
\x00\x00\x00=Forecasts pa\
ge \xe2\x80\x94 create, i\
mport, export, a\
nd open forecast\
s\x07\x00\x00\x00\x0aUserManual\
\x01\x03\x00\x00\x00\x1a\x04\x1d\x040\x04G\x040\x04;\
\x04>\x00 \x04@\x040\x041\x04>\x04B\x04K\
\x08\x00\x00\x00\x00\x06\x00\x00\x00\x0fGettin\
g started\x07\x00\x00\x00\x0aUs\
erManual\x01\x03\x00\x00\x00 \x04\x18\
\x04<\x04?\x04>\x04@\x04B\x00 \x048\x00 \
\x04M\x04:\x04A\x04?\x04>\x04@\x04B\x08\x00\
\x00\x00\x00\x06\x00\x00\x00\x0fImport &\
 export\x07\x00\x00\x00\x0aUser\
Manual\x01\x03\x00\x00\x00 \x04\x18\x04<\
\x04?\x04>\x04@\x04B\x00 \x00C\x00S\x00V\
\x00/\x00E\x00x\x00c\x00e\x00l\x08\x00\x00\x00\
\x00\x06\x00\x00\x00\x10Import CSV\
/Excel\x07\x00\x00\x00\x0aUserM\
anual\x01\x03\x00\x00\x00\x8a\x04\x14\x045\x04\
=\x045\x046\x04=\x04K\x045\x00 \x04?\x04\
>\x04B\x04>\x04:\x048\x00 \x044\x04>\x04\
E\x04>\x044\x04>\x042\x00 \x04C\x042\x04\
5\x04;\x048\x04G\x048\x042\x040\x04N\x04\
B\x00 \x042\x040\x04H\x00 \x041\x040\x04\
;\x040\x04=\x04A\x00 \x042\x00 \x047\x04\
0\x04?\x04;\x040\x04=\x048\x04@\x04>\x04\
2\x040\x04=\x04=\x04K\x045\x00 \x044\x04\
0\x04B\x04K\x08\x00\x00\x00\x00\x06\x00\x00\x00:I\
ncome cash flows\
 increase your b\
alance on schedu\
led dates\x07\x00\x00\x00\x0aUs\
erManual\x01\x03\x00\x00\x00\xa2\x04\x1f\
\x04@\x045\x044\x04?\x04>\x04G\x04B\x045\
\x04=\x048\x045\x00 \x04O\x047\x04K\x04:\
\x040\x00 \x04E\x04@\x040\x04=\x048\x04B\
\x04A\x04O\x00 \x04;\x04>\x04:\x040\x04;\
\x04L\x04=\x04>\x00 \x042\x00 \x04=\x040\
\x04A\x04B\x04@\x04>\x049\x04:\x040\x04E\
\x00 \x04?\x04@\x048\x04;\x04>\x046\x045\
\x04=\x048\x04O\x00 \x04=\x040\x00 \x042\
\x040\x04H\x045\x04<\x00 \x04C\x04A\x04B\
\x04@\x04>\x049\x04A\x04B\x042\x045\x00.\
\x08\x00\x00\x00\x00\x06\x00\x00\x00MLangua\
ge preference is\
 stored locally \
in application s\
ettings on your \
device.\x07\x00\x00\x00\x0aUser\
Manual\x01\x03\x00\x00\x00\x16\x04\x1c\x045\
\x04B\x04>\x044\x04>\x04;\x04>\x043\x048\
\x04O\x08\x00\x00\x00\x00\x06\x00\x00\x00\x0bMeth\
odology\x07\x00\x00\x00\x0aUser\
Manual\x01\x03\x00\x00\x00\xaa\x04\x1c\x04>\
\x044\x045\x04;\x048\x04@\x04C\x049\x04B\
\x045\x00 \x04?\x04>\x042\x04B\x04>\x04@\
\x04O\x04N\x04I\x048\x045\x04A\x04O\x00 \
\x048\x00 \x04@\x040\x047\x04>\x042\x04K\
\x045\x00 \x044\x045\x04=\x045\x046\x04=\
\x04K\x045\x00 \x04?\x04>\x04B\x04>\x04:\
\x048\x00 \x04A\x00 \x04?\x04>\x04<\x04>\
\x04I\x04L\x04N\x00 \x04:\x04>\x04<\x04?\
\x040\x04:\x04B\x04=\x04K\x04E\x00 \x04H\
\x040\x041\x04;\x04>\x04=\x04>\x042\x00 \
\x044\x040\x04B\x08\x00\x00\x00\x00\x06\x00\x00\x00B\
Model recurring \
and one-time cas\
h flows with com\
pact date patter\
ns\x07\x00\x00\x00\x0aUserManua\
l\x01\x03\x00\x00\x00,\x04\x15\x046\x045\x04<\x04\
5\x04A\x04O\x04G\x04=\x04>\x00 \x001\x00\
0\x00-\x043\x04>\x00 \x04G\x048\x04A\x04\
;\x040\x08\x00\x00\x00\x00\x06\x00\x00\x00\x13Mon\
thly on the 10th\
\x07\x00\x00\x00\x0aUserManual\x01\
\x03\x00\x00\x00(\x04 \x040\x047\x04>\x042\x04\
>\x00 \x001\x005\x00 \x04<\x040\x04@\x04\
B\x040\x00 \x002\x000\x002\x006\x08\x00\x00\
\x00\x00\x06\x00\x00\x00\x19One-time \
on 15 March 2026\
\x07\x00\x00\x00\x0aUserManual\x01\
\x03\x00\x00\x00\x82\x04\x12\x04:\x04;\x040\x044\x04\
:\x040\x00 \x00\xab\x04\x1f\x04@\x04>\x045\x04\
:\x04F\x048\x04O\x00\xbb\x00  \x14\x00 \x04\
3\x04>\x04@\x048\x047\x04>\x04=\x04B\x00\
,\x00 \x047\x040\x04?\x04C\x04A\x04:\x00\
 \x04?\x04@\x04>\x043\x04=\x04>\x047\x04\
0\x00,\x00 \x04A\x04F\x045\x04=\x040\x04\
@\x048\x048\x00,\x00 \x04M\x04:\x04A\x04\
?\x04>\x04@\x04B\x08\x00\x00\x00\x00\x06\x00\x00\x00\
@Projection tab \
\xe2\x80\x94 set horizon,\
 run forecast, s\
cenarios, export\
s\x07\x00\x00\x00\x0aUserManual\
\x01\x03\x00\x00\x00$\x04\x1a\x04@\x040\x04B\x04:\
\x048\x049\x00 \x04A\x04?\x04@\x040\x042\
\x04>\x04G\x04=\x048\x04:\x08\x00\x00\x00\x00\x06\
\x00\x00\x00\x0fQuick refere\
nce\x07\x00\x00\x00\x0aUserManu\
al\x01\x03\x00\x00\x00.\x04'\x04B\x045\x04=\
\x048\x045\x00 \x04<\x045\x04A\x04O\x04G\
\x04=\x04>\x049\x00 \x04B\x040\x041\x04;\
\x048\x04F\x04K\x08\x00\x00\x00\x00\x06\x00\x00\x00\x16\
Read the monthly\
 table\x07\x00\x00\x00\x0aUserM\
anual\x01\x03\x00\x00\x00\xa4\x04\x17\x040\x04\
?\x04C\x04A\x04:\x040\x049\x04B\x045\x00\
 \x04?\x04@\x04>\x045\x04:\x04F\x048\x04\
8\x00 \x048\x00 \x042\x04K\x04O\x042\x04\
;\x04O\x049\x04B\x045\x00 \x04?\x045\x04\
@\x042\x04C\x04N\x00 \x04=\x045\x04E\x04\
2\x040\x04B\x04:\x04C\x00 \x04A\x04@\x04\
5\x044\x04A\x04B\x042\x00 \x044\x04>\x00\
 \x04B\x04>\x043\x04>\x00,\x00 \x04:\x04\
0\x04:\x00 \x04>\x04=\x040\x00 \x042\x04\
>\x047\x04=\x048\x04:\x04=\x045\x04B\x08\
\x00\x00\x00\x00\x06\x00\x00\x00CRun pro\
jections and spo\
t the first cash\
 shortfall befor\
e it happens\x07\x00\x00\x00\
\x0aUserManual\x01\x03\x00\x00\x00\
\x1e\x04\x17\x040\x04?\x04C\x04A\x04:\x00 \x04\
?\x04@\x04>\x045\x04:\x04F\x048\x048\x08\
\x00\x00\x00\x00\x06\x00\x00\x00\x14Running\
 a projection\x07\x00\x00\
\x00\x0aUserManual\x01\x03\x00\x00\
\x00N\x04#\x04A\x04B\x040\x04=\x04>\x042\
\x04:\x040\x00 \x043\x04>\x04@\x048\x047\
\x04>\x04=\x04B\x040\x00 \x048\x00 \x04=\
\x040\x04G\x040\x04;\x04L\x04=\x04>\x043\
\x04>\x00 \x04A\x040\x04;\x04L\x044\x04>\
\x08\x00\x00\x00\x00\x06\x00\x00\x00\x1fSet ho\
rizon and openin\
g balance\x07\x00\x00\x00\x0aUs\
erManual\x01\x03\x00\x00\x000\x04\x1d\
\x040\x04A\x04B\x04@\x04>\x049\x04:\x048\
\x00 \x048\x00 \x04?\x04@\x045\x044\x04?\
\x04>\x04G\x04B\x045\x04=\x048\x04O\x08\x00\
\x00\x00\x00\x06\x00\x00\x00\x16Settings\
 & preferences\x07\x00\
\x00\x00\x0aUserManual\x01\x03\x00\
\x00\x00\x98\x00\xab\x04\x1d\x040\x04A\x04B\x04@\x04\
>\x049\x04:\x048\x00\xbb\x00  \x14\x00 \x04\
B\x045\x04<\x040\x00,\x00 \x04O\x047\x04\
K\x04:\x00,\x00 \x04:\x04C\x04@\x04A\x04\
K\x00 \x042\x040\x04;\x04N\x04B\x00,\x00\
 \x04<\x045\x04B\x04>\x044\x04>\x04;\x04\
>\x043\x048\x04O\x00,\x00 \x04@\x04C\x04\
:\x04>\x042\x04>\x044\x04A\x04B\x042\x04\
>\x00 \x04?\x04>\x04;\x04L\x047\x04>\x04\
2\x040\x04B\x045\x04;\x04O\x08\x00\x00\x00\x00\
\x06\x00\x00\x00FSettings \xe2\x80\
\x94 theme, languag\
e, exchange rate\
s, methodology, \
user manual\x07\x00\x00\x00\x0a\
UserManual\x01\x03\x00\x00\x00*\
\x04\x1e\x041\x04<\x045\x04=\x00 \x04D\x040\
\x049\x04;\x040\x04<\x048\x00 \x00.\x00f\
\x00t\x00p\x00l\x00a\x00n\x08\x00\x00\x00\x00\x06\
\x00\x00\x00\x13Share .ftpla\
n files\x07\x00\x00\x00\x0aUser\
Manual\x01\x03\x00\x00\x00 \x04\x1d\x040\
\x04G\x040\x04B\x04L\x00 \x04A\x00 \x04H\
\x040\x041\x04;\x04>\x04=\x040\x08\x00\x00\x00\
\x00\x06\x00\x00\x00\x15Start from\
 a template\x07\x00\x00\x00\x0a\
UserManual\x01\x03\x00\x00\x00\x16\
\x04\x22\x045\x04<\x040\x00 \x048\x00 \x04O\
\x047\x04K\x04:\x08\x00\x00\x00\x00\x06\x00\x00\x00\x12\
Theme and langua\
ge\x07\x00\x00\x00\x0aUserManua\
l\x01\x03\x00\x00\x002\x04!\x04>\x042\x045\x04\
B\x04K\x00 \x048\x00 \x04A\x04>\x04G\x04\
5\x04B\x040\x04=\x048\x04O\x00 \x04:\x04\
;\x040\x042\x048\x04H\x08\x00\x00\x00\x00\x06\x00\
\x00\x00\x12Tips and shor\
tcuts\x07\x00\x00\x00\x0aUserMa\
nual\x01\x03\x00\x00\x00\xac\x04\x18\x04A\x04?\
\x04>\x04;\x04L\x047\x04C\x049\x04B\x045\
\x00 \x00\xab\x04\x18\x04<\x04?\x04>\x04@\x04B\
\x00\xbb\x00 \x04=\x040\x00 \x04A\x04B\x04@\
\x040\x04=\x048\x04F\x045\x00 \x00\xab\x04\x14\
\x045\x04=\x045\x046\x04=\x04K\x045\x00 \
\x04?\x04>\x04B\x04>\x04:\x048\x00\xbb\x00 \
\x044\x04;\x04O\x00 \x047\x040\x043\x04@\
\x04C\x047\x04:\x048\x00 \x04A\x04B\x04@\
\x04>\x04:\x00 \x048\x047\x00 \x00C\x00S\
\x00V\x00 \x048\x04;\x048\x00 \x00E\x00x\
\x00c\x00e\x00l\x08\x00\x00\x00\x00\x06\x00\x00\x00@\
Use Import on th\
e Cash flows pag\
e to load rows f\
rom CSV or Excel\
\x07\x00\x00\x00\x0aUserManual\x01\
\x03\x00\x00\x000\x04 \x04C\x04:\x04>\x042\x04\
>\x044\x04A\x04B\x042\x04>\x00 \x04?\x04\
>\x04;\x04L\x047\x04>\x042\x040\x04B\x04\
5\x04;\x04O\x08\x00\x00\x00\x00\x06\x00\x00\x00\x0bU\
ser Manual\x07\x00\x00\x00\x0aU\
serManual\x01\x03\x00\x00\x00 \x04\
\x14\x04>\x041\x04@\x04>\x00 \x04?\x04>\x04\
6\x040\x04;\x04>\x042\x040\x04B\x04L\x08\
\x00\x00\x00\x00\x06\x00\x00\x00\x07Welcome\
\x07\x00\x00\x00\x0aUserManual\x01\
\x03\x00\x00\x00\x10\x04!\x04F\x045\x04=\x040\x04\
@\x048\x048\x08\x00\x00\x00\x00\x06\x00\x00\x00\x11W\
hat-if scenarios\
\x07\x00\x00\x00\x0aUserManual\x01\
\x03\x00\x00\x00L\x04\x14\x04;\x04O\x00 \x04:\x04\
>\x043\x04>\x00 \x04?\x04@\x045\x044\x04\
=\x040\x047\x04=\x040\x04G\x045\x04=\x04\
>\x00 \x04M\x04B\x04>\x00 \x04@\x04C\x04\
:\x04>\x042\x04>\x044\x04A\x04B\x042\x04\
>\x08\x00\x00\x00\x00\x06\x00\x00\x00\x16Who t\
his manual is fo\
r\x07\x00\x00\x00\x0aUserManual\
\x01\x03\x00\x00\x00\x22\x04\x15\x046\x045\x043\x04>\
\x044\x04=\x04>\x00 \x001\x005\x00 \x04<\
\x040\x04@\x04B\x040\x08\x00\x00\x00\x00\x06\x00\x00\
\x00\x12Yearly on 15 M\
arch\x07\x00\x00\x00\x0aUserMan\
ual\x01\x03\x00\x00\x00$\x04\x1f\x04@\x048\x04\
<\x045\x04=\x048\x04B\x04L\x00 \x04A\x04\
F\x045\x04=\x040\x04@\x048\x049\x08\x00\x00\
\x00\x00\x06\x00\x00\x00\x0eApply sce\
nario\x07\x00\x00\x00\x0bWhatIf\
Panel\x01\x03\x00\x00\x00$\x04!\x041\x04\
@\x04>\x04A\x048\x04B\x04L\x00 \x048\x04\
7\x04<\x045\x04=\x045\x04=\x048\x04O\x08\
\x00\x00\x00\x00\x06\x00\x00\x00\x0fClear o\
verrides\x07\x00\x00\x00\x0bWha\
tIfPanel\x01\x03\x00\x00\x00\x10\x04!\
\x042\x045\x04@\x04=\x04C\x04B\x04L\x08\x00\
\x00\x00\x00\x06\x00\x00\x00\x08Collapse\
\x07\x00\x00\x00\x0bWhatIfPanel\
\x01\x03\x00\x00\x000\x04!\x042\x045\x04@\x04=\
\x04C\x04B\x04L\x00 \x04?\x040\x04=\x045\
\x04;\x04L\x00 \x04A\x04F\x045\x04=\x040\
\x04@\x048\x04O\x08\x00\x00\x00\x00\x06\x00\x00\x00\x17\
Collapse scenari\
o panel\x07\x00\x00\x00\x0bWhat\
IfPanel\x01\x03\x00\x00\x004\x04 \x04\
0\x047\x042\x045\x04@\x04=\x04C\x04B\x04\
L\x00 \x04?\x040\x04=\x045\x04;\x04L\x00\
 \x04A\x04F\x045\x04=\x040\x04@\x048\x04\
O\x08\x00\x00\x00\x00\x06\x00\x00\x00\x15Expan\
d scenario panel\
\x07\x00\x00\x00\x0bWhatIfPanel\
\x01\x03\x00\x00\x00J\x04\x12\x00 \x04M\x04B\x04>\
\x04<\x00 \x04?\x04@\x04>\x043\x04=\x04>\
\x047\x045\x00 \x04=\x045\x04B\x00 \x044\
\x045\x04=\x045\x046\x04=\x04K\x04E\x00 \
\x04?\x04>\x04B\x04>\x04:\x04>\x042\x00.\
\x08\x00\x00\x00\x00\x06\x00\x00\x00\x1fNo cas\
h flows in this \
forecast.\x07\x00\x00\x00\x0bWh\
atIfPanel\x01\x03\x00\x00\x00\xb2\x04\
\x12\x04@\x045\x04<\x045\x04=\x04=\x04>\x00\
 \x048\x047\x04<\x045\x04=\x048\x04B\x04\
5\x00 \x04A\x04C\x04<\x04<\x04K\x00 \x04\
8\x04;\x048\x00 \x040\x04:\x04B\x048\x04\
2\x04=\x04>\x04A\x04B\x04L\x00 \x044\x04\
5\x04=\x045\x046\x04=\x04K\x04E\x00 \x04\
?\x04>\x04B\x04>\x04:\x04>\x042\x00 \x04\
1\x045\x047\x00 \x048\x047\x04<\x045\x04\
=\x045\x04=\x048\x04O\x00 \x04A\x04>\x04\
E\x04@\x040\x04=\x04Q\x04=\x04=\x04K\x04\
E\x00 \x044\x040\x04=\x04=\x04K\x04E\x00\
.\x08\x00\x00\x00\x00\x06\x00\x00\x00SOverr\
ide cash flow am\
ounts or active \
state temporaril\
y without changi\
ng saved data.\x07\x00\
\x00\x00\x0bWhatIfPanel\x01\x03\
\x00\x00\x00\x10\x04!\x04F\x045\x04=\x040\x04@\
\x048\x049\x08\x00\x00\x00\x00\x06\x00\x00\x00\x08Sc\
enario\x07\x00\x00\x00\x0bWhatI\
fPanel\x01\x03\x00\x00\x004\x04\x10\x04:\
\x04B\x048\x042\x04=\x04>\x04A\x04B\x04L\
\x00 \x04A\x04F\x045\x04=\x040\x04@\x048\
\x04O\x00 \x044\x04;\x04O\x00 \x00%\x001\
\x08\x00\x00\x00\x00\x06\x00\x00\x00\x1cScenar\
io active state \
for %1\x07\x00\x00\x00\x0bWhatI\
fPanel\x01\x03\x00\x00\x00*\x04!\x04C\
\x04<\x04<\x040\x00 \x04A\x04F\x045\x04=\
\x040\x04@\x048\x04O\x00 \x044\x04;\x04O\
\x00 \x00%\x001\x08\x00\x00\x00\x00\x06\x00\x00\x00\x16\
Scenario amount \
for %1\x07\x00\x00\x00\x0bWhatI\
fPanel\x01\x03\x00\x00\x00\x10\x048\x047\
\x04<\x045\x04=\x045\x04=\x04>\x08\x00\x00\x00\
\x00\x06\x00\x00\x00\x0aoverridden\
\x07\x00\x00\x00\x0bWhatIfPanel\
\x01\x03\x00\x00\x00\x22\x00C\x00a\x00s\x00h\x00 \
\x00F\x00l\x00o\x00w\x00 \x00P\x00l\x00a\
\x00n\x00n\x00e\x00r\x08\x00\x00\x00\x00\x06\x00\x00\
\x00\x11Cash Flow Plan\
ner\x07\x00\x00\x00\x04main\x01\x03\x00\x00\
\x00\x1c\x04\x17\x040\x04:\x04@\x04K\x04B\x04L\
\x00 \x04>\x04H\x048\x041\x04:\x04C\x08\x00\
\x00\x00\x00\x06\x00\x00\x00\x0dDismiss \
error\x07\x00\x00\x00\x04main\x01\x03\
\x00\x00\x00\x10\x04\x1f\x04@\x04>\x043\x04=\x04>\
\x047\x04K\x08\x00\x00\x00\x00\x06\x00\x00\x00\x09Fo\
recasts\x07\x00\x00\x00\x04main\
\x01\x03\x00\x00\x00\x12\x04\x1d\x040\x04A\x04B\x04@\
\x04>\x049\x04:\x048\x08\x00\x00\x00\x00\x06\x00\x00\
\x00\x08Settings\x07\x00\x00\x00\x04m\
ain\x01\x03\x00\x00\x00\x0e\x04 \x040\x04A\x04\
E\x04>\x044\x04K\x08\x00\x00\x00\x00\x06\x00\x00\x00\
\x08Spending\x07\x00\x00\x00\x04ma\
in\x01\x88\x00\x00\x00\x0d\x11\x01\xfd)\x0b\xff\x14\x02\
\x04\xfd,\x0a\x13\
\x00\x00=T\
\x00\
\x00\xcd.x\xda\xbd}\x09\x9c\x1cU\x99\xf8\x9b\xfb\x9e\
\x09!\x84\x10B\xac\x04&\xe7\xcc\x90\x8b\x88\xe1\x9c\xcc\
$db\x8eaf\x12\x08\xfb\xc7X\xdd]3SI\
uUSU=3\x8d\x07A\x90KQ\xc2\x8d\xa0 \
 \x82\x5c\xae\x1c\xc2.,\xa0\x80+\xae\x8a\xe8\xa2\xb8\
\xea.\xd1]Y\x15Pw\x17wW\xc5\xff\xf7\xbe\xf7\
\xaa\xde\xab\xaaW\xdd\x93\xa0\xfb\xe3\x17\xaa\xbb\xa7\xde\xf7\
\xae\xef~\xdf\xf7\xbd\x93\x1f\xcb\xcdy\xe1\xcd[\xae\xfb\
\xe6\x82yO\xbd\xff\xb3O\xfe\xf8\xf3\x84\x90:\xc3\xde\
\xbdcx=!mW\xc1\x97\x07\x09\xd9\xb2\x91=?\
\xfa\x00!\x9b\x5cB\xa6\xe8\xf3\xcb\xf0\xfc\x11!\x9b\x1f\
\x22\xa4t/\xbc\xf3%B\xce?\x9c\x90\xc1\x0f\xc3s\
\x8a\x903\x9f\x80\xe7]\xf0\xfc;x~\x8f\x90\xe1\x8f\
\x10\xf2\x81jx^\x0e\xcf\x15\x84\x8c<\x0b\xcf\x9f\xb1\
\xe7E\x9f%d\xc7(!\x1f\x9c\x09\xcf;\xe1y:\
!\xbb\x9e&\xe4C-\x84\xfc\xe2ZB.y\x8eT\
u\xd5\x13\xf2\xf1\xaf\x90\x9a\x95\xd0v\xc5\x00{\xae_\
\xc0\x9e\x9f*\xb1\xe7\xbd\xf7\x93\xdaKo\x86>?\xc5\
\x9eSu\xecy\xd9\x8f\xd8\xf3\xae\x0c{>\xbc\x93\xd4\
\xde\xfd9B\xde\xf39\xf6\xbc\xe5zR\xfb\xe8\x06\x18\
[\x89\xd4\xber.\xcc\xe9\x0e\xf6\xfc\xc8ZR\xb7\xe9\
\x04\x18\xd37\xd8\xf33KI\xdd\x96\xff\x84\xef\xff\xcd\
\x9e\x9f8\x9c\xd4\xed\x84v\x17\xfd=\xa9\xbb\x0c\xe0\xac\
y\x80=/\xfe\x1d\xa9\xbb\xf19\xf8\xfe*{n\xb8\
\x95=o\xda\xc5\x9e\xb7\x9eC\xean\x82u\xba\xf5Z\
R\xf7\xb4AH\xff\x1e\xf6<\xe7\x93\xa4\xee\xf7\xb0N\
\x97\xdcL\x8e\xbe\xa5\x0e\xe6\xf5\x10{\xde\xf6:Y\xb2\
\x0a~?\xba\x9f=\xa7\xceg\xcf/\xbeD\x96<\x7f\
&!W<CV<\x7f!!\xcd'\x90\xdes\xae\
#\xe4\x8e9d\xd3\xe4{\x08\x19\xf8\x15\xd9\xbc\x16\xbe\
o\x98\xcf\x9e\xb7\x1cN6?\x03\xf0\xeaV\x92\xcd_\
\x855\xdfw\x02\xd9\xba\x16\xf6\xef#\xef'#\xc6\xdd\
\xb0\x1f\xefc\xcf\x8b\x8e!;\x1f\xf8\x0a\xb4\x7f\x88\xbc\
\xff\xb6\x9f\x132\xfb\x0ary\xdd\xc3\x84t<G\xee\
\xfa\xe1RX\xc7\xdf\x92\xa7\xbe\x7f*\xack\x07y\xe6\
\xc4\xf7\x11r|\x0fy\xb1\xf5\x0dBvv\x92\x97G\
V\xc2{;\xc9\xab\xff\xfd+B\xfev\x9c\xbc\xde\xd5\
\x09\xb8q\x1e\xf9\xe3\xe9_\x85q=[U\xf3\xda\xb7\
\x00\x8f\xce\xaa\x9a\xfb|\x0f!\x99g\xabV\xdc3B\
\xc8\xe9\x1dU\xeb\x9e\xee&d[}\x95\xfe\xd4$\x8c\
\xf7\xdbU\x997\xc7\x09\xc97\xb1\xe7\xe3\x1f\xa9\xda\xf3\
\x16\xcc\xf3\xa4\x1b\xaa\xfcglB\x96.\xab\xfa\xc4G\
MB.\xbd\xa8j\xbf\xf6\x0c!M\xd7W\xdd\xb9\x14\
\xe6\xd3\xb8\xbf\xea\xd5[\xfe\x9d\x90O/\xa9:\xf0\xc0\
\x1a\xc0\x97\x02{\xde\xf0\xa3\xaa\x03_\x02\x5c\xbb\xee\x9f\
\xaa\xde8y\x09!]\xffX\xf5\xd6\xe2;\x00\x8f\x1e\
\xa9\xfa\xc3&\x18\xcf\x19\xa7T\x1fsk/!\x7fg\
W\x1f\xdb\xf26!k\x1fc\xcf\xbeK\xd8sxM\
\xf5\xf2\x7f\x83\xe7yOV\x1f\xdf\x00\xed\xf6\xfdW\xf5\
\x8a\xa7=B\xb2\x1fc\xcf\xc7\xbeP\xbd\xfa\xf9~B\
\xee\x5cZ=\xd4\x05\xf3j\xfc]\xf5\xc8}\xf0\xfc\xcc\
W\xabG\x9eX@\xc8\x93\xff[m\xf7\x9cF\xc8\xea\
\xb6j\xffDh\xbf\xe9\xfd\xd5\xfb~|\x16!Gx\
\xd5\x17\x8e\x00\xce\x9f\xfd\x8d\xea\xdb\x9e\x86\xef\x1b\xce\xac\
~\xe1D\x18\xc7)?c\xcf\xdb\xbfW\xfd\xcd.\xd8\
\xc7\x85\x9d\xd5\xdf\xfb\xde\x9f\x08yh\xb0\xfa\xcd_\xec\
\x06\xfc:\xbd\xfa\x0f\xbf\x82uX\xfd\x91\xea?\xbd\xf1\
\x12!s~W\xd3\xde\xb1\x1a\xf0\xf6{5G~\xc6\
'\xe4\x81E5\xef\xc9\xc2\xbc\xceZP\xb3\xee?\xab\
\x08\xb1\xee\xac\xf9\xab\xb9EB\xael\xa8\xf9\x7fM@\
\xa3\xa7ma\xcf\x91\x155\xe3\xab\xbf\x00\xfb\x7fMM\
\xfep\xa0\xc3\xd3\xcf\xaf)\x5c\x00p\xff\xba\xbe\xe6\xfc\
\x7f\x07||\xf8\xf9\x9a\xcb\x1e\x84~O\xb9\x8d=o\
\xbf\xb4\xe6+W\xc1\xbeg_\xaa\xf9Z\xeb\xc5\x84\x5c\
u]\xcd\xd7\xda\xa1\xbf\x1b\xbfZ\xf3b\xf17\x84\xd4\
\xde_\xf3\x9d\x7f\x01|\xf8\xdc\xc7j~\xb3\xf5\xbf\x00\
\x8f~[\xf3\x9f\x1f\xbf\x87\x90\x99\xa7\xd6\xfcn\xfd\xd7\
\x01\xff^\xacy{\xe8\x08B>\xbf\xb1\xb6c3\xf4\
\xb7\x7fI\xeda/\x0d\x00\x9c\x7f\xa9\xed\xbd\x13\xf0\xeb\
\xba\x0d\xb5\xbb\x8e\xbb\x86\x90\xde\xf3kG\xef\x83\xfe\xef\
{w\xed\x9e\x22\xe0\xc7I\x0bj\xf3Y\xd8\xc7\xfbG\
\xd9\xf3\xc1\xd6\xda\x8b-\xf8}\xfd{\xd9\xf3\xcc1\xf6\
\xbc\xf9\x98\xda\x8bo\x85\xbfW\xdfU{\xe3\x00\xf0\x9f\
\x15\x1fd\xcfSNf\xcf3\xff\xc4\x9e\x97\x0f\xb0\xe7\
~\x8f=o?\x8c=\x1f\xfeX\xed-\xf3\xff\x07\xe8\
\xec\xb7\xb5w?\x06t\xbc\xff.\xf6|da\xed}\
]\xf0<\xc5f\xcfk~\xcf\x9e\xb7o\xa9\xbd\xef^\
\xca/\xac\xda\x17\xe6\x01\x1d\xd9\xbd\xb5o-\x86\xf9\xbd\
;S\xfb\xbb5\xc0\xf7\x8e\xb9\xa6\x8e\xcc\x06\xbc}\xe8\
\xf6\xba\xda\x09\xe0c\xa7\xcde\xcf\xe1?\xb2\xe7\xc7\xdf\
SW{\x17\xf0\x95\xd3ne\xcf\xfeu\xecy~o\
]\xdd\x9c\xaf\x11r\xea\xbb\xea\xe6\xe5`\x7f\x8f|\xa2\
n\xd1\x81\x9f\x12\xb2\xea\xe6\xba\xc5\xe3\xdf\x05\xfay\xa9\
n\xd9\x1b0\xceM\xaf\xd7\x9d\xfc\xd8\x7f\xc0\xfe\xbd^\
w\xca+\xc0W\xde\xeb\xd4M5\x03\xfdn\xa9\xa9\xbb\
\xf0\xd9&B\xf6\xbc\xca\x9e\x8f\xfd\xba\xee\x92\xb9\x8f\x10\
r\xe1\xbb\xeb\x9e\xdc\x0b\xfb\xfd\xe1\xda\xba\xa7\x7f|$\
\xe0\xdf\xb7\xeb^~k\x17!\xf5#u\xff\xf4q\xe0\
\xdf\xa7\xbeRw`\x19\xf0\x91\xd9o\xd6\xfdr\xc1g\
`\x1eUu\xff\xf1\x8d\x7f$\xe4\xa8\x1f\xd5\x93\xccM\
0\xbek\xeb\x1b\xfet\x14\xe0S\x96=\xa7N`\xcf\
\xbb_b\xcf\xc7\xd7\xd7\xcf\xff9\xec\xf3\x03\x8f\xd6/\
{\x16\xf0~\xd6\xed\xf5\xc7O\xc0\xfe~\xcc\xae?~\
\x0a\xc6{\xfd\xd2\xfaU\x1f\x86\xf9\x9c\xf6\x9d\xfaU\x17\
\xc1<\xffvE\xbd5\x08\xe3\xb8\xf8\x13\xf5\xfes\xdf\
\x07\xc9C\xea'\x97\x9e\x0d|\xf9\xc5\xfa\xa9\x9b\x80\x9f\
<qO\xfdE\x8b\x01\xde\x17?X\xff\xb1[\x00\xcf\
.}\x89=\xbf\xd8[\x7f\xf5\xa5o\x01>,\xa8\xbf\
\xfe\xdfJ\x84\xf4\xfc\xa0\xfe\x86\xe20!_\xba\xa2\xfe\
\x86\x0b\x00\xcf\xbf\xf4B\xfd\xa7n\x05\xd9t\xcc\x82\xfa\
\xbbv\x00\xfc#\xcf\xad\x7f\xf6^\xe0cw~\x8a=\
\x9fZ_\xff\x8d7\x00\xcf\xae\x1a\xaa\x7fm\x09\xec\xdb\
f\xad\xfe\x17\xdeZ\xc0\x8f\xaf\xb1\xe7\xe5m\xf5\xbf\xfc\
\x03\xe0\xed\x15o\xb3\xe7\xf5w64\xff\xeay\xc0\xf3\
)\xf6|\xe4\xfe\x86\x8e?\x01~\x7f\xecu\xf6\xbca\
\x06{>rn\xc3a\xf7\xcd\x22d\xdd\xce\x86\xd9\xc7\
\x82\x8c\x5c\xde\xd30\xef\xf9c\x09\xf9\x9b\x9f6,\xba\
\x02\xe8\xe2\xda\x9e\x86\xb5\xcf\xff\x04\xe4\xea\xec\x86\x93\xb2\
@/'\xfdw\xc3)\x1a\xc8\xc6\x9d\xd76\x9ci\x02\
=\x1d\xfeBC\xb6\x1e\xe8\xef\xd1\xdd\x0dcm@\xbf\
\xb7i\x0d\xe7Y0\xbe\x9a\xd7\x1b\xfc\x87\xe0w\xf2\xb3\
\x86\xc9o\x03\x1el\xfa\x5c\xc3\x15\x97\xe7`_No\
\xb8\xd2\x00\xbe\xb4\xfd\x03\x0dW\xfd\xf2\x00!\xc7]\xd4\
p\xd7\x05\xd0\xce\xde\xdf\xf0\xe0q@\xa7\x8bv4|\
\xef\x9fA>\xddpm\xc3\xf7\xd7\x1cG\xc8\xdc\x87\x1b\
~p\x03<ojl\xf8\xe9]\x00\xf7\xbd\xc74\xfc\
|\xa4\x9d\x90y\x03\x8d\xad\xc7\xc38\xf7\xaei\x9c\xff\
\xd3\x1f\x12r\xc1\x86\xc6\x05U\x8b\x81\xcf\x7f\xb2q\xc1\
\xc9\x8b@\x1677\xae\xbd\x07\xfe\xfe\xa1\xf74\xae\xbd\
\x17\xf0\xefC\xdfj<\xb5\x01\xf8\xdb\xee\x93\x1a7\xee\
\x05\xbc\xba\xf9\x8e\xc6\xa9\xe3\x80^\xaf~Oci\x05\
\xccc\xd7Y\x8d\x1f\xb9\x18\xf0\xe6h\x9f=K\xcd\x8d\
\x97~\x1f\xfe\xde9\xd2x\xc5\x05\xb0.\x03'6\xde\
\xd2\x05\xf8z\xc1?4\xde{\x00\xf0s\xfdW\xd9s\
h\x15{\xde|n\xe3}\xc3\x80O_x\xa4\xf1\x81\
M0\x8f\x19g7>p\x1b\x8c\xfb\x92\xdd\x8d\x8f\x7f\
\x0d\xfa\xbf\xe1l\xf6|\xaa\xbd\xf1o\x7f\x00\xfaH\xef\
\xb7\x1b\x9f^\x0d\xfb\x7f\xc5\x87\x1b\x9f\xc9\x02\xde\xf5.\
l|~\xc6\xbb\x01\x8f\x977\xbe\xdc\x0br\xa1\xf3\xbb\
\x8d?}\x09\xd6?\x9fi|}\x0f\xd0\xed\x8d\xcb\xd8\
\xf3\xfe\x97\x1a\xdf\xec\xdd\x09\xbf\xbf\xcc\x9e\x8f\xff\xb0\xf1\
\xb7\xbf\xae\x85\xf9YM\x1du\x80G\x17~\xb0iC\
/\xec\xd7g\x87\x9a\xb6\x8eQy\xf0\xf7Mg\xbd\xeb\
5\xe0\xc776e\xabA\xae=p^\x93a}\x82\
\x90\x8d\xc74M\xfd\xa4\x06\xf8\xebw\x9b.\xd8\xff\x1d\
x^\xd3t\xc1\xcb\xb0_\xf3\xff\xd0\xb4\xef\x03\xf3\x09\
\xe9>\xb7\xe9\xa2\xfd@g\xbb\xbe\xdct\xd9\xf3 \xf7\
\xff\xee\xc5\xa6k\x7f\x04|\xe2\xa2\xcdM\x9f^3\x04\
rt\x7f\xd3\x93\xdbAnV}\xbe\xe9\xd9+\x1d\xa0\
\xef\x05\xec\xf9\xe4W\x9a\xfeP\x0d\xfdM>\xc8\x9e\x7f\
\xd3\xdf\xf4\xc7Ga\xfdN\x98\xd5\xdc\xfa\x12\xf0\xfbK\
\x8el\x9ew&\xec\xc3\xc8\xc5\xcd\xda\xd9\xb0_\xcb^\
l\xee\xfa\x0d\xec+9\xa7y\xedm\x0d \xa7\xaa\x9b\
7|\x0e\xc6Q\xf7\x0c<a\xfc-\xdfn\xde\xfdc\
\x90\x9b\x0f\xfess\xf6l\xc0\xff\xe1\xbb\x9a\xcdo\x81\
\xfc\xba\xf4t\xf6\xbc|\x1f{>\x96o\xb6:\xff\x15\
\xc0<\xc1\x9e\x9f\xfeN\xf3\xc3\xcf\x81\x5c.Z\xcdO\
\xfd\x1c\xe0|xG\xf3\xd7=h\x7f\xcc\xb9\xcd?9\
\xfeq\xd8\xbf\xffi~\xeb\x15\xe0g\x97\x0d5\xffq\
\x00\xe4\xcd5\x8f\xb7\x90\xafo\x039X\xd52\xef\x87\
@O\x9f\xc9\xb6t\xbe\xbc\x83\x90O\xde\xd4\xb2e\xd9\
\xf90\xaeL\xcb\x96\x8f\x82\x9ew\xf5_\xb7\xfc\xd5c\
\xb0~\xdag[\xcem\x7f\x05\xe8~V\xcbU\x1f\x05\
\xba\xdfqd\xcb-\xd50\xbf/\xbc\xd1\xf2\x99/,\
\x84q\x0f\xb4|n\x14\xe6y\xe7?\xb5|1\x03\xf2\
\xfeT\x87=\xef\xb8\xa4\xe5\xe1\xaf\x00}\xde\xfb/\xf0\
\x84u\xf9\xa0\xdd\xf2\xe8\x12X\xef{f\xb5<\xbe\x0c\
\xd6s\xd9\x95-/>\x06\xcf\xe3^oy\xfb\x0d\xe0\
g\x1b\x1fj\xf9\xd3\x91\xb0\xbf\xcd\xbfo=f\x00\xbe\
\xaf\x99\xd3\xba\xd8\x01\xba\xbdr\xb8\xf5\xd4\x85\xc0\xafo\
\xba\xa4\xb5w-\xcco\xf7\x1d\xad\xfd'\xc3\xfe\x1f\xe6\
\xb6\x1a\xbf\x05=\xb4\xa1\xbd\xb5x\x03\xe0\xd7'\xfa[\
?\xea\x82\x9c\xdf\xffJ\xeb\x8dO\x03\x9e\xae<\x8d=\
\xfb\x06\xd9s\xe8\xf7\xecy\xcb`\xeb\xcd\x8b\x80\xef\x9d\
~\xa0\xf5\x8e\x7fh\x05\xbe\xbd\xb3\xf5\xce\x01\xd8\xf7\xd1\
\xebZ\xef\xfe-\xe0\xebQW\xb6\xdeC\x00\xaf\xfe\xea\
\xb0\xd6\xfbW_\x04\xfc\xef\x99\xd6'\x7f\xf4*\xf4\xf3\
\xd9\xd6\xaf\xbf\x00\x1a\xf8\x19/\xb4\xfel\x05\xac\xc7\xbd\
\x8b[\x7f\xbd\x0b\xfe\xfePs\xeb[\xcf\x01\x1d\x9dz\
'{\xf67\xb0g\xe9\x95\xb6\xda\x8f\x02~\x7f\xf9\xca\
\xb6\x96q\x98\x7f\xeb\xe6\xb6\x19\xdf\x85\xe7\xc97\xb7\x1d\
9\x1f\xe82\xdb\xd5\xa6\x9d\x0e\xf3\xbd\xf5[mk~\
\x0d\xf4\xb0\xeeI\xf6,\xf5\xb7\x9d\xf46\xc8\xc9\xeb\xae\
i;\xe3(\xa0\x8b\xb3\xfe\xa7m\xe7\x1a\x18\xcf\xc4\x9c\
6\xfd9\xe0\x17s\xb56\xf3X\xe0\xbb\xe7\x1c\xd36\
9\x04\xbf\xff\xf5\x1f\xda\xf6}\x03\xf4\xfd9\x8b\xdb.\
^\x0b\xfd~\xf2\x7f\xdbn|\x0d\xde;\xbc\xb6\xed\xd6\
c\xf7\xc3\xef\x17\xb5\xdd\xd3\x05\xfb\xf8DW\xdb\x83\xff\
\x0e|\xe9Q\xd2\xf6X\x01\xbe\x1f\x7fK\xdbS\xa3s\
\xa0\xdf\xb6\xb6\xaf?\x04\xfcc\xe7w\xdb~\xba\x06\xfa\
\xdb\xb6\xab\xed\xad!\x90\xf7{\xdfl'3\x81\x8e7\
\xb5\xb6\x93'`\xde'\x8f\xb0g\xffw\xdb\x9b\xfe\x0d\
\xe8\xbe\xed@{\xdb\xf1\xb0?\xeb?\xd0\xbe\xd4\x86\xef\
\x8b\x1fi_\xfb\xf3y 7\xbe\xd9^\x9a\xff\x0b\xc0\
\xa3\x87\xda?\xf5\xe3[\x00\xce5\xed\xcf\x7f\x16\xf8\xe8\
\xe7\xbf\xd9\xfe\xb5\x1f\x02\xbc\xe2S\xed\x7f\x9f\x87u>\
\xba\xaa\xfd\xfb'\xbd\x09tsS\xfb\x0f\xf6\x83\x1eu\
DK\xfb\xcf_\x038[\xfe\xa6\xfd7\x1f\x06<\xb9\
\xfc\xab\xed\xff\xf1:<?qM\xfb\xef\xfa\x01\x1f\x8e\
=\xb6\xa3\xf6\xfe\xabA\x0f \x1d\x9d\xcba\xde\xf7M\
t,;\x0a\xf0bhoG\xf7Y\xd4n\xb9\xba\xa3\
\xe7gc\x80\xdf-\x1dk\x8f\xd1A\xcfh\xee8\xed\
\xed/\x82\xdc8\xa6\xe3\xf4[\x80\xfe/y\xad\xe3\xec\
y\x80\xdf\x17\xfek\x87\xb7\x1c\xf6\xbb\x86t\x14\x9f\x07\
:X\xf9\xe1\x8e\xabv\x83\xde\xfd\xe5\x1fv\xec\xdf<\
\x1b\xe8\xcf\xef\xd8\xbf\xf3RX\xe7=\x1dw\xbf\x0a\xfd\
\xcf\xbb\xac\xe3\xa9\x1d3\xc0vz\xb9\xe3\xebo\xbe\x0c\
\xfb>\xd5\xf1K\x0b\xf0\xec\xe8/\xb0\xe7\x05\x97\xb2\xe7\
c\x8b\x81x\x9f\xf2\xa0'\xb2\x84t\x92\x95D#y\
R$\x1e\xf1\xe1S\x86\x18\xf0\x7f\x1d\x7f\xd3I\x01\xfe\
3\x89M\xc6\x1aQ\xac\xc2\xbfY\x9d+\xb5|\xd1\xf3\
\xb5\x8c\xa1\xe9Z^/\x14L{\x0c\x98\x04i\xea-\
\x146\xb8\xae\xe3zU\x14\xf2&\xd2\x0b0F\x89C\
\x5c\x80\x98\x05X\x0c\xbe\x0d\x9f\xf2\xf0K\x0e>/\xc4\
\xde\x17b\x7f\x16\xbe\xa7\xc3\xef%\xf8n\x90)\xe8\x97\
\xb6\xf0\xc2\x9e\x8f\xeb\xd5F\x1d\xd7\xc8\xea\xd0\xb9\xad\xe7\
\x8d\x9c\xb6\xb0s\xe5BM\xb7\x5cC\xcf\x954c\xca\
\xf4|O1\x12\x9b\xac\xc7\xde\xe9\xbc\xb20O\x17{\
\xb2\xe13\xed\x89\xf6\xa2\xe1/\xe7\xc1\xdfL\xfcD\xc7\
\xe6\xc3\xc8\xe9\xf8\x0d\xf8\x94%\xe3\xf0\xd9\x82\xbfN \
\x14::\xfa\x9bNW\x06\x7fq\xe1\xb3\x0f\x9f<\xd2\
\x13\x8e\xf7\xdd\xebu\xcf\xd0\xb2E\xd75\xeclI3\
=\xcd5\xce+\x9a.\x0c\xdcw\xb4Q\xc3\xcf\x8ek\
\x969a\xc0\xc8\xb3\xe3\xba=fh\xae\xee\x1b^\x8f\
b\x0a=\xa4\x0f\xa70\x8eC\xb2`h\x93\xb8\x94\x0e\
.)]\xe4\x22|\xcb\x91u\xf0\x0d\x964\x1c\xc2\x91\
}\xba7\xae\x8dZ\xce\xa4f;>,_\xd1\xce\xad\
\xd3:W*\xba\x18\x81.(\x18\x0bg\x1f\x80\x0e\xf6\
D\xc3\xd9M\xf1\xee\x5c\xf8k\x9e\xff5\x0b\xffL\xc0\
\x12\x1f\xd7\x92\xe2\x0c]\x91\xf8@\x96\xf59E+\x87\
\x83\xa0\xbb\xa5\xf9\xc6\x14\x0c\xc7u\xf2\xf05k\x98\x05\
_3\xf3\xfa\x98\x912\xb6%0\xb6i\xed\x9b\xc0\xd2\
>\xc5\xb2+ _A\xfaa\xc4&\xcc\xba\x14\xd9\xe1\
`?\x93\x18\x90\x87\x7fbe\xe8\xef\x0c_\x96\x00&\
\xaf\x80g\x01\xbe\xbb\xf0\xcc\xc1_Kd)l\x9d\x06\
k\xeb\x22|\xba6:\xd2\x13\xc3\xaf<R\x87\x8b\xdb\
)\xf0fC\xbfnZ%\x86\x1a\x14#BT\xc9\x9b\
\xb8z\xd9q\xc0\xa0%+Wh\x05\xc3\xd5rzi\
i\x8f6\xe2\x964}L7m\xc0\xac\xbc\x03\xd3\x9b\
Ta\x91E6\xa4\x22\xae\x06\xe4:H\x06\xf8\xc4<\
\x98\x86\x03\xef0\xa2aK\x9d\xc7\xa7\xc7\xd8\x01\x92\x12\
}c\x02\xa7K\x7fupZ!!\x84\xd3Y\xbbA\
Fo\xadwp\x00&\xe1\x15\x1c\x1b\x88\x036'o\
z\x1ep\x10-\xeb\xd8\x13\x86\xeb\x99\x8e\xcd\xc8@1\
\xfe\xfei\x8f\xdfGt\xb1\xf9\xd6l\x82\x0d\x18\x81\xbf\
FQr\xa1j\x5c~\xd1\xb5au7\x8d\x8c\x0c\xaa\
Qq\xcb!\x8e\x812\xd4\xf3q\xad\x1c\xd1\x22\x1c\xcb\
\xa22c\xd1\xb5\xf3\x0d\xd7\xc1?(\xc6\xb3\xed\x10\xc7\
c\xe2\xde\xe9\x88\xd2\xf4\xfbf2L\xb6\x93m\xe1\x88\
\x16\x97\x19\x91iO\xe8\x96\x99\xd36\x0fo\xdf\xa6\x18\
\xd2x\x99!y\x888\xf4\xf7\x80\xc3\x149\x92\xed\x80\
\x01\xf4\xe3ByH\x1d\xe3\xf8\xab\x87<\xc9E.\x93\
\xe0\xde\xe1`\xd7D\x06\xebiY\xdd\xa6\x9c\xa6\x08\x18\
\xb6c\xb8_\xd3=\xcd\x1f74\xcf)\xbaY\xc1\x90\
\x0fr1\xbd\x88\x94\xf4\xe1W\x17\xdf\xf0\xc3\xb1w\xc1\
\xa71>\xab3@\xe6\x0c\xa6,\xa6\xc7\xe4\xa7\xaf\xbb\
c\x86O\x07\xd8\xa5\x8d\xc1h\xcfX?\xa8\x18R\x17\
\xd9\xa8\x10\xa1\x95\xf8\xfe\xec\x8d\xa1\xa0\xac\xc0\xf6\xb7\x00\
~D1!\x87\x13\xd6\x91q\x0d\xc2\xaf\x86$<\xc7\
q\x1c{\xe1s\x89o\x0c\xc3\xa4\x02|\xf6%\x16\xb6\
h\x80\xa3HN\xf7\xf5\x1em\xd02P\x14\x8e\x1b\xd9\
\xbdZ\x09\xb6\x01P\xa8P\xf4U<jE\xcax\x0c\
d\xad\xf4\x93\x8fTd'\xe6<G\xea\xd3\xd0\x0a\xba\
\xef\x1b\xae\x9d2\xeb\x9d0\xef4a\xde\xadd\xfe\x01\
\xd7c\xbc0\xd8\x01\x03\xd5\x99\x0c\xaeRN\x9a\xff\xf2\
-\xb2\x5c\xef\x16\x5c\x9cr:`ztW\x0c[\xcf\
XF\xaeG9\xbc\xad\xd0\x01[h\xa3,F\xea\x88\
\x1aI\xe6\xec\xc1\x06\xe5a`\x0e\x0c\xcdK,\xd5\xf2\
\xad\x0elDT\xed\xd0t\xd7\x08\x99\xb1W\xcag\x1c\
\xcbKY\xbd\xc2A\x0f/X\xaf\x1c|\x1b\xc5A2\
.\xc4\xd4C\xaat\xa6+h\xf2\xc0OL\x1b8]\
\xd0\x9c1jR\xf6\x04J\xa2\x96\x89\xa8^\xcaYh\
@\xeeL\x15\xad\xa4L\xcc\xd8\x06\xdaf\x05E\xa2\x1f\
\xa09e\xd7C\xa6W1sT\xbf\x17\x5c\x8d\x9fV\
\x09Uw\x9b\x13\x9d%\xa3a\x9c\x1a\xe8\xdf\x07.\xb9\
Z\xeb\x5c\xa5\x18\xc5\xa9|\x14\x05\x943{\x90Z}\
I6\xd3]\xa1*\x9e\x1f*\xb8t\xbc\x05\x1c\x8bL\
\xbf\xef\x82\xfe\x0b\xae\xb3\xc7\xc8\xfa(\x90\x0d\xafh\xf9\
Tk5\xa6\x0a\x8e\xab$\x5c?\xc6,&Q\xd3\xf1\
\x83)\x22\x86\xda\xc8&\x0c\xd0\x95<\xd0\x8c\x98\xad\x11\
X\x08*bK\xeac^D\x8b\x12\x03^\xc7Y\xcc\
\xa4\x0e:\x12\xb5PL\xbb\xe8\x1bK\xbc\xa5`\xa6P\
\xa3AP_\xa8VyLc:\x94\xb9x\xb8\xb0\x0e\
n\xe5_~.\x9e\x01\xbaQ\xeeP\xe7\xf232\x14\
\xd3\xd2\xb7\x836=\x04O\x86\x14y\xd4b\xb7\x83\x04\
\x8b\x13\x80\x87\x02\xa0\x04\x7f\xcb\x00*\xf5\xc1\xb7\x9dH\
(\x01:ep\xdc9>C\x0f\x05\xc6\x00*\x8d>\
\xb2oK\x92\xe3\x8b\x91a\xb8\xc0\x5cY\x7f\x0e\xbc\xb5\
\x98\xa3\x9f\x8f+\xa2q\x82\xa0\x84\xefs\x1d:h\xcd\
\x90\xd4\x08\x15\xd2<\x92W\x91\xf7R\x92\xd6\xce\x1d\xe2\
\xe6\xc4\xf6\xbe!\x0d07\xafg\xb7\x0f\x07t\xebi\
\x83\xa5\xed\x99=}\xdaN\x13\xf5\xcc\x8ci\xe7`\x19\
\xbd\x1em\xc0\xf6|\xdd\xb2PMX\xecd\xddnh\
\xe7x\x8b\x01\xdd}W\xd7\x80\xe8\x0c\x1b\xa4\x09\xfe\x19\
(\xc0\xa0\xaak^\xb7\x8b\xd0\xa4\xa4Z\xf3\xb5\x895\
\x17\x96\xd1t\xc4\xf7\xd1C\xb2QTQ\x86o+\xdb\
\x9d\x87\x94\xee\x86\xdf\xa3\x12\x8c\xa11\xe5\xc9c\xc8y\
e\xbe\xb78:\x0c\xcfw\x5c\xfa\xe4\xf2\x0b\x90r\xd4\
\x1c+\xaa\xd9\xe1\xdd\x89!y\xa1\xde\xa7\x16\xa5:\x0a\
}j\x89\x05\x025\xc0P\x1f\xa9\xc8C\xb6f!\xed\
0:\xcb\xa3\xd5E)\x92YY\x1b\xde\x11\xe6\x8c\x04\
\x93\xf5\xa8\xf6(\xc9i}\x02\xcc1*\xaa)>\xf9\
\xe3\xf0k\xc1\xd2} \xc4\xbc\xb6\xa4s%\x18_\x1b\
\x0e\x0a7|\xa04\x135I6\x97\x80\x9a\x0a(,\
\xa9@\x8aj\x9a&\x0aB\x0b\xbe\xe7p\x06\x03\xa8\xa8\
k\x9c\xca(\xdb\xde-\xa9H:\x17/\x06>\xc3\xbf\
\x08\xde2l\xe6\x8b0|\x8a\xfe\x05\xdd\xd5\xf3\x5c\x19\
5\xed\xacU\xcc\x19\xda\xc0\xf0v\xd8g\xdd\xf5w\xa3\
\x16\xa5\x83\xcc1\xec\x1c~Q*\x02\xefl.:\xdf\
\x7f\x1b\xf8\x82\x01\xefQL)I\xea\xc0\xeeT\x8d\xff\
\xc4\x0a\xf3\xd0a\xeb\xecn#_\xf0K\xa8\x0b\xec.\
\xa3\xf5\xffyfQDU\xc2\x85\xbff\xf9;&\xc2\
\xa2\x98\xb6\x1bgd\xe1\xeed\xa5\xdd\x98\xc6,\x8ay\
\xc35\xb3\xf0\x8b\xe9\x9b\xba\xb5;\xa3[\xba\x9dU\xed\
\xc5\x07Sf\xe1J\xaa\x88\x03\x94\x13\xc80\xe6\x9f\xf0\
B\x95\xc5@\x95L\xb6\xbd@!\x81}a\xef\x05\xfe\
\x8dn\xf8l\xe0\xba,\x95\xfd!\xe1\x8cN\x95f\xe4\
\xa2\xf6\xe2\x8cR\x19\x96\xd3K\x1e\xd5h\x0c#\xc7\x8c\
\xb1\xceU\xdd\xf0\x1buct\x97\x0c\xdd]\xca\xdc\x1b\
\x8ay\xad\x02\xeb\xcaF\xb5\xa5\x10**\x81\xf2hr\
>A\xb1\xa6\xa0\xf0:\x1d\xb5\xc3\xf6\x8a\x05\xaa\xb1P\
\xb5\xd0\x04\x12\xf6K\x854'\xd3*\xb0\x96s\xb8\xa5\
9n\xa4\xc6\xfdm\x8bq\xe9\x16s\xb6\xb3\x8a,\x15\
\x1d\xf5\xe6r\xd0E6\xf4\xb6-\xee\x5c\xb9\x18\xd8\xc3\
\xaa\xa5\xb4\xa3\xc6\xdeb\xce\xf4\xb78c\xd8\xcf2\x10\
\xa5\xccy\xe4G\xb4`\xd9\xc2\xe3=\x85\xf0\x8f\xe8s\
\x0d\xddg\xba-\xb3\xebh\x07*\xd8\xfd\x00\xc7B\xe5\
c\xda\xb0\xfb\x0d\xcb\x98\x06\xec.d\xe9\xd4e5Q\
y\x8d\x84%:d\xe4\x9d\x89\xc4\xda$\xc1\xaf@\xf0\
\xb2w89t\xa6\xb2\xc6\xbb\x983d0wp8\
\x01PT\xd5\x9d\xac\x05d*\x84\xec2W\xc1\xf2`\
\xddE\x04\xf3\x8eB\x0e\xf7!j_@\x7f\x0c\xa5\xe2\
+\x16\xefmZ+\x16\xf4Qi\xc5\xd6\x1c\x0cxN\
\x1b\xc2\xc4\x98\xab\xeef\x1d7,\xe2x\x15\xefj\x1a\
x\x15tP\x01\xaf\xd6%`;\x5cd\x07\x8aB\x84\
y*\xf7\xe5\x98\xa0/\x07\x040\x95\xdd\x9cO\xa6\xed\
\xcc<D3\xa6~\xf9\xa9V\xd8\x0c=\x0fZ\x97\x1f\
\xb5\xb8\xa2\x80\xd8\x9a\xd3\x81\x8f\xe1\x82\x94\xd0\xa3%M\
G\x00\xcb\xc2\x00\xc7\x1c\xb7\xa4\x15\xd9X\xd5\xc0\x14\xd6\
\xafbd3%\xd36ulsQ\xdbq\xc1L\x0f\
\x5c\x90\xcc\x18\x9c\x90$P[^w\xf7R'#\x18\
z\x13F\x12\xc6\xfc\x18\x0c\x13)4\x09\xa7\x83\xc31\
\xedtHn\x8c\xbe\xd5\xd4\xdc\xe1rjN%b\xa6\
K2\xbf{\x91K\x80\x945\xf7\xa8\xaf\xbc\x08|?\
u\xcd\xe7\x84\xc2#m\xad\xdb\xa9\xcc(\xb7\xce\xcd\x5c\
\xa2\xca\x8d\xea\xe0}\xf6n\xebz\x86\x8a}\xe3\xa0U\
\xe1\xfb\xedx\x1e\x95\xd4\x06\x1a\xd6\x0b\xe1\x9el57\
\xda\x8a\xbb\xe3P\x03\x14\xbb\xc9[iY\xdaL\x0d\xe7\
\xb8t8B\x9f\x16\x88\x16\x81\x88\x0a\xaf\x1a\xec,\x00\
\xcb\xa4\xda^T\xe6\xa8\x8c\xb0C0\xcd\xebA~\xed\
\xed6&\x0c[\xdd|\x10\xb8\x7f\x11\xf5\x15\xbd\x0c\xe7\
\xf7PK\x11\x1aJ&u&B\xaf_2T\xb4A\
\x91\x92e\x83g\x18\xa8\x83d\xe4\xb9\xf5\xa8\x076\x13\
\xd4\xaaq\xaev\x8c2\xb3!\x04\xdd4<\x0e\xaa\xc5\
(h\xfai\x1b=\x8c\xf4\x5c@eQ\x9c\x884\x0c\
\x17\xdd\x82U\xf4\xd4\xad^\xe6\xe8\xa4\xf3\xb3\x15f\xb7\
y\x5c!\x13\x07LyT\xf0|d\xf7f\xc2PJ\
\xfa\x7f\x82\x83(\xaa\xb2\xe5C\xde\x9a\xc3\x16Y~B\
\xc0\xde\xd49#\x8b\xb26\x93\x8f\xc2\xe4\x8e\x0b\x1bU\
G\x1d]\x8d\xccER\x926J\xe7\xce\x8e<\xdfJ\
\xb1!{\x814\xf4\x09\x83\x9a\x92\x1e\xd0\x08\x9eb\xe5\
\x1d\xdb\x1f\xd7\xcc\xc0\xbe\x0a=O\xf4d\xcb\xcc\xe7)\
G\xcf\x99^\xd65\xe8\x8f:\xf0P\xceLM\x00\x01\
\x0dt[3t\xaf\xa4M\xea(\x8b=\x00\x0f ]\
\x03\xf7\xf4pz\x06\xba\x11\xe4\xdbpq\x0c\xba\xa4\x10\
\x98\xc2\xf76_h6\xa18O\xc9\x85\xf6']\xf6\
.\x9c\xa2\xc9\x97\x98\xfe\xba\x1aO\xfb\x84\x16\xcdt\xeb\
\x003\xa3\x1b\x10\x97\xce^\x1c\xa5\xa4\xbeV\xe3F\xf5\
\xa37\xc9@a\x10l\x95\xd8^\x07\x1d\xa8\xdd\xb8a\
\xf9T;\xb7\x14\xfaW\x0cn\x15\xbaHcl\xab\xc4\
\x86\x5c\x00\x1b\x02\x8b\x18\xf0\xca\x1c\xb5s;Wui\
\x93&\xec\x86\xad\xad^\xc1\xb4wP\xe4)\xd1\xf0\xcd\
\x09\x14\x07/ \x01l\xb5\xbaG\xeb7F\x0d\xd7\xa5\
;\x86{\xe9\xd8F\xb7o\xe6e\xdb\x98\x1e\xd5\xfb`\
Ujn\xd1\x86\x1d+\xbfI\xafa\x18A\x11\xb5\x01\
a\xf6\xd3\x8d\xeb\xe4\x0e+\xbaa\xb2\x97SGlv\
\xd0\x1d\x1e\x1cQ\x17#\x0b\x19],O\xc2W\x86\xd9\
\x19\xd4\x0c\xfc\xb2\x14\xa7\x87K*tb\xef\x1d \x80\
\xd8\x0e\xbfW+\xda&\xfa\x17:Wvj.l\x0a\
\xf3\xc2\xeaY\xd7\xf1\xa8\x13\x9a\x0a\x7f\xba\xc0|I=\
Dx\xa0\x82\x8cS\xf4\xa3\x14E\xedw\x17\x15p\xaf\
\xec\xe6\x95\xdf\x03j\x19\xc9k\xb22\xb2\x16\x02\xf9%\
\xf4\x92,#6\xaa\x95lD\x88Fl\xdf\xcbv\xb9\
\x9e\x1bcAw\xaamdv\xb8\xc3) \xb1I\xe1\
\x10\x16\x80qF\x07 \x16\x0e\xeck\x07P2\x5c\xa7\
\xb2Cy\x11\x86\xe2K;+\xebh,`\x86\x9d\xab\
\x0a\xc7nW8\xec,\xc7\x0c\x97\xe3\x22]\xc31\x80\
cq\xddnU\xcaJ\xda\xfc`Q`\x0c[}\xa1\
\xd6\xd3\xf7\x05\xbc4\xbc\x13\xae\x0c\xe6\x9ap\x22\xa7T\
\xe3\xbd>b\x05S&}-St\xd9\xe1{\x17]\
\xae\xacC\xcf\xe35\xd7)\x8e\x8d[%\x8aWb\x07\
m\xc3g\x18\x04{\x8b\xa6\x83?\x8e\xef\xc9H\x86N\
\x0d\xc35\x9d\x5cy\xec\xea\x82\xcd.\xa2)\x1f\x9c\x93\
\x07k\x17\xcc\x9d\xae\xf0(c\x87\xc2JZ_4-\
z8NGJG\x92)\x8e\x02\xe3)\xdb\xd32\x0c\
q\xb1\xd1\x85\x9d\x0b\xc34\x92\x8cV\xb6,\x8e\xe8\x83\
\xd6f\x8eFZ\x84\x8c\x8dY\x14\xa9\xdd\xac\xc3h\x15\
\x7f\xda\xcc'\x13*\xfa\x9d\xc2\xa0\xe9+\xfa*J\xcf\
P\x8d\xbf\xb3l\xf7'\xa3\x13>\xcb\xb51\x8f;~\
\xca[T\x99\xc4I\xdb\xfc\x01\x1b\xc4-\xb5r\xe3&\
U\xa6Ti\x01^\x8c\x8d \xe8\xb52\x11gx\x98\
L\x9c\xdb\xa88\xf0^T\x06\x0be\xb8n\x80\xfd\x81\
\x8b\xd1F]F\x0f\x8c\x972T4\xce5\x9e\xf3\x99\
\xe6$(\x86\xaf\x0a]\x8f\x04;\x81\x85\xd1\x03f'\
X\xf0^\xc3(xq\xba\xa0\xceI\xdb\x18\xd3\xa9\xa9\
\x14\xa1\x1d`\xc8\xe6\xf9\x8e]\x9eb~B\xb6 \x17\
0\xa28+\xed\xa3,\xb5\xe8\xc1K\xd4\xae\x14\xa7\x00\
\x06\xae\x8d\x98\xbd\xc3\xf5N\x87\x9f\xbd\x1f\xba:cr\
>\xe6\xe0\x08\x18\x1cW\xe9\xa2\xf0B\xc5\x9d\xb9)\xc5\
j;[\x9cI\x83S\x1c\xa2\x1d\x13mN\x96[\xbf\
x\x14a\xd8l\xf1\x1cP*\x1d3W^G1\x81\
u9\x9a\x03\xef\xb8\xc2\xef\xe1i\xec\xa0\xb5\xfc\xa2\xbf\
\x04\x16\x8a\xce\xcf\xbf\x84>vP\xc4\x15.\xe4\x04g\
@\xc9-\xc8\xa2\x97y<D\xdd@\x9d\xf6\xb9>W\
@\xc5\xc6\x9c\x06\x0a\x1f\x8c 0\x87t\xd3c*[\
\x0a\xbd\xd3%\x9d\x006\x18\xaew\xb6\xe8\x8dSL\xa6\
\xea\xb6\x0f*]\xc1\xf1\xcc\x046\x1f\xa4$\x98\x89.\
@\xa6\xcf\x191~\xd44D\xf5 \xa3\x12\xeb9\x0e\
AL\xa0\xb12)\x9d\xd7\x16\xb8\x0e\x1c\x8de\x9d9\
dL\x98\xc6$\x1e\xb2\xc2\xacs<\x92\xb5\x8c\xc50\
Rvu\x83}\xf2\x94;er%i:2\xc1E\
L\x13\xd8C\xfd\x1b\x92\xe3K\xcd\x12\xb5Y\x91\xc8\xa9\
 \xb8!\xea\xeab\x81;L5\x09\xa2=\x99\x1am\
\xf2\xb1\xf913.<\xdf\x0d\xd7\xed\xc2\x91\xe8\xe6R\
\x0c\xf0\x04\x0a\x00\x95)D\x97kz\x88L\xc5\x02\xf3\
\xcaI<\xf2\xc0\xbekY\x84\x16\x8d\xb3\xe0N\xb7\x92\
S\x04\x15\x84\x06\x8d\x82\x06l\x02<\x9f\x9bvxb\
[v\x9bN'\xbb\x14\x93\x146\xa9\xd0`\xdd\x0a\xaa\
\xa3\xb6+\x1c\x05\x1a\x95\xa8\xc6\xba\xd3\xd5\x1c\x0f\xf0q\
\xb8\xe1\x81\x5c\x1a\x8b\x90\x0ff\xccP\xa2\x99a\xd4\x86\
\x15\x93ZNd\xe3\x996\x19\xd5\x10\xd9q|/\x1a\
\x88\x22\xdaD\xc7\xcd\x0dB\x1b\x84\x85\x13p\xfe\x0c\x06\
\xdc\xb9\xf0d\xbc\xdbEC\x92\xf2\xf3\x09\xf4\x0a\x98\xf8\
\x8e\x89\x07?~\xc4\x88<o\x17\x0d\xebb4\x14\xb2\
\x0ev\xf6cR\xf1g\xd2(\x12\x8b\x0b<\x87-\x1e\
h\x95\x5c\x7f\xf4z\xb4^3\x8f\xe1-\xba\xaf\xd1\xf0\
\x074d(S\xcfx\x8e\x9b\x01\xae\xed\xe6uK\x9b\
\xd0]S\xcf\x98\x96\xe9W0\x1b5E\xd8\xdc8\x8f\
(G?\xad\xf0\x11\x86\xa1r`\xae\xfa\x8e\x8bv\xc9\
a}(\x116\xb1_\x06\xf51\x83\x9fQ\xb0\xf0\x1a\
Y\x5c\x09#\x93\xc2\x0d\x8e\x8fJ\xa8\xc0\x8b\xe5\x99\xb3\
\xcd\xe1R\x06\x0d8\xc7\xa5\xc7E%\x83y\x9dRz\
;\x87\x0c\xf3\xc3\x9c,?!O\xf7\x8c\x09\x8eG7\
&.Rcs\x97\xc6\xd5=lX\x94\xb4\xa2\x0e2\
d\x8a\xa6\x1f\x08\xc6`e\xca\x0d\xb6\x11\x16\xa7\x07\xfe\
\xad\x08A\xd7\xae\xe8Y\xb1\x82\xb6\x98\x19\xc4b\x0f\x81\
i\xb1!gB;l\xd2\x8aA\xed\x8c\x04\x84S\xad\
\xbe\x8f\xa2\x8eU\xae\xe1z\xae\xc7\x8f\x22\xcb\xcas-\
>8\xf5\xd2B\x1d\xa4Ll\x9a0\x0e\xfbh\x18\x03\
\xd8\xda9<\x05\xd3\xa8\x96\x10\x8d/+7\x92\x19\xf1\
\xc0\xf4\x10nc\x9ft\xe0\x9c\xd6|\x22\x12}\xfe\x7f\
\x1fi~\x12\x8b4?\xe4\xf8\xf2\xb4y\xcd\x8a\x1cC\
j1\xb7is\x7f\xb8\xd4\xe5\x80\xacR\x01\x99\xe6\xae\
\x1e\xd5\x7f(\xbb\xb9\xe6\xe0{$\xa7\x89\x03\xb5\xd4>\
O+\xd7\xe9f\xe0)\x22\xb3B`\x80*\x1e\xc6\xe4\
>Bu<\x9d\xd8\xd7\xcem\x98^\x81\xdb*\xc2W\
`\xf7\xe4\xc8\xb8\x9e\xbf\xc4\xa8\x92\x91q\xd3\x1bU\x18\
\xe3VvT\x8d\xa8\x83\xcb\xf1,\xb5C<2%\xbd\
\xc90\x93\xfb\xa2\xc9\xb0>Q\xb6\x09\xd3\xf2DH\xa8\
\xec\xde3\xb8;\xa7T1\xd43\xc8\x91\x09\xf41\x96\
K\xd5\xa3\x94L\xccq\xe6I>f\x8dGrP\xa1\
\xdf\xad8\x16T\x9bQ\x81\xd7w\x94\xef\x91\xc6\xb5>\
\xf69\xd0\xfct\xeeY\xab\x14\x87x\xc1\xc88\xc6\xbc\
2\xf7\xa11a\xb8\xa5xP*M\xe0\xa1\x8a\x9b^\
(\xf4h\xa1 u\x8b\xb6\x87\xdec-_\xb4|\xb3\
;<\xac\x94L.\xea\x06\x1e\x05\x1c\xd0@\xd7\x83\xff\
SmO\xcf\xe5\x12\xc1\x8ci{4\x079\xa7\x22,\
<\x1c}k\xbf\x14\x06NA\xcd\xa0?\x0c\xb2\xef\x03\
4\xfc\x9c\xa7\x16M3\xde\x5c\xa4\x16\xa9\xe2\xcc\xd3;\
x\x9b\x0cF\xc2\xd6\xb5\xd0\x8d\xad\xa3\xa4^G\x9a5\
\x9a\x01\xd7\x83\xff1\x1d^\xc62\xc6\xdd\xd9;+Q\
\xc8\x06o%\x15@[\xc27\xfa.\xfd\x1c\xb4<\x01\
\xc5\xf3\xea\xb0u\x10\xc7#\xb7\xa5oid+\xfe\x9e\
\x0d\xdb\xae\x82v\xab\xc8Z\xc0\xc3\x15\xf8\x7f|\x0ba\
$\xcf!\x9c\xf0\x0c/\x1ey\xf6I\xbe2T\xd1\xc8\
\xeb\xbe\xb7\xae\xf9\xc0\xbe\xdb\xb5\x9e\x9e\x1e\xd4\xfe\x19v\
\x81\xb0\xc1_W\xae\xe0?\x87j\xa2\x8dh\xb6r\x85\
?\xce^8\xa1g\xc5j\xf6\x0a\x8d\x1ebo\xac<\
A\xdb\xaa\xbbY\xf6\xc6\xaa\x15\xab\xd6v\xafX\xdb\x0d\
?\xd2\xb7\xc2c\x08\xeaG\xd7\x82p6\xf5\x8em\xa2\
N\x08\xa0\x87\x1ey\xc5C\x15:\xba\xea]b\xe7\xc2\
7r\x81L\x17\xe1\xdcF\xcfX\x0f\x9b\x15Uq\xf9\
\xac\xbap\xf6\xf4\x87\x1c\x15\xc3\xe9\x03j\x0c\x90]\xf0\
\xb0~>\x83fl`f\xf7\x1a\x81\xe4\x15|;i\
\xce4#\x07\x0e\x0d\x97x\xe3y\x80\xaa.7\x9f\x1d\
tD\xa8\x80\xb4\x0f\xba`5;E/\x1d\x90\x9c\xae\
\xa8r\x0e\xe5\xb8\x88\xcd\xc6\xce\xebY\xba\xa2p\xd7\xe4\
@\x9ef\xf9\xb1}[\xbf1jfM\x7f\xbdn\xdb\
\xbc\x9b\xae\x0a\xddL\x22\x22\xdb1\xa3\x7fv\xac\x93I\
\xdd\xb5\xb9\xe1\xaf\xe8\xe3DX{*\x0a\x82\x04\x8bJ\
~/\x1d\x85\xa2|(?\xaf\xdf\xf4h^E\xdc\x17\
\xa5[\x06;\xa3W\xf4\xba\x0c\x84\x84\x89\xa7\x06~\x85\
\xe3B\xc9S\xbd\xd1t\x81\xf9F\x0f\xe4V\xa6t\xb0\
\x04L\xc3l\xcc\xa4\x1c\x83\xff\xac0Q\xc1\x8d\x81\x9f\
\xd5\x9b\xe5\xc6\xdb\xd8\x98e\xf0L\x04\x0a\xbde\x83\xed\
\xd3\x83\xd8\xd0\x14\x98\x1b\x9e\xdd$\xa4\x94\x88T\xa0g\
2\xa18P\x82\xd9\x19\x82\x11\xb9F\xa3\xd2\xaa\xa8\x82\
\x9d\x8a\x0a\xf7\xdcr~\x82\xe0\xe3$\x05\x1f_N\x87\
\x80\xc9H\xa3\xb8p\x22\x0e\xaa\x18\xfa\xc2\x96k\x99\xa2\
\xef;\xb6r\x80\x15\xed\x17E\x0bI\xc1\x14-\x98\xe2\
\xa8l1'\xa6\x92\x06\x19\xd3\xa7Ir\x8e\xa9\x9d4\
\x17\xfa4%\x8c\x991\x18\x11\xb7\x1ao\x9d\xb2\x95Z\
\xaci\xfa\x86\xce\xe0\x80\xca\xefi;\xd9\x80^\x10?\
6\x8c\x06*\xda\xd3\x06\xd1\x8eYy\xa1\x7fLj\xc4\
\x5cK\xcaF\xb3\xa3\x8dx\xca^&l\xdc\xc2\x1bk\
\xbe\x9eI\xd9\xab\x01\x8cHv\x22\xc4\x5c?\x90\xa7\xe1\
\xa4\xca\x16\x0b\xe5\x16j\x1d-\x84s\x18\x83#iD\
\xa9\x83\x08\xcfG\xa4A\xe0\x81\x83\xb2\xc5,\xb9Eb\
\xd6\xcd\xace\xea\xa4WIYL\xf2\xda\xa9\xd5Mt\
r\x08\x9b\x0bs\x96\xd8\xa2J\x8a^\xc9P\xafV\xe0\
K\x89\x1e\x00M\xa7#\xeaK\xe1G.\xd3\xe8g&\
 BL\x9b\x12\xd8\xbf!P;P\xf8\xf2\xa6;M\
cr\xab\x933,\xbe\xab[\xcb\xeaY2\x1a\x1f\xb6\
5\xaa\xaf0\x84V\xc3\xa5y8\xc2\xfd',(\xe6\
\x90\xeb$\xab\x05imG_\x1a\xdaI\x9d\xab\xb4\xce\
\xd5\xe9@\xe7\x93]\x0a\xb5.\x19\x9e\xd6\xb1+\xd4\x9a\
\xc2@55\xc42~\x9d&\xda\xa0\x04Z\x7f\x9e\xe3\
j\xafp4\x0b\x5c\xedEw\xae\xe2\xfdy)5\x0d\
\xf4\x08\xae\xb7K\x15\x0ct\x86\xf3183\x10\x8e\x14\
\x82)\xf9`x\xc8\xa5\xa2\xd5\xa2x+t\xac8\x98\
\x82\x10DAYR \xdc\xe1\x01,m\x89S\xc0(\
$ki\xca`\xa6\xe1\x10\x8a\xb5:\x04k&\x06a\
62j\x16\xc8e\x8aI\x08v\xd7oxY\xd7\xc4\
\x91+\x9aO\x87\xc5&\xb6\xbb\x02k\x8a\xbd\xdf\x08V\
5\x06Z\x0aD\x1a)\x15\x0c\xe5\x5c\x84\xfe=\xcc\x1d\
\xe5\xf2\xb6\xb6\xa06=\xac[\xbarg\x0fM\xfd\xe8\
\x08\x81\xf4\xbb\xfa$\xd7\x92\x9aa7-<\xc7\x11\xa3\
\xae\xeb\xb3\x1c\xb6 \xca&\xf3$\x09\x97\xde\x7f;\xca\
\xbb\xca\x03(\xe3\xbdH\xe9}8<\xe5(\xd3;\x85\
1\x8d\xde7\x85\xee\xee8\xa5\xc4\x0e\xd4\x94\x11\x88\xaa\
\x83F\x9a\xd7\x1a\xc6A\x07Gn\x22\xeeO\x9c\x11\x1e\
\xc1\x11\xaf\x17\xe8\xac\xe4\x9bY\xe0\xe76\xe7H\xa7\xf3\
Q\xd9\xe1\x01\xd7\xa1\x8eF\x83\xd1P\xa6r\xa8#Y\
\x1ff\xdbZ\xe8\xa0}'cY@3n-={\
\xc8\x83\x99\x01\xf2\x84\xc99~\x16 8\xcfv\x90r\
\xd4\xa5_\x01\xc2<\xa0P\x07\xcf\x19\x15\x81\x9f\x02y\
F\x9c\x82\x14~Y\x01\xe6\xcc\x10f\xb0]\x02R\x13\
\x85D\xd7\xbf\x12\x90Y!\x10\xb1\xd2\x02L3\x05\x83\
KW\x09\xcelYB)\x82\x9d[\x98\xac\x0a\xa3\x9c\
\x03P\xeb\x8b`\xd9\x82\xf5\xe4\x8a \xdd\xb5|\xeb\x0f\
u\xbb\x8f\x86\xed\x9e\xceF+\xban\x86\x8d\xe6\xf1\x14\
\x82)m\xa7!\x0d\x15\x1b\xf6\xa2\x0fR\xf6L\xd4\xf5\
\x16\x0a\xdc\xf5\xc0\x1bn4-\x901\xd0\x903\xd3>\
~\x5c\xe8\x86\x19WL6\x89\x0dh\xeb\xb3@\x9b\xa0\
\xf9U\xd0\xd0K\x87\xd5\x8a\xb2\x91\x9dB\xe5%{\xa9\
\xe8\xf9N>\xbdY#\xd8\xc2n\xa4I\xedF\xb7\x5c\
\x839dK\xe8Y\x8dD\xe9\x0ai\xba\x85\xba)y\
`k:\xa0\xf9x\x00\x178\xc3\x12\xc7\xf4B\x9b\x1a\
6\xa8\xdf)<\xeaN\x87\xb89\x061 \x8a.\x05\
\x97\xed\x8a\xe0{W\x98 \xcd\x12f\x85D\xe8\xe4\xbd\
SJ\xea\x0a\xb9k\x17#\x89.\x9a\xbcl;\xdc\xdd\
\xa5\x1c\xd3,\xc9\xdd\xadp\x19\xa1\x138\xf4\xf4\xa8A\
\xd4R\x02\x0d\x9bT\x8f8\xe56gW\x88N\xec\xe8\
2\xee(l\xa5\xba)=\x85\x0c\xbdtJ@\xcf\x22\
f\x9aa\x18&\x0b`\xd7yq\x09\xea$\xe8\x0a\xd3\
\x9bY\x86y\x96\x9f\x7fj<\xff\xdc\xe7\xef\x04\xa1\xbc\
\x0e\xa7Uv\xd4\x9e\x16\x99!\x8e\xd25t\x0b\x05\x0e\
\x19\x16\x112\x8aoy\x92\x0a\xc9\xceD\x18W\xce\x86\
0\xd8\xc1\xa5\xe0\x07\x99>\xcb\xa4!\x98\xae\xe1\xeb\xa6\
\x0dd\xd4E\xf3\xab}W\xcf\xfa\xb0\x81Y\xc7\xf3\xe1\
\x17\x1a\xcd\xeb\x00\x93\xd0\xfdH`\x05\x9e\x9ak^\x9e\
\xfa|\x0a\xae3jx\x1e\xea\xa7\x9aG\xd9~\x96\xbe\
a\xbayvx\x1b\xf8\xe8G\x8c<\xcdb6<\x8e\
\xe8A`dp\xe6\xc0f\xcf\xc7)\x10\x9d\x06CR\
\x97>tOa\x96\x01yw\xc2lR\x05\xbe\xb8A\
\xa6\x08\xfc\x1eP\x81\x85\x1c:\x97\xbaM\x05$f\x17\
K\x9bX\x91\x0d\x092\x12\x98\xf5\xd3\xcd\xc3q\xd8\xd1\
\x0c\xd5\x8bt,r\xc0T\xd6\x02\xbe\x1fI\x00\x0f\x8c\
7\x11\xbb\xe2\xd2\x84\x95\x22\xa5*\xcb)\xe6\xe4m(\
\xe8%\xd7\x81\xf5\xc6\xb5\xa7\xd9\x07`Mu{>M\
\x8f\x1f\xd6\xf5ax5_\xd0\xedR\xb9E\xff\x16\x19\
\xc48;\xbaF\xdd\x88:\xdd\x18\xa3b\xf1\xa3\xa4\xf8\
\xca\x04\x11\xc7]a\xf5&\xf6=\xd0\xc9\xfa@.\x9c\
\x013\x94\xd7\xca\xe3\x91\x1e\x02\x19\xa35t\xe2\x08\x9d\
\xe1\x09\xcc4\x87\x87\xc1\xe8\xe6G\xc7>\xa7YAf\
\x96T[@\x8e\xda\x1b\x1btL\xdb\xefvF\xbb=\
\xdd2\xc4\x1a\xd2\x10\xe3.Z;\x0a\x9eT\xfd\xeb\xdb\
~\xc60[L\xcf\xd0=DXn\xdf\x04(\x9dq\
\xcd\xec\xdenx\xa3;\xef\xb8>0\x05\xa4\x0e\x0b\x0b\
\x11\x18\xe5\x96v6F\x81\xc9\xc3\xa4\x0e\xd4\x82\x10\xf4\
C\x1c\xd0\xb8S(\x03f\x8e\x845\x22\xdd\xbe(\x01\
j\xc5\xcd\xc6\x84\xf9b9H\x15m\xe3V\xe6\x0f\xea\
7u\x8bg\x955b\x9e\x16l\x85\x10{\xeb\xf5\xec\
^\xf5\xcb\xed\x98}\xc5\xdc%\x86\xb6H\xa8X\xeb]\
g\xd23\x0e\xec\xbbK\xdd\xae\xa2\x0b3\xd9d\x9a\xe6\
v\xb2\xe1fhH\xb7\xc1\xe1>%\x1dqv\x98\xec\
\x0c%\xdb\x06\x9e\x88n\xc5\x92\xbb\x1d^\xd1\x22Y\xa7\
\xa6\xb3o\xdc\x01k\x0cp\xa5ox'\x15u\x1b\xa6\
`\xe0<\xd5\xdb\xd1\xcc|X\xadF=\x91i\x98\xea\
\xc9\x86\x87`\xad\xab\xb6\xb7\x9f\x1d\x9fIg:\x8em\
\xa8_>\x0eL1\x93W\x1b0#>F\x83Gu\
\xc8\xfa\xd8\xccMf\xce\xe0s\xd7\x0cLpO\xdb\xfd\
\x0a.\xced\x93w\xee\xe3L\xc2\xdc\x12\x81iHY\
\x1fjo\xa08#g\xbe2i\x0d\x22%\xc8\xf2<\
\xf1?\xc8\x10`~B<\x97\xee\x5c\xc5\x17&\x057\
2x\x08Z\xe0\xf2\x84\xe9j\xc9\x12\xa1\xa3\xa8~X\
R2\xab\xce\xe5\x8b\x85\xe5 \xec\xd0\x1c\x88\x9e`X\
\x11~\xb9r\xab^\xd0h\xd4\x8d(\x0f:j\x1a\x16\
&\xc0\xea H\xacb\xde\xa6&\x02?\xaa\xb0\x8c\x9e\
4\x8c\xda\x16\xf3\x9d\xd5n\xe3\x1e3\xf5\xcbxN(\
\xbdlL\xa5l\xfa\x1a\xa9\xaa\x94\x1c\x5c\xeb\x86[\x92\
\x0c\x0b\x11\xf3\x9b\x8b\xb5\xa4X\xa0-\xe5F\x22\xf6#\
e\x22\xb3\xb0;_\xaa@+\x9f\x116os|,\
;\xcb\x8e\x05\x93\xcd\xe7\x83\x1c\x8cz\xf1\xe4\x9d\x92\xb4\
\xf6\xed\xdc\x8f\xc7\x96;\x059\xcf\x97\xceD\xd9\xac\xa3\
\x89~\xf2\x89\xd4\x09\x915\x11h*v?\x8a\x1b\x91\
\x02\xbba\x88\x08Sjec\xf1\x94A\xbe|<\x05\
\x8f\x9dW\x9d\xc0V\x13\xf1\x19q\x83\xa3\x0a/\xc9K\
c2@\xa7\xcc\xa5,\xf2\x04\x8a\xc8\xa0\xdc\xae\x82\xc7\
\xc2\xf7h(\xb5\x08,.b\x06i\x90%\x9a\xc1\x95\
e\xde\xdb@\xef\xc8\xe2,X\x85\xb8\x01%\xe7>i\
\x08\x8b\xf6\x0a&\xad\xf1Xl\x8c\x03.\xe6\xf34\xcb\
3cP\xbf/U\x11\xb2\x16\xa8\x02\xda@9~>\
\x0b\xc6\xeb\x84A\xdf\xf1r\x07\xcdC\x0e\x8d\xf3\x0e\xca\
\x1b$\x9b\xcf\x8bE[J[%\x09\xd4\x19<^\x92\
\xadu\xaa\x5c]\x16\x03VF\x9a\x89\xf3[\x0e:*\
\xbc\xd4\xf0{xV\xf2d9\x81\xa0\xf0p\x1c9<\
\x0e\xcb\x10\x11\x0d\x22\xa7;\xd1\xcbZ\xe8\xa5\x10\x96\x00\
\xf6p\xff\x0d\x1e^\xba\x04\xe6\xd8\x03\xb3\xf3\x00C4\
\xfc<\x85\xa5\x06\xa7\xa4\xde\x8e\x1e.\xd0b\xbf\xde\xb8\
a\xf8\xd0\xcf\xb2\x9e\xac7\xa1-\xeb\x99\xb2\xbc\xa9\xa5\
il)\xd5I\xac\xda\xb1-|\x09D\x11\xab\x5c\x90\
\xe2\x22\xfcU[`\xc6X\xab*g\xf0\xe4\xfa\xd9[\
t\xc0\xac\xde\xa2\xefP5\x9d\x1e[n\xa4\x1c\x80\x02\
\xad\xfe\x22\xe6\x9bV\xcam\x09B\xc3\xa2B+z0\
$s\x86\xa0\x88\xce$B\x0b\xce\xd4,\x9e\x22\xa0\x8e\
\x09\x0f\xfa\xf3b4\x16T\x91\xa5\x14z\x16\xf6\x15\xf4\
\xaa\xf30\xe7\x80i\xda\xdcr\x8a\x86\xa0E\xc3\x95\xe5\
\xec\xa9d\x19\xa9q\xac\x0b6\x8e\xd4L\x9f~\xe4\xfd\
\xca\xa7\x84\xf2\xb8\x84)n\xf2\xf3x\xb9\x0c\x84\xe0.\
i\xb1\x0e\x02\x92(I\xe4D\x8a}\x8dFb&\x92\
\xe9\xdcFh3E\xf3\x93\xe2\xf3\x88fL\xe5xh\
\xed\x16\xbe:\xaer\x94\xaaj\x97I\x0c\xf1\xf0\x17=\
\x0c\xbd\x03;U\x9b\x85\xf3\xb38\x1f\x0eV\x96Y\xb1\
,\xe7\xde\x0fC\xadD\xb2:\xa3~)\x5c\xaf\xea\x9c\
\xdeD\xb6\x13\x8d\xde\xe3J\x10?\x91d\xa2\x83V^\
\x9a\x1c\xa7\x8a3\x18\xb6\x9e\x1c\xb1O\xdby\x9c\xef\xd2\
\xb2\xc3=\xdaY\xe3\x06m\xaa\xfb\xda8\x15\xba6\x18\
\xc0<\xe2\x8f\x07\xb2\xb3\xe4\xb6\xb0\x5c\xd8\xb896n\
\xc1?\xdf\x8b\x94D\x13\xd1\x15\x08\x0b\x9d\x1bf\xa6\xe8\
\xb3B\x1f\xc8\xf4\xe5\xc0\x15|\x09\x0bD9\xae4p\
\x91\xa3N\xadJ\x9f\xe7s\x05}\xf0\xc4\xb0\xdc\xd2\x1e\
m\x8bNk\xb2\x85 E\x91\xd0pA<\x83V\xdc\
\xf2\x0d\xabt`\xdf\xb5\x8e\x0dv?\x0e\x17\x0cy\xd3\
\x80\x9e@\x17\xc7\xa4x\xe0\x97,\x12\xb1e\xab\xe1\x8f\
;9\x07\xb8O\x89\x1f`\x97++\xaf\xa8\x8e-\x0e\
\xb0\xa3\x85\xe1E\xe5kU?Uo+\xceI\xe5`\
\xcf\x0c\xc7\x98\xa0\xf8\x9d(\xd4\xc2\xaa;\xf0\xcc\xd9\x10\
\xf3\xa3ce\x18F\xf1{}\xa4\x80\xa5\x9c4$\xe3\
v \xfdi/]\x11\xfd8J]^l\x0d\xd4\xd4\
\x1eKg\xd0\x8e\xe2\xdc.}]\x8b\x91\x22\xb7\x81\xf7\
!W\xa9(?F\xb2\xc8\x09Nr\xf0\xeb\x12\xe9\xc0\
q\x03\xd9A\x8bcb\x15\x18V\xd6y\xa94{V\
\xac:\xc79\xb9\xc1\x83\x1d\xe3\xba\xefI\x91\x9c\xc7\xc9\
0\x95K\x0f-\x82\x00/\xa2A\xc3Ae\x0d\xa5\x16\
XU\xd3\x17\x8d\x9e\xcd\x18\xac*%V\xdd\xd1r&\
M\x7f\xa64\xc1\xf1\x0a\xb0\xb8G[\xcf\x0a\x86\xb2\x94\
*F\x04T\xb72r]\xcc\xe2\xe0T\xe4q\x1c\x94\
\xa81H\x079\xb0\xef&/V\xed\x8a\x85G\xa1\x13\
&\x17\xbf\xbb@\xebg\xa9Z,\x8ew\x09\x9e\xd4n\
\xd81\x84\xb5sv\x0c\xf7/\xc5!\x14=h8I\
\xf9Jh\x0a\x9c\xc4\x922'i\x8e\x98n\xa3\x97\xc8\
\xf5x\x941-\xf0!\xe9\xb2\x0aB\x9c~\xb4a\x8c\
\x10\x95\xf1\x86)\x84\x88\xc5\xd5D\xb6\x06\x8b\xd9N\xc9\
\xfa\x94\x8a\xaba\x86\x85[\xb4\xe5\x9cJ%\xf8\xb9i\
n\x05\xf9\xa8Ev,xJv\xf1\x15@\xe1\x80$\
\xd3B\xe4\x82\x98o\xd9\x19\x9a\x0dE\xabj\x08,\xb7\
d\x5c\xf1\x17\x91J<\xc5\x9d\xaa9\x89\x05\xf9a\x8c\
O\x0ec\x0dM\x14\xc8:\xdf\x17Q\xf2K0\x0f/\
Q\xc2#\x85Y\xc4j\x1bF\xeb\xef\x06m\xca\xee\x92\
\xc4\xa8\xe8\xaf\xd9\xb0v\x22\x12\x1eV\xbf\x8d;K\x03\
F \x02\xc6\xc5\x1ct\x1e\xab\xc4\xa2\xecEY)\xc1\
*\x0c\x1e\x1a \x0c>\xd5\x1e\x09#\xe9\xd5\x0d\x94H\
\xe5\xc0D\x1a\x1c\xcf\x9c\xcbY?\x12\x80\xde\xa3aN\
&\x8f\xb1\xa6y\xd1S\x05\x10\xc7\xc8\x1c\xa81a\xe7\
\xcc\x093W\x04k\x97\x15JC\xca\xf7\x82\x9a\x222\
\xc5\xf3\xba\x8d\xbc\xd60\xfdK\x0c{\x91_\xe8V\x96\
\xd6y\x04\x9a\xd4\x06\x03\xaf-\xa5m\x0c\x8d\xc7\x1et\
\x0f\xa3\xfa\xb1z\x16\x12\xbb\x913\xf1\xe4@\x173R\
\x12t\xf5\xb3\x12\x0a\x8f\xa6$K\xc8\x1eY/\x92p\
!\xac\xedxb\xb6\x5cQBF\x03\x91\x94\x11\x0d\xbd\
\xcfro\xbc\x8d\xdb\xecJ\x9a\xa7\x19\xd1\xf4\xd3\xaam\
\x07\xc8\xa9\xd2\xc1\x99\x1c\xf5\x12\x01p\xa2\x80k\xb2F\
MZ\x81\xa2\xb8f,\xfa\xb3%\x12/ry\xb7\x8e\
4\xc3\x7f\x95\xac\x8fS\x22\xfe\x9e \x1a\xbcR\xab\xe5\
\xf1\xf9,\x9c\xa9\x98\x0b\xed_N\xa4\x8e\xf6\x81s\xe0\
\x9a@\xa5\xfe2\xdc\x92\xc9\xc7\xaa\xef\xd8a\x10\xbc\x0c\
M`L\x00\xaf\x10\x9e\xc0t\x85\xfb\xc8\xf2\xcfe\x12\
e\xab\xda\x8d\xa9\xd8\xa2 jy\xd6\x22\xe4\xf68\x12\
\xf1\xa8\x94\x1c\xc3\x0e\x0c<\x96>\x83\xae\x9b \xe7\x9e\
U2ad\x86\x095<1\x02\xc8\xcd\xb0s:\xa6\
\xe3\xb1p\x81H\xfe5R\xac\xd0\xcbA\xc4{A\x84\
$V\xf0\x0d\xeb\x04\xc9%\x9e\x02\x15\x1b\xdb\xd9\xc8T\
@\x1d\xf7\xd657\xc7\x8d\x82S\x98\xff\x8e\x86\xfc\xc7\
\xff\xb4<\xe8\xe7\xc0eW\x87\xfd47\xb3\xfcp\xde\
\x06\xfa@-\x22\xde6c\xd0\x96\x8c\xf9\xd841!\
x\x11\x97\x87\xbeY\xa0'I]t\xa6\xb9b\x96\xb1\
\x0ex\xa7;S\xc2\xda\xb11\xb6\xa4V\x0e\x16&\xc3\
?Q\xe3\x0b\x934$\x7f\xc5aa8\xa8\xb6\x04S\
2\x96\xa6\xe8\x01\xe5\xae\x5c\x91o,\x11\x82\xfb\x88\xe8\
u*\xec*\x12\xa5\x00\x87\xb1mTF\xb9{\xa9u\
\xe8fm\x14\x01\xec\x9e\x5c\x92.\x01\xfbD\xb2)t\
\x99\xa8l\x0a\xa1\xe5\xc7x\x8d\xc8f\xd8D\xdd)B\
\x13E\x952@+e\x9f\xb3\xc9VT\xc0\xc6\x91\xb6\
\x1c\xecmL\x0e\xe7\x93\x1a(\x01\xf4\xa8\x01\xa0\x14\x96\
/\x1fJ\x5c~%\x01\xd2\xb8\x85\x15\xd4\xfeMt\xb2\
\xa8B\x98/O\xa7\x12\xf1\xa0[\x93\xa9I)K\xbe\
\xb5l&\x9f\x9cfO\x0b\xce\xe8\x09-u\xde\xd6h\
\x16\x1d\xcb\x857\xcf\xd7S5\xd5U\x18[\xac\xca\xcc\
\x8agx\x85\xd9]\x22\x8c{\xbb\x94*\x15\xa4Ta\
:\x95\xb2+-\x91\xdeF9\xaf\x8e\x12\xc7\x8a\x90\xc0\
\x8c \x01\xcc\x98\xd2\xa9\xd7M\x89\xfd\xd5a\x8ag\xec\
z\x13\x1d}\xf9c\x5c\xee\x8d!\x12d\xc22\xee\x81\
D\x1eFD\xf1#W\x12\x88Z\x10A\x84\x80(\x13\
\x1f\xbd\xdc'Z\x1a^\xbe\x90@$\xbb\x8ak\x1c\x92\
W<\x04\xf1,\xcc3CG\xa8sox\xb4b\x98\
\xdc\xab\xd0[\xf4p\xf5\x82\xb5\xd4\xa5\xc0\x92\x09\xa9f\
\x95P(Y\x9d\xb0I\x1c\xe9^\xae8gy\x08\x8a\
\xb0'\x13g3X\x19\xa2\x9cn\x15$\x90F\xcf1\
t.\x91\x83\xf8\x1d\xe1k\x0e\xfci\xba\xf2\x9c\xac\xfc\
Ma\xea\xfb\xc5\x84\xfc\xc4\x14_~=\x8dn\xebc\
 \xbd\xc6,'C\xeb\xebSQ8l\xf8>\xbb\xc4\
\x01ku\xd0`\x0c\xac\xc7\xcfoZ\xe2\x95\xf8\xd9\x1d\
\x0e\x98p\x8c\x97f\x84Wh\xd08#g\xd2\xb6\x1c\
=\x17\xd6AcMQ:SpS\x14ku+(\
\x81\xe32m\xd66\xfcI\xc7\xdd\x0b\x1a40rV\
\x852<\xd7\xd2z\xa3\xf2\x9e&\xba\xf2\x93\x1aP~\
1Z\x0e\x9d\xef\xd4\x7f\xa5\x8bc\xbf\xd8\x15h\xd2\xed\
hj=\xf9}\x80\xefY\x8e\x9f,\xc4\x90Ep\xe5\
8\xa6\x06\xbez9\xf1wOX\xc6>\x90\x00\xdd\x92\
q\x18\xf7\xfa8a\x8d4Q\xf47\xd85\x8b\x87Z\
\xb1\x92\x13\x06\xd7f\xe5[e,\xc9\x9bdIX\x1d\
\xa4\x9d1\xfa\x0c\xc2V]\xa9(\x92\x1e\xb6\x93}!\
\x9a\xe4)\x1d\x8d\xf9~\xe34\x96\x82\xdb\xda,\xde\xa2\
\xa4\xf0\xd7\x06\x15b\x84\x9fJ>\xb7\x8d\xc3\x0b4\xf5\
\x1c\x8fF\x0e\xee\xd3\x90\xd5\x82\xa8\x87J%s{0\
\x0aB\xd0\x94\xa3X\x0d6S\xf6\xceD\xc4\xbc\xf5\x12\
\xfb\xcfLp\x83_\xbe\xe2\xc4\xee~Kz\xdb\xc5\x8c\
\x03\xaf[\xb0\xaf\x82\x02W\x0eg\x81v\x5c\x93\x96m\
\xc9\x01\x01\xd1\xd3\x1c\x96\xb0\xbd\xa7\xc8\xf5\x8en\xb4O\
\x03?\x13Mi5\xb0\x104Ec\xcb\xa4\xbeT\xdf\
\x00\xa5\x94\xdd d\xa1O\xcaB\xb2\xa29\x85@\xbb\
4D\xd9\xc5\xfaR\x94\xce\xb9\xbbGC\xb7\xec(\xf7\
\x00\x07\xd4)S\xd6\x81}\xd7\xc2\x9fJ\xa1w\x97\x16\
\xe9A\x17\x16;,\x0f\xde\xa4Jp\xcea\xb7\x960\
-\x8c{\xaf\x84\x22\xd3\xa3\xb1(V'\x1c\x08t\x0b\
\xbfL0\x13\xd8\x0bV\xa0@\xa3\x89i\x0f\xec6\xbc\
\xd0y\x8d\x1dS?\x19\x9dm\x9a*:\xac\xd8.K\
\xbe\x15E\xa8\xa2\xe1\x92\x17,v\x1dI\x8a\xd62\xc2\
/\xce`7\xbc\xb8\x5cn\xc5pHh-4,\xc9\
q\xe9\xd9j8Q%\xe0\xff\x95\x82B\x0ba\x10]\
@\xd6,\xca\xd2\xe3\x85\xf2&\x11\x85\x03\xd4\xde\x182\
\x93\xc1pnFx\xf8-\x1b\xa2j\xc3\x99\x1dY\xc9\
>\xbbJI\xb7\xd1\xf0\xc0q\xfe\xc9\x0ao\x1bL\xba\
\xbb\xe5\x00\xb9\xe8\x8e\xc8\x11$\x1f\xc2\xd0\xd7\x02\x8d\xe9\
\xa3H\xab\x9b\xb6\xa7\xd1\xe3St\x1a\xd2\xa2C\xda\xa0\
\x85\x19\xb5\xa1\xed$\xd9d^\x17\xf7&\xc6\xf3~y\
\x00!\xa0a\xce\xa2W\x15\x86\xdeZ\x16\x0a\xc7\xb7\xdd\
S\xa3\xd0q\xca\xfc\xae\x98R'\x02\x81v%r\xe3\
\x95P\xcb\x84\x9auH\xefJ\xb9\x95\x07\xa7\xd1+\x81\
\x94\xaf\x9a>\x83\xab\xd7#T\x9e\xd2\x8c4lS\x8f\
\x11\xec\x22\xec\xbd\xa6\xb7\xe0\x96\x7f\xbb(\xd1TMo\
q,\xfd\xed\xe9TeW\xb7\xfc\xb3\xa7\xa1\xa7M\x87\
\xa6xe\xc5t\xfa\x8dl\xb9\xe9T\xce\xe8J\xebg\
#\xb4\x129\xa35\x1b\x8dL\xfa\xdb\x15\xd3\xc0\xd2:\
\xd9LWZt\xb2Y\xb7\xcb\xbf]\x94\x0c\xde\x9a\xcd\
E\xab\xd2\xdb2\xecbY\xd8H8\xe2m\xa0\x93J\
o\x97\xe4\xb7K\xe9o7\x0b\xa3R\xe0\xf8\xd60\x96\
^\xd9f~\xc2\x10\x8d\x04\xdc\x88\xf0\xa5\xc0\x00\xe5\xc1\
2\xe5\xc6\xbc-\x92?[\xb3\x8d\xa5\xca\xa6\xbf\x0d\x02\
Dz\xdb\x99(\xf7\xf6v\xca\xa3\xc5\xdb\xdb\xb3e`\
\x1f\x5c\x95\xff|b\x1dlT\x08\x19\x8d\xf9\x11^\x9d\
R\xe5?\xa8\x1f\xe2\xd9z\x01H\xcdgl5m*\
\xd4z\x14\xb1\xbd5\xc3F\xa1\x1c}E\xaeQ\x12\xf4\
\xc5/;\xc2\xc4\xc4\xc1\xdc\xe8\x06\xbc0\x91\xf3\x09l\
\x82\x95S\x06S/h\x8c\x87\x05\xcd\xa17O\xec\xbb\
V\x1b\x94\xafc\x0c\x22\x83b=\xcc \xcbS\x86\xd5\
\xb8<}\x5c\x0bc\xb5 \x92*\xe8:\xa1\x97\xf0*\
\x10\xa1\xf6\xb0N\x01\xf0\xe3\x000\xa8\x86\x11\xb5'\xe2\
\xc9Qr\x84DT\x1f\x97]\x22\xb2F\xce\xa6\xa7\xaa\
\xf3\x10-g\x94\xe1\xd3\x10(\xb2\xb1\x97\x16\xdd\xe0\x1a\
j\x90r\xc5\x96\x92\xeb\x8f\xcc\xad\xc2\x14HX.Q\
\x06\x82W%\xca\xc0\xac{\x14\xf3\x9d\xc3\x13\xab\x12\x0e\
)\x11\x10\xdc[(\x84.(\x05\x84C\xbb\xdc#\xb1\
\xfb\xeb\xa3*\xbc\xd8\xfd\xf5\x5c1U\xb4j\x0fs\x5c\
\xa3\xf2\xa9\xa1\x8f\xb9k\x15M\x9ayU\x08\x9f\xe8\x82\
\xad\xf5\x1b\x96\xaf+\xb1\x8b\x15PazcIq\xa8\
/aW\xbf\xe9\x81\xa2U\x0a\xcf\x9a\xd7)W{\x83\
tgip\xf4\xe6\xcb\xab\xcd\xde\xa6gP\xbe\x1a\xc2\
Fr6g@\x94\x91\xf0\x8c*9Al\xe3\xd9\xc0\
K\x1c\x9ffNy\xca\xfd\xda\xc8\xaf\xc2\xb1R\x8f~\
\xdb6\x9a\xd4k \xdf\xd8\x16\x05\xb2j\xba\x8e^E\
\x92\xd4Q*\x97o\x981\x95\xd8\x02U1L\xb9\xc2\
\xb5\xb4\x05\xa2\x1c&+E\xadZ\xc02)y\x09\xec\
\x1a\xc0\xc8\xbcxlx\xc3\x80\x1dF\x84\xc7\x9a,\x99\
\xae\xbbW\xf8\xbfU\x8e^\x05\xe4V\x0e\x19s\x5c\x84\
\xae\x02\xad]3\xab\xc4\xf3r\xe2;\xf6r\xd2\x81,\
\x1f72^:&\xed`\xe8@fg>\xc0L\xc7\
T{\x97&\xbc\x13;\xb2-\x9eN\xb0\xcdQ\xd2;\
\xab;!;M3)\x5cc\xc6v\x9b\xb9\xd82\xe9\
\xdc#\x09-fQ%\xa1\x05&\x8e\x12[\xb6\xcbG\
\xb6\x02[\xb6\xb3\xf31%\xd3\xdb\x1e\xad{+\xa5=\
\xf3\xda\xb2\xca\xe5J-$\x98\x80?\x9c2\xa1\xc6\xe1\
\xf4\x89,R\x98\xfa\x22\xd4\x82\x15w\x96]\xfc\x87\x87\
\xe6>\x9e\xed\xbb\xa6\xc7\xcb4D\xc1*\xf3,\x13\xac\
i\x04\xd9\x99\xceCUU\xd4\xd76\xe2\xf8\xc0\x9a\xcc\
T\x1a\x9c\x17\x01\xe2\xa4\xacp;\x03\xe3\xa4\xaf\xf3\xac\
\xc4\xddn\xba\x84\xcb\xcd\xc1\xadm\xba\x1a\xa5\xb9\xad+\
\xf6\x88\xda\xb3\x8a7\xab\xb5Y\x82>@WR\xb2@\
n\xe2\x86\x8aD\x5c\xfb\x94\xf2V\xa8\xf1Ku\x80@\
\x9bd\x09\xbd\xd4\xd8\xef\xc7\xbc\xb1-z\xc9)\x06\x13\
\xec+\x93\x01\xd3\xdc\x17I}Q\x83\x98\x87yQ)\
\xa5z\xa5:(\x91R\xbc\xe9\xe0f\xc4\x99\xbd@\xd8\
\x80\xb5\x97\x9b\x8eB1\x15\xd3\x11:h\xb9\xfe\xc55\
j\x18@'\x9a\xf3;\xd4v\x0c\xf7\x87\xcd\x15\xc9U\
\xb1\xe6\x89H\xfev\x01&\x88\xe6W\x83*\xe3\xd6P\
7\x98^\x16\x9d\xbam\xc5L:u\xb3\x83\xc7\x9f\x04\
\x88\x9c\x22\xaf\xae\x07\x80\xf9\xa1s\xb1|6]\x10\xb8\
\xa4\xf3\xf3\xa4I\x05q\x08-zU\x98q\xd73\xea\
S\xdfd,_\x81\x86\xfd\xe8\x9amL\x86\xd4\xd3S\
~\xf6\x09\xef\x9c4\xfb\xd07\x96\x0eb\x06*Q\x96\
\xe2\xf2\xd7\xc6\x8d0\xb0\xe0\xbcW\xddx\x95B1\x0a\
\x96J$9\xc8K)]\xf9\x1a*Jt\x010\xbd\
\x81-\xc8\xd2\xf4\xfeNV\xf4g&r\xdf<\x0c@\
\x09\x8e\xf1F\xf1\xf4X\xae\xd90?\xec\xd9\x0cR\xdc\
\xbc\x22\x9eB\x8d\x16-\xab\x94\xde\xfd\x5cE\xf7\xf1z\
Km!\xf0\xa0\xdcR\x1a\xbeW\xc8\x1dT7\x9b\x1f\
\xcb\x1f\x1cM\xe1U\x1d<wp4\xce\xb2\x148$\
CD\xbdA\x22]\x9e5\x02\xbaCY\xea\x9dK\xde\
\xcbo\x93\x11U\x9f\xf31u\xa8\xed\xbd\x86Q\xc0\xea\
\xcey\xae\x0b\xa9a\xcd\x94`\xc5a4!\x8cJ\xed\
\xb7`\x06\x02\x1dG\x1c\xa7\x9b\xb68Y\xdd*\x8f\xd4\
3Qc\x9cT\xd6\xc5n\xdaF\x93\xf0\x82:\xd8i\
l355P\xdd`^xd/2qX\xfa\x97\
,U\xdb\xa9\x82\x85\x898\x96\x99\xf5\xcb\xf4\x7f}J\
\xdeY\xd2]\x94\x9e\x89\x16\xe4\xcb{h?L\x84\x91\
u\xa5\xc8\xb9sb\xb0\xb1\xc89u\xce\xf1{\xa5D\
\xb5\xd0\xdf\x14\xc9X\xa3\xb9\xee\x9ecM\xd0\xe8\xab\x12\
;\xca\x0d\xe7\xcd\xa3\xad\xa4\xccd\xf5*,Id\x90\
\xa50*a\x05\x05\xf9c2_J\xef`!\x88W\
/R\xe6\x5c\x84\x22\xc4A\x1f\xb6\xc3cu\xcd\xf1L\
\xbc<\xdcY!\xdc\x80\x93.\x96y:\x85D\x01,\
\xf6\xca!\x14\x8d#\xdc\xa6\x96E\x02\xa1\x96k\xdb$\
1\x839b\x14\xdc\x16\xd0\x90\xa4Z\xa4\xa9I\x1a\xb2\
cE\x0aoW\xc3\x99\x07p\x98\x04\xd8[nH\xeb\
\xa1\xdd\xde\x0aC\xaa\x9cs\xafl\x12^\x19.5\xc1\
K\xc1\xd5M\xa2\xb7\x8ck\x18\xf9Qi\xf8\xfc\x96q\
-3\x8dY\xac\x8b\xc1W\xe1\xa7(\x81n\xf0x\xa0\
\xe8\x04\x8e\xe1\xfd\x09\x8c\xc5z\xe2\xbcr\x82\xba\xdfE\
\xb1~\xed\x0aXr8\xef\xc3\xae\x88*\xef\x8bAV\
W\x9dMwZ\xfb\xe1%\xba\xf1w\xa2\xc6\xec\xf1|\
DR\xe9\xd9\x88\xdb\x9a\x06?\x86\xbfp\xa379\xda\
\xd9\xb1[\xe4\xe3\x92\xa2\x85\xdf\x18\x1f\xc8\x0a\x15RU\
(F\x9blrgZ5Z\x0c(b\x5c$-\xb0\
0(\xde\xa2\xf2{3\x03Q\x8f\x85u\x98Ry\x12\
y\xc1'\x91\xafXa\xea\x93\x1b\xb9\x96^0\xea!\
\xb92\xaeF\xbd\xbfr\xdc\x22-\xe2\x22\x5c\xea`\x87\
\xea<\xd2\xc0\xf4\xc4~L\x9a\xd0*c\xf0\x22\xf8<\
\x97:\xb1,\xf3c\xcb\x92\xaa\xd4\xf0\x01UbY\xa2\
\x82`\x1a\xa46\xac\x1fX\x1e\xce\xfc\x88\x9f\xb4\xcc\xa8\
\x98\x99\x5c\x01\x9aJu5\x12~\xd8\xe9\xab\xae\xc6T\
\x8a\xea\x9a\xec\xfa/\xa7\xa5\xab\x16\xffPT\xe4$\x9c\
\x99\x098\x92\x12\xb6Q\xf6+\xa8\xc7P\x89u\xb6m\
\xac\xcc*\xdf\x89\xae\xad\x86f\xf3\xec\x95rn\xef\x8e\
\x01\xdb\xf4\xcd\xa8\xe3[%O\xb7r\x95\xad\xc8\xfc\xa2\
8\xc2x,j\xfbV\xd0\xa8\x8a\xb91\xc3\x0f\x03P\
\x93\xa0\xe6T\xd4\x14Z+\xeb\x09\x1a/q\x91\xf0\x0a\
%\xaa\x0f\xcf\xd8&9\x86\x82\xaa\xc3I\x80e*w\
&_\xfe8\xbc,\xc4G4\xe0\xb2\x8c\xe0\x0eC\xc3\
\x8a\x92\xe9\x1f\xc3\x98\x08<\x96\x93dr\xe3\x22% \
M\x1c\x98\x0d\xa3(\xe2a\x8bQ\xa5\x80FG\x15\xd1\
\x0d\x10\xe0 {\xcf/\x15L\xb0P\xe4\xc0\xaa\xb4\xf5\
I\xad+|\xd4\x10\xbf +\xa8\xfb\x16\xadJ\xba$\
\xac\xef\x9a\xbcv\xcbP\xc6<\xcc\xa2\xd5^\xc3[\xb7\
\x0c\x11\x00Q\xa1\xa7\x8aU\x9b*\xb4\x9ff\xa9\xa4\x0a\
P\xba\x14\xfe\x1d6s\x83\x97\xfae\x96\x8a\x1e9^\
\x98\x1d\xfai`\xe2\x86Y\xa0\xce\x02}l:\xb3.\
_\xf4v\x1aS\x9eFQ\xa5\x0aP\xca\x5cxQ\xa1\
%-\xbf+\xc2\xbbc!\xddR\xf9]\x0c\x11\x0e\x82\
\x83\xa7\x01w\x08y\xa9\x1e\xde\xf8\xc6d\xce\x1eX\xfe\
1^\xfeb\x0f\x22^\xf0\xad\xc0\x0f\xa7\xe9gzQ\
k\x06\xdd\x01\xf4\xdb8n[V\x92QK\x07\xe8\xce\
\xa0l\xdaS\x18\xd3\xe8\xff\x0d\xfa(\xd8\xf4\xff\x93F\
\xa6\x00\x8fq\xc3\xcc.\x9d\xd6\x02\x1cbQ\x8c\x8a[\
\x92Z]\xa8BK-\xac4\x13\xbd\x07\x98c\xaf\xe4\
\xac\x99Ik\xc2\xf0\xabu)\xcar\x97M\x05\xf8\x1b\
c\xfe\x02\x0f\xafB\x1d\xe3\x95\x13\xe2\x95\x9a\xe26~\
\x10\x01+\xd8\xde\xb1\xdc\xbe\xf7\xd8\x95\x82A9\xa6\xc0\
r\xa7\x91\x9e=\xd3Z\xb0T\x010\x8d\x96\xd9Ht\
T\xedp\x96\x85GUh9'h\x19_d\xa9`\
\x1d\x8d\x90\xe7\xeb;\x0d\x88{\x14\xe9\x13\x81r\x1a8\
T\xe42X\x22e\x22\xa0\xc1\xb4b!\xf1t\x0b\xb1\
\x01'\x84\x81\xfcT\xc9\xa5.\x14V\x0f\x0bC\xf8)\
\xdd\xcau%\x02\x1a\xee\xf9\xbf\x95\x1c\xb3b=\x89\xfb\
\x06r\x15\xae-\xa9\xd0\xf5A^b\xb2*v\x89I\
|\xac)w\x99\xa4\x0f\xbf\xa2w\xa2\x5c\xd3\x0a\x06e\
z\xd3C\xb8\xe6$\x1d\xd8\xf4\xef;I\x87\xd1\x13\x83\
1]\x849\x92\xc3?8\x9c\x99\xce\xb5(\xe9\xad\x97\
p\xdd\x95\xdd(&'$\xa5\x15,\x9e\x05:l^\
\xe7\x190r\xd5\xe2\xf4N\x82\xeb:*\xa1\xaf\xfa\xba\
\x8e\xf8r\x84\x8asz\x873\xb0\xf8\x94\xea\xd6\xe6\xc6\
a\xe9\xae\xe6t\x00\xe7H\x97a\xaa+\xa1x\x91Z\
\xcc\x8ca\xe5C&\x96M+|-_\x9f\x8a\x17c\
J\xc57<V\x8b\x19\xb8T\x9e\xf2\xab\xac\x5c\x19\xbb\
\xa7\xfcx}i\xbc\x22O'\xd8J\xc1L\xa2\xa3\x16\
W\x8e\xf9a\x14\x9c\xc8:\x9f\xfeL\xd6\xe1L0\xa1\
\x83\x22\x05\xb2\x14>\x19\xbc\xa0\x8c\xe24\xcb2>\xc8\
i\x95\xabc\x1a\xe4n\x85/wq\xdd\xb3(qi\
\xa1\xe5z\x5c\x08%C\xa9\xb1<o\xa0\xe8zY\x91\
1\x91\xecb\xa1\x22{W\x9c_\xf4\x92A2 %\
\x04\x07Y\xbbxx\xd1;8\xa0\x86\xd9_\x19fJ\
\x22\x9f\x81W.\x9b\x11\x8e\xb90\xd1\xab\x94zfd\
<\x93\x1b\xfc\x89a\xdc\xa8\xc8\xeeMK\x97H+\xf4\
\x11\x94\xcdN&Mt\x95M\x9b\x10\xd1\x9b\x8ab\x1a\
\xe1\xd4\xb6\x84\xd9\xc3r>\x84\x5c\xc7\x82\x16\xbe\x0e\x8f\
}\xbb\xa29\x11\x18\xa6)*O\xa8\x17\xe1`\x93\x13\
\x12\x10\xaa\x08\xd9\x8e\xac\x22\xb8{=\x87\x95Et\x9e\
\xc5\x1b\x14F\x94\x11\xb3\xc0#\x92\x1d\xa9\xcc@4\x85\
\xd8\xe4\xa5\x0d\x8c\xb0\x0e8+6\x14\xa4\x96\xca\xf2>\
x\xd7\xe1\xec4H-+\xf2\x94:\x9dWW\x11\xf6\
\xc8IRrf@<Il3#\xd0\x98y`\x8b\
[\xf8\x14\xb7V\xef\xdb>:J\xafl\xcf\x19\xa3z\
\xd1\xc2\x1a\x8d\x8c\xc4\x0a\xe3\x8e\xef`\xa2>O\x806\
=x\x89\x16\x1b\xef\xd16\xd04K\xa6t\xd0_\x1d\
`\xf64\xf1\xaaX\xc0\x1cK\xb4B\xbd\x930\x0f\x92\
\x12m\x88\xd9&{\x0d\x8c\x12\x1b\xef\xfc\x0bo\xc7N\
n\xf1\x8cH\x8epF62Y\xaeh\xa6\x94\xdeP\
\xde9)X\x8c\xcf\xccS7\xd4\xc8\xce\xd0\xbe\xc8\x97\
E\xaf\x194B\x5c\xcbW\xc01\xd0\x95B\x80\x9d\x8f\
\x8aQ`\xe3\x03\xd7?\xaanT\xee\x8e\xeda3O\
\xa9\xc2t\xec>ZZ\xcd\xb1\xbc\xf0\x02\xb7\xb2\xd1\xb7\
\xd2\x05n\xb1\xd8\xdbr`g \xea\xe6\x14\x81\xa9\x8d\
\x1b\xec\x5c\x18\x87\x9a\xd6\xfc\xecxs~\xdf-\xd3\x90\
3R\xbezP\x9a|4aO\xc8\x07.\x01\x14\x81\
\xb9]\xc10\xb4<MQ\xcc`6;-*>\x1a\
\x18\x10\xec\x9c\x85\xbe\xd2Sn\xa8\xb3b^t\xacX\
-\x8e3\xb9\xef\xbcoxg9 =1 Te\
b\xc5\xf0E\xd4\xbd*\xf6\xffH\x0e\xde\x982\xb2E\
\x8c\xbb\x17\xa1\xffi}\xbd\x13?m\x1a\xcc9a\xde\
F\xaa\x8b\x95\xe6_\xc8.\xd6\xf4\xf5\x1cNn\x9cX\
\xcf\xe1pW\xca\x01Y\x18\x16\x0eO\x9e\x03\xb0\x92\xa4\
RQ\x0fZ\x19<t\xfeg\xbd\x09\xf4\xa2\xb4\x0b\xc8\
\x92\xce\xff\xe7\xdf%U?+b\xfd\xa8\xcf\xc4XP\
V\x14\xdd\xe6\xf0\x9e\xa4\x83+\xdd\x0b\x90O\xd5\xd52\
E\xac|\xa53\x9a#6\xa4\x1d\xcd\xa8z\x98f\xb8\
\xa1\xaa\xe9B\xd0\x8b\xfa\xa1\xb9j\x17i\xd0\xe8\xa8\xbc\
\x8b\x83\xfd\x1b\xc5.\x16r\xa3\xa9\xbbX!\xafp\x98\
yuh\x86\xa6\xb8\x18\xe8\x8a0J Y\xc6UN\
\x91N\xf8\xdf1\x97G\xa4\xa0\x8f\x87\x88-\x12P\x18\
\xce\x8c\x86\xa1\x1c^L\x99\x8f*R\x82\x83\x9dA\xa3\
\x12\xc2\xba\x9d,\xbf8\xf4\xbe\xd3\x84 \xcc\x89\xa6\xa9\
 ,1\x05\x90n\xd4\xc2|S\xa6\xbbs\xa5\xa9'\
}\xd6\x1b\xc3;\x8cd\x87Y\x90\x85\xab:\x8bUa\
\xaa\xe48\xa3w\x1a\x89\x8e\xc4q\xaa@\xd72\xa3\x99\
)\x954f\xb8 \x9d\x98a\xd9b\xd8|oz\xed\
\xd9\x95\x15F\xac}\x1eV/\xbd\xfdlh\xafX\x07\
\xa17J\xad\xd2\xa1\xcc\x0f\x8d\xb8\xf2\xd1\xf0\x1d\xd4\xdc\
\x8a\x05\xc3\xab!.*\x0f1q\xf0\x7fx\x0cr\x18\
,\x962^F-\xf1S\xa3x\xd0m\x07PPp\
\xd2\x13D\xdd\xce\x0a\xee\xb8`7?O/\xf26\xbd\
Qe\xcfSj\xd3\x85\x8a#\x92\xb4\x93\xd3\xc3\xc2\x83\
\x11\xf9\xf4\xb4\xfc\xb0\xca\xc6\xde\xa47=\xb4\xc3\xe4t\
x\x87|h\x9a\x0e\xf2\xb8\xc0\xad_\xae\xd8\x85p\xd0\
S\x97\x7f\xb4\xb6By\xf0\x0fD\xa4\xbd\x5c\xeb&\xa8\
\xfc\xd6\x8d\xb3a>\x09uM\x928j\xaak\xfa\x04\
\xee3\xb9~_\xb2BIT\x95\xcc\x86\x1b\x1bge\
g1=\x84\x95\x80\xa1\x95\xcc\xba3E\xd3\x92K]\
\x04\xc8#\x95\x9d\xa1\xbe:V\xae-\xacx\xc1\xf5\xcd\
,E\x96\x80\xfd\xa5\xaf\xd6\x9c\xb0\x9aC\x94\x0c\x05q\
\xb7\x8e\x08\x1a\x5cY\x09\xd8\x8e\xf0\xe2c5%\xb4\xd2\
X\xbc\xe9\x11\xc1\xa1\xe5'\xd2`?w+:\xe8\x0f\
>\xd8=\xde\xf8\xd0\xca\xa3\xc6\xa1\xbc\xf3rpq\x88\
\x07\xebo\x88\xb7\xffs\x15\x1e\x8b\xc3\xfd\xcb\xd5\x00\x8b\
\xf7\xf4g)J\x11\x07:O\x5cVXF\x8c\xb6\xe3\
\xf5\x85\x11)\xdar\xd6\xb8\xee\x0f\x8c\xca\x22\xael}\
\x1d\xe9r\xb3h\x01\x18%\xb0\x19xS\x9a\x85\xa4P\
\x88x\xfe\x1b\xfb\x1c\xcb\xd2\x0b\xfc:\xf2x\xbb\x9ex\
\xbb\xf2\xc5{\x84m\x11@\x8dU\xa0Qv\x12h\xfb\
i^:U\x07T\xdb\x97\x9dle\xc0\x9f*]\x07\
\x9b\x8c\xf0\x8b\xa7v\xa7\xa7\x90\xbc\x0b/\x81\x0d#\xf1\
\x82T\xecH\xbeH\xa2\xf3\xbb\x12u\xa2\xd4\xe5\x8d\xd5\
\x15\xac\xf4H\x82;s\x1d\xf8\x11\xe6\x18\xd4\xcf\x09\xca\
;\x07A3,\xf7M\xae\xeb$\xaa\x8f\x0b\xc3 \x08\
`\x14\x93\x1c\x0e*\x1aI\xe5{\xa5\xf2H:K\xa3\
\xf7|\xca\xb0|^\x94\x87V\x8a\xa6Q4N\x91\xd7\
)\xc2:\xdb\xa8\xf9\xd3\xf8\xc4\x9e\x14\x8c\x9cV\x82b\
\xa2\xdd\x89\x8a\x14\xc5\xf4e\x0al\x01Y\x18\xcd\x0b\x93\
\x16#\xb3\xa1j?/\xb2\x18\xef\xb3K\xd9\xa7|%\
\xab\xaa\x9f\xd9\xa2\x1fv?k\x99\x1ef\xc5\x08\x1cC\
\x1f\x84\x88\xe1\xc4\x9d3le\xeb\xe9G\xed\xd5\xe6u\
\xd3>\x98s*\xd6\xe02\x9a\xadXU\xf5\xff\x01O\
\x0fT\xb4\
\x00\x00\xd4\x98\
%\
PDF-1.4\x0a%\x93\x8c\x8b\x9e Re\
portLab Generate\
d PDF document (\
opensource)\x0a1 0 \
obj\x0a<<\x0a/F1 2 0 R\
 /F2+0 22 0 R /F\
3 17 0 R\x0a>>\x0aendo\
bj\x0a2 0 obj\x0a<<\x0a/B\
aseFont /Helveti\
ca /Encoding /Wi\
nAnsiEncoding /N\
ame /F1 /Subtype\
 /Type1 /Type /F\
ont\x0a>>\x0aendobj\x0a3 \
0 obj\x0a<<\x0a/Conten\
ts 57 0 R /Media\
Box [ 0 0 612 79\
2 ] /Parent 56 0\
 R /Resources <<\
\x0a/Font 1 0 R /Pr\
ocSet [ /PDF /Te\
xt /ImageB /Imag\
eC /ImageI ]\x0a>> \
/Rotate 0 /Trans\
 <<\x0a\x0a>> \x0a  /Type\
 /Page\x0a>>\x0aendobj\
\x0a4 0 obj\x0a<<\x0a/Con\
tents 58 0 R /Me\
diaBox [ 0 0 612\
 792 ] /Parent 5\
6 0 R /Resources\
 <<\x0a/Font 1 0 R \
/ProcSet [ /PDF \
/Text /ImageB /I\
mageC /ImageI ]\x0a\
>> /Rotate 0 /Tr\
ans <<\x0a\x0a>> \x0a  /T\
ype /Page\x0a>>\x0aend\
obj\x0a5 0 obj\x0a<<\x0a/\
Contents 59 0 R \
/MediaBox [ 0 0 \
612 792 ] /Paren\
t 56 0 R /Resour\
ces <<\x0a/Font 1 0\
 R /ProcSet [ /P\
DF /Text /ImageB\
 /ImageC /ImageI\
 ]\x0a>> /Rotate 0 \
/Trans <<\x0a\x0a>> \x0a \
 /Type /Page\x0a>>\x0a\
endobj\x0a6 0 obj\x0a<\
<\x0a/Contents 60 0\
 R /MediaBox [ 0\
 0 612 792 ] /Pa\
rent 56 0 R /Res\
ources <<\x0a/Font \
1 0 R /ProcSet [\
 /PDF /Text /Ima\
geB /ImageC /Ima\
geI ]\x0a>> /Rotate\
 0 /Trans <<\x0a\x0a>>\
 \x0a  /Type /Page\x0a\
>>\x0aendobj\x0a7 0 ob\
j\x0a<<\x0a/Contents 6\
1 0 R /MediaBox \
[ 0 0 612 792 ] \
/Parent 56 0 R /\
Resources <<\x0a/Fo\
nt 1 0 R /ProcSe\
t [ /PDF /Text /\
ImageB /ImageC /\
ImageI ]\x0a>> /Rot\
ate 0 /Trans <<\x0a\
\x0a>> \x0a  /Type /Pa\
ge\x0a>>\x0aendobj\x0a8 0\
 obj\x0a<<\x0a/Content\
s 62 0 R /MediaB\
ox [ 0 0 612 792\
 ] /Parent 56 0 \
R /Resources <<\x0a\
/Font 1 0 R /Pro\
cSet [ /PDF /Tex\
t /ImageB /Image\
C /ImageI ]\x0a>> /\
Rotate 0 /Trans \
<<\x0a\x0a>> \x0a  /Type \
/Page\x0a>>\x0aendobj\x0a\
9 0 obj\x0a<<\x0a/Cont\
ents 63 0 R /Med\
iaBox [ 0 0 612 \
792 ] /Parent 56\
 0 R /Resources \
<<\x0a/Font 1 0 R /\
ProcSet [ /PDF /\
Text /ImageB /Im\
ageC /ImageI ]\x0a>\
> /Rotate 0 /Tra\
ns <<\x0a\x0a>> \x0a  /Ty\
pe /Page\x0a>>\x0aendo\
bj\x0a10 0 obj\x0a<<\x0a/\
Contents 64 0 R \
/MediaBox [ 0 0 \
612 792 ] /Paren\
t 56 0 R /Resour\
ces <<\x0a/Font 1 0\
 R /ProcSet [ /P\
DF /Text /ImageB\
 /ImageC /ImageI\
 ]\x0a>> /Rotate 0 \
/Trans <<\x0a\x0a>> \x0a \
 /Type /Page\x0a>>\x0a\
endobj\x0a11 0 obj\x0a\
<<\x0a/Contents 65 \
0 R /MediaBox [ \
0 0 612 792 ] /P\
arent 56 0 R /Re\
sources <<\x0a/Font\
 1 0 R /ProcSet \
[ /PDF /Text /Im\
ageB /ImageC /Im\
ageI ]\x0a>> /Rotat\
e 0 /Trans <<\x0a\x0a>\
> \x0a  /Type /Page\
\x0a>>\x0aendobj\x0a12 0 \
obj\x0a<<\x0a/Contents\
 66 0 R /MediaBo\
x [ 0 0 612 792 \
] /Parent 56 0 R\
 /Resources <<\x0a/\
Font 1 0 R /Proc\
Set [ /PDF /Text\
 /ImageB /ImageC\
 /ImageI ]\x0a>> /R\
otate 0 /Trans <\
<\x0a\x0a>> \x0a  /Type /\
Page\x0a>>\x0aendobj\x0a1\
3 0 obj\x0a<<\x0a/Cont\
ents 67 0 R /Med\
iaBox [ 0 0 612 \
792 ] /Parent 56\
 0 R /Resources \
<<\x0a/Font 1 0 R /\
ProcSet [ /PDF /\
Text /ImageB /Im\
ageC /ImageI ]\x0a>\
> /Rotate 0 /Tra\
ns <<\x0a\x0a>> \x0a  /Ty\
pe /Page\x0a>>\x0aendo\
bj\x0a14 0 obj\x0a<<\x0a/\
Contents 68 0 R \
/MediaBox [ 0 0 \
612 792 ] /Paren\
t 56 0 R /Resour\
ces <<\x0a/Font 1 0\
 R /ProcSet [ /P\
DF /Text /ImageB\
 /ImageC /ImageI\
 ]\x0a>> /Rotate 0 \
/Trans <<\x0a\x0a>> \x0a \
 /Type /Page\x0a>>\x0a\
endobj\x0a15 0 obj\x0a\
<<\x0a/Contents 69 \
0 R /MediaBox [ \
0 0 612 792 ] /P\
arent 56 0 R /Re\
sources <<\x0a/Font\
 1 0 R /ProcSet \
[ /PDF /Text /Im\
ageB /ImageC /Im\
ageI ]\x0a>> /Rotat\
e 0 /Trans <<\x0a\x0a>\
> \x0a  /Type /Page\
\x0a>>\x0aendobj\x0a16 0 \
obj\x0a<<\x0a/Contents\
 70 0 R /MediaBo\
x [ 0 0 612 792 \
] /Parent 56 0 R\
 /Resources <<\x0a/\
Font 1 0 R /Proc\
Set [ /PDF /Text\
 /ImageB /ImageC\
 /ImageI ]\x0a>> /R\
otate 0 /Trans <\
<\x0a\x0a>> \x0a  /Type /\
Page\x0a>>\x0aendobj\x0a1\
7 0 obj\x0a<<\x0a/Base\
Font /Courier /E\
ncoding /WinAnsi\
Encoding /Name /\
F3 /Subtype /Typ\
e1 /Type /Font\x0a>\
>\x0aendobj\x0a18 0 ob\
j\x0a<<\x0a/Contents 7\
1 0 R /MediaBox \
[ 0 0 612 792 ] \
/Parent 56 0 R /\
Resources <<\x0a/Fo\
nt 1 0 R /ProcSe\
t [ /PDF /Text /\
ImageB /ImageC /\
ImageI ]\x0a>> /Rot\
ate 0 /Trans <<\x0a\
\x0a>> \x0a  /Type /Pa\
ge\x0a>>\x0aendobj\x0a19 \
0 obj\x0a<<\x0a/Filter\
 [ /FlateDecode \
] /Length 706\x0a>>\
\x0astream\x0ax\x9cm\xd5]k\x1aA\
\x18\x86\xe1s\x7f\xc5\x1e\xb6\xf4@w\xde\xaf\x04D0\
&\x81\x1c\xf4\x83ZzntL-u\x95U\x0f\xf2\
\xef;\xcf>\x92\x0em\x053\xb7\xee,^\xcc\x12\xde\
\xf1\xe2\xe9\xfe\xa9\xdb\x9d\x9b\xf1\x97\xfe\xb0^\xe6s\xb3\
\xddu\x9b>\x9f\x0e\x97~\x9d\x9b\xe7\xfc\xb2\xebFm\
j6\xbb\xf5\xf9\xfai\xf8\xbb\xde\xaf\x8e\xa3q\xb9y\
\xf9z:\xe7\xfdS\xb7=\x8c\xa6\xd3f\xfc\xb5\x5c<\
\x9d\xfb\xd7\xe6\xdd|x}\xb8\xcf?W\xdf/\xcbU\
wz?\x1a\x7f\xee7\xb9\xdfu/\xff\xbf\xba\xbc\x1c\
\x8f\xbf\xf2>w\xe7f2\x9a\xcd\x9aM\xde\x96\x9f\xf8\
\xb8:~Z\xeds3\xfe\xe7\x96?\x1b\xbe\xbd\x1es\
\x93\x86\xcf-\x95\xeb\xc3&\x9f\x8e\xabu\xeeW\xddK\
\x1eM'\x93Y3\x8d\xc7\xd9(w\x9b\xbf\xae\xb5\xe9\
\x86\xf7<o\xd7?V\xfdu\xef\xa4\xbcf\xa5\xdb\xa1\
\x17C\xa7\xa1\x1fn\xd1\xc2\x1e\xbeW\xf6\x0d\xda\xd8s\
\xb4\x97N\x93\x94\xd01t\xab\xe8\x9ba\xcf\xe3\xd0\xb7\
\xdc\xff\x80\x9e\xa3[\x13\xf4\x1d\xbf\x0f\xf4\x82\xfb\x87\xdf\
\xbd\xafl\x0fU?\xfe\xe9\xb6\xf2\xb7m\xd5\xa9j\xa9\
Z\xab\xb6\xaa\xbd\xea\xa8\xfa\xa6\xea\xdb\xaa\xe7U\xdfU\
\xbd\xa8\xba\xf2\xb7\x95\xbf\xad\xfc\x89\xfe44\xfde)\
M\xffp\x9e\x89\xfe\x84\xb3J\xf4'\x9cg\xa2\xbf,\
\xa5\xe9/Ki\xfa\x13\xce3\xd1\x9f\xf0\xbc\x12\xfd\x09\
g\x9b\xe8Oxv\x89\xfe\xb2\x94\xa6\xbf,\xa5\xe9/\
Ki\xfa\x13\x9e]\xa2\xbf,\xa3\xa9\xd0/\xf0\x0b\xfd\
\x02\xbf\xd0/\xf0\x0b\xfd\x02\xbf\xd0/\xf0\x0b\xfd\x02\xbf\
\xd0/\xf0\x0b\xfd\x02\xbf\xd0/\xf0\x0b\xfd\x02\xbf\xd0/\
\xf0\x0b\xfd\x02\xbf\xd0/\xf0\x0b\xfd\x02\xbf\xd0/\xf0\x0b\
\xfd\x02\xbf\xd2\xaf\xf0+\xfd\x0a\xbf\xd2\xaf\xf0+\xfd\x0a\
\xbf\xd2\xaf\xf0+\xfd\x0a\xbf\xd2\xaf\xf0+\xfd\x0a\xbf\xd2\
\xaf\xf0+\xfd\x0a\xbf\xd2\xaf\xf0+\xfd\x0a\xbf\xd2\xaf\xf0\
+\xfd\x0a\xbf\xd2\xaf\xf0+\xfd\x0a\xbf\xd1o\xf0\x1b\xfd\
\x06\xbf\xd1o\xf0\x1b\xfd\xc3\xff\x9a\xd1o\xf0\x1b\xfd\x06\
\xbf\xd1o\xf0\x1b\xfd\x06\xbf\xd1o\xf0\x1b\xfd\x06\xbf\xd1\
o\xf0\x1b\xfd\x06\xbf\xd1o\xf0\x1b\xfd\x06\xbf\xd1o\xf0\
\x1b\xfd\x06\xbf\xd3\xef\xf0;\xfd\x0e\xbf\xd3\xef\xf0;\xfd\
\x0e\xbf\xd3\xef\xf0;\xfd\x0e\xbf\xd3\xef\xf0;\xfd\x0e\xbf\
\xd3\xef\xf0;\xfd\x0e\xbf\xd3\xef\xf0;\xfd\x0e\xbf\xd3\xef\
\xf0;\xfd\x0e\xbf\xd3\xef\xf0;\xfd\x0e\x7f\xd0\x1f\xf0\x07\
\xfd\x01\x7f\xd0\x1f\xf0\x07\xfd\x01\x7f\xd0\x1f\xf0\x07\xfd\x01\
\x7f\xd0\x1f\xf0\x07\xfd\x01\x7f\xd0\x1f\xf0\x07\xfd\x01\x7f\xd0\
\x1f\xf0\x07\xfd\x01\x7f\xd0\x1f\xf0\x07\xfd\x01\x7f\xd0\x1f\xf0\
\x07\xfd\xd7\x09q\x9d\x04\x98\x15\x98so3h}\xe9\
\xfb2\x9e\x86a8\x0c\x1e\x8c\x9c]\x97\xdf\xe6\xe5\xf1\
p\xc4]x\xff\x06\x9d\x1e\x9f\xbdendstr\
eam\x0aendobj\x0a20 0 \
obj\x0a<<\x0a/Filter [\
 /FlateDecode ] \
/Length 19474 /L\
ength1 36740\x0a>>\x0a\
stream\x0ax\x9c\xec\xbd\x09|\x14E\xf6\
8^\xd5\xd5\xd7\xf4\xdc\x93LB\xee\xceM $!\
!\xdc\xc2$\x10 \x10B\x08!\x1c\x8a&\xe4 A\
\xc8\xc4\x1c\x9c\xb2\x5cB@\xd0\x80\x10\x10D\x88\x0a\x08\
\xc8\x22\x22\x8b\x01QQ\xa3\xa8\xc8\xee\xba\x80\xbb,\xb8\
\xae\x8a\xd7w\x11Y\xbf\xac\x22$\xcd\xefU\xf5L\x0e\
@\xd7u\x8f\xef\xfe?\x9f?c\xa7\xbb\xab\xab^\xbd\
\xfb\xbdz]3\x22\x8c\x102\xa3E\x88\xa0\x9c1\xe3\
\x12\x93'\xf5\x98\xd5\x03Z\xce\xc3\x91_4\xb3\xb0\xd2\
\xf8\xaci1B\xb8\x17\x1c~E\xb3jTT\x1e\xd2\
\x0f!.\x0b\xee\xb5\xd2\xcai3\xef\xeb5k:B\
<\xdc\xa3g\xa6\xcd\x98[\xfa~m\xdf\x1c\xb8\xbf\x8a\
\xd0\xd0?\x94\x95\x14\x16\xa3kc+\x10\xca\xfc-<\
\xef]\x06\x0d\xa6&\xf15\x84F\xcap\x1fU6\xb3\
f\x8e\xff\xa2\x01\xd3\xe0>\x1e\xe05\xcfp\x17\x15\xde\
;\xfa\x171\x08\x8d\xba\x0c\xcf/\xcc,\x9cS\xc9\xff\
I\xbc\x0f\xa1\xac\xd3p\xafV\x14\xce,\x09\x9b1\xba\
\x11\xee\xaf t\x87\x5c\xe9\xae\xae\xb9\xb1\x18MFh\
e\x0b}^YUR9@\xfa+\x5c>\x18\x8c\x90\
P\x860o\xc1k\x90\x00\xd7)\xc2&\x98!T?\
\x93\xdf\xa3R\xce\x01T\x18EBd\x9e\xe3\xf8\xcfQ\
\xc5\x8d\xdf\xa1\xd6\x1bJTA\x1c\x8fTSNiF\
1r!\xf5\xc6\x0d\xd1W\xf3\xc5\x9b\xa5\x99\xf8\x93\x02\
\x84o|x\x03\xe9\xff0\xc2\xeclB\x22V\xd8\xd5\
\x22\xd6\xca\x01\x1fy\x98QD\x12\x92\x91\x01)\xc8\x08\
}~\xda?3\xb2 +\xb2!;r \x1f\xe4\x8b\
\x9c\xc8\x0f\xf9\xa3.(\x00\x05\xa2 \x14\x8cBP(\
\x0aC*\x0aG\x11(\x12E\xa1h\x14\x83bQW\
\x14\x87\xba\xa1\xee(\x1e\xf5@\x09(\x11%\xa1\x9e(\
\x19\xa5\xa0^(\x15\xf5F}P_\xd4\x0f\xf5G\x03\
\xd0@t\x07\x1a\x84\x06\x03Ui(\x1d\x0dACQ\
\x06\x1a\x86\x86\xa3\x11(\x13\x8dD\xa3P\x16\x1a\x8d\xb2\
\xd1\x18\x94\x83\xc6\xa2\x5c4\x0e\xe5\xa1\xf1(\x1fM@\
\x13\xd1$\xe0\xf0\x9d\xe8.4\x05\xdd\x8d\xeeA\x05\xa8\
\x10MEE\xa8\x18\x95\xa0R4\x0d\x95\xa1r4\x1d\
\xdd\xcb\x98\x92\x8a\x9a\xd0\x09\xf8\xbc\x8a\xf6\xa0-x'\
\xdc\x95B\xf3}\xd0\xd2\xc8\x1d@\xcbP-\xb4\xbc\x8e\
O\xe0\x95\x5c\x0fh\xdb\x89.\xa3S\xd0\xb3\x0e\x9d \
{x\x84G\x02\xd6'\xa0\xffY\x81CWp\x1e:\
\x080\xfaa_\xdcO\x12y\xc4g\xf3\x07\xf9\x5c\xbe\
\x89\xff\x9c?\x89\xfa\xf0\xd5\xfcI\xbe\x80\xaf\xc6)\xe4\
I!_\xd8\x09G?\xf2\x06\xc8\xf4m\xe0P\x13\xfe\
\x10U\xa3#\xe4K\x92B\x8e\xf2Cy\x0b\xfa\x90\x9c\
${\xd0\xa70\x0b\x0f\xf0O\xa0z\xb4\x1d\xcd\x07\x5c\
|\xb1\x1b-\xe4\xe6s\xb9\xd0r\x5c8\x896\xc3\xc7\
\x0d\xcfO\xe2\xad\xf8\x14`w\x04/Eg\xd0\xa3\x84\
\xe7F\xa0\xad\xf8\x0c\xd0u\x02}\x8b\x96\x92<n!\
hQ\x0aW\x0a\xf8\x1f\x07X'a\xfcfT\x0d\x82\
?\x03\xda\xa0q\xdd\xa1\x0d\xb0\x87\xb9\xa6\xb2\xbf!\xa4\
\x87p\x86}.\xa3\x850s\x1e\xda.6\x89\xbeR\
$\xccB9\xb6\x13\xbf\x8e/\x8a\xebP#:E\xee\
\x22\xf7\x91sx\x19\x1f\xc9\xef\xe2G\xa0z\x9d\x03\xa4\
\x00\xd5\x03\xec\xcdt\x8cX\x8a\xe7\x02\xed\xf43\x9fB\
\xe7f\xf3\x05x\x0f\xfa\x92/\x90\xa6\x02\xec7(E\
0\xe7A.\x17(*EG\xe1\x98-\xda\x80\xa6\x01\
x\x19Y\x09\x98\xd2\xa7!\xe8\xa44\x92O\x84\xf1\x00\
AZ\x00T#\xe4&\xa9 I7<\xdf\x87\x0e\xa0\
\x1ed\x03\xaa\x07H\x8c^\xb1\x8f\xf0-\x8c\xdc\xc2\x7f\
\x044\xd7\xe3\x87\xb8o\xd1I2\x144\xaf\x94\xbf\x04\
\xbc\x06eE\x1b\x10zA\x12\x05\x9ep\x18\xc5\xab\xb6\
\xfd\x5ctf\xf1~\xd7\xd8\x89\xea[\x93\xc2{\xc4\xdf\
t\xab\xda$u?\xca\xd9o\x9e\xab6\xdd\xb8\x913\
\x91\x0f\x12&\xed\x17\x82\xf7\x93hy?\x1f\x1d\xf9\xd1\
\x0f=\xfc\xa8G\xfc\xa8\x9c\x89\xea\xfe\xd6\x8c\xa1\x1e\xa8\
\x19\x05C\xa1m\xdcD\xb8\xa4w\xd0\x0c\xed\x19C\xd9\
3:\xe9~!\x1a\xfe\xcb,\xd8\xaf\x16\x95\xa9\x0f\xda\
\x1e\x8c\xec\xff\xa0\xad\xa4?\xb88\x0e\x95j\x1b\xf8R\
a;X\xac\x84\x02]&\xfe:\x12\xafcYX\xc8\
\xf1(\xb1\xf9\xf4\xc5\x9e\xc8v\xfa\xe2\xe9\x8bI>\xf6\
p{t\xb8=\xbc\x94G-\xd5$\xa8\xe5Sm\x83\
d\xb9\xfaM\x95\x18w\xe3\x06X+\xf8\x19\xe9^G\
\x0c\xd8\x1e\xb2Ih\x06\x7f\x14\xd7B\xfb}7>\xe1\
\x17\x8a\xa5\xd0\x9e\xcb\xdag\xa2U\x08A\xfb|h\xef\
\xc1\xda\xb3\x11\xb2\x8bh4<6\xba\xa4\xc11\x891\
a1dJOt\x9b\xb1\xa3=c;\xb5\xdb%T\
A\xdb\x91|\xd0\x19\x1a\x11$u\xefI\x0d\x10\xa7\xe0\
\xf7\xc82>\x1c\xbc\x8e\xe3\x05\xc3qb\x12\xefB&\
\x9b\x87\x96$\xdc\xabwJ\xb2\x9f\xd3W\x8c\x8c\x88\xc1\
)\xbf\xfc\xc5\xfd\xcf\xec]\xb0`/w\xed\xfeg\x9e\
\xb9\x7f\xc1\xde\xbd\xd4\x7f\x15\xe3/\xa5-\xdc\x5c\xe0\x89\
\xf5W\xdcn\xc4c\x94\xf8\xae>\xd8'\xdc\x19^,\
\xf5\xbd\xfa\x167w\x0dj\xc3\xa7\x96\xe1s\x17\xa3\xa5\
\xa2\x9abc\x0d\x0cu\x0267n\xdc\xf8\x130\xf9\
.\xf6\xdc\xad\xe3{#\x84\xe1\x8b%#\xd2\xf1%\x14\
\x86\xf4:\xe8\xb1\x08\x9e,\x05=\xe0\xea)\xc9\xc8\xb6\
\xdc\xba\xc2\x84v\xcb\x09\xa6\xc3~>]\xc9a\xf9\xc5\
\x88\xe8\xb0\xa6\x00\x9f\xd5\xbdD\xe4\x17\xd1\xd3`E\xb2\
4\xaa\xa7\xc30\xb6\xbb#8\xa3\x97\xad\xe5\xe2\x95\x96\
+\x17\x9b\xed\x8e~\xfd\x1c\xfd\x00\xd7\x0b\xc9W\x066\
_\xb8\x98lk\xbe\x94l\xbbd\xbbr\x09\x9e$\xb9\
\xa2\x07\xa7\xde\x93Z\x99\xba-\xf57\xa9\xbfM\xbd\x9c\
*\x0dF\x83\xc5\xc1\xd2`y\xb0Ap#\xb7\xe8\x96\
\xdc\xb2\xdb L\xb9\x0fO\xc1\x0982B\x94\x04g\
x(NI\xee\xdd\xc7i\x81\xfb\x98X\xfa\x17\xd9m\
\x088\xe8?\x08\x1e\xa0\xe8\x08\xd1\xe9\xeb\x07=R{\
\xc5H\x0a\xb7}\xe5\xa6\xc3\x162\xa2\xe5\x80\xe9\xdd\x17\
\xa6\xbf5\xb5\xf8\xb7\xd3\x1b\xbf\x19;\xfc\xbd\xd5\x7f\xd5\
\xbe\xc6\xf6\xbf\xae>\x95\x9e\xfdE\xfd\xc7X\xbe\xb6\x7f\
\xfd\xdeg\x1a\xd6\xed\xdd\xcb\xad\x7f\xf4\xf9}[S'\
\xbf|\xbcW\xaf}\xdd\xe2+fV\xcc\x04[\xf7\x01\
k\xef\xeb\x9eqo\xa5\xf6A\xdd\xe7o\xbf\xfd\xf9\x17\
o\x1d\xff\x92\xf1Z\xab%\x9f\xf3\xf3\x81\x979L'\
*\xc1\x1ai\xfb>\x90\xc1D\xc6\xe3\xa9\xd0\x0e\xfaD\
\x8d\x1bq\xe0\x89A\xc1\x853\xc0a\x03JuY%\
\xb4\x94_\xcc\xc9\x92\x80\x09x@\xc5\xd62j\xbf1\
o\xe2a\x00q\xac\xef\xa4\x81\x17\x93\xfb\x01\xe3\x12/\
\xb4\xbc\x9b\x84\x0f!\xa3j\xcc1\x92)\xd1)\xceH\
{\x8a\x9dD\x12\x9cz\xe2\xc4\x09\xdf'\x9d\x9a&\x9c\
i\xbdO{\x0c\x97\xb09\xd0\x1bd\x0f\xf7%\x9bC\
B\xe9.\xab\x80\x1f\xe0\xd1b\x99\x17D$p\xbcL\
\xe7p\xe4\x8d\xda\xef\x93w'L\xc4\xd1\x89Z\xceS\
E\xbc\x02\xf3%a\x975\xc9\xe02\xe4\x18\x0a\x0c\x95\
\x86F\xc3+\x06i\x0a\xb6G\x82\xa5E\xda\xb1{\x0f\
\x17\xb5\x07\xa6:\xc3u\xa7\x07\x9bk+B\xa2\xbf\xf0\
2\xcc\x15\x86\x0a\x5c=\x83\x8c\xa8N\xe2C\x0cB\x80\
\x99\xab\xf3\xf7\xb1:\xeda\xa1\xc1A\x81\xfe\xa0\xdc>\
\x0e\xbb\xcdb6\x19d\xaf3\x0aT\xba\x88\xaa\xad\xe5\
]\x7fJ\xe3\xc0\xd3\x03\x07\xb6\x0c\xa4\x7f\x9b\x93/&\
''\xb9\xecFl\xe4\x8c&\xa3\xd9\x97\x0f\xb4\x07:\
|\xc3d\xd0\x80p\x12n\xc4\xe1>)\x04t\x9e\x1d\
\x91>\xecH\x0dg\x07\xef\xaf}\x90\x87\xa3\x87\x96\xe1\
\xa8\xf2\xc6i\xb8\xaf\xf6D.\x1e\xa4=V\xd68M\
;7\xed\x892\xed\x0d\x5c\x90\xa7\xbd\x8c\xcbK\xc92\
\xed\x00\xa9\xd3\x0a\xf16\xadp\xb3v`\x936\x15o\
\xa5\xc7&\x9c\xbd\x19o\xa3\xfa\xbfG;\xc5\xcf\x14}\
!\xa6w\x85\xd8\xfd\x92k|\x04\xa7\x18\x95X\x1c\xd3\
\x953\x1a\x95\x10\x1c\x1a\xcc%\xc6%\x06qqq\x89\
\xe9>v[\x84\x12\x14\xc7\xfb\x8b\x86n\xe1\x02\xe7\xbf\
\xdcO\x5c.\xd8#\x03\x1f\xf4[iC\xdd\x1e\x14 \
\xaa\xca~J\xa8\x14\x17\xe8\x00\xb1G\xd8\x0c\x04K1\
\xb2Y\x10\x93\xa8,\x0cT\xde\x02\x15\xc3\xa8\xfd&\x90\
\x8b-\xef\xceQ\xfb\xadL8\x02rQ-\xb8\xe2?\
\xb0\xc5\x7f\xe0\x95\x0b\x17\xa9.\x5cl>\x0d6\xd4\x0c\
\x06D\xed\xc7\xde\xcf\xee\xf0\xefG\x0d\x09\x5c\xadd\xe3\
\xbf\x92l\x96\xaf\xec\xfe\xfd\xdaN\xfcW\x93\x22p$\
I\xc0\xb1\xa9\xa1\xd8\xdf\x9e\x80S{\xf5\xee\x93\x9a\xe2\
\x84\x1b'4\xdaC1\xb8\x1d\x89\xd8-p\xf6\xf3\xb7\
\x0f\x82\xe71\xdc\xc1b\x5c\xfe\xbb\xe9\xa5\xef\xb9?x\
\xfb\x8f\xef\x16O\xd97n\xdc\xb3w}\xf2\xfe'\xef\
\x17\xd7\xcc\xbb\xef\xa3\x85\x8b\xe7k\xa7p\x0f\xaeG\x8f\
\x83\xae4\x8c\xdf\x8a\xda\xbb\xe1\xa9\xa3\x96\xbf|\xc1\x87\
\x05=\xdb-\x81\xd7\xc6G\x1e\xdc\xb2\xfbu+Ax\
\xb3y\xfa\xc4\xfc\x823\xda\x18{\xc5\xe4\x89eT7\
\x05\xe6W\xe2 \xda\x1a!\x83\x8ad\xbee\xa5\xabw\
\x945:&:\xc6\x1a\x1b\x15\x9b\x8e\x1e1\x85>\x92\
\xf0P\x97G\xa2\xc4GL\x0f\xc58Vw\x8dZ\xdb\
+6<(\xda@\xccN\x8b\xc1l\x0d7w\xb7\x04\
\x99\xad=\x8d\xbdt\xe6Q\x83\xb9\x93r\x0e\xfe\xf8\xd2\
?\x16\xfa\xc7\xcc\xf8\xd7\x93r\xb5\xf9\xe2\x95\x8b\xb6K\
\xdf^\xa2\xac\xf2\xba\xa1\x0b\xac\xc5vI\xe7\x9a\xf0\x15\
=\x80O\x1d\x1cG\xac\xd7\x1f\x03\xbf:\xb6G\xa7\xe0\
H\x9f\x0e\xcf\x84\xf7&\x14\x15M\x18_T4~\xeb\
\x91\x17\x1fo<\xf2b\xcb\xc6\xfc\xa2\xa9\x13&\x14\x15\
\x93\x9e\x8d-\x93\x1b\xc3\xb6\x1e}q\xdb\xb6\xc3G\xb8\
\xb5\xeb\x1fX\xd2\xd0\xb0di\xc3\xc2\xf3/\xbex\xee\
\xdc\x8bG\xcfq\x85\x0dK\x1eX\xbf\xfe\x81\xc5\x1b\x16\
~\xff\xbf\xa2\xf9\xdc\x8b/\xfd\xf1\xdc\xd1#\xe7u\x1b\
^|\xe3\x13A\x03>\x19P\x12>\xe9\xda`\xc6\x16\
\xd3r\xbb\xc3n\x5c\xae\x18\x1d\x0e\xbba928\xfd\
\x9c\x12\x16\xe5\xe5~~N\x0e\x13\xbc<$4\x04-\
7\xa0\xd0\xd0\x105\x8c\x0b\x0f\xb5+>\x0a\x98\x1d\xe9\
\xe2k\xf7Q$\x99\x13\x0dv\x1f\x1f\x85\xc3\x1cA\xfa\
#\xae\x8b\x13\x9e\xf8\xd2\xd6t\x87\xd1@D\xa4\x84\x92\
\xaeN\x8b\xd85Vl\xe8\xd2\xbd!v}\xd4\xda.\
\xab->J\x82\xd1b@\x09\x0eg\xac%\x94$8\
b\xc3-v+X\x9d#\xc8\xd6\x13\x5c|\xf3\xe9\xd3\
\x17mo\xea\xcc\x05m\xa4\x0aI\xcd\xf9\xcd\x0b\xdf~\
\x06\xfc\xb5\xbdIu\xd4\x9f\xfe\xd7\xc6jAW\xccN\
\xa7\xcem\xf2-ZL[\xdaZ'E\x1c\xb0&c\
<\xc5u@2\x0a\x11\x86\xb8`\x14\x8c\xc38\x7fc\
7\xd4\x0d\xc78\xfa\xa3^\x8e\xa1\xc6\xbb\xd1$<Y\
\x19\xef\x98\x1c89lR\xd2\xb4\xd0\xf9\xe81\xb4\x19\
o\xe26\xca\x0d\xc6u\xce\x06\xbf\x86\x88M=\xc2\x0c\
F\x83I\xb6\x9bbM]\xbbpA\x86\x00c\x80)\
\xc0\x1e\xec\x1b\xec\xf4\x0b\x09K\x8eE\xb18\xce\x10\xe9\
\xe8\xe6\xd3\xcd\xb7\xab31y\x80\xa1\x97\xa3\x9f\xcf\xe0\
\xe4\x91\x86,\xdfQ\xcea\x01c\x92\xf3\xf1d\xc3$\
\xd3x\xc7$\x9f\xbb\xc2\xeeI\x9en*\xb7\x17$\xd7\
\xe2\xb9\xa6y\xf6uh\x1d\xde\xc85\x08[\xa4-\xf2\
6y\xb3\xe11\xe3f\xd3\x9a\xe4\xc6\xe4\xfd\xc9\xfd\xa6\
\xa0)\x98\x99\x1a\x0d`\x06<\x08\xf7I\x119\x09G\
\xeaQ\x8c\xda&\xb3P\x1a\xcb\x9c,\xdcAW\xfc\xcd\
\x9d\xe3O7\xde\xb33S\x9b\x8f[\x06\xa4\x8bGL\
eS\xb0\x7fK}\xd9\x85\xa5\x7f\xd5~\xbd|yR\
\xf2\x9f\x9a\xc6\xed\x18?a\xeb\xd0\xf2\xa5\x03H\xe4\xd8\
'&>\xf2\xda`\x17W\xdfzu\xd2\x89\xaa\x074\
\xed\x17\xda'\xeb&M\xc0>\xbf_\xf4Q\xd1\xe0\x05\
\x03\x9f|#*\xeaPbO\xf7\xc4\x94i\x90W@\
\xac\xc0n\x16+\xfa\xb8\x14\xfc\x00Z\xcc\xd3 \xc1\xdf\
&H\xb0\x10\x01\xb9\x8a\xcb\xec\x12r\x84\x02\xa1RX\
#4\x0a\x22\x0b\x0f\x10\x1a\xf4\xb8\xc0\xd6Z\xfb\xb5o\
\xb8\xf9\xa2\x03\xd6M}\x5cV\xf1Q\xb4\xd1b\x96\x10\
q\x88\xc8G\xb1\xd8\xceS\xa0\x00S\xd1=\x9e\x95]\
S?w!\xf9\xa2\x9d\x86;P\xaa$,rN_\
\x87\x7fd\x0c\x97\xda\xcb\xd1\x87\x9b\xbf|\xc9\xd2e\x8d\
\x1b\x1a\xd6o\x14\x1d\x9fi\x83>\xff\x5c\x1b\xf0\xe9_\
\xf0\x9b\x7f\xfe\x107_\x84\xf9\xb6\xc3|n6_\x18\
DT:\x9f\x84\x91\xd1\xc1\xfb\xc8\x08\xe6\x1bx\xa5\x1d\
\xaeO\x8a\x9f\xc3\xe9\xcbI\x91\xbd\x1d\xa9\xbd\xb8\xed\x00\
\xb2aC\xe3\xb2\xa5KE\xc7Em\xe0\x87\x7f\xd6\xfa\
\xff\xe5S\xfc\xc6\xe7\x9f\xe3\xd7\x18\x1dwp#\xc9\xeb\
`\x83v\x94\xed\x8a\xb7\x99\x8d\x887\x19$\x1eB(\
\xd9$\xd8M\x9b\x14lY\xeb\x90M\x0a1\x88v\x82\
\x09\x87|\xad\xbc\xd1\xe0k\x16\x1d\xb6\xd3\x03/$\x9f\
\x87\xc3\x9f\xb9g\xca\xb8\xd3\x10\x5c\x9b/B\x03\xdc'\
a3\x96\xa2\x81mBl\x0f\xdcG\x80`\x1eM^\
\xd76\xe1i\xfd\xb5\xfdU\xda\xfe\xfex\x9a\xb6\xa9?\
\xce\xa9\xc29\xfc\x87\xaf\xbd>\xf5\x84V\x87\xe7\x9e\x98\
\xfa\xfakE'\xf0\x5c\xad\xee\x04\xc3\xed,8\xd3s\
\x02\x0f~4\xd2eG\x06\xbcE\x22\x02\xe7\xe4\x91\xbf\
\x22:e\x93\xed|\x0bDS\x1a/N\xc3\xb99\x09\
\xdb!X\xd20\x9e\x1an'\xfb\xb8\x1e\xad\xa7v\xb5\
\x9e\xe2z\x08|\xeb\xa9=\xf4b\x0f\xac\xfb0\xdaz\
\xc3\x81_G\x1ax\xe9\x00\x97\x89lEKE\xc2\xe3\
\x00\xd4E\x04\xd6\x9d~W\xe7`\x9f\x14'\x04\xdc\xcb\
\xa7\xb6/\xce\xd5\xf6j\xc7\xb0\x8b\xe5\xa6\x1fr\x0b\xb9\
\xa5\xa0C\xf6Ch\x0b\x07\xb9)o;\xdf1;\xe5\
\x82Z?\xe5\x96n\xa7x\x9f\x83?\xfb`\x0e\xe8\xfb\
\x02Z\xcaQ\xf0\xa0l\x14S\x06;\xf2\xdc\xa9S\x9a\
F\xd7\xf07\xd2\xb9\x03L/{\xb8|Q \x06\xc7\
\x15H\x10I\xe7\xb6\x81\x8ar\x08\x93\xc4f&T\xd0\
\xc8\xce>\x1c\xfc3'\xefi\xbd\x0a\x0a\xf9\xfdL\xdd\
\x97\xd6A.V\xef\x8d9.\x1f\xb1\xd1\x81\x1aMk\
\x1d\xab\xbb\x18\x82\xad\xa1$\xd8\x19\xd4\x85\xe6\xaaT\xbf\
/\xd0P\x91\x84#8\xbb\xcd\x91\x92\x0c\x09\x0b\x17\x9b\
LsK=\xc3\xe4Vmy\xfcq\xf8\xef\xf1\xc7\xaf\
c\x83\xf6\xdd\xf5\xeb\xdaw\xd8 \xe4h'\xb5w\xe1\
8\x09S\xa7\xe0^8\xa5Q\xab\xd6\x96kuZ5\
~\x08\xcf\xc5\xf3\xf0C\x94\xee\x8f\x10\xe2'\x03=\xa0\
\xea.g:i\xe4\xb9Fa\xb1\x84\x1a\x0dr\x98\x18\
\x0c\xc9\x136\xdaN{\xac\x01Sk\xb8\xd8\xac3%\
\xf9\x0a]\xea\x00\x89@\xdaA+\xb1\xf2\xdc\x94>\xe1\
v!5:\x85\x8aT\xc3#AoJ\xde\xc1#[\
\xb6\xef\xe1\xabG4\x8d\xb8vf\x0f\xd3\x0fX\xf5\xf1\
#\x81\xe6`\xb4\xd5\x15\x1b\x10\x18D\xba\x04\xdbA]\
\xec\x82\xc0\xa7\xdb\x9e\xb0\xaf77\xfa\xae\xe5a\xf5\x8f\
l\x10\x13\x94`\x7f\x1b\x11C\xa8\xd1;\xc1\xe8\xfd<\
\xb1\x14p!,\x82\x9e\xbex\xec\x18\x0b\x9e\x0c\x9f\x0e\
,\x17\xbe\xc2\xfb\x83m\xcc'cW\xf2x>_\xc8\
\x97\xe6\xf1\xf3\x84YAu\x01\x12\x8f\xf8\x00>\x10\x16\
\x89\xc15h\x96X\x1bX\x1dT\x13\xbc\x04-\x0fX\
\x12\xb8$hI\xf0.\xb4+\xc8\x0e\xee0\x1a\xc8H\
\xed\x8d\xfa\xb0\xcc\x83\xe6\xf7\xa94\x89\xe7iV\x22\x22\
\xbc\x92{\xb5%\x0b\x18\x99R8\xfa\xe9\xe5\xf7\x9c\x9a\
3\xef\xf4\xc4/\xb0o\xc6\x9d\x01\xda\x95={\xf6\xcc\
\xc6k\xfb\xcf\xdc\x989{C\xfa\x90w{&\x7f\xf1\
\xda];*C\xb4\xbf0\xfa\xb7\x80\xcc\xab\x81\xfe\xae\
\xa8\xd2\x95\x80\x9c>\xcarC\xd8r\xd5\xa7\xd1in\
4\xac\x13\x83\x1b\xd5u\x91k\xc5\xd5\xce\xa7\xe2\xfc\x82\
}\x10\xf1\x0d\x08\x8eQm\xc1\xc47\xcc \xc6Q6\
\xf8\xe5y9``\x1c\x00\x16\x80\x1b\xf1g*w\xf1\
\x02\xa4b6\x16\xde\xf4$\x0c|\xa2\xa18\xb40\xac\
P-\x0e\xe7\xc1\xc1\xd3\x9c\x8a\x0f\x87\xa5I*[\xa8\
\x00]\xddq\xaa~\xd1\x89@2x\xedS\xdao\xb5\
/\xee>>=\xef\xad\x99/\x1f?\xbcc\xdf\xa1\x86\
\xadO=:\xee\xe5\xaa\xea\xb7'}\x86M\x0f\x93\xe8\
\xb0\xe65\x1f|\x13\x1d\xfdz\xcf\xe4\x0d\xf5\x0f4\xec\
\x9c]Y=?*\xe6\xa0\xaa\xbew\xe0\xfeg\xa8n\
\x17\x83\x9c\xb7\x83^q\xe0\xfd\x16\xbbB\xb0\x99\x98\x11\
!\xe6tD\x8cR#\xac*\x16\x1b\xb0IA\xc1\xa2\
\xcc\x9b\x98\xef5\xe6y\x93#\x13%\xec\xf4@pJ\
,b_\xa0\x1e\xaa-\x8f|\x1b\xc4\xfb6\x15j7\
#\xea\x86F\xa0I\xa8\x1c\xcdF\x0f\x22\xc9\x0fwG\
1\xb8;\xe9\x8d\xb3\xf1\x18\xd3\x18s>.\xc5\xb5x\
\x1eY\x86\xcd L\x03d\xe8)v\xba@\xa1\xbe\x86\
\x88\x1a\x87\xb5T\xed\xcc\x99\xb7[\xef\x16\xa2[>!\
'[Rvi\x8d\xb8\xe0u&\xa3\xad \xa3b\xc0\
=\x04\xdd\xed\x8a\xe4\x03%\xfbr[H`\xa3\xe4\xdb\
h[i\xe6\x1a\xd1b\xf3ji{\xa8\x7f0VH\
0,\x8d\xc4P[\x0b\xee(\x19[\x87\x08b\xa36\
\x03B\x82\xb5%5cj\xc7  \xadY\x97\x0fu\
Bv\xb66tBF\xdfQ0T\x1e\x1f\x90\x80\xd6\
\xc6\xf8\x89\xf1\xd7p\x94vZ\xfb\xfa\xee\xd7\xcb&\x1f\
\xbb\xf7\x97\xef\xbc\xf3\xcb\xb1O\xe4\x09g\xf6h\x8fX\
\xad\xda\xa5\xff\xf9\xab\xf67U=\xd13\xe9\xd0\x96-\
\x87\xa2b\x98_\xa9\x07\xfc70\xbf\x12\x85&\xba\xa2\
|Dd^nB\x8d~bc\xb0\xdf\x0e[\xa3i\
e\xc4\xda\xe0\xd5\xd1\xa6\x08Cp@\xa8O0\x09\x0f\
\x0b\x8a\x06G\x03\x8at\x81\xb9\x9a\x0b-\x17\xdaU\xc8\
\xe5{\x02\x9d\xc0'\xb9\x93\xe4$\x7fB8!\x02\xe5\
\x07B\xb9)\xb0\xe6\xe9\x90|b\x96\x13p\xc4KJ\
\xa4J\xddRx\xb2\x1f\xb7}\xc5\xb6m+\xe0\xc0\x86\
\xac\xc7\xb2\xde:e\x1dp\xe0\xde\x8f\xb0\xa0]\xfeX\
k\xd5.\xe1\x1c\x1c\x94\xf5\x18\x19p\xe4\xc9'^|\
\xf1\x89'\x8fps\x9b\xa2b\xb4o\xb4\xaf'L\xd1\
\xbe\xfe\xcbg\xda\xff0G5\x15\xef\x08\xd5+\xa8\xbb\
@\xa7\xca@.\x22*ru\x11\xec\x1c\xe1\x88\x9d\x07\
\xbf!\x80L\x88@08xQ\x82\x85[3\x8b\xab\
\x89\xb7\xb8`*\xa4\x89/\xc1\xe2\x93\x06\x07\x09I \
'{\x9f\xbe\x93\x5c\x8e\x89\x1c\x16I\xa0\xd0O\x18!\
L#\xfb\xd1~Q\x02\x9d\x01\xe1\xe0H\x1c\xbe\x8b\x1c\
k\xfd\xf8\x14\xd6ZS\x843\xf9\xd7\x16\x0b4\x95\x00\
\xef\xbf\x0ax\xbc\x8a\xf18\x12\xd6aC\x5c\xd1]\x80\
\xc3\xb1bch\x8fF\xc7\xda\xd0\xd5\xb1O%u1\
Eu\x0bvF\x05[\x0d\xe0\xc9\xc1\x9d[\xc3\x83`\
]\x05Y\x7f\xf3E\xc6\x5c\xaf\xcd\xb2\xbb~`\xac\x1d\
\xb3y\x9amE\xe9\xb5\x17\x89\x99mdD\x14\xe4_\
>\xde\x0e\xa0\x1f\xdc\xaa5;v\xacY\xb3s\x87\xb6\
c\xc9Zt\xe3O\x1fjk\x17?\xf2\x94\xf6\xddw\
\xdfi\xdfm\x1f\xb1v\xe9\x92u\xeb\x96,]\xcb\xbd\
\xb1\xb9\xaen\xf3c\xcb\xeb6\xe7\xab\x07\x16=\xff\xdb\
\xdf>\xbf\xe8\x80\x1a\xf1f\xfd\xd9/\xbe8[\xff&\
.\xacY\xb2\xa4\x06\x0eon\xcf\xd7\x01M]\x98\xde\
DJa\x01x9\x0ahTv\xf0\x8dh\xa5_X\
\xa3m\xad\xdf\xeah)88\xdc'\x14ED\x04\x9b\
\x99\xda\x00\x01\xde\x08\xf5\x99\xf67\xaf\xd6\xf85\x07\xbc\
\x16x,\xe8X\xf0\xb1\x90\xd7B\x9b\xc3\xa4=\x8e\xa3\
\x8e/\x1d\x04\xf4\xa6\x0f\xd3q\x87\x8f'\xb1D)\xba\
\xaeD\xc4`/a\xc0\x85\x8f\xb2\xb6\x8c\x02m\xe9\x7f\
`\xc6\x9f\xb5\xeb\xd8\xf61\xac#\xec\xdas\xda\xa7Y\
[\xf0 \x8fF\x85\x81\xae@\xbe\xe2\xc8\xbf\x0b[\xff\
\xf2\x19\xf6c\xc1m\x9bvg(\xb7\xd1\xabO\x94\xa6\
\xcb\xa08\xaf\xf3\x91\xac\xe6\x10\xec\xb2\x88K\xf9\x9d\x10\
\xdeYY\xa3\x8bl\x83\x5c$\x99F\x8f+z\x90\xa7\
\x1e\xe2\xf2\xa9S4\xd4\xf3\x91\x9a^G\xa0\xb9\x07\x1b\
o@\xd1.\x1f\xc8&\xa4\xad\xfcR\xb4\x13\x96.\x02\
\x0e\x00 \x0a\x03\xc2\xd2\x90\x0b-4J\xfb\xe8\x80X\
6r\x8a\xe6#\x00\xaa\xf5\xac7'9\x8b\xee\x16\xce\
\x01\x0e\x22\x1a\xed\xea\xc6m!<\xc1[\x10\xe6\xe9\x89\
\xc3\x82(\xa0-\xa2\x90.\xf0\x1cF\x02\xd9%>-\
a\x0eE\xf1\x91\xa0\xd5\x17\x93\xf5\xb4\xc2\xb3b\xe1\xbf\
j_}\xd0\xb5\xb4\x81s\xe2T,\x9c\xbb~\x95\x97\
\xafi\x02G.kk\xb5u\x87\xf0{;\xf1{\x94\
\x8e\xb3\xb8@8G\x9e\xf4\xf0\xc1\x0c\xe9\x90\xb8\x85\x07\
\x12x\x14I\xd9\xd0\x9c\xdcV\xbd\x04\x9fD?g\x05\
\x8e\xc2\xb9\xa6\x91'w]\xde\xe3\xc9\xed\xbc\xb8\x8fq\
u\x17\xb7 H\xc3\x88\xb0\x05pG[ \x0f\x12\xb7\
\x08\x22\xc7\xe1tQ\x80\x94S\xe0w\xe1\xa7%\x91\x8b\
\x02\xf8\x12\xe5P'\xe4=X\xeb\x87\x0c\xd8\xfb\xa4b\
\x8a>\x9b\x93\x17\xc9\xe5CZ\xe2N-\xf1\x10\x9e\xc9\
d\xb0\x0e\x0cn?\xe8%\x01\xbd,qu\x8f\x0a5\
\x88\xbc\x12\xe2\xc3#\xdf\xe5>+l\x0d\xfekA\xa2\
!\x81f\x83\xc0+\xa1\xd8\x1c\x1c\xc8\x07\x83|QL\
\xa0O4\x8d,&\xea\x87}X\xb4\x84t\xf1\x22\xb3\
<\xba\xfacy\xc3\xa5o\xb5+\x97l'\xa1\x89\xa6\
\xbf\x87\xe6\x1a\xe6)\xf3T\xbd\x96\xe5\x13\x09\x067\x18\
w\x8e\xff\xd4 \xad\xb0R\x92`\xb1\x84\xebN\x9cx\
\xe3\x95\xbe\x93'\xf7KY:c\xcc\xf3\x85w\xbf:\
\xad\xe9\xc3\x11\x93'&\xc6\xca\xa2\xa8ix\xed\xe6\x92\
%\xf9\x93R\xef\xee9\xa9b\xd8\x90\xa3\xfd\xfa\xbe\xb6\
-ke~~bj\x80s`/=\xff\xd3\xb6H\
\xf7\x09O\x82\x0f\xc9B\x0d\xae\xe4.&b\xd8\x1d\xe0\
\x0c\x22\xbb\xb3\xac\xbdR\xac{\x93v\xf7q\xee\x8d\xda\
\xddg\xc8\xe8\x94^\xa1\x81\xa8\xabC\xecb\xea\x1a\xd8\
=\xb4k\xa6\xa3{\xb7\xae\x99\xf1w\x8c\xb6\x9d\xbf\x08\
*\x07\xaet\xe0\x9b\xcc\xee(\x93O7\xd3\xa6\xafN\
\xbfi{\xe3\x12-i\x02iIH/H\xb0Z\x04\
+\xe3\xf8x3\xa9\x97\xd0\xe8\x1b\xc7@\xb4\xa3\xe1\xe3\
\xd2\xbd\xa1\xc1\x9a\x1d\x96\x9d\x98=8\x9b\x07'\xdf\xc1\
\xdf`V\xd6\xf4,\x02SS\xf4\x92LlL\x14\xe5\
\x8d\xbe,\xf2\xe3\xe9\xea\xd1_\xa4\xce*V_\x22\xf5\
\x06'\xc6\xfb\x83\x07\xb3\xc1\xf2\xed\xda\xc3\xf7\xcf\x7fh\
\xcd\xbc\xb9\xf5\x5c\xf8\xc0\xc7\xa6\xed\xfd\xfd\x1f\x9e\x99\xb6\
e@\xfd#;\x06\xbb\xca\xb43\xfb\xe7\x7f\x5c\xf0\xf8\
s\xd53\xcb\xb1\xef\xe3\x8b\xbf/\x9b\xbc@;\xfb\xe8\
a\xadi\xd1\xa2\xe5+~\xb1\x18\xe7\xbet\x1a\xdf;\
\x7f\xd4\x18\xed5\xed\x0b.\xa0\xfe\xa9\xed\x0f\xaf\xde\xb1\
]\x1b1:\xf3\xfb\xb7\xde\xba6*ki\xab\xea\xf7\
\xe1s\xf7\x1e\xcdY\xba*\xcdU\xaa\xfd\xea\xd5m\xda\
\xffL/\x9b9a\xac\xbbp\xda\xd2\x05\x0bp\xe6K\
\x87\xf0\xc8\x05\x0b\xeb\xf65N\xfdl\xbe\xf6\xbd\xf6[\
\x91\xf2\x9f\xd5\xe2Y\x8e\xa2\xa0\xd7\x5ci\xc8\x0e\x0b\x04\
0=\x9a\x8bb\xbbB\x14d\xe7 gQ$HP\
E\xdah\xb0\x13E\xa6\x0f \x8b\x91\x1ah\x0e#\xd0\
\xaa!+\x1a\x1a\x04\x052\xe5f\xbdfx\xe1\xf4E\
G\xc7\xc2B\xdbI\xfe\xca\x1b\x8et\xbd?\xa0\x9ah\
\xc1 \xdd\x8a\xad\x9cU\xb2\xcaV4\x11\xcdB\x95h\
52HX\xe6Db\xe0\xfdp\x00\x97\x8f'r9\
\xa6i\xb8\x8c\x9b\x83gq\xf7\x93*~\xb64G\xae\
\xc3+\xb8E\xa6G\xb9Md\x03\xef\xaf'9t\x95\
A\xc2I$wT\xbb\xc4Ek\xf3?\xe5\xfa\xfdn\
E\xeb=+\xce\x08\x96\xd6\x00\xb2\xefZw\xbcP[\
\xcc\xe2\xd7\xdb\x10K/\x02\xed2\xac\x22U\x88_\x91\
\x01\xa8A148\x16\xe3\x06\xe5\x97av\xa3\xcc\xf9\
\x04\x84\x09\xc8\x12\xec'\x04\x04'\x18P\xb0\x83\x0f\xa7\
N\x88\x9a\x10\xcd7Y\xd2\xcd*X\xfd\x92\x0eX#\
\x80\x0aX\xcb\xe9\xaa\xd2v\x11\x1d\xde1\x80\x85\xe3u\
x\xe8S\x8f?\xfe\x94v\x14w_\xbfv\xedz\xcd\
\xc8\xf1\x9f_[t\x7f\xc3\x0e\xed\xf2\xf5\xd6/\xb8\xb7\
[?\xa8[\xb5z\x19W\xaa\x0drW\xddW\xb9\xf3\
\xd8s+\x9f\xf4UO<\xfa\xd6\x1fAA\xabo|\
\x22\xc4\x82\x0f\x08@\xbd]\x81\xe6',\xfb\x94\x06;\
~\x02\xed\xe3\xc1\xfc\xed\xab\x03\xa5\x003J\xf2\xb5\x05\
R\x14=\xe1H\xaf\xae%\x1d\xb4\x06\x85\x05q\x80\x1e\
\xcdQ<y\x89^\xa3\xf7&)Bl\xe9\xe7Kn\
 \xed2\xb6a\xb4\xe4\xf3\xd2\xe9_=\xa0\xfdR\x9b\
\x87\x97\xe3q\xcb\xbf\x12\xa6\x9e\xb9\xe7n\xed\xb8\xf6\x07\
\xed\xacv\xfc\xee{N\x8d\x18\x81\xb7a\x90\x04\xde6\
\x9c\xd90\xf0Q\xd8\xef\xe1c\x82\xcb\x89\x1a\x0c\xc0A\
\x9b\xcc\xd9\x14$\x04\x98\x93Q\xb0\x81w\xb0U\x1c\xd8\
\xa1\xce4\x885\x07\x0a|\x18\xc3<\xb1/:\x9c\x9d\
\xe30^w\x05\xbc`\x98\xf6\x91vBK\x87y\x0e\
\xe0\x0dZ\x99\x96\xa3\x15\x0a\x89\xd7g\xe3.8\x01\xc7\
c\xff\x9d\xdaFm\x91\xf6\x0bm\x03\xf3\xc9T\x8e\xab\
`~#\x9d]l\xe0\xb9\x06\xb4Xn\xe0\x7f\xa9\x08\
\xd8 A~\xca\x9b(KN77\xb7\xc9+\xe9@\
\x98\x19fg\xb9\xa7\xe7x\x9b\xeco\x0d\xe4\x8e\xb7\xf6\
\xe3\xae\xb6\x0c\xa2\xa9\xe5\xb0=\xad\x9f\xeci\x83\x1f\x09\
\xf0\x0d(\xce\xe5\xf0\xc0\xe7\x7f\x09\x81\x83\x01Wt\xe0\
:Y\x14\xb4\xd5\xd8\x11t\xe4\xdbdrk%\x97\xd3\
\xba\xff\x1d\x0au\xc4\x9e\xd6>\xc8#K\x9a;\x85\xa0\
~.\x15\x09A\xb8\x81\x045\xc8\x8e'\xec\xfb\x9c\x0d\
\x96\xb5\xf2\xeaP\x0e\x05\xdb{\xf1)]\x02\x8c6H\
\xae/\xb6\x5chin\x93\xa9v\x9a\xb9\xb4hV3\
\x00W\xe3\x91\x22\xef\xdfQ\xbe\xfc\xeb\xda!\xceQ\xab\
}\xd6\xa8=\xa9\xd5\xe2U\xf8\xeeG\xb0\xe4\xaelY\
\xa5]\xd2\xbe\xc2>\xd8q\xef\xae3x\xed\xce\xd6\x85\
\xe3\xc6\xe3Mx&\xae\xc0\x9bF\x0c\xfb\xfd=\x05\xda\
\xaf\xb5\xf7\xb4\xdfi\xbf\x8e\xf6\xd2.\x0c`\xbc\x8dw\
\xf9\xca\x0d\xdc/y\xb4X\x11\x81p\xa1\xaf\x01{Y\
\xdb\xc22\x88\x81\x17\xe0\x22\xe9@\x0e\xe3,,\x81\xed\
)\xfa\xcb\x89\xb7\xdf\xe1\xfe\xf4\xce;\xad\x11@\x7f\xeb\
\x16\xae\xf8Zw\xcae\x0fl\xbc\x8e\xd5\x11\x12^@\
\xcfr\x14\x1c+n\xd9\xd8[\x16\xb6\xd2f\xb5\x07\xec\
2'\x09za\xab^\xd8&\x88\x14:@\x05x\xd7\
 \x13\xc576h\xa5\x0c\x8e\x11\xa5\xbb|\x8c\x1c\x92\
\x1a\x84\xfdh\xb1I\x90\xc5~\x1e\x14;\xc1\xbc\xc0b\
\x04$*\x94\x87\x14\xb6\xd9e\xce1\x17\x98\xeb\xcd\xdb\
\xcc\x0c\xb6M\xf4\xac\x09\xdf~\xe7\xe4'\xa3\x07/\xaf\
\x80\x89\xd6i\xdf\x5c\xd9\xb3\xe1\xb56\x9eLg\xf5\x82\
\xaf]]e;d,\x92]\x84\x90o\xf7z\xcet\
\x19\x92\x0f\x82\x9e5\x88\x90\x5c\x882E\xc2\xa8k\x09\
[\xce\x0d\xa4\xb5\xa6\xf6\x97\x02^gHS\x98\x032\
\xa1\xce\xf0\x11_\x0e\xf3\x9cA\xf6\xe3\xba\x0a]\xe5>\
\x5co\xa1\x97<\x9c\x1b&\x0c\x91\xc7s\xd3\xb8Y\xdc\
la)\xb7B\xa8\x97\xd7s\x8f\xc9\x9fsN\xf0\x91\
\x82A\x0c\x22\x01\x92\x00\x9eY\xeaB\xba\x0a\xdd\xc5n\
Ro\xbe\xb7\xd0[L\x95\x92Li\xc4\xc5g\x08.\
\xd1%\xb9LSI\x01\xac \xa6I\xb3\x85J\xd3*\
\xb2JxX\xac\x97\xeaM\x9b\xc9\xe3\xe2\xe3\xd2!\xf2\
+\xe9\x0d\xf2\x86\xf4{\xf2\xbe\xf4\x05\xf9\x92\xffB\xf8\
\x1f\xf1;rU\xf8^\x8c\x9fr\x1f\x9ar\x1f0\x07\
\x87S\x1f\xcb\xa4\xba\x15\xf3\xadA$P\xfb\xb65\x85\
\xcav%7\xbbuD\xcb'\xdcoZ{\xa26\xbb\
\xa1|\x12 k41\xa3\xc1\xc1\xa4?\xe2i\xcdJ\
\x7f_\x92\xe42$I9\xd2\x22\xb2\x88\xe7u\xa5\x01\
C|\x87\xfb}\xcb=\xc0\xf23{t\x18b\x18\xc0\
0\xa1W\x5c\xbd\x88]\x92%\xce\x8e9\x99\x9e\x08g\
P\x0c\x10\xa4\x14C\xba\x22qD\x06\x86\xcbF\x88F\
\x10\x8a\x04E\x0c\xe6\x07)\xc0w3\xb5\x1d\xea\xad)\
\xdf\xe9z\xbaC\xb5\xbb-y\xa4+\xa3\x03\x95\x16\xca\
\xf9|BC\x90\x81S\x9c\x9c\xaf\xe4\xa3\xc4p1\x92\
*\xc5(\xaa\xd2KJU\xca\xb9\xfb\xb9\xf9\xd2\x5ce\
\x11\xb7DZ\xa2\xac\xe1\xfcxl$>8\x88D\xe2\
x\x12+w5\xf4\xc2\x03I\xbe<\xc9P\x22O7\
\xcc\x92\xe7\x82\x1f|\x884\xe0\xc7\x88/[K\x01\xe3\
h=6\x92r\x0f\xf7\xc0\x0b\xf0B\xdc\xe3\x0dm\xe1\
\x09ma\xb3p\xa6E&W\xafu\x17\xc2Z\x10\x8f\
\xae}\xd4\xa6g)\xcc\xef\xccu\x85JvZg\xb3\
C\x9e\x91\x0e\xc4\x02\xa9\x82\x88%.\x98\xef-y|\
P\x8b^JMdo&\xdb\xb5\x8biU\x18uI\
\xae\xa4\xde\x5c_i\x047\x5c*\xe7J\xa5E\x9c$\
b\x83\xe8\xc4\x81\xe20\x9c)N\xc0\x13\xc5\x12\x5c.\
\xce\x15\x97\xe1\x07\xc5\x06\xbcY\xdcf\xb41\xac\xc1E\
\xdb\x99\xc0\xb1\x8d\xdb\xd0\xac]n\x9d\x0e\xd8^\x0f\xe3\
?\xba\xd6\x9d\xff\xe8z\x18\xf8\x7f\xea\xcb\xcev\xa8\xe1\
58P\x83^\xc3\x0b\xb0\xa6\x90\x00\xa7\xad\x0bC\xaf\
C\x0dO\x7f'L\xff\xc6\xea\xee\x8a\xfd%\xb1\xe7\xb5\
VL\xce\x9f\xc7X\xbbq\x1e\xf7\xc7s\xb4\x15\xda\x9b\
\xda\x1b\xb4\xc6*diM\xda\xa7\xdagZ\x13\x1e\x81\
\x03q\x10\x1e\xb1]\xbbS\xdbJW;x;\xac\x8f\
a\x85\xec\x8dE\xfcC,\x16\xf9\xa0\xfe\xae.\x10\x87\
h8r\xd8\x14\x99\xe3i4\x1al\xa7\xe1\xc8W\xf7\
Z\xbaZ\xb0*\x9e\xcbhu\x869\x07;\xefq>\
\xeb\x14X\x5cj\x8b\xdf<D\xee\xee\xc0\x00\xbcN{\
h\xf3\xe6\x87\xb4\xbe\xf8\xad\xeb\x14\xc3\xeb\xda;Bb\
\xebo\x1e\xa9[\xfe\xc8\xceO\xce}\xf0q\xeb.\xca\
\x0b\xed\xaa\x87\x17!(\xd7\xd5\xcdn\xe3\xac\xd8d6\
Y\xb0\xd9lJ\xb7\x86\x9a\x18s\xba\x00s\xcc\xa1\xe6\
 +d\xbb\x01A\x8cE\xa1^\x09R\x0fakf\
\x8c\xea\xd7!\x81\x82\x83U\xf2:\xb0\xceG\x7f5\xd1\
\xce@\xae\x13\x03\x07c\xe5\xca\x07\xe1\x916\x9d\x7fx\
\x00\xe5\xe7{\xb7\xb2\xf1\xdao\xb4\x0f\xbe\x865\xcb\x0e\
\x5cH\x99\xc8\x98\xda\xa2=\xec\x8d\xeby\xc0K\x1f\x14\
\x8c\x9es\xa5B\x9eG\x14\xd1N\x17<vX\xf0\xa4\
\x8b<r\x12\xde\xd9`\xf0m0/6\xf2\x82H\xec\
\x90#\xf9Y\x04% \x80\xb7\x0f\xf6U\x82M|\x08\
ct3\xe5\xb4]\x8f\xfd\x03)\xbb\x1d\xfd\x1c7\x11\
\xa7\xbf;r\x85\xb2Tp\x9e\x0f\x16\x90\x80\x05H\xfe\
$\xde\x89\x9c\xd8\x97\xf3#\xfe|4\x8a\xc6\xd1\x5c\x0c\
\x89\x15c\xa4\x189\xc6\xa0\x86\xf6\xc6\xbd\xb9ax\x18\
W&\xd4\xf2\xb5\xc2l\x9f\x15\xe2\x0a\xe9Q\xf1Q)\
l\x0a+\xf5\xf9\xfb\xd0\xb7\xab\xdd\xd9Kr\x95\xa6a\
mb%\x0f\xa5\xcd\x1ft\xf2\xec+#W\xcd9\xff\
\x0e~\x0b\xa3\x96\xa5\xad+\xb5G\x1a\x1a\x1e\xe1\x8e\xfa\
\xad\xf9\x85V\x86\x17n\x98\xda\xbaR8\xf3\xfe\x1f\x1e\
:\xc2\x8di\xbdT\xb7t\xe92j\x93\xb4^\xfd$\
\xc87\x16\xfd\xc25\xd0l\xe2,F.4,T6\
p\x92\xc2\x85\x85\x85\xa6+\xc6\xd00\xde\x89\x91\xf3\x09\
\xdf\xf5]\x1a\xec|\x03Z\x1f\x0d\xc9Y\xd7P\xc5\x18\
\x16$\xa1\x88\xa0\x00K\x0f)\xc07\xa2\xab\xed|3\
\x08\xfc\x02]\xb1\xe8\xf1\xe8\x8a\xe7\xc5\xe7\x9bm.\xaa\
\xe3{6\xfab\x0d\x92\xa3)\x87\xc2\xe2\x12\xe3\xc6\xc4\
\x11=\x97c\x85\x82\xb0\xdb\x145\x13\xb1\xb7z\xc2\x8f\
\xa8~\xf7\x9e\x1d\xcf\xcf\xde9\xef\xe3\xdfk\x1fh\x9f\
O\xffz\xd1\xfc\x8bU\xbf<Z\xb7y\xfe\xc7\xef`\
\xff\xbf\x95\xffQ\xd8\xfeF\x9f\xde\x8bf\x15\x95\x84\x05\
t?{\xe8\xec\x9f\x93\x12\x7f\x9b1l\xc5/*\xee\
\x0f\xeb\xd2\xe3\xd83o^\x88\xa11\xf6\x1a\xd8\x15\xdd\
\xb7 \xa1\x91.\x8b\xa8;s\x17\xa4?.A\xb6\x9d\
\xbe\xd0r\x81\xd9Qr\x12\x1e\xb5_\xa1\xf5%\x99\xd5\
\x97d${\xebK>\xc8\x10\x86l\xe0B\xc2$\x9b\
\xc1e\xa84l3\x18\xa6\x10\xcf\x9b\x0f\x91\xff\xba\xf5\
\xd2\x89\xd6K\x90 ];C\xabK\x18\x1d\x00\x9f\x12\
\x07\xf3\xd9\x91\xcb\xe5'sv#\x12\x1a,\xab\x0dh\
\xb1C\x0eV\xfaBDMs\xb4\x87u\xf6\x0aLw\
0\xc9\x9e,\x13\x16\xb2a>\xf5>\xdb|\x08\x0d+\
\xfa\x12\x0e\x1c\x99n)\x07N\xec{\xfd\xb5}'\xb4\
\x0f\xc1\x10>\xd5>\x04\xe7[{\xf9\xd4\xa9\xcbdU\
\xcb]\xday\xed}\xdc\x0dGQ\x1c\xbck#\x11\xbd\
\xe0\x8a\xe5i\x9c'v\x8e\xe8\x91\x9e\xd0}\x8bv\x8c\
Q:\xe1\xf1\xb3\x88.\x80\x90\x00\x19\xa1w\xfd\x03N\
\xf8\x07\xe2L\x8eLu|*\x22\xdd\xc8p~\xb80\
\x99, K\x89$\x22\x89\x93y\xea\x8f}\xb9@>\
P\xe8\x86bp\x0c\x17\xc7\xc7\x09\xd1\xa2*\xf7E)\
8\x85\x1b\xc8\x0f\x14\xfa\x88#P\x06\xce\xe02\xf9L\
a\xb88\x09\xe5\x8b\xa5\x5c9_.\xccC\xb3`Y\
4\x97\x9f+\xd4\x8a\x8b\xe4G\xd1F1\x0el\x00\x16\
C\x06X\x0fq#[\xdf<\x85\xcf\xe2?\xfe\xae\xf5\
8\xf8n\x7f\xfeKH\x9c0\x1a\x8a\x90\xb4\x93\xc6V\
<\xdf\x95)\x04\x8a\x02\xc4S>P1\x90@\xc5\xa8\
p\x81\x98\xee\xa6\x10i\xc8\x05{\x17<!\xd7\x04\xbd\
\xed\x08\x99\xd2\x15HqD\x88CF\xd9dT\x0c\xb2\
\xbeo\xc4(!\xb3\xed\xb4g\xd7\xc8\xc5\xe4\xe4\xdb\x07\
\xdb\xb6s\xdb\x12\x10\xb1\xd8\xfb\x8d\xc8\x89\x02\xa7@^\
\xa58\x94\xaeB\x14D\xddA\xdc \xa1\x97\x92\xa4d\
q\xa3\x85t\xc5\xa5L\xe2\xa6s\xf7\x0a\xd3\x94\x02e\
>\xb7\x90\xbb_X(,R6p\x0dB\x88\x84\x0c\
\x1cd\x00\xbc(\xd0\x8d\xa4X\xe2A\xf7$\x032\xf0\
\x8abB\x96@\xe2\xe4\x9dr\x80\xc9fQ\xf9pA\
\x15UI\x95#\x0dQJ\xb4Q\xb5\xa8\x96\x81\x5c\x7f\
\x92\xca\xa7\x08IroC?\xe3`S\x92e\x18\x1a\
\x86Gr,g\x12\xd2!\xe0\xa6\xcb.\xd9e\x18\xaa\
\x8c6\xb9,.\xcbD\x0eb\xbc)\xc7R\xcaM#\
\x85\xfcT\xa1@,\x90\x0a\xe4bC\xb1Rl\x9c\x0d\
r\x98\xcf\xcd!\xb3\xf9\x1aa\xae8W\x9a-W\xca\
sL\x0bM\x0b-\xcb\xb9:\xb2\x82_),3<\
h\xac\xb7l\xe4\xb7Y\x9e\xb5\xdcI#,\x15\x11\x95\
R\xa4\x01G\x0e}\x17\xdct\xbfO\xe8\x9f\x93\xdaJ\
\x0d|\xf7k\x1aH\xcc\xc1_\xa2\x07\xe4\x07\xb6k\x97\
\xf5\xf7\x9fmyy\xa9K4\xf3\x22RL\xa0z\xe7\
a\x8dsp\x11Z\xa8pS\xc02Y\x06J\xe5\x90\
4j\x7fz\xceD\x97/KS\x0dv\x90.\xcbU\
A\x90`V\x92\xedb\xdb\x7f._x$!\xd9\xc0\
KH0\xf0\x22\xe6\x14\x22b+\xfc\x9b\xe4A\x93\x22\
\x89\x17\x9f\xc5\xd5\xb8\xf6\xac\xa6r\xe8\xacv\x976\xe9\
\x8f\x9c\xd3\xb3\xf5(\xa5\xe5*7\xbfu\x19\x09\xa1>\
\xa3\x05|\xc6\xe7,\x16\xafwu\xf5d\xc7\x98\x13\xe8\
\x89p \x1f\xaaHr:MfDN\xe2]\x02x\
\x13\xc9\xc0\xbc\x89\xe3\xc7M\x08)T]\x06\x0a\x9c/\
\x97\xca%qI \xb9a\x9c\x8bs\x09.y,7\
V\x18+\x97p\x0fp\xeb8\x9b\x1f\x0e$aJ\x0c\
\x8e#}p_\xe2R`\xcdJ\xe6\x90Je\x9bB\
_\x88\x10\xc6u\xf0?\xfcY\xbc\x15?v\xb6\xf5\xf2\
\x09\xa0b3W\xda\xf2\x0d\xac\x02\x8f\xeb9\xec]\xc0\
\xe70\x96\x83\xadq\x05\xb1\xfcS\xa6E\xf7t\x19<\
 i\x10@\xe5p:\x8fD\x85V\xd9h}Ia\
\xaf?D\xfd\xd5\xdc\x05{\xdbr\xb7s\x15\xde\xe5\x02\
=\x97\xbaHq\x90^\xea)\xd9\x08\xd9 \x10\xa3\x8c\
\x8c~$P\xb6\x19\x13\x8d\xa9\xa4\x9f<\xd88\x9c\x8c\
\x94\xc7\x18\xc7\x93Ir))\x97\xdd\xc6\xd9d\x8e\xbc\
\xd0\xb8\xcd\xe8\xe7)\xce\xd3\x17t8\xbc\x9aoh\xc9\
!\xc7\xaf\xdfA\xf6\xb7L\x13\xcel\xbe\xee\xde\xb3\x99\
_\xdb\xf6\xbe\x7f\xa2\xe8\x0b~{\x80\xcb\xca\xef\x16\x0f\
p\xbb\xd1s\xb0t%C\x90\xdcV\x19d\xeb\xa2\x8e\
\x9b\x0a\x98Gmy7\x99\xbdW\xbe\xc2\x0a\xa2\xb4\x9e\
\x1b\xbe\x1f\xef\xba|Y\x03x\xf5\xdf\xb7\xd43\xf8\x9d\
\xde\x05\x83\xcf\x80\x96@\x02\xfc\xc1\x7f\xe7]0$/\
x\x0f{\x19L\xdf\x05\x8b\xeb(\xac\xe3l\xaf\x00\xc5\
5\xc9e#\xbb\xf1\x01\x81\xe2\x8a\x86\xf0\xa2gk\x9c\
U\xdf\x82Ew=\xb0\xddWlk\x1cC\x10\xc3R\
\x18\x16\x85\xa9\x9c[\x9b\xf8\xf5\xd7\xa2\xef\xd5?\xd5\x8b\
|=\xad\xd7\x92]\xc29\xe6\xc3\xbb\xb8\x14p\xd5h\
\xb1D0\xe8\xfc\xf9w\x19V\xef\x82\x8ey\x94\x9a\x1c\
\xe5\xc2\xde\xd6Fh#\xde\xe6@\xe0\xad\xa7\xf0*\xad\
\x96\xebA\xf5\xf8\xa2\x16\xc2\xfbj{\xd9\xfeN\xb4\x1b\
\xfc>o\xa3\xb5\x04\xba9\x14\xd8\xcf\xfb^\xff\x83\xb6\
\xb7\xbe^\xd7\x97=\xfcen\xa5X\x0a}{\xba\x0c\
\xf8 z\x9e'C1o;\xef\xd9\xa1\xe1\xa9BZ\
X\xd9\x91geG\x1e>z\xd9\x91b\x81\xdd8p\
\x93vD,\xd5\x1e\xc4\xb3\x80L\xb6\xf7\x95\x9f\x0f>\
1\x1a\x1du\xc5\x06\x84\x19\xfd\x0d\x16\xb4\xdb_<l\
\xb1\xab\xcb\xc3\x8e\x04\x1f\x8el\xb2\xaf\xf67!\x7f\xd2\
\xc5l\x90\x8daD\xf6\xcd\x88\x01\xa6\xbc{\x1a\xfc\xaf\
\xae\x7f\x90M\xb6\x5c\xa1;\x81h\xdd\xd7N\x13/W\
ERHRhRX\x92\x9a\x14\x9e\x1418\xd6\x15\
\xe2\x0au\x85\xb9TW\xb8+\x22'$'4',\
G\xcd\x09\xcf\x89\xc8\x89\xad\x8c]\x16R\x17Z\x17V\
\xa7\xd6\x85/\x8bX\x13\xdb\x18{96\xd4;\xd4;\
\xc8;\xa0 \xb4 \xac@-\x08\xaf\x0c\xad\x0c\xabT\
+\xc3\x17\x85.\x0a[\xa4.\x0a\xef\xd2\xf1]\xd9\x1d\
\xb8\x0f\x08\xaa\xad\x90\x1a\xde\xa9\xb4\xcc\xbd\xfc\xe1\xde\xc5\
\xeeM\x87\x9b\x9a\x06\x1f]\xb1\xf7D\xebu\xcc=\xbd\
\xb1\xe0P^\xc9\xcb\x93\xff\xf72\x97R:\x7fj\xf5\
\xd9\x83qY\xad\x8b\xf7\x94\x16\xbe\xfa\xe4K\xc7\x1c\x0b\
W%$\xec\x89\x8dm\xa1\xf9\xea\x11\xe0\xd5v\xd0\x1f\
#\xe4\xab}]\x01\xe4\xb0\xc9j8\xdc\xc5\xb9\xda\xda\
\x14\xb41\x009\x1c\xc3\xbb\x98D9p\x18\xcbI\x93\
\xaf\xb0\xda\xc2\x05\xfa&\xea\xcdKI\x87\x0aB\x17\x85\
6\x86\x12\xc0\xd3\xfb\xfe\x05P\xc5\xece\x1e$\xd6t\
/+\xb5\x00\xf2\xe9\xd3\x8f<\xf24=Z\x1f\xee\xff\
\xdc\xfcw\xd1\x8d\x1b\xef\xce\x7f\xae\xff\xe1\xc3\x5c\xe2\x89\
\xcf??\x01\x07\x97[\x5c\xa8\x1d\xd5\xae\xc2\xe7ha\
\xf1.\xc0\x06\xd3}ut\x1f*\x0a@\x83]Ah\
9^\xc1[\x96\x9bW(\x87\xed\xfca\xff&Z\xb8\
s\x98\xd1\x08\xdf\x8c@[\xcb\x05o\xe1\xceFK\xf2\
\x7f\xbbD\x97%A\xb6\xa0EAk\x82\x1a\x83\x04\xdc\
!\xe9k\xdbd\xeb)\xe0\x91\xcf\xb3\x1f\xcfy\xfe\xcd\
7\x9f\xcfy<{\xf4\x8e)\xad\x90\xc5\xf4\xc0\xe2\xf8\
'\xf9\xd4\xbd\xdd\xbb\x7fr\xf2\xe4'\xdd\xbb\xef\x89\x8a\
\x02\x82,\xd8\x81\xfbG\xb2\xb5\x12\xdd\x8b<\x190\xb4\
\xe9\xfc\x0a<\x8c,\xbe\x87\x05y\xb5\xa5\x09o\x84t\
\x1b\xc9\xdcp\xbb\xc3\x98\x11\xc2L,9\xb9\x8d_\xcd\
\x9d\xf8E\xcb<L\x9c\x9c\xbe\xd1\xb7c\xbd\x9c<\xd9\
\xd4\xd4\xff\xb9\xfbO\xdc@7N\xdc\xff\x5c\xebq\xe0\
\xdc\xae]\xc0=r\x88\xbb\xfb\xfb\x8b\xbb\x8a\x0b\xf1P\
,\xc3gh\xa1\xe6\xf40\xd0\x83\xd7B\xe0\x97/\x0a\
B\x95\xae(\xc8\xff\x0d\xcb\xe5\x15\x82s7\x16\x0e\x9b\
\xf0\x8b]\x0e;\x9aL\xab\x83\x83\x9c\x9c\xec\x94\xd1(\
\xcea\xcd\x08f(6{6\x11^\xb9\xa8\xbf\xbc\xf5\
\xecb\x8e\x1b\x1cR\x19\xd2\x18\xf2\xdb\x90\xcb!\xc2`\
4\x18\x0f\xe6\x06;\x07\x07\x09\xf1R\xa2\x9ch\x88W\
\xdc\xc8\x8d\xdd\x9c\xdb\xe9\x0e2\xb0\x9d\xcc\x1d\xb70\xab\
\x9e\xd5\x96\xa4oo\xe6\x17\xb6\x1c0\x9d|a\xfa\xf1\
\xa9E\xbf\xbdW\xbb\xa2\x1d\xc7q-\x1fc\xa9\x89\xdb\
\xb1b\xf3a\x0bw\xb7w_2\xee\x8b\x15\xec\x83\x87\
h\x1f4o<\xb8o+\xf5\x0b\x89\xc0\xf0\xab\xc0k\
\x1f4\xc9\x15,\xd8\xb0I\xde-\xe2:\xb4\xd1\x22\x1e\
U8\x1f\x09I\x06A6[\x8dY\xbe\xd4\xcf)\xd4\
)\x1bu\xa7la\xd7l\xcbqs\xcb\xc0\xe6f\x87\
\xbe\xed8\x99\xbegKv\xb0D\xd7\xe5\xccq6:\
\xe9\x92\x00\x90\x0c\xc1zR\x1d\x99\x9aB\xcd\x8b\xbb\xba\
\xbfh4N\xd4\xde;\xbc\x7f\xff\xbe\x97D\xdfM9\
eE\xf5-\x89\xe4\xbd\xfa\xec\x17\x9f\xa1\xbc\xd6\xf2\xf9\
\xc9\xc0k#\xea\x0a\x99}d\x80)\xc4\xe0X\xee\xe3\
w\xd8J\x0e\xc7D6\xc5\x1e5\x1c\xb6\xbe\x14\x18\x12\
\x13\x80d\xd3p\xd1\xe1P3\xe2\xd8\xfb[]\x1d\x9a\
/\xe8\x0a\xa1\x9dao^@+\xba-\xea\xd6\xd8\xed\
&+\xf2\xb7q\xedk\x93;\xb0GU\x1c\xfa+\x14\
\xf2\xe4\x8e\x86\xf5;v\xaco\xd8\xd1\xa4i\xd7\x0a\xf7\
\x8e\x1d\xbb5\xf7W\x07\xfb\x1d\xb8\xff\xd7--\xbf\xbe\
\xff@\xbf&\xee\x8e\xb7\xce\x9f\x7f\xeb\xf8\xf9\xf3\x7f\xd1\
>\xd6\xbe\x0c\x09}>\xbe\xdbK\xaf\xdcY4\x15R\
$\xfa\xb6\xbb\xff\xd4\xa2=\x94\xbfG \xd7(f\xfc\
\xed\x05\x96o@\xc4\x82\xc5:\x8b\xbd\xc9\xb4Q\xc1\x90\
kdS\xdf8\x8c-\xfb\x99\xe1\x0f\xa4\xaf\xa0\xe9\xfe\
\xaf\xa4\x03\x05NV\x87\x8e\xb4\xeb(\xdb\xe9\x06n\xe6\
\x8b\xf8\xe2\xa6\xfb\xefo\xd8{\xf8p\xfa\xf3\xb5\xaf\xbe\
\xc9mo\xbd\x8b\xdb\xbam\xeb\xcb\xdb[\xebD\xdf\xd6\
\xad%\xc5_S\x1bz\x15&\x9f\x0b\xf3\xd2w\x8a\xdd\
ae\xf42\xff\x1c:\xca\x09X\xe6\xd1\xb0\xb6w\xab\
\x17Zh\x81\xc1\xd6\xb6w[`\xb5.\xf6\xaa\xf5\xd5\
&\xf8\xc7\x17\x5co\x14}\xbf\x04x7\xcei\xf9\x0c\
\x9e\x11Y\xd1PW\xb0\x91\x93\x90\xe5e\x93T'\xbc\
\x84\x8e\x9a\x9e\xb3\xc96A\x1cc\xc6\xb2\x09\x0d\xb31\
\xe8\x17\xf4\xfd\xfb\xfa;t&\x04\x98\xc8\xee\xb2\xe7\xd8\
\x0b\xec\x95v}\x22_o=S\x9f\xf0\xa9_\x0d\xeb\
Y\x9e\xc5f]\xfd\xfe\xb1-\x85\x9b\xc4\xae_\x22/\
\x0f\xb7\xc0\xdc\x0aD\x9a\xb8\x1f\xaek\x1eE\x1b\xbd\x85\
M\x19\x0d\xeb\x5c\xd8\xbc\xf0\x83\x85M\x1b{\xcbs\x0f\
\xcf)\xb2\x1f\x17\xcb\xc5\x09\xdd\xe5|\x0e2h\xb9\x9a\
\x9b-,\xe1V\x0a\x0f\xcb\xeb\xb8\x0d\xc2F\xf9)\xce\
A\xab\x99\x9c\x91(RW\x12\xcb\xd3Zfw\xc9e\
*#\x05\xa6\x95d\x19d\xd0\x0f\x89\xf5\xd2f\xb2Q\
\xdaC\x9e\x16\x0eIoH\xefK\xdf\x91\xcb\xe4;\xfe\
2\x1fH\xab\x94\xb4HI3U\x90\xe9\x91\xc3\x5c\xf4\
_Z\xf7q\xf7^n=~X\xf4m)\xc7\x9f\xb4\
^i\xdd\xcbE\xb6~\x00\xf4\xb6\xcb.\xe2\x05\xb4\x91\
\xa3\xd4\xb4\xedws\x99m\x82w/\xe5eA\xd4\x05\
\x06\xc2\x12}\xbf\xbf\xe8\xe1\x95\x14\x02v\x13\x81&\xbb\
bD\x87\xa1\x8b\x15\x89!\x92\xd3T\x17\xa2\x92\xa6\xa0\
\xa3\x016\x09\xd9\xad\xb2,\xe6\xd8ekNp\x17\x08\
;\x91\xac\x14\xd2\xd2rQ\x7f\xeb:p\xe0\x85+\xac\
 I\x95\xd0\xe5\x93\x14\x95\x13U\x19\xb5&\xaa\x11>\
\xafD}\x18u#\xca\x00Z\xa9\xbfn\xed\xa8\x9b\xed\
J\xea\xd4\x954.\xe3\xd8\x92g_>\x5cU[\xbf\
\xf3p\xd5\xec\x87v\x1e><x\xff\xdcy\xcf\x90\x95\
\xf7\xcf\xfa\xdb\xc7Te\x9f\xd8BU\x96\xdb\xfa\xe4c\
\xaf<\xd5Z\xc7\x17\xec\x9b6\xf5~\xd4&\xefb\xa0\
\xc1\x07\xf5\xeel3Goo3\x17\xbc6s\xb0\xc0\
\xf9\x1b'w\xb3\xd58\xff\x8e\xd5\xc0\xd4\xd4ht\xff\
^\xcb|\x8e?\xf8\x1c\x1f\xf1\xb0\x03\x1d65\xd1z\
\xa1\xc3:\x968\x9c\x197\xed\xf9sE\x0e\x0e\x98\x8f\
\xe6\x8b\x0b\xa5\x85\xf2B\xc3Be\xa1q\xbei\xa1y\
\xa1e\xa1u\xa1m\xa1}\xbe\xa31\xe0r\x80\xbd\xf3\
n\x9cN[\x03\xab=\xdf\x1eYw\x19;\xb4K\x97\
\xd9\x97K\xc8\x87\xdeo\x8al\xd1\xde\xd2.j_\x81\
3\xf7|\x93\x84\xc5\xc6#\xe0\x17\xb7\x03\x8e46\x0e\
r\x05ycc\x93e5~\x89\x1c\x0d\x81\xb88\x9c\
E\xc8\x0e\xd9\x84\xed\xc2\x05oxt\x19\xf4\xf8\xf8\xe7\
P\x1eO\x89nc\x8e'\x95\xe8\x94bT\x1f>\xdc\
\x9eIp}\xbd\xf9\xc5\xae\xd6}\xa2\xb2\xa7C.\x81\
\xff\xe2\x0d\x90z\xecn\xf3\xdb\x0c?o\xae\xd3d]\
\x1d\xf4R\xc0\xd1\x10\x96\xe9\x0c\x87\x9c\xa7C\xf4\xf6\xe2\
\xf7\xe6M\xf8\xdd\xf2\x82\xdb\x13\xc8\xe9\x0b\xeeH\x9c\xe8\
\x8d\xd9\x5cu{$\xef\xdf\xd4\xd4\x96\xf1\xb4\xee\xeb\x10\
\xc6\x8b\xf7|\xff\xadW\xb7\xc8H\xc0\xcf\x0e\xb9\xbc\xaf\
h\x04k0\x92:K\x93\xe1\xa8\xa4\x88\xb0\xf4\x1b\xe6\
\xa0a\x84\xf9F\x88\xdb\xa7\xdf\xa5\x81\xfa`\x8e\xcf6\
\x1f\xce\xfb]\xa2\x0e*\xe5OF\x86e\xc6oy\x1a\
8ud\x99OB09\xe8\xb0\x9fx\xb9\xf5\x00(\
Ti\x91 \xb0\xf9\xdc\x90c\x1d\x87\xf9b\xd1\xe7\x9e\
\xba\xdc8OYn\x5c{Y\x0er\xaf\x95\xbc\xefr\
\xe7\xca.4\xf7\x8anj\xaf\xcb\xe5\x06\xc9\x16I\xf6\
\x8d\xc8\xe8J\xf1:\xdd\xa9.\x07\xf1\xedo4\x19s\
t\xae\xcby\xcbr(\x96:\xb6\x99\xc1J\xb01\xd8\
\x94\x00\x09E\xbc1\xde4\xc00@\x19`\x1c`2\
\xaaH\xc5Q\x5cW\xa5\xab\xb1\x9bO\xa2o\xa2\xb3\x9b\
_\xd7\xd0\xaeaqj\x5cxT\xecre\xb9q\xb9\
i\xb9\xd9A)\xe08Q\x11\x8d\xc4D\xcc\xc4B\xac\
\xc4F\x02H \x09\x22\xc1|\x88!61np\xdc\
=q\x0b\xe3\x16\xc5\xad\x89k\x8c\xbb\x1c\xd7\x05V\x7f\
\xf7\xdd\x5c\x00\xa4_z\xb8\xb9\x00H\xf7)\x90U\xd9\
\xbb&\xaf\x5c9u\xfd\xe0\xe6\x1d\xdf\xfda\xf2\xeb3\
J\xdf,\x5c\xb2\xba\xe4\x19\xd73\x8f\xfe\xf9\xd7\xa5\x07\
\xf9\xc1\xfb\xbav\xcd\xcbse\x86[\xbamZ\xb9\xe5\
Pd\xe4\xcb\xa9\xa9\x93\xc6\x8e\xca\x89\xb6F5,\xd9\
\xba\xd7\xb3\xef\xac\x0f(\xdd7\xc2V\xf0\x15\x90)Z\
\x04\xd9Jv#;>*\xd7)F\xe02X\x82\xcd\
a\xa1\xbe\x82%)\xc9\x9ee\xaf\xbe\x81\x11b\xec\xb3\
z\x8c\xa5\x99\x89\xaf\xdf\x00\x9a\xa7\xc4\xa4\xd2\x0c\xc5\x8e\
g\xe3\xf9\xda\xb2Q\xd5/\xbdt\xe6\xc9\xba:a\xab\
\xf6Z}k\xe3\xca\xec\xcd\xdb~\xc7\x15\xd4\xe3A\xba\
\xae\xb3\xefk1?\xe5\x0b\xab\xd8\xe0vO\xb5Z\xc1\
G}\x9bL\xe0\xa7|\x8d\xd9\xe0\xb1\x869\xa9\xb2\xf7\
\xd3\xf5\xeaBr\x9b\xbbr;\x8fQw\xe5c\xefP\
\x09\xf4,A\xf0>\xea\xae~\xd9\xd44\xe4\xb9\xdaW\
\xdf\xc2\xbf\xc1G\xb8\x9d\xad\x85\xdb\xb6\xbd\xbc\x9d\x9b\x7f\
\xbdqoi\xd1e\xb2\xcbSo\x81\x9c\xb4\x00\xd6\x91\
\xd7]\xb17\xd72D$\xd2Z\x86Hk\x19\xaf\xd0\
2!\x87\x05\x1eIt\xd7\xb0\xd2a}\xed\x9bG\xf7\
\xf0\xb6\xad\xaf\xffN\xa1\x10\xbb\x1e\x1e\xc1M\xe7h\x9d\
k9\xb7\x88[\xcbm\xe7d:\x91\x81\x18XM<\
\x90\x04\xf21\x88\x167\xe2xUNE\xa9\xb8?\xe9\
\xcf'\xc9\xb4v\x95I2\xf9a\xc2\x08\xd1%\xe7\xa3\
|<\x89L\xe2s\xe4RT\x8a\xcbI9?M(\
\x13\x0b\xe4ZT\x83\xe7\x93\xf9|\xad0O\x5c\x86\x96\
\xe1\x95d%D\xd6\xe5\xe2\x06\xb4\x01o\xe46\x93G\
\xf9G\x85\x8d\xe2.\xe1iq\xbf|L\xfeP\xbe!\
\x0f\xf2\xd6\xaap\xe4\x1d\xaf\xe3\xbb\xf1\xdd\xafkw]\
\xe3\x0bZ\xf2\xc8\xde\xeb\x8dLG\xf2\x81\x05\xa9\xc0#\
\x13\xfe\x8b+S\x18\xaf\xd7\x13\xc7+\x062\x9e\xd6\x13\
\xc7\xff\xa4z\xe2+\xb7\xa9'R.\x8e\xdao\xa7\xfb\
u\x1cm;w\x8c:#)g\xb1\xfe\xe5,\xb3g\
k\x8f\x97\xbf\xffp\x19\x12\xbbn\x08\x9c\x1f\xe7'D\
(\xa9J&\x97)\x0cS\x5c\xca\x9d\xdc\x9d\xc2x%\
G\xa9\xe0*\x84Re.Hc\xae\xb0P\xa8\xe36\
q\x8f\x0a\xeb\x95\xa3\xdcQ\xe1\xd7\xdcq\xf2\x1b!D\
\xe0\x0cD\xe4\x8d\x82\x22\x1b\x0dp29\xb9\x00\xe2\xc7\
\x07\x0aAr\x90\xc1\xd7\xe84\xd1\xb7\x17\x91\x5c,\x09\
\xe7\xa3\x85\x081B\x8a\x96c\x0dQJ\xb81\xd2\xd4\
\x8f\xf4\xe6{\xcb\xfdh\xdd\x91\x1bA\x86\xf1.>]\
\x7fW+\x0f5\x0cU\x86\x1ai\xcd\x91\xca1\x9f\xcb\
\xe1\xc7\x0a\xb9b\xae\x94#\x8f3\xe4)\xe3\x8dE\xa8\
\x18\x97p\xd3I\x09?]\x98.N\x97*\x0c\x85\xc6\
i&\xb7\xa5\x16\xd5\xe2\xb9\xdc\x022\x87_\x00\xf2]\
(\xce\x93\x16Js\xe4\xb9\x86\x85\x86\xf9\xca,\xe3\x02\
S\x1d}{l\xd9\x886\xe2\xf5\xdc:\xb2\x85\x7fL\
\xa0oM6\xc9\xae\xc4\x0d\xa6m\x96\x9dh'\xde\xce\
m'\xcf\xf0\xcf\x08\xbb\xc5\xdd\xd23\xf2v\xd3\xb3\x96\
_q\xcf\x91\x97\xf8\x17\x85&\xc3+\x96f\xeeu\xf2\
.\xff\x8e0\x97\xe9D\x10\xa6\xff\xe1H#\x8e\xcco\
\xfa\xec\xd3\xb3\x9f}\xda\xa4\x9d;\xfb\xd7o\xce\x82v\
l \xd3\xe9q\xbd\x91lh\x99\x0e:2\x00\xech\
.\xe8\x88\x11\x0fq\x0d\x13\xe8\xebL\xdeNx\x89\x9e\
\x04\x1es\x98\xd89\x10\xbb\x1dz*v\x83\x82\xe9\xc9\
\xa8\x80\xca\x18\xec\xa00\xe9\x8a\xc4c^\x06\x1b\xe3<\
W`\x12&\xaf\x82X\xdb\xb6v\xd9\xf5\x22\x9c\xd7\xea\
\xda\x0br\xcdv\xff\x9b^\xc0\xdf\xac\x12\xb7Z\xe1\xa3\
\x0a\xcf+\x81\xbcS\x89Q\xee\xe0{*\xe3\xf9\x09\xd2\
D\xa5T\x99\x85\xe7\xf1\xb3\xa4\x1a\xe5!~\x89\xb2\x89\
\xdf\xc6o\x94\x1eQ\xd6(;\xf1n\xfeY~\x87\xf4\
\x94\xd2\xa8\x04+\x84\x17\xc0\x06\x8c\x81\xc4)8\x0d\x81\
\xc68\x12#D\x1b\xba\x19Us\x7f\xdc\x8f\xf4\x11z\
I\xb4\xde\x9cd\xce$\xc3\x84\x0c\xc3H\xa3\xcb<\x89\
Z+7\x89L\x10\xf2\xc5IR\xbe\x9co\x98d\xcc\
1\xbb\xcds\xf0B\xf3cx\xbd\xf4\x0c\xde.\xed7\
\xff\xc6\xfc\xa1\xf9\x869\x91nw\xe2\x22Y\xf5\x0a\xcc\
\x92/\xd6\xee\xc5{\xcejG\xb4#g\xf1\xf3Z\xd5\
Y\x1c\x87\xe3\xf8\x82\xd6\x0f[_\xc5M\xda\x08n$\
\xe7\xa7\xdd\x87\xeb\x99/\x83\xdc\x81\xfa2+^\xe5\x1a\
\x22\xc9\x9c\xc1\x8e\xac\x94\xcd\x08Y-v+\xb2\x9a\xed\
&3\xa2'\x8b\x19\x0c\xd7d\x07\xb3M7\x1b\x0d6\
d\x14\xea\xc8K\x16\xe3Q\xfa]Q\xc5\x00\xd6*[\
y\xab\xd1\xe6\x15\x80\xcc\xd8n\xec\xc0v\xa3\xbeA\x9f\
q\xdd\xf3n\xc6\xde\xe9\xc5\xdfM\xd6(|\xe5\x9fL\
y~YD\x82,\x1a\x88\xd9O\xf17\xdb\xcc\x91\xe6\
Ts\xa62F\xc96O6LV\xa6+u\xe6E\
\xe6uf\x87\x82\x00\x09\xb04\xa3\xc5h\xf5\xc7N\xce\
\xc6\xdb\x04\x7f\xc5\xd7\xe8k\x0a\xb4\x04ZcQ\x14D\
^\x95W\x858\xb9\xab!Z\x892F\x99b\xcd\xdd\
,\xdd\xac\xaa\xbd\x0fx\xcbT.\x89O\x12\xfa*\xbd\
\x8d\xbdM}\xcd\xfd,\xfd\xacI\xf64\xe4\xc2.\xce\
E\x5c\xbc\xcbc\x81\xe9\x86\x0ce\xb89\xd3\x92iu\
\xd9\xf3\xd0X<\x96\x1bOr\xf8\x1c\x90\xcfx\x90\xcf\
\x04\xc3\x04\xb0\xc2\xf1\xa6I\x96I\xd6\x1c{).\xe5\
\xca\x94rK\xb9\xb5\xc0>_\x9ec\x99c]\x89\x1e\
4,3.3\xad4\xaf\xb4\xac\xb4n24\x18\x1b\
L\x9b-\x9b\xad\xdb\x8d\xdbM\xcfX\x9e\xb1\xee\xb7\xff\
\xc6\xfe\xa1\xfd\x86\xbd\x04d)X\xb0\xbeL\x1b\x8c\xd9\
\xfb\x00n]\xf6\xfa\xfb\xd7\xcd\xc8\xcaK\x09\xd7\x06\xe8\
\x0e\xb7\xec\xady\x9bG,\xcf\xe3\xb3[\xd6\x93\x19z\
\x5c\x9e\x08y\xd69\x90\xa5\x01=\xee\x0a\x94\xf5\xfd\xe0\
`.\xe9\xf2nt\x94\xec\x16d\x82\x11\x8f\xf5\xf2\xb4\
Q\xdf\xfe\xe8\xb5\x06\xcfw\xbd\x98\x954'7\xff`\
\xa9:\x9d\xfa\xc4\x18n8\x97)\x09F\xd9j\xecB\
\x82\xe4\xee\xb2j\xecM\xfa\xc9IF\xca\xaf\x0c\xc6\xaf\
!\xf2\x042I\xbe\xc7X\x80\x0b\xb8RR\xc0\x17\x08\
S\xe5\x85\xc6E\xc6g\x8dA\x9d\x8a\xd5\xf7\x91\xe9\xad\
Y\xdc\xc1\x96\x05\xdc\xc1\xd6\x12\xbe`W\xcb\xb9u\xbb\
H4\xfd\x1e>\xd2\x0e\xf0\xfe\xb0\x1e\x8bB\xb3]\xbd\
\x02\xacN\xa3\x18m\x08\xb49C\x8c\x82\x1aN\x90q\
\xb7\x01\xed\xc6\xc7\x0c\xce\xdd>\xcfE\x9b\x0c\x8a\x10\xe5\
\x17\x80B\x14\xc1\x87\xf3Ej\xc0\x10\xc5*DSE\
d\x05m\xfd\xcb\xb9\x9eTD\xdf\xe8\xda\xcf\xb37\xb4\
\xe5b3]T@^\xe0\xe8\xd7\xb6\x0b\xb6_\x12>\
\x00\xa1t\x8a@3\x93;\xb0\xf7K!p\xd5{\x80\
\xa7\xaa\xc2\xf6\xf0\x85\xd0\x5c\x99\xf7\x1f\xf4\xfd\xee\x19\x0f\
\xdfqG\xfd\xbd\xbb\xbf\x1f4\xf4\xa1\xfc;+\xdc\x93\
\xf3\x1fzy\xcd\xfa\x0f\xbe\xdeXS_\xddp\xf9\x83\
u\xf5\x13\x1f\xba\xfa\xf8\xc3\x01A\x0fo\xb9\xfa\xd0D\
J\x1b\xaf\x85\xe0}b\x08\xac5\x1d/`\xf4\x1c\xfb\
&\x9f\xfe\x1b\x03\xf4\x0b\xe4t[\xc8\xbe=b\xc8U\
$\xb3_5\xe9\xc8\x8b:W\xef\xb0\xe8 ?\x93U\
\x0e2:\x03\xac\xbc\xa0\x12\x14\xb0;\x08\xed\x8e<\x16\
d\xddm\x7f.:8 \xd0i\xc5\x90\x82\x05:#\
\x1d<\x0a\x0cs\x0e\x01S\xe5\xa3\xdb\xd2\x0f^\x177\
\xab$\xf1:g\x92\x815\x1e\xa6\xdc\x967\xfa7F\
u\xfexy\xe3aH\x9f\x04\xdc\xc6!?\xca\x90v\
\x0eu\x07\xbc\x87\xad\x1e?\xd9\xed\x9e<~\xf5\xb0\xc1\
\xdf?=\xe3\xe1A\x83\x1e\x9e\xf1\xf4\xf7\x83_\xce\xaf\
\xbf\xba\xe5\xe1\xa0\x80\x87\x1f\xbf\xfa\xf0\x84\xfau\x1f\x5c\
n\xa8\xae\xaf\xd9\xf8\xf5\x07\xeb\xd9\x9ej|J8G\
z\xa2\x10\x14\xe9\xb2a[\x90\x09\xf9\xf0[\x82|\xb6\
\x98B\x915\xd4F\xb7\xd6\xd9N\xb7\x9c\xbeh;\xa6\
K\x8a\x95=cc\xe8\xa7\xadp\xec\xefG?\x80\xa1\
p\xae\xfc\xf9\xc2\x8aG\x8c\x82d}\xec\xee\x89{\xa7\
\xd2\xbbu\x8a [\x1e\xbb;\x7f7\xe9y`\xcc\xd0\
\x01<G\x84A\xa3\xc7\x1d\x18\x931\x90]\xd2\x9f\xe5\
i5\xf1\x97\xb4U\xc2\xb7 \x9f\x95.H\xec\x08\xdd\
\xf5\xca\xa5#|\x8d\xc7\x84\xf0\xb6f\xdb1\xf6\xba\xc0\
c\x1c\x9e\xaf\xe0 \xa6n\xb7\x16\xf2\x11c\xf6K\xf4\
^o\xf7\xbe\x05\xefF\x138?\xe4\xc0Q\xe0\x9cR\
\xf1\x10<\x1e\x8d\xc7\xdb\xd06\xfc,z\x16[\xc0\xf5\
\x920\x14F\x12Q\x22\x11i\xc9\xdc'\x92\xb4\x1eo\
\xde\xf4\x99\xf0\xadv\x15\xcbL/\xaa\xf9K$\xd7\xfb\
~\x81k{\xbfp\xfa\xa7\xbc_`\xdf\xbf[u\x5c\
;\xb2I,\xd5V\xe8\xfe\xe3U\x807\x18\xe0\x89\xa8\
\x8f\xcb\xc4\x0b\x14\xa2\xc4s\xb5\xa2d;\xef\xd9\xaf\x9e\
\xdc\xaf3T\x89A\x95\xe8WH<P}\x22c\xa5\
H|h\xfd\xdfV\x1d<\xb8\x8a\x82\xfe\xdb\xdfP[\
m\x0c\xf2v\xfa\xeb>\xf1.#\xdf\x84^\xe1xZ\
e\x11@\xd3\x98\xb7\xb9\x90\xe4\xb2\xf3|/~(o\
\x13]b\x8eX V\x8a\xb2^k\xf1y\xb5\xa9\xe9\
.Z\x18\x03\x00@w\xa4V\xcb\x01<X\x03\x84\xb9\
,\x06Q1\xff\xaf\x08\xd7\xb6Xb\xf0\xb5\x9d?\xcd\
\xbe\x02\x99x\xba\xa5\x19\xb45\xfc\xd6\xc5P,\x97\xd7\
\xa7\xf7\x9cY\x09\x13\xbaG\x8cL\x1c0\xb0{\x8fA\
\xe5I\x93\xee4\x99\x96\xda\xadI\x09\xa1\x13\xee`\xbf\
K\xc4MP\x92\x9f\xdf;\xe9\x1e\xeb\xc0\xbf\xa10\xdd\
\x0c\x7f=\xf8\xf7\x07\xbc\xe7\xef\xdeo\xd9g\xae2\x8c\
\xa7\xbf\xc6\xd1\xf6\xebC0N\x9a\xa9\x85 d\xfe\xf8\
\xbb\xf7\xaf\x8d5Wy~\xe1\xa8\xfd\xdf}\xfcIT\
*\xccE6\xfe\x22\x5c\x7f\x8e\xe6\xb33=\x9ap\x0a\
\x00*\xe6?E\xf7q\xfdn\xfcIN\x84\xb6Rt\
\x9f\xe0@\xfb\xb8U\xe0\xd5!B\x91}\xe8\x0d\xf1 \
\xda*\xf8\xa3=\xd2ft\x9fx\x07Z\xcc\xa5\xa07\
@K\xf6\xc3\xb1\x9dG\xe8\x0ex~\x16\xfao\xe5>\
A\xc5p>\xc7\x01\xc6\xd0\xbf\x0e\x8e\x8f\xe0\xd8\x00\xc7\
\x168\x8a\xe1\xa0p\xea\xe1\xd8\x05\xc7*8\x16C\xdf\
\xcbpl\xa50\xbc\x07?\x18\xad\x03\xbc\xea(\xce\xc2\
\x02\xf4\xb6\xb0\x01U\x8bqp\xb6\xa0\xb7\xf9\xcd\xe8m\
1\x05\xeey\xf46w\x17=nl\x10\x06C{-\
\xb4\x7f\x0e}Z\xe0\x9c\x85\xaa\xf9S\xfaY\xa8\x876\
_T\xc7\x7fr\xe3\x9ap\x0e\x1d\xa00\xa5/\xd1P\
a>\xba\x03\xdaZ\xe0|\x17\xa5\x85\xe2\x0c\xe7\xe3l\
~t\xe3\x22\xd0\xb5\x87\xf2\x0a\xc6\x1ea<\xf1\xd5y\
\xc6\xbd\x87\x12\xe95\xf0\xe8\x08\xd7\x0f\xbd\x0a|;\xc7\
?\xa9_K'\xd0\x11\xdaN\xf9I\xc7\xd1~d$\
\xdcwGn\x12\x89\xfaP\xbe\xf2G\x81_\xabP>\
\x9c\x07\xd0k>\x05M\x14\xfc1\xe2\x0e`\x9e\x9e\xe9\
\xfc\x08\x81/@`g\x88\xc2\x07\xfb@\x98\xbe-\x89\
@\x09\xa8?\xca\x82x;\x1d=\x88\x1a\xd1~\xf4\x1a\
\xce\xc7Sq\x05|\x1a\xf1\xfb\x5c:w\x89,\xe1\x0f\
\xf1\x7f\x16\xba\x08C\x85G\x84\xa3\xc2\x1f\x84K\x22'\
v\x15\xa7\x8bOJ\x11\xd2\x06\xe9\x8a\x9c'\x1f3\x88\
\x86J\xc3\x1f\x0d\xd7\x94\x08\xe5ne\x91r\xd4\xd8\xd5\
\xf8\x85\xa9\xd4\xf4\xb2Y1\x8f4\xcf3o7_\xb5\
\xc4XFZ\x96X\xfd\xac}\xad\x87l\x8a-\xc7\xb6\
\xc6\xf6\xad}\x91\xbd\xc5\xd1\xcb1\xcb\xf1\x99O\xb3\xaf\
\x9f\xef\x1c\xdf?8eg\x82s\xa2s\x9es\x8d\xb3\
\xc9/\xdbo\xb3\xdfg\xfe\xc9\xfe[\xfc\xbf\xe8\x92\xd5\
eE\x97\xfd].\x05\x94\x06<\x10\xf0Y`D`\
M`s\x90oPVPKp\xff\xe0\xfbC,\xa1\
j\xe8\xc7ao\xa9\x09\xea\x16\xf5`x\xb7\xf0\x19\xe1\
\xc7\xc2\xbf\x88\xf0\x8b\x18\x181\x83i\xee}$\x0fu\
Ge\xc8\xc4\xbe\x19\xb0\x89j:\xef\xe4\xfc\xe0L\x7f\
\x03*\x10\x16\xe4^\xfd~\x14'{\xae1\xe4\xf2\x9f\
x\xae9H6\xbe\xf7\x5cC\xc4\x86\x91\xfa5\x0f\xd7\
\xfd=\xd7\x022q\x05\x9ek\x11)\xdcR\xcf\xb5\x8c\
\xec\xa0\x07\xfa\xb5\x11\x85\x10\xe4\xb96;\x1e\xef:\xd9\
smA\xbd\x06L\xf5\x5cC\x8c\x1b\xf0\xac\xe7\xda\x8e\
\xf8\x01o\xc0\x8c\x987\xc0\xb0$6;\xbd\xc6\xc8\x0f\
\x9f\xf0\x5csH\xc6_{\xae\x09\xb4k\x9ek\x1e\xf9\
q\x11\x9ek\x01u\xe1\x86y\xaeE\xe4\xcb\xcd\xf4\x5c\
\xcb(\x82{\xd8smD\xfd\xb9f\xcf\xb59\xba?\
\x09\xf5\x5c[PY\xff\xab\x9ek\x1b\xf2\x1b\xb0\xd1s\
mG\xf2\x80\x17\xd1\x10\xe4F\x95h.\xaaB\xe5\xec\
\xf7\xbfj\x90\x8a\xba\xa2\x22\x14\x07\xe7d\x94\x04\x9f\x14\
\xb8\x9a\x0a=T\x94\x0e}jP5\x1cU\xa8\x04\x15\
\xa2\x99(\x1eZ3Q\x05\xf4O\x80\xab44\x03>\
*\xcam\x83U\xcd\xeeJ\xe0\x5c\x02cf\xc1\xdfb\
\xe8\xa9\xfc\x84Y{\xb7\xcd\x9a\x073\xcd\x82\xb9\xe8\xaf\
YU@o\x8aG!\x8c\xf9\xc7f\x1c\x0aW\xd3a\
\x5c>\xaa\x85\x1eE\xd0\xb7\x90A+a#\x0a\x19E\
*@\xa9\x80\xbf\x95\xd0g*\xc0-\x87~*\x8cw\
\xc3\xec\x85\xec\x19,E\x86\xb8+\xe7V\x95O+\xab\
Q\xbb\x16\xc5\xa9\xc9II)\xea\xd4\xb9jzyM\
uMUI\xe1\xccx5\xb3\xa2(AM\x9b1C\
\xcd\xa5\xbd\xaa\xd5\xdc\x92\xea\x92\xaaY%\xc5\x09\xca-\
C{\xd3\xa1y\x85\xb3fNwWLS\xd3\x0b\xcb\
~`\xe0\xd0\x92\xe9\x85\xf9\xb5jQYa\xc5\xb4\x92\
j\xb5\xb0\xaaD-\xafP+k\xa7\xce(/R\x8b\
\xdd3\x0b\xcb+\x00\xb3\xce$\x8ec\x04VC\xb3>\
x\x5c!\xfdI\xa7t \xc6M\x7f\xe0-\xdd\xed\xbe\
\xf7\xa7\x0d\xf9)}\xf2\x19\xb7\xab\x81Gn\xc6\xc1d\
\xe09\xfd\xd5:\x94_RU]\xee\xaeP\x93\x13R\
zu\x06u\x13\xa0\xdb\xcdU\xca\xa0\xe92\xad\xf1h\
\x9cw\xdeRw\x05\xb0\xa8\x068\x8e\x98\xdck@j\
\xfd\x11d(\xec\xb7\xec\xa63\x9d\xa9\x05,\xaa\x01F\
-\xe0V\xc4~\xe1\xce\x0dWT\xe6\x09\x00\xb7\x04\xc6\
\xa0\xb2\x9a\x9a\xca\xfe\x89\x89\xc5\x00tVmB\xb5\xbb\
\xb6\xaa\xa8\xa4\xd4]5\xad$\xa1\xa2\x04\x1e\x0f\xeb\x80\
\x81WG\xbczz\xab5\xd0gT\xefJ\x98\xee\x96\
\x80\x06\xb9\xd1l\xe8K5\xf5_\xa3\x7f\x14\xd2px\
2\x17\xfa\x94\xb1\x91\xe5\xf0\xac\x92\xd1U\xc3t\x9dr\
\xad\x8a\x8d\xa0\xd6A\xa1\xce\xba\x89\x937\xd3\xd1n_\
\xb5\x9d\xec\xeb\x87\xa8\xa1\xfb\xe0nG\xbb\xae\x03\x85p\
\xd5\x91k\xb7Z\xba\x82z\xfc\x13\x1f\xe5'y\x8f\x7f\
\xbd\xcf\xba\xbd\xbc\xdbi.\x87'\x0a\xbb\xaaa-T\
\x0bg2^\xdf\x0bmn\x90\xc0\xdf\xc3\x85R\x96\xc3\
\xe0\xcdd\xd0\xda\xad\xa9\x9c\xe1T\xc6\x9e\x95x\xe8\x9a\
\xc6f\xa9\xf0H=\xde#w]Z\xfal\xba\x8e\xe9\
\xfa\x1e\xcf\xf0r3\xe9W\xb0\xf1\x95\x1e\x8b\xd5gp\
\x03\xd4\x1a\x8f\x8e\x95{\xb4\xa0\x90\xc1\xd09\xadx`\
\xd60,n\xd6\xa7\x22\xd6\x8f\xea\xa1\x0e\xdd\x0b\xa1\x86\
\xfd\x9e$\xed\xa3\xebr\x093x]\xf7\x22:hI\
\x04\x93\x1c\x1d[\xcc\xce\xd5\x0c\xaf\x22\x18S\xe8\xa1O\
aVP\x04\x1a:\x93A\xa9aO\xbc\xfc)\x85\xab\
\x19\x1eK\xea\xda\x86c\xfb\x0c\xd4kQ\xfck@\x7f\
u\xed\xa73\xb6\xf3\x84\xb6T2\xab)\x86\x19\x8a\xd8\
h/6\xc5\x8c\x82\x1a\xa6kS\xe1i\x0d{\xaa\xcf\
\xa1\xfc\xc8\x0c\xf1\x1ek.\x02\xccj\x19\x14\x9d'\xb3\
\x99\x0e\x941\xafT\xe3\xe1\xccL\xd6\xd6\x91\x22/\x0d\
U\x9d\xb4R\xc7\xb6\x96\xf10\xbe\x83t\xe8\xf5L&\
O]\xd6J\x07\x0fR\x0d\xa3\xe3\x7f\x80\x8e\xf86:\
\x13\x99\x07Q\x19d\xdd\x1et\xd8\xe5\x1e\xaev\x96\xfe\
\x8fS\xed\xe5\x9c\x8eme\x9bF\xd70\xbc\xda\xb5\xae\
\x9d\xa2\xd9\x8c\x1f3\x7f\xd2\x0c^k(e^\xbd\xc2\
CaI\x87\x19\x8b\xd9_:G<;SNL\x87\
\x1eE\x0c\x9e\xde\xc7+?\xaa\xc73<\x9e\xcd+\xa1\
\x226w1\xc3\xb8\xdc\x83i\x7ff\x9dy\x1e\xec\xe8\
o\xa6\xba\x99gh\x97AG_\xd4\xce\x81[=A\
\x05\xf4\xaf\xf1XCu\xa7\xbe^[i\xe7XG\x1f\
\xd0q\x9c\xcah.d\x98+\xcc7w\xd65\x9d\x1b\
z,)\xfc\x11y\xbaY\x14T=\xb2\x9f\xc9\xce\xed\
\xfe\xe3\xa7\xc8\xa2\x86E\x22\x1aY\x0b=\x14%t\xe2\
\xd4\x8f\x8d\xa5<\x99\xeb\x89-\xfa\xec\x94\xe7\xa5\x0c\xc7\
b\x8f&\xcd`zZ\xd5\xd6\xa2cJyZ\xdcA\
\xe6\x1d\xb5\xce\x1bA\x0bYD,g>c\x06\xbbS\
\xda(*f\x98RyUt\xe0\xc6\xb4NqU\x9f\
\xc9\xebC\x0b\x99\xf6\xe8\xba\xeb\x9d\xe3f\xfeT\xff]\
\x9a\xbcX*\x1e\x0a\xda5\xac\x90\xc9\xe8\xa7c\xd0y\
\x9e\x9b\xf9q;\xdc\xe2=\xf2\x9e\xc1\xc6\x95\xff\x807\
W\xda\xa4S\xc5\xfcl!\xf3+\xedp\xbd-\xd5m\
\x1a\xe9\xb5\x97\x9b\xa3G\x89\xc7\xcf\x950*\xbc3\xcd\
fT\x15\xb3\xf1\x11\xb7\x89\x87\x11mt\xdf<B\x81\
g\xdeh\x1b\xd1A\xcbt\x9b\xc9\xba)\xbeLe\xf6\
\xee\xee\x80k\xad\xc7\x0e\xbcz2\x0b\x9e\x96\xdf\x86c\
%h\x0e\xe3s\x85\xc7\x92+\xe1\xa3G\xafB\xe6Q\
K\xdaFt\x94\xbb\x8e\xb3\xb7E\xb9\xad\xa5\x941\x0f\
\xaf\xb2s\xb5\x07\xc7\x12\xa6I?\xa4'^_w;\
\xdf]\xcc\x22A\x05\x93{G~\xdd\x8e\xabJ\x07\xce\
u\x94\xe1\xcf\xb5\xd5j\xe65\xbd\xb1\xba\xdd\xda\xbc\x96\
D3\x87\x19m\xb9G\x95gDg\x88\x95L\xa3\xef\
\x85\xbf\xd3<\x12\xd3\xe3!\xd5*\xa5\xcd\xab\xfe;=\
\xd5\x0fS5\xd5c#5\x9exX\xda\xc6\xa9\x11(\
\x83\xcd3\x06e\xc3\x1d\x9dg\x0c\xdc\xe5\xa1\x09\x90G\
\xe6\xb2g\x99\xd0\xa6B\x1e\x97\x0bO\xf2\xe1\x8e\xfe2\
\xf7P&\x974\xf6\x84>\x8f`\xd68\x01\xae)\xc4\
1h<\x83\xa5\xc3\xc8\x85\xbf\x14\xf6$h\xa1\xb0U\
vO\xefFA\xffl\x80E\xc7f\xa0\x89l\x8e\x0c\
\x806\x0e0\x1b\x03\xd7\x14\xf6hh\xcd\x82s\x86\xa7\
\x1f\x1d1\x04Z\xc6\xc3=\xbd\x1e\x8eh\x16\xaa\xcfG\
\x7f\x1f<\x8f\xd9\x0e\x1dGq\xd11\xcd\x83\xf6\xf6Y\
;c\x95\xc9f\xf4b6\x1a\xeer\x01\xfe\x08\xcfS\
\xfa[\xe4\x99\x0c\x1e\xc5?\x9e\xe5G\xf4:\xdb\x83\xa7\
\xce\xb9\x5c\x06\x9d\xf2\x88B\xa60\x87\x00FY\xec\x8e\
\xb6\x8e\x87s\x0e\xf4\x1b\xc7\xf8\x99\xc6h\xd6\xb1\xcdf\
4\x0c\x83\xe7:-\x19\x0c\x03]\x12:FC\xd8o\
\x9eOb=\xe8\xaf\xa1\xe71.\xd0\x99\xf2<=\xe3\
\x99\x1c)=C\xd9x:\xeb(\xd6K\xc7l\x8cG\
\xca\xf4\xba\x1dJ\x82\x87\x97:\x1e\x94\xff\xf9m3\x8f\
c\xf4g\xc1Ge\xf4\xe7\xb1\xdf[\xa7\xb2I\x03\xf8\
^\xb8^\xdd\x19\xce P\xbc\x15\xc6\x8d\xf1\x8c\xbe4\
\xc6\x871l\x86t\xd6\x8fr\x91\xf23\xabM\xe3r\
;He\x08\xe3\x17\x95\x1b\xc5|(\x9b)\x8dqd\
\xdcm)\xf1B\xeb(\x9d\xdbi\x87\xd26\xc3pF\
_\x06\xe3T\x16\xeb=\x0e\xf8\x98\x01\xfd3\xdbZt\
}\xccd\xb4\x0e\xf1\xf0Z\x87\xa9\xeb\xbd\xae\x13Y\x1d\
\xb8;\x84\xd1H%;\x16f\xcd\xf0\xe8T\x1a\xe3]\
g*\xa8\x9c&0\xfc\xdb\xa9\xd0%\x90\xe6\xf9;\xa4\
\x03\xcf\xda\xa5\x9f\xed\x91\xae\x17\x9f<6s\xdem\xb8\
2\x81\xd9b\x06\xeb\x95\xc6d=\xae\xcdF\x861\xfb\
\x1d\xed\xc1||\x9b\x86\xb5\xfb\x80\xf1\x1e\xfd\x1c\xd3\x86\
Yg\xfez\xed\xc8\xdb\xef\xa7\xf8\x0e\x1d\x96w\xee\xce\
\x12\x1c\xca\xf4)\xcb\x83\xe1\xb86n\xe8=\x94\x1f\x81\
\xab\xfb\xae\x0c\x88kEl\x9dS\xd3\xe6\xb7;G\xee\
\x8eYc{6\xda1\xef\x8c\xef\xe0k;f\x02\xba\
\x17\x1e\xce\xfa\xce\xbc\xa9_{\xab\xbeZ\xd2cV\xfb\
Z\xa7c\xeev\xbb\x15\xb6wu\xac\xe7\xf2\xde\xac\xb7\
=\xfb\xd0}\xb7\xbe&\xea\x98\xf5\x16\xb3\xfc\x5c\xcf\x01\
\xab\xdb\xb2\x127\xcb\x03\xddm\x99\xc9l\xf6\xb4=\xa6\
Wzj'\xeeN\xeb<:s!\x8b\xfd\xf1ms\
ycQ;,=\xaf,d\xd9\x02\x9d\xad\xfa6\xdc\
\xfc\xe1\x08\xa5\xdc\xb22\xacd\xf1^\x9fe6\xbb\xae\
\xf1d&\x94\xbeZO_\xda>\xef\xa6\xd5\xb0\xb7\xfe\
s\xab\x0c\xd4\xdb\xca\xc0K\xcb\xed2\x87\x8e\xfc\xafb\
\xf2\xae\xf4\xac\xa5\xca\x19\x87i>\x99\xe0\x81[\x85\xbc\
\xeb\xb2v\x9eP\x0e\xe8u\xb7\x997I\xbd]\xfb(\
\xb4\xfe\xe8\xe6\xaa\x02\xe5\xc1\xb4\x0e\x98\x173^+H\
\xaf\xe1\xd19\x15\xe6\xaf\xbc5\xae\xff\xfb\xaa\xd3\xbf\xba\
f\xfd\xdfT\x0fR:\xd5\x83n\xce\xbc\xfe}\xf5 \
\xe5\xb6\xf5 \xf5?\x5c\x0fR~R=\xa8s&_\
\xd4\x01\xa7\xf6Z\x87\xb7\xe7O\xab\xa0\xde\xae\xc2\xa2\xfc\
\x9f\xd5\x95\xd4[\xeaJ\xca\xff_W\xeaPWj\xaf\
0\xfc\x7f\xb3\xae\xa4t\x8a\xb0\xffwu%\xe56\xab\
\xb5\xff\x86\xba\x92r\xdb\xbaR;E\xff\x99\xba\x92\xf2\
#\xf5\x82\xffL]IA\xffh]\xa9\xfd\xad\xd3\xbf\
\xb2\xae\xd4no\x9d\xebJ?\x14}\x7f\xb8\xba\xa4\xaf\
\xcf\xf5L\xe2\xbf\xad\xba\xa4\xa0\xce\xd5\xa5\xdbW7\xfe\
3\xd5%\xe5G\xb8\xabv\xe0\xe0\x7fw\x95Ia:\
vk6\xf3\x9f\xaf2)\xff\xc5U&\xe5\xa6*S\
\xfbZ\xf7?YeR\xfen\x95I\xfd\x8fU\x99\x94\
\x7f\xa0\xca\xa4\xfe\xdb\xaaL\x0a\xe3A>@\x1d\xc9\xb0\
\xd5\xb9\x9d\x06\xcf\xffs\xb5#\xe5\xb62\xff\xbf\xaa\x1d\
)\xb7\xd4\x8e\xd4\xff\xb3\xda\x91\xf2\x83\xb5\xa3\xf6\x1a\xd0\
\xbf\xbfv\xa4\xfc\x03\xb5\xa3\x1f\x83\xfb\xef\xad\x1dy=\
\xeb\x0fG\x94[+>\xca\xcf\xa8\xf8t\xac\xd2\xfc+\
+>\xca?U\xf1\xb9u\xcd\xf6\xf3*>J\x87\x8a\
\xcf\x8f\xd5\x1d\xfe\x15\x15\x9a\x9a[\xe0\xbbP{\xa5A\
a\xf3\xd0\xbb\x04\x84\x86\xb1\x0dZt\xab\x1a\xdd\xec\xd6\
\xb6?N\xedZ]R\xa2N-\x99\xe1\x9e\x1d\x97\xa0\
\xfe\x84\x8dm\x09\xea\xf0\x19s+\xcb\xaa\xd5\xf2\x99\x95\
\xee\xaa\x9a\x92b\xb5\xb4\xca=SM\xab*\x99\xe5\xd9\
\x04\xe6\x9d\x83m\xa4\xab\xd57\xd2u\x9cFQ\xdag\
\xcf/\xa9*Tu\xd4\xdav\xe3)=~\xf4\x9fr\
\xeb\xbe\xbd\x9f\xbc\xe5O\xbdi\xe6\xf2j\xa5P\xad\xa9\
*,.\x99YXu\xaf\xea.\xbd\x19\x8a\xa2\xe4\x94\
T\xcd,\xaff\x9b\xe6\xca\xab\xd5\xb2\x92\xaa\x12\x98k\
ZUa\x05\x90\x1e\x0f\xb4\x03Y0\x0c8V5\xad\
$^\xadq\xab\x85\x15s\xd5\xca\x92\xaaj\x18\xe0\x9e\
Z\x03\x1c+\x07\x16\x14\xaaE\x80\xb4\x02=k\xcaJ\
\xbc|**r\xcf\xac\x84\xee\xb4CM\x19@\x07.\
\x97TT\x03\xf7\x22\x18K\x22\xe2\x00X\xb1ZX]\
\xed.*/\x84\xf9\x94bwQ\xed\xcc\x92\x8a\x9a\xc2\
\x1a\x8aOi\xf9\x0c\x10RW\x0a\x91\x0dP\xc7\xb9K\
kf\x03\xfb#\xe2\x18&U%\x95U\xee\xe2\xda\xa2\
\x12\x06\xa6\xb8\x1c\x08+\x9fZ[SBqP:\x0d\
\x88\x071\x17\xcd\xa8-\xa6\x98\xcc.\xaf)s\xd7\xd6\
\x0023\xcb=\x13\xd1\x19\xaatV\x02\xd8\xdaj\xe8\
O\xc9\x89Wg\x96P\xaa\x15\xa6 \xd5e\xf1\x1d\xe6\
\x88\xa7s&\xba\xab\xd4\xea\x12\x90\x03\xf4.\x07T=\
\xe4\xdf45E\x0e\xc0VRF\xd7(:\xeb\xd8D\
\xb3\xcb@\xb1n\x19@\xc5PZ[U\x01\x13\x96\xb0\
\x81\xc5n\xb5\xda\x1d\xafV\xd7N\x9d^RTC[\
(}\xa5\xee\x19\xa0l\x94\xa0\x22wEq9\xa5\xa3\
\xba\xbf\xa2\xe4\x01\xb8\xc2\xa9\xeeY%\x8c\x02]\x8b\x18\
\x02mJP\xe1\xae\x011T\xeb\xadT*\x95\xed\x1a\
\xa0?S\xab\xcb\x0ag\xccP\xa6\x96x\xb8\x06h\x80\
\x95\x14v\xa2\xd3]\x01zQ\xa5\xcetW\x95\xdc\x96\
l\xb5fneIi!L\x94\xa0#\xd5\xf9\xe9\xcc\
\xc2\xb9`-0\xbc\xb8\xbc\xb4\x9c*Z\xe1\x8c\x1aP\
=\xb8\x00\xa0\x85\xc5\xc5\x8cr\x9du\xd4@\x0b\xab\x00\
\xaf\xda\x19\x85U\x0a\x9d\xa8\xb8\xa4\xba|Z\x05Cc\
\x9an\xab0\x88jha\x11\x00\xa9\xa6#\xbc\xf8T\
\xdf<\x13\x05\xa9\xc0\x04\x8ca\x853n\x0f\xc03\xc6\
\x8bG;4@\xafb\xc6\x5c\xb5\xbc\x83\x9a+\x94\x9c\
\xaa\x12\xfa\xbf\x97f}\xe9E5e$\x95\x8b\xd7<\
J@\xe7J\xaa\xd8\xa0\xd9\xee\xaa\xe2j5\xa2\xcd\x0e\
#\xe8\xdc\xde\x07J\x045\xdb\x08\xc62\x90L\x96\xc7\
^\xa6\x96\x80%Q\xa8\xb5 \x03\xca\x93Y\xee\xf26\
\xc4J\xe6\xd4\x80\xc5\xa8\x85\x95\x95`^\x85Sg\x94\
\xd0\x07:\xed\x00\x99^(\xedB)+\xacQ\xcb\x0a\
\xab\x01bIE'\x9eP\xadk\xd7\xeeb\xb5\xb6\xa2\
\xd8\x83p;\xaa\x0aCN\xa7\xf0\xc7\xa4Z\xed\x9eA\
\xad\x9a\x89\x8d\x0a\xa9P\x9dA\xbd\x07\xd8\x8a\xb7ce\
a\xd1\xbd\x85\xd3\x800\xb0\xc3\x0a\xb7BU\xf5\x1fS\
\xaaNS\x81\xc3\x02\x14Kf\x94R\xa4Fd\xa8\xc3\
\xc6d\xe7\xa9\xe3\xc6\x0c\xcb\x9b\x90\x96\x9b\xa1f\x8eS\
sr\xc7\xe4g\x0e\xcd\x18\xaaF\xa4\x8d\x83\xfb\x88x\
uBf\xde\x881\xe3\xf3T\xe8\x91\x9b\x96\x9d7I\
\x1d3LM\xcb\x9e\xa4\x8e\xca\xcc\x1e\x1a\xaffL\xcc\
\xc9\xcd\x187N\x19\x93\xabf\x8e\xce\xc9\xca\xcc\x80\xb6\
\xcc\xec!Y\xe3\x87ff\x0fW\xd3a\x5c\xf6\x98<\
5+stf\x1e\x00\xcd\x1b\xc3\x86z@ef\x8c\
\xa3\xc0Fg\xe4\x0e\x19\x01\xb7i\xe9\x99Y\x99y\x93\
\xe2\x95a\x99y\xd9\x00\x13\x90\xcbU\xd3\xd4\x9c\xb4\xdc\
\xbc\xcc!\xe3\xb3\xd2r\xd5\x9c\xf1\xb99c\xc6e\x00\
\x8c\xa1\x006;3{X.\xcc\x921:\x03\x88\x00\
@C\xc6\xe4L\xca\xcd\x1c>\x22/\x1e\x06\xe5Ac\
\xbc\x92\x97\x9b64ctZ\xee\xa8x\x15\x80\x8d\x01\
\x92sU\xd6%\x01\xb0\x04\x18jF>\x1d<nD\
ZV\x96\x9a\x9e\x997./7#m4\xedK\xb9\
3<{\xcc\xe8\x0ce\xd8\x98\xf1\xd9C\xd3\xf22\xc7\
d\xab\xe9\x19@JZzV\x86\x8e\x1b\x902$+\
-st\xbc:4mt\xdapJ\x8ew\x12\xdaM\
'\xa7\x9d\x1d\x0a\x1d0<#;#7-+^\x1d\
\x97\x931$\x93^\x00\x1f3s3\x86\xe4\xb1\x9e\xc0\
{\xe0D\x16Cw\xc8\x98\xecq\x19c\xc7C\x03\xf4\
\xf3N\x11\xafL\x18\x91\xc1\xa6\x00\x02\xd2\xe0\xbf!\x0c\
3F~6\x90K\xe1\xe4\x8d\xc9\xcdkCeB\xe6\
\xb8\x8cx5-7s\x1c\x95\xc8\xb0\xdc1\x80.\x95\
\xe7\x98aL\x03\xc6\x03?\xa9\xf0\xb2=\xf8R\x19\xd1\
\xb6[\xb5\x03z\xd1\xd1\x1e\x02\x87f\xa4e\x01\xc0q\
\x14\x0dhP:\xf5\x05\xed\xca\x98STRYCu\
\xdbc\xdc\xbakdnT\xf7\x9d\xf1Lku'\x00\
*<\xbc\x02\x0cWoc\x97\x10\x96\xc0\xb2X\xd4\xd1\
\xbd[{\xc0\xa6\xe18^w\xbd\xcc}\x80vC$\
\xd2]o\xf1\xac\x12\xf0\x80\xd5\xd4\x95\xb8\xab\x147u\
&\xb3\xcb\xab\x99\xa5C\x08\x9c\xe9\xd6c\x9eZ]8\
\x03&\x83Q\xd4\x8aX/\xf0\x95\x853`Xu\x1b\
\x9a\x9d\x0cJ\xf1\x06\xc3\xca\xaar\x182\xbb\xaa\xbc\x06\
\x9c\x89ZX\x0b\xadU\xe5\xf3<a\xb8\xca\x13\xa6\x18\
\x05j;\x05t\x96v\xe7\xa0\xe3_UR]\x09Q\
\xaa|V\xc9\x8c\xb9\x09\xd0\xb7\x8a\xc62\x86IyE\
\xa9\xbbj\xa6\x87t\xc6\xbe\xa2\x9a\xfe\xdeT\xa1F\x9d\
\xc6\x80\x17\xbbk\x14w\xd5\xb4\x04UQX\xc6\xf5O\
\xa7N?\xf5+\x0f\xff\x9a<H\xd1\xf3 \xf5\xe7\xe4\
AJ{\x1e\xa4\xfe\xcc<H\xb95\x0f\xf28\xf9\x22\
\x06\xa9\xda\x1b3n\x93\xa0\xb6',\xca?\x93+\xa9\
\xde\x5cI\xf9\xef\xc8\x95\x14]\x0e\xff\xb6\x5cI\xd1\x0d\
\xf6\x9f\xca\x95\x94\x7fa\xae\xa4\xb4\xe7J\xea\xcf\xcc\x95\
\x94Ny\xc1\xcf\xc8\x95\x94\x1f\xca\x95\xd4\x9f\x9e+)\
\x1dr\xa5\x8e\xe6\xdb)]\x82x\x0eN\xe2_\x95.\
)\x9etI\xfd\xa7\xd2%\xa5\x13\xbal\xdd\xf8\xafN\
\x99\x94\x0a\xb7\xfaO\xa7L\xca\xbf4eR<)\x93\
\xfa\xf3S&\xe5\xe6\x94I\xfd9)\x93r\xdb\x94I\
\xfdGR&%/-\x7f\xf4\xc81\x14\xed\xb4\x11?\
+;R\xda)\xffg\xb2#\xc5\x9b\x1d\xa9\xffLv\
\xa4t\xcc\x8e\xd4\x9f\x95\x1d)\xb7\xcd\x8e\xd4\x7f&;\
\xa2\xca\xda\xc9P\xda\x12\x1f\xe5\x07\x13\x1f\xf5\x1fH|\
\x94\x1fO|\xd4\x9f\x90\xf8(,\xf1\xe9\x9c;\xfc\xfd\
\x84\xa6\xc6\xdb\xdf\xc5\x92\x06%\x01N\x09\xff\xccw\x06\
\x13Y\xdd\xee^8\x12Y\xed\xac\x98\xbd\xd5K`\xef\
W+\xa1\xad\xf3\xdb\xc2\x1f\xff\x86a\xe2\xec\xf2{\xcb\
\x13\xcb\xc1Y\xcdI\xa8,\xabL\xf4x\xcc\x9f\xf5]\
N\xa2\x7f\x01\xfa\xc6/\xd0dt\x9b\x7fM\xdc\x22\xd7\
\x8d\xeb\x1a\xb9\xe6K\xbe\x8f&W\x93\xc9w\x1b\xc8\xb7\
\x16\xf27\x8d\x5c\xd1\xc8\xffF\x93o,\xe4\xaf\x1b\xc8\
\xe5h\xf2\xf5\x83i\xc2\xd7\x1a\xb9\xb4\x81|\xb5\x81\x5c\
\xbcF\xfer\x8d\xfc\x8fF\xbe\xecO\xbeH'\x9fk\
\xe4\xb3d\xf2\xe9\x85q\xc2\xa7\x1b\xc8\x05\xe8xa\x1c\
\xf9\xe4\xe3D\xe1\x93k\xe4\xe3D\xf2\x91F\xfe\xac\x91\
\x0f\x93\xc9\x9f|\xc9\x07\x1b\xc8y\x8d\x9cs\x90?.\
 g_$\x7f\xd0\xc8\xfb\xd0\xfd\xfd\x05\xe4\xcc\xe9\xe1\
\xc2\x99\x05\xe4\xf4pr\xeawA\xc2)\x8d\xfc.\x88\
\xbc\xa7\x91\xdfj\xe47\x1a\xf9\xb5FNn \xef\x9e\
\x08\x15\xde\xd5\xc8\x89P\xf2N2y[#o.\xb3\
\x0bo\x06\x937\xfcH\xb3F^\xd7\xc8k\x1ayU\
#\xc74\xf2\x8aF^\xd6\xc8K\x1a9\xaa\x91\x175\
r\xc4N\x0e/\x8f\x16\x0ek\xa4\xe9\x85\x17\x85&\x8d\
\xbcph\x8a\xf0\xc2\x8b\xe4\x85E\xfc\xa1_E\x0b\x87\
\xa6\xb8n\x90C.\xfeW\xd1\xe4\xa0F\x9e\xdf@\x0e\
h\xe49\x8d\xec\xd7\xc8\xb3\x1a\xd9WL~i!{\
\x9f\x89\x16\xf6\x16\x93g\xf68\x84g\xa2\xc9\x1e\x07\xd9\
\x0dH\xef\xbeFvi\xe4i\x8d\xec\xd4\xc8\x0e\x07\xd9\
\xae\x91\xa7\x9e\xb4\x08O%\x93'-\xe4\x89b\xd2\x08\
]\x1a7\x90m\x1a\xd9\xfa\xb8I\xd8\xaa\x91\xc7Md\
\xcbc\x01\xc2\x96b\xf2\xd8f\x9b\xf0X\x00\xd9l#\
\x9b\x14\xf2\xa8F6n0\x0b\x1b5\xb2\xc1L\x1a`\
P\xc3\x06\xb2~\x9dEX\xdf\x95\xac\xb3\x90G\xae\x91\
\xb5k^\x14\xd6jdM\xfd\x14a\xcd\x8bd\xcd\x22\
\xbe\xfe\xe1h\xa1~\x0a\xa9w\xf1\x0fG\x93\x874\xb2\
zU\x82\xb0Z#\xab\x12\xc8\x83@\xe6\x83id\xe5\
\x0a\xa3\xb0\xd2\x97\xac0\x92:h\xa8+&\xcb\x81S\
\xcb\xa3\xc92;y@#K\x97\xd8\x85\xa5\x1aYb\
'\x8b5\xb2H#\x0b5\xe2\xba\xf1\x8b\x05\x0b\x84_\
hd\xc1\x02r\x7f1\x99\x9f\xe7\x14\xe6G\x93y\x1a\
\x99\xab\x919\x162\xdbDf)\xa4V#5\xd7H\
\xf55Ru\x8d\xdcw\x8dTj\xc4\xad\x91\x0a\x8d\xcc\
\x08'\xf7jd\xba=]\x98>\x8e\x94k\xa4l\x01\
\x99\x067\xa5\x1a)\xd1H\xb1F\x8a42U#\x85\
\xfdI\xc15r\xb7\x89L\xd1\xc8\x9d\x1a\x99\xac\x91I\
\x13\x15a\xd252Q!\x13\xfc\x02\x84\x09\xc9$_\
#\xe3a\xe6\xf1\xe9$\xcfI\xc6a\x9b0\xae\x0b\xc9\
\xf5%cG\xfa\x08c5\x92c$c4\x92=\xda\
&dkd\xb4\x8ddid\x14<\x19\xa5\x91\x91\x99\
6a\xa4\x0f\xc9\x0c1\x0b\x9962\xc2L\x86kd\
\xd8\x06\x92\xb1\x81\x0c\xd5\xc8\x10\xae\x870\xe4\x1aI\x7f\
\x91\xa4\x8d\x22.\x8d\x0c\xd6\xc8\xa0;\x1c\xc2 _r\
\xc7@\xabp\x87\x83\x0c\x1c`\x16\x06\xbanX\xc9\x00\
3\xe9\xaf\x91~\x1a\xe9\xdb\xc7W\xe8{\x8d\xf4\xe9m\
\x13\xfa\xf8\x92\xde\xa9F\xa1\xb7\x8d\xa4\x1aI\xafP\x92\
b&\xc9=\x8dB\xb2Fz\x1aIR\xa2Q\xf8\x7f\
\xd5\x92Mr\x82P\x10\x84\xc5\xcf\x17E@\xf0EQ\
\x8c\x9a`\xf2\xfc\x81\xa0\xa9\xdc@\xcf\xf2\xae\xe1\xd2\xa5\
\xf7\xc9\xd9\x5cL9'pk\xa5w=\xddS5\xdd\
5?\x09\x87\x88}\x13\x9a}F\x13\xf2\xfdK]9\
S{\xaa\x9d5\x95cg\xd9n\x9c\xd9\x1e\xd98\xd6\
.2\xeb\x14\x17\xf1%|\x0a\xab\x94Rs\x96\x96\x0f\
\xcf\xfb\x8d\xa5FXz\x16\x09smp.\xbc\xdd\x98\
\x9d(\x94\x14\xc2\xd43\xd1\xa6&B\xaeKy\xc1X\
\x18\x09\xaf\x82U\x83\x15\x86\x9aux\x22;\x93z\x06\
B\x12\xe7&\x11bu\xc79\x91\xd0\xcf\x08\x85\x9e\xda\
zBw\xc4\x8b\xa7\xa3bG?`\x8cN\x11\xda\xca\
\xdb\x0dAFK\x08\xfe\x02\x7f\xb9\x06\xf5\x7f@\xeb\xd9\
\x07<\xc4\xe2\x0ez$\xb6\xd1endstre\
am\x0aendobj\x0a21 0 o\
bj\x0a<<\x0a/Ascent 75\
9.7656 /CapHeigh\
t 759.7656 /Desc\
ent -240.2344 /F\
lags 4 /FontBBox\
 [ -1020.508 -41\
5.0391 1680.664 \
1166.504 ] /Font\
File2 20 0 R \x0a  \
/FontName /AAAAA\
A+DejaVuSans /It\
alicAngle 0 /Mis\
singWidth 600.09\
77 /StemV 87 /Ty\
pe /FontDescript\
or\x0a>>\x0aendobj\x0a22 \
0 obj\x0a<<\x0a/BaseFo\
nt /AAAAAA+DejaV\
uSans /FirstChar\
 0 /FontDescript\
or 21 0 R /LastC\
har 127 /Name /F\
2+0 /Subtype /Tr\
ueType \x0a  /ToUni\
code 19 0 R /Typ\
e /Font /Widths \
[ 600.0977 684.0\
82 615.2344 612.\
793 615.2344 615\
.2344 589.8438 1\
000 611.8164 277\
.832 \x0a  1022.949\
 549.8047 633.78\
91 600.0977 600.\
0977 600.0977 60\
0.0977 600.0977 \
600.0977 600.097\
7 \x0a  600.0977 60\
0.0977 600.0977 \
600.0977 600.097\
7 600.0977 600.0\
977 600.0977 600\
.0977 600.0977 \x0a\
  600.0977 600.0\
977 317.8711 400\
.8789 459.9609 8\
37.8906 636.2305\
 950.1953 779.78\
52 274.9023 \x0a  3\
90.1367 390.1367\
 500 837.8906 31\
7.8711 360.8398 \
317.8711 336.914\
1 636.2305 636.2\
305 \x0a  636.2305 \
636.2305 636.230\
5 636.2305 636.2\
305 636.2305 636\
.2305 636.2305 3\
36.9141 336.9141\
 \x0a  837.8906 837\
.8906 837.8906 5\
30.7617 1000 684\
.082 686.0352 69\
8.2422 770.0195 \
631.8359 \x0a  575.\
1953 774.9023 75\
1.9531 294.9219 \
294.9219 655.761\
7 557.1289 862.7\
93 748.0469 787.\
1094 \x0a  603.0273\
 787.1094 694.82\
42 634.7656 610.\
8398 731.9336 68\
4.082 988.7695 6\
85.0586 610.8398\
 \x0a  685.0586 390\
.1367 336.9141 3\
90.1367 837.8906\
 500 500 612.793\
 634.7656 549.80\
47 \x0a  634.7656 6\
15.2344 352.0508\
 634.7656 633.78\
91 277.832 277.8\
32 579.1016 277.\
832 974.1211 \x0a  \
633.7891 611.816\
4 634.7656 634.7\
656 411.1328 520\
.9961 392.0898 6\
33.7891 591.7969\
 817.8711 \x0a  591\
.7969 591.7969 5\
24.9023 636.2305\
 336.9141 636.23\
05 837.8906 600.\
0977 ]\x0a>>\x0aendobj\
\x0a23 0 obj\x0a<<\x0a/Ou\
tlines 25 0 R /P\
ageMode /UseNone\
 /Pages 56 0 R /\
Type /Catalog\x0a>>\
\x0aendobj\x0a24 0 obj\
\x0a<<\x0a/Author (\x5c(a\
nonymous\x5c)) /Cre\
ationDate (D:202\
60711173419+05'0\
0') /Creator (\x5c(\
unspecified\x5c)) /\
Keywords () /Mod\
Date (D:20260711\
173419+05'00') /\
Producer (Report\
Lab PDF Library \
- \x5c(opensource\x5c)\
) \x0a  /Subject (\x5c\
(unspecified\x5c)) \
/Title (\x5c(anonym\
ous\x5c)) /Trapped \
/False\x0a>>\x0aendobj\
\x0a25 0 obj\x0a<<\x0a/Co\
unt 38 /First 26\
 0 R /Last 53 0 \
R /Type /Outline\
s\x0a>>\x0aendobj\x0a26 0\
 obj\x0a<<\x0a/Count 2\
 /Dest [ 5 0 R /\
Fit ] /First 27 \
0 R /Last 28 0 R\
 /Next 29 0 R /P\
arent 25 0 R \x0a  \
/Title (Bienvenu\
e)\x0a>>\x0aendobj\x0a27 \
0 obj\x0a<<\x0a/Dest [\
 5 0 R /Fit ] /N\
ext 28 0 R /Pare\
nt 26 0 R /Title\
 (\x5c300 propos de\
 Cash Flow Plann\
er)\x0a>>\x0aendobj\x0a28\
 0 obj\x0a<<\x0a/Dest \
[ 5 0 R /Fit ] /\
Parent 26 0 R /P\
rev 27 0 R /Titl\
e (\x5c300 qui s'ad\
resse ce manuel)\
\x0a>>\x0aendobj\x0a29 0 \
obj\x0a<<\x0a/Count 3 \
/Dest [ 6 0 R /F\
it ] /First 30 0\
 R /Last 32 0 R \
/Next 33 0 R /Pa\
rent 25 0 R \x0a  /\
Prev 26 0 R /Tit\
le (Premiers pas\
)\x0a>>\x0aendobj\x0a30 0\
 obj\x0a<<\x0a/Dest [ \
6 0 R /Fit ] /Ne\
xt 31 0 R /Paren\
t 29 0 R /Title \
(Premier lanceme\
nt)\x0a>>\x0aendobj\x0a31\
 0 obj\x0a<<\x0a/Dest \
[ 6 0 R /Fit ] /\
Next 32 0 R /Par\
ent 29 0 R /Prev\
 30 0 R /Title (\
Cr\x5c351er une pr\x5c\
351vision)\x0a>>\x0aen\
dobj\x0a32 0 obj\x0a<<\
\x0a/Dest [ 6 0 R /\
Fit ] /Parent 29\
 0 R /Prev 31 0 \
R /Title (D\x5c351m\
arrer \x5c340 parti\
r d'un mod\x5c350le\
)\x0a>>\x0aendobj\x0a33 0\
 obj\x0a<<\x0a/Count 3\
 /Dest [ 8 0 R /\
Fit ] /First 34 \
0 R /Last 36 0 R\
 /Next 37 0 R /P\
arent 25 0 R \x0a  \
/Prev 29 0 R /Ti\
tle (Flux de tr\x5c\
351sorerie)\x0a>>\x0ae\
ndobj\x0a34 0 obj\x0a<\
<\x0a/Dest [ 8 0 R \
/Fit ] /Next 35 \
0 R /Parent 33 0\
 R /Title (Ajout\
er des recettes \
et des d\x5c351pens\
es)\x0a>>\x0aendobj\x0a35\
 0 obj\x0a<<\x0a/Dest \
[ 8 0 R /Fit ] /\
Next 36 0 R /Par\
ent 33 0 R /Prev\
 34 0 R /Title (\
Mod\x5c350les de da\
tes)\x0a>>\x0aendobj\x0a3\
6 0 obj\x0a<<\x0a/Dest\
 [ 8 0 R /Fit ] \
/Parent 33 0 R /\
Prev 35 0 R /Tit\
le (Modifier et \
supprimer)\x0a>>\x0aen\
dobj\x0a37 0 obj\x0a<<\
\x0a/Count 4 /Dest \
[ 10 0 R /Fit ] \
/First 38 0 R /L\
ast 41 0 R /Next\
 42 0 R /Parent \
25 0 R \x0a  /Prev \
33 0 R /Title (E\
x\x5c351cuter une p\
rojection)\x0a>>\x0aen\
dobj\x0a38 0 obj\x0a<<\
\x0a/Dest [ 10 0 R \
/Fit ] /Next 39 \
0 R /Parent 37 0\
 R /Title (D\x5c351\
finir l'horizon \
et le solde d'ou\
verture)\x0a>>\x0aendo\
bj\x0a39 0 obj\x0a<<\x0a/\
Dest [ 10 0 R /F\
it ] /Next 40 0 \
R /Parent 37 0 R\
 /Prev 38 0 R /T\
itle (Lire le ta\
bleau mensuel)\x0a>\
>\x0aendobj\x0a40 0 ob\
j\x0a<<\x0a/Dest [ 10 \
0 R /Fit ] /Next\
 41 0 R /Parent \
37 0 R /Prev 39 \
0 R /Title (Grap\
hique du solde)\x0a\
>>\x0aendobj\x0a41 0 o\
bj\x0a<<\x0a/Dest [ 11\
 0 R /Fit ] /Par\
ent 37 0 R /Prev\
 40 0 R /Title (\
Alerte de manque\
 de tr\x5c351soreri\
e)\x0a>>\x0aendobj\x0a42 \
0 obj\x0a<<\x0a/Count \
2 /Dest [ 12 0 R\
 /Fit ] /First 4\
3 0 R /Last 44 0\
 R /Next 45 0 R \
/Parent 25 0 R \x0a\
  /Prev 37 0 R /\
Title (Sc\x5c351nar\
ios)\x0a>>\x0aendobj\x0a4\
3 0 obj\x0a<<\x0a/Dest\
 [ 12 0 R /Fit ]\
 /Next 44 0 R /P\
arent 42 0 R /Ti\
tle (Activer les\
 remplacements)\x0a\
>>\x0aendobj\x0a44 0 o\
bj\x0a<<\x0a/Dest [ 12\
 0 R /Fit ] /Par\
ent 42 0 R /Prev\
 43 0 R /Title (\
Comparer avec la\
 base de r\x5c351f\x5c\
351rence)\x0a>>\x0aend\
obj\x0a45 0 obj\x0a<<\x0a\
/Count 3 /Dest [\
 13 0 R /Fit ] /\
First 46 0 R /La\
st 48 0 R /Next \
49 0 R /Parent 2\
5 0 R \x0a  /Prev 4\
2 0 R /Title (Im\
portation et exp\
ortation)\x0a>>\x0aend\
obj\x0a46 0 obj\x0a<<\x0a\
/Dest [ 13 0 R /\
Fit ] /Next 47 0\
 R /Parent 45 0 \
R /Title (Import\
er CSV/Excel)\x0a>>\
\x0aendobj\x0a47 0 obj\
\x0a<<\x0a/Dest [ 13 0\
 R /Fit ] /Next \
48 0 R /Parent 4\
5 0 R /Prev 46 0\
 R /Title (Expor\
ter le PDF ex\x5c35\
1cutif)\x0a>>\x0aendob\
j\x0a48 0 obj\x0a<<\x0a/D\
est [ 13 0 R /Fi\
t ] /Parent 45 0\
 R /Prev 47 0 R \
/Title (Partager\
 des fichiers .f\
tplan)\x0a>>\x0aendobj\
\x0a49 0 obj\x0a<<\x0a/Co\
unt 3 /Dest [ 15\
 0 R /Fit ] /Fir\
st 50 0 R /Last \
52 0 R /Next 53 \
0 R /Parent 25 0\
 R \x0a  /Prev 45 0\
 R /Title (Param\
\x5c350tres et pr\x5c3\
51f\x5c351rences)\x0a>\
>\x0aendobj\x0a50 0 ob\
j\x0a<<\x0a/Dest [ 15 \
0 R /Fit ] /Next\
 51 0 R /Parent \
49 0 R /Title (T\
h\x5c350me et langu\
e)\x0a>>\x0aendobj\x0a51 \
0 obj\x0a<<\x0a/Dest [\
 15 0 R /Fit ] /\
Next 52 0 R /Par\
ent 49 0 R /Prev\
 50 0 R /Title (\
Taux de change)\x0a\
>>\x0aendobj\x0a52 0 o\
bj\x0a<<\x0a/Dest [ 15\
 0 R /Fit ] /Par\
ent 49 0 R /Prev\
 51 0 R /Title (\
M\x5c351thodologie)\
\x0a>>\x0aendobj\x0a53 0 \
obj\x0a<<\x0a/Count 2 \
/Dest [ 18 0 R /\
Fit ] /First 54 \
0 R /Last 55 0 R\
 /Parent 25 0 R \
/Prev 49 0 R \x0a  \
/Title (R\x5c351f\x5c3\
51rence rapide)\x0a\
>>\x0aendobj\x0a54 0 o\
bj\x0a<<\x0a/Dest [ 18\
 0 R /Fit ] /Nex\
t 55 0 R /Parent\
 53 0 R /Title (\
Aide-m\x5c351moire \
des mod\x5c350les d\
e dates)\x0a>>\x0aendo\
bj\x0a55 0 obj\x0a<<\x0a/\
Dest [ 18 0 R /F\
it ] /Parent 53 \
0 R /Prev 54 0 R\
 /Title (Astuces\
 et raccourcis)\x0a\
>>\x0aendobj\x0a56 0 o\
bj\x0a<<\x0a/Count 15 \
/Kids [ 3 0 R 4 \
0 R 5 0 R 6 0 R \
7 0 R 8 0 R 9 0 \
R 10 0 R 11 0 R \
12 0 R \x0a  13 0 R\
 14 0 R 15 0 R 1\
6 0 R 18 0 R ] /\
Type /Pages\x0a>>\x0ae\
ndobj\x0a57 0 obj\x0a<\
<\x0a/Filter [ /ASC\
II85Decode /Flat\
eDecode ] /Lengt\
h 215\x0a>>\x0astream\x0a\
Gatn]b6l*?&-^F/^\
>^bn@*D?neoiL@)d\
O0K\x22%At5[aP$IIa]\
cPM!gdaJUoo,+]N,\
uF'A]eLZstpL>.>]\
>.?F*:=OmaA?9@4l\
BI*@.ZI%;mR7%3@%\
oh]$`T>X22!el6!?\
%#,;]W;T!EPW\x5c2\x22o\
n337KV>/O`H<;5C2\
LMs?999k'+%H1'$U\
Xke3+Rl\x22VQ*5R6h#\
&dW<]ZhNA3t_f+J-\
=b8*^~>endstream\
\x0aendobj\x0a58 0 obj\
\x0a<<\x0a/Filter [ /A\
SCII85Decode /Fl\
ateDecode ] /Len\
gth 1397\x0a>>\x0astre\
am\x0aGb!l`>Ar7S(l%\
MN.sRCs_cWLP\x5cm4'\
%(si?KC@#[oXA$YA\
,Z16\x5c0A*Jc8'*4.M\
IPqoN<BqN%*Pr$Gl\
3\x22\x5c;+0?8h0W<JoQH\
5Nge^BV>&Ouf=J5>\
6FM5D5\x5c=eUaL(&hD\
9.5ZgKK4l;g]s0#O\
(603\x22F&cl\x22=/hd\x5c\x5c\
!CNka*/pX9(k(^VF\
Q\x22a(NVVI^PK6F+s6\
%X`W6pZDi=?l[-#<\
g!9I,%`d@5/9#QqH\
fPG*3_B1eOm[8)So\
/nNgE%;MNh@MOqKn\
ec4cD(gZ&&5s4:V\x22\
kQ*4\x22i+cKap`Lh]\x22\
P,=pYOF+CkV5q(n.\
efrZ<B#r%2unei5\x5c\
Lj>Op%Hta>:?`*QJ\
EeH<;(#/dD7Uqu>u\
#67AjmY&oX]$E[jP\
6T;RT#MnOJ/=#b\x22#\
omW1&/3(&r+O@^kb\
66tI47*Ee[7`C6A5\
QqjBah(%).E/`E7d\
Mk)1u?1!tkrN@H\x5cp\
C/i=/$\x5cT\x22@:`A:PM\
W:P3jTmKZ/*?m:JK\
^ki!6=N&,Ea.-cH:\
ZK0u28($65-jfk5H\
)9/!-_6\x22r(!GVYJ,\
Q9laS!A*`&K1VIX1\
MCj_QDi.LpeKo,BI\
*`JO:fB-6B`^?ST(\
=0\x5c]NSr)lK-\x220XV*\
_R3)\x5cV!b$cBLs-[0\
7N`\x5cSPMbeNgOMaOW\
^]ISWbLCDC:\x5cI:&l\
u!;<aK\x5cqW'_sY`a#\
a14E\x22PUEt3\x22.Sh-g\
5FZ-Pq,N=O^&W<lD\
5diL9k?sKjD6s?^e\
SS<SXRITer2K745+\
RK`KrS`K7h\x5c\x5cj0@u\
99I+$<OqS8oq<SG(\
sQ?Y)o_'m>t5jgUi\
<(8j;(lGb)$.1-8g\
hDuNX%TK&W)RQ'>P\
#DTm9Z3X2.$=+\x5cO.\
]+`(<4,6M'#p^!DY\
CHl?58b8*Cd=2.QW\
E9a+&i2giPUYh'4G\
1f4jqIt:\x22q=*$3`c\
BPAA9&O5_1%W.78Q\
a&9MS,p=I9NL\x22:=3\
F?X04XP)3N@;ei\x22j\
dU_&NZ'cFaT`Bcnd\
7@)[ATJb7EIqdF)!\
u0;fqj-dQ-6nMoQ+\
G./rYJAAtk^Kb]FC\
H>sNN8,ii:.:h-9H\
ZL09B1SCju1C=J-0\
,NV]@\x22f$\x5cLsK!O;*\
**&r[975)JKj#)m.\
ZNQW\x22t2)ETo4MFkT\
!i+J*]FM)^A80FJR\
Vn_(n5GnDs9g].*5\
p4Pi,9iNZc?(VhNs\
@4t_q_u<!V%.MiG@\
iA,@\x22O4,rsf'A8W\x5c\
1dG:MShIc#TlZ_?*\
\x227FcZ=No0rRao5JI\
:`O/A7;P&`q2ELl5\
P6=%7HF?GS#arGfF\
pNs!)^\x22HIb1$X&**\
t,g/:Lo;;:Q,UE8i\
?Fg5$?97&,:;X4HJ\
h=/RF%/D:XEcZb^!\
XC)H`>ugcqf1+&<5\
2oY?Mgi@%mc\x22o4rQ\
&TV0M8W$5Lfi)u9$\
&I'U^!O1ZmMsb;1[\
Ts+WQ\x5clHgRuXoc_*\
P`@`kr[%eP2P,_90\
hUeZDD!#F^_0JM-p\
([nNeG~>endstrea\
m\x0aendobj\x0a59 0 ob\
j\x0a<<\x0a/Filter [ /\
ASCII85Decode /F\
lateDecode ] /Le\
ngth 1892\x0a>>\x0astr\
eam\x0aGau0CgN)%,&:\
O:Sm$lh\x5c@0teY\x5c)u\
75-^dOE[82(!.7f1\
dJi#_B*e/UaK\x22=d`\
/@fUQ*a,3C0!K]JS\
im]#i_T@L<C?D!7_\
cSN,U/[/80gJfZhO\
*(G'83Zegn'TaNCF\
qP_WraLUk3A\x5c/iLV\
&]H3XM4dPjYUmjJc\
O`ifG<i56dA*=$MF\
*=Fq</VJ[5'7D#5&\
YSDJ8a&p\x5cTWY\x22++X\
*4P_eeYphR>b>=E@\
\x22X6V10KZ_J8:4m#h\
tTh]$L2H^[>sC,?:\
f?8DsR*IIB98\x22b!+\
cH=V;F\x5co;)!nCOSJ\
UMB[t!'Ve&:6=1<J\
nr3SCmEG>:%4+FYA\
0QkL;:F\x5cuj+lS=Ic\
t]7a=bHG]*(L8>51\
LJie*al\x5cXj##89S:\
@/(s7>E:TPg256@Z\
lg*D7]@JI4'j\x5c<\x22;\
6?10Y%n88[;qbr>]\
eEf\x5cf,=cYX\x5c;5O#k\
hW*q.8D<cqG)jT>:\
Z*DgAY]?j#/Vs^gP\
UI@?$4kpWV=B2?W8\
*RLPiG0O/;[+s08_\
ro:2>$3B5k@HFS<P\
7RK+<X^Y4%KPFkn6\
'5%0/W6d:\x5cM[VKX]\
XcSf)]7\x22Q%:\x22mham\
@`ZdOCld2)eo*D_-\
&iWoXl,6XDMpF2/.\
@TeQ<eWFk.%-(LQD\
5DQ(V7@NsuAN]3tR\
BpK*/)]ZD,X2\x22ToW\
nU.sWW?E_QY$IT1Z\
_4i7@ufX#GSr0Wtq\
@+CZjEm?4AfcpZGI\
5i=Y*I;9n\x5cf7\x5cdUj\
f;m*b,A;=WFaUUQ7\
og?G8K>E\x22]s;5QWR\
k`!q,[<5R(`G$Ek@\
'R;LulhT4XSXn+BX\
V7VPbp6d&#r3Sq(r\
0+s\x22l3u.^^Pf;:Rc\
ga?YMe@BmH+!9Z`g\
Z^_<oU/hgh%($OYO\
-caMJ3l7^K9D@X`J\
6G71tm)ip*HmKGWW\
%>=TR@Q5tsG`!7;C\
,`G\x5cg9%U\x5c)U^*@?]\
pVjK#%3tpR\x5ct^>0F\
:n#G;6:4Q(kF'J8C\
P>V'u>NFo%'`CFji\
V/I'eYuYTgm9C[3o\
'^hZ5a!:<$'[(bbF\
3a6B&QCUN>qEZL#'\
i,6')_Xg(#A/>`'d\
BXJC@q.l[7!kl`)5\
Hlma1P4:iI-;bXl:\
W)@$_mP2O]QcD+(o\
VGui*H1^Z`>BPFZ[\
f=%Xm*)IipEGrRpK\
TRX)Z'9>oUZ$4kOR\
&P385gfJCN/]q2'e\
.,1A!k?'&=S*UD[&\
&C[!SApa=q/G8B8!\
=odqYK`5-(a<X56C\
MhTD,5oaq\x5c8HO-k6\
;h=HIki2L`#lrU$&\
o;\x5cGM#m\x224\x22G[eHfl\
k2UZ3)ZUmTe$h`!Z\
`G/Gb\x22!:Q'N-*f;%\
Q\x22l_M0`;_Jk@$AbZ\
59:.KF6eYijmOokk\
1]*sim4::DLu6DlX\
/Pt_Fd%!NN2^W1XB\
#K:<b,9CWQ*YO'BX\
67V>6ZUG4I5_.oPY\
2<I<QX2Y^?]q1!e<\
!Y#<$&\x5cOAN$`.Wep\
opnC1R.'\x22(7&7+0;\
9gEjQ).@Bf32]40S\
W-&<W:PT6U``945V\
!B4+;@9_)mhSfoSD\
,U#/LSc@bj\x22r_\x5cg8\
N,,pAMlWnBg6NIfd\
5MF;\x22QI#l$AH7^'f\
\x5c3i_us*r$S!Z.D*:\
l/($nj^NIP1t#Pi[\
^YOl%8k<X'-sQ:#A\
WLUSk^ZUZ]jX0r)>\
j%r:Z8>8oKFo],s-\
2\x22f/rD!S+>1<Bi1k\
5,7sZlF@_@D*FO3F\
1</J+aDIeqX+[3-/\
j&=m`c>VM]?\x5cFpnN\
Q:RH(/Z=Q1EDW*gV\
AnTHksmrj\x5c4_4DB+\
^<@7>Gt\x22J&rrg9mW\
a!)1aKac`$lTb]`j\
`WWfYVLZ,A:tMS,`\
&dh%OK`e`EQLmml)\
g+O(Q3rsQ1-RS2)8\
dq=F'r3[?+?JXRe\x5c\
_u0/'lk-C\x224-iZ]_\
p;V95VB0=Ki8/lLs\
W6]KKs:U,%[\x5cGG>R\
I:*1i60B$ORJ8n.&\
*[)L?qK[iLq1'K=q\
F`5'-DKKFDPUQu_k\
<=Q>#6G<V09^\x5cIg=\
;Fb&3\x22\x5ca->H5%6F@\
k,%[tY~>endstrea\
m\x0aendobj\x0a60 0 ob\
j\x0a<<\x0a/Filter [ /\
ASCII85Decode /F\
lateDecode ] /Le\
ngth 2011\x0a>>\x0astr\
eam\x0aGauHKbBDVu&D\
d46AnO&F=FpZ)1:n\
f[k.%BpX1N0Z'!gK\
6LI.)[:VXVf!)]J$\
=a''Wp9>nV`!g8Gb\
e6A0+b#.B?dqJ^k4\
HR;Jj`#u\x22UQ&;RU=\
E;o92rt@f9gU\x22_f%\
>JnAF(`8OBt+-qO=\
bG$s>lj.X\x22KR$&Co\
a/j!N<e+9@6OHNUa\
TdNOgBL[g$.5ScI,\
VDmq@/Co,$ca:])8\
QS'L#mgG\x221cp^Haj\
j=(6VQ*W/-k$(@m>\
;l.KQ\x22gY3l_]0K!E\
'eGgB/_n):,rW$*l\
+AAk51IfL(u/+_E2\
%oufqe9[k>o1e<=Z\
E)G$5KD*:6Id!*l_\
heQpDBfMaC>g@(9G\
]:$=UqgoO,Zb+DjA\
#0T<%ZA?/g=.]5t%\
uo@KE`]+8<eXc,,S\
@nGFH<i4@I?(@qVZ\
8..!YqY>'XDgsN;F\
B?m=Sak!+%)gfUU$\
>g[SW6d;Sa3\x22[at\x22\
`9)dO$DR61!jV9DP\
ZtfJ5DgX)dea#ZYe\
bYdC9qMWB#6km\x22`[\
r!%dFRej^ojYP[TO\
MbiI_8o,FP@Rc*X3\
7Xj\x222r%.\x5c8(_CR_2\
!ZBMDC-SWa['Ua5J\
l>Y`K/Q^pIgiAQs$\
N-Q;]L?V!]Fn7<pJ\
dSOM=^mHjE0nn4qe\
EGIh5$Hu<raAWNBR\
YA)Z\x22*N@f0p'a%cV\
`N*6+^Ml$OC,o;=t\
*M^qd=S2s1WOK/FN\
BnJqnE9Ugm/DW]/\x22\
o7-<]e4;,aET4p:.\
,U]\x22,!hCJ*bdYM`r\
5%.I`=<B<M]>eP,O\
I2tDIq\x5cL%UpVn]V6\
NEEZ#1PIjPd!hU1`\
q8nZ^,S^#FM'tmJQ\
(b.f@H]-%PD>g_\x5cH\
+WQ;F339)M(IQLFN\
GE#<S*3j+.Itg0H5\
'Knkm\x5c_A-6W`$CIJ\
X\x5c;]rS9XbG#DQ#C_\
/e/Zc48dodnA$dl1\
c+`k9cO0hb=E2la>\
>NY,KCeB8^=%NS7;\
J+d`TH5c[>nK5iZ!\
\x22BDL!fHJeGm'j[pJ\
^t#5pCp,;mCcCSoR\
7%Q@9F9FTm7PiX'F\
%C)05j?VqT`J1Y[F\
?_`G\x22)@T&1MKkcl%\
:[%U@o&;M8,m_1qM\
'snEYaYX=P2/%aeL\
uZ_^cPOX2,:bIG:O\
1l<C6_X/Lp&4iE@N\
=/%o]r2N_oHb7oQ,\
3&5IijHJ]2_NFLUu\
e!JK+GmrnTf!uQl/\
5SYaC.;2To)olnKY\
M<Q0Uo-Of=&SV1-H\
UP8OKV%EA,F1?erP\
:44)?Db#elOeLg6S\
'nlAqS2#>9)$V7_6\
+V5#Hbe2m(^nsH_E\
U^OD2gI3il-bIYW(\
sZLmUhpXY)B\x5c0)4K\
q*%1mG1G$SZ[P5t[\
\x22B/u6\x5ct-OhAm<2g=\
MZuK>sEH-#pLCJa,\
rP8d]_K#V<.;qST?\
XHjrPnhI&g>GWdM_\
AO-D2f\x5cC2Ls^-e?f\
D6>DF>C)!3C:KaJk\
t\x5cJG.%Bq]QPjS\x5cY9\
9CEj'g'7#f&9T2/f\
1c?:+m$D.%):c0jc\
?:K-!SBg(MPj.)=&\
(,/67!fjf<mOQM8T\
@O0<IU96Bc=ALnDG\
n.)mSArC87p>\x225:Z\
P%1(b7+r'-ngj]hh\
;Pi0>1;>muEWnmbo\
>N;!=MGp+([u^@!o\
O[&1YHg!V;-8E4Lc\
^#/JiHNQW30e$Tj,\
(LrKQoWms(NC*-*@\
c1#e\x22?S4.(0'8SjY\
o*TRG]#B)/ZlN.>R\
;HAeCS-o=j\x5c)Ya_.\
9;gI=#AAH2]&jKTA\
kP;4(*N8\x22a$@)%5\x22\
\x22'Mk0IRpf0I168`=\
Q-F7?ZL)mYi8RVh;\
*/=)-\x227dZe>7%T*\x5c\
d`-)O>V2W\x221^$!pM\
H2Okoa//n2F=_K5Y\
>c'1XDV;[?:d!`[l\
@q`mVZQj^t]+c^6[\
gZ1;@#/H&5,AP#PT\
QAm7%/!7GlEruj$Z\
FDg#J>&)0LA7<QiF\
:7O2+Z^Z*=t9/[mS\
s*8.cR.Bu>X:_*b*\
;!DeeDW^Ti5fuROV\
S`%ECdt9bZd#\x5cf+U\
.#_mp8jQ7YCd]mGV\
1[>tE`&,=+#](RFD\
]rioGg8FCaVKNr&=\
?Cpgn$\x5cC5`1^O?\x5cP\
UM@7T4<eTI\x5cgP5JI\
q#8(VT\x5ci!A91\x22VgZ\
\x22F5q-8HupULarR;A\
bgNia^^Sr_B&KlI3\
GYg?ki?*+,s'*~>e\
ndstream\x0aendobj\x0a\
61 0 obj\x0a<<\x0a/Fil\
ter [ /ASCII85De\
code /FlateDecod\
e ] /Length 840\x0a\
>>\x0astream\x0aGauI39\
lJN8&;KZL'm&\x5c=>%\
9YO]g5(!L]`?e',Q\
l*[]UT3[@M1!Y@m4\
g/fRZ]SktYWgZ+]Y\
kBY)V-pB3\x5cp&i+B%\
c1GF?lZ`eY_!S9I>\
7K%G+Z%qcAIgcjXg\
u-SE.%hk_Ec=bjHg\
q#j`,0-qOa$!9]SC\
>#btY&\x22%m^7Pg%$Q\
mAP2]cGo>8dc/=CR\
#!_'<YmgPVjeJ@59\
OhFki`<a8in2)s)g\
fc.E'J&lKFX<?D+a\
i)9>S\x5cC1'O^1^r6F\
O2DIHj/=HFJnnfpc\
U,Z(4J\x2274Ekf_[0d\
c'_a[F_0geJIDk1t\
WB>6oY5G8rH:A-FG\
*6[OHnQYf;NL-7'o\
;sW`\x22`=RIDG50A!R\
G5,MT<SE3/iVl)^T\
sm.<2a\x22N<'OppY[X\
k_=K_8pNCSj3eL:S\
>WJ<gKp;s>-kkYb0\
+tq;k7>P;g/I(Q'M\
6KkU'8uRS<Yu2=0u\
k&Lt+n^*/_0J'uRj\
J^.uQ-F?r*)LF0,#\
0BM+i1T+AhKN1km\x22\
lXT,dl%89H1]q54m\
42G9r:pg`XDS>9P%\
2'\x5cj04><X87'Q6EE\
d3\x22_ti(Eag=TT\x228M\
IR`iYf;1Zk`Gc%@D\
F//84\x22que'7<35_q\
##CM-\x22,SPG&Ka1lb\
<?]Bop:#A'd*oT:\x5c\
bn9i+I/gIa_F\x5cr4>\
B-&?NRtei4%p8oDM\
$8TA-DKI'Edj<lfr\
u^4%\x22U<*NZCV6hl?\
Vs?qHVBH,3h,p#@`\
0(Fse4Qa[aBd4P5:\
Rq=1AZ]igWV>shE/\
[90Ua\x5ci\x5cT#6jfGJa\
[dQ;%Qt-Zm7^l)r:\
tb7&ABG:_Pm)@i.K\
@l$?J_N08Kcln9e]\
45V:ioKP>')@/uoU\
BV\x22Co&o\x5c(5oqZ5Z7\
ZF;J\x5c98Nq[Gn#Mn/\
~>endstream\x0aendo\
bj\x0a62 0 obj\x0a<<\x0a/\
Filter [ /ASCII8\
5Decode /FlateDe\
code ] /Length 1\
945\x0a>>\x0astream\x0aGa\
uHLgN)%,&:O:Si6?\
-hZN0I<>FS9`RC&M\
3C7k%u;ihCuD[$6]\
c.D\x5c@TGnPIFrR@L=\
;D2SHTA_$/0c\x22PO7\
8cabLfU3p;:[^7*O\
dd-IO;Ro=+):r9X,\
NCj+r\x5cPZMiN=M_<l\
iJ#'g=H8QMN0B4ZM\
5X$&?Bra9c>]<+=h\
n/l:630Q/EV&'lqb\
B@h7,PT:s>@=SB#,\
XPgSbX2SW\x5clB4UlM\
r#Du6(WiA!T\x22tFEk\
7ne5c6ACK\x22j]t)+]\
9Cml(.V>VKZ&Ypb=\
P!C1T!2.-n&QjO^'\
9;2pWU.o2p\x5cmoIFl\
@aCOMW%@PM5^k2YL\
AN5&;<7*\x22cY&e5U1\
J&,8%D0#>VtgG^#s\
HcE'F$>?Nce5mQOB\
@=%aVg,5p?\x22NV^Ru\
VqBo`^=K(I3sp/,b\
=:\x22tf,aQAkC'gSY]\
(;NLqQ5tQH,;1A\x220\
HUBf6Kcai;'$b_-q\
Tp.\x22p(JfB@7$a%:3\
Tm)7I3lT[`)qj0A3\
,5sY/N$S9@Efj]$U\
!@>$l7f`eV)nllPO\
dUq\x22B8s=>pihe*9D\
`'W5DAJ0.?bS4aqe\
_Wn7gYe;Usf53n2=\
dk*3Sa;JDmgkpU$D\
h6l['\x5c#t-@31HZ6]\
H2E*pb*4Kq\x22Z\x5cm&i\
YmLpNs>[`Uu!I$D)\
O8fD&GjR0Yd*1,j;\
&/-T$\x5c`_OMd1/U^Z\
:NuMDAi9O6cqK/Pn\
j4Aur`7pCC+1TX#8\
_@-%q0C4!7K2Tf*Q\
6rfn9cH3.60?G\x22QJ\
78LHM$&!_U=gIIhI\
:mbgO\x5c>A(+8.iK\x5c]\
JeiV.rn6BL&J`T0p\
@8#iHS];7D;+DndQ\
qO0TZ=)6TSCRhX3G\
]BlIUK2]JJG:kgM=\
a+/Oq[&qOo/`gmAW\
[g't\x226ga1@%QaAmk\
88^C7?\x5c%V/M_c^[g\
Iq-5(]7-GXh74p(4\
F=SH7.HB)4!OHr*P\
`JiK+SiP8fHb_*@J\
VKm\x5ciR\x5cg8KaE/OZM\
8dQCh!qAM6!X/6^%\
s.W88F]YX+hT-7(L\
b,Ng6QN/c/?PQ`<K\
,ePhjbKo8thDoA/Q\
L@K6UY\x5c!_HZ]Rq0E\
p\x5ceeY8p<P!)\x5c&r)j\
P..rqXGKL;4Nh7\x224\
d\x22*tgN.QFouHp*Mn\
'n#Z^3s@HuC2re:P\
^K@nSCt6_eFVk/Up\
sA0+-IFH)QO;Mpq,\
Dh9SRT/:RT$#hUD=\
nVE+\x22m.$M8W>C9<d\
&$R$e&Vr'j/?h>QB\
)`)/n?ADFWV#^SX%\
-jDgm)>'[RY`h2c5\
kg/HCBD!0bFp-GVp\
q=Lo!rYnL!#,IUbR\
Z8#s!^Ejm0qpXgoC\
D%MGInXf[Rn1%9^9\
snF^kMY?T!fGEi&F\
=!hXAWqgfo:gD!Fk\
PkdTHuZ/98KERUG'\
`E9&SQcrO,Fg]U`D\
-C0[b6Kgu33+SYZB\
VKSN*];,g:JNRpDM\
CA1jPPZq)Z)&7C8,\
aJt%qeDpf:(d5]#D\
11[U8ftUO12:$HD/\
0_1R)o=_@F;R/*I?\
Qd*R!EV$kq1=T/d&\
^'dfAAYVCeX$\x5cn$F\
%A_O.?`Akp8Jk+md\
&.?641+G!i/Y+(f8\
4#\x5c'\x5c7_mp9'EP\x22/&\
YS3.4*,#1BuBi]GX\
*J0W#itWu\x22U)fFr7\
F3G;UIR8P2[Q:B8o\
Q=l&Pk;X+eo;&ab@\
f$2[7An>/JRPa*H<\
33U#e_+UpgdY+p9_\
\x22+XY,7Lt()0S*tP]\
\x5cST3bYL=tJOCMXTi\
'\x22iZjtuR$o0dK-+k\
H#WZ.p59J8KH&X0@\
YXZ5Ok^#IuEBbX(u\
6#hc;8^i/43:HOI5\
=a71i=AcQ%:sV#I+\
oL&Z%&gbGMink3>q\
^G-3:hpjU]Ls?nJ4\
]Se%,V%Kj+uZXMLc\
AYXE[Fb'D,:[!rYA\
u2BQp@[DG,`[`%*o\
`D[+AV,BnSeZ''E8\
<I@&bsog#KmHXgdR\
U#a3UqBUT[n;/2F=\
9V5$i*FogQ%4%2cI\
U(H1pSg4b?S9ml>X\
^<,^jG^@9]8E#=c\x22\
$uZ(jKjij/5qUHQ3\
[\x22AE2%-cfd@g(BkU\
d8d+:?#[O4n0Ij*?\
\x22*ZCZ5X\x22Cg\x5co3>59\
8d<+lrm2Sj_Pjfg\x22\
q_\x22Es~>endstream\
\x0aendobj\x0a63 0 obj\
\x0a<<\x0a/Filter [ /A\
SCII85Decode /Fl\
ateDecode ] /Len\
gth 1007\x0a>>\x0astre\
am\x0aGatn#9p==\x22&;K\
ZQ'n+g_/4-*BgWD)\
^KRsP2KU>srKA:W^\
9:A`?_Z>3LDi\x5c^IG\
9[_1Pfrc6e/pLF]\x5c\
SH;HrU+48##Hqo^,\
:?WhS=#<)YW\x5cHUU0\
c<ps,TCq6^+F]W]f\
D!I`I2[Y\x22Y?09c<\x5c\
3^=@%GJ0X9=kcjX0\
8d,b*0c/W4+FW.K.\
58P=sC9k'b*%,YuP\
1@7YmrSgjNFAQ]3\x22\
fc-g%[XeWWK*dZSE\
j53hS\x5c4JLi)s:-3Y\
>R7h4DBUh*(.sdHr\
T)D[qN.c!oI[??$M\
uR.WKYLFg9pLe++u\
aH_`nElgQ-NKXZ&]\
r!OE.(ai$,EE7OS^\
!Tg]s@t(`uJ6&+dJ\
&@`]K$bB>iaj3?1d\
:%Tm_HiC9P1NAu>C\
#F[WC&G;JE\x5ceGDsD\
=m<SH!Sl^C/S;Q5j\
^Em9B<*+PH35HaSd\
.h+Cng-jNWMGcGfU\
8@E-44TZ3Ti.Wmqs\
?0mP7+lG2QE4t<S*\
1T=>?<g*Z>=X-ql:\
u@BQ%a-/_/SH$EBj\
\x5cWp$SDuZ&s?Y*jk<\
CoRn=NKD>cb)T3Wt\
c\x22B_<.&=[;,T];7_\
K>ErH7*a0I=b9\x22>f\
uYHO:t+/f7?oR>9c\
49FQ9Hn-1pYBg@^k\
.ql$QQY%jGdMQX!Z\
]>=NYgh[p\x5cAYm!gC\
:\x5c8e<`ja%0;NQ3p5\
!ALjYE%#53ZToD<E\
a:aK)^f0.KuP*M@m\
)<K$/hlr=WXC4:<;\
1XgFA5$(D<.Nm+BP\
Of^fF#PA&b*jQ(c]\
kfik5nu^ntm4IX1`\
Lu$7p//'X*`gh$,Y\
C-b/eDRj_b,1sFVs\
@mYDIH57n66+p7qT\
CKU%($3$\x5c1bBH3\x5c_\
:oRDRUAZp>`0H&%U\
+7NH;c<HBXndfr=?\
@Fpbaf9oYGfK\x5cj;P\
?u+L%f^SD1@&l?)<\
[1[I=9\x22E;:VoY7dI\
X1PplNA9`V*RYPIQ\
X%>H7N+YsL;eWKP&\
d(^&.eeTn0eSBS6n\
NB'dGW+R#jT;gtoi\
QEu\x22OW$FrM]?ieM[\
ap^^q$k'\x22fj3i-.(\
23:IP7k9-UkUf2ek\
;SON$o7B:n<n]qsC\
~>endstream\x0aendo\
bj\x0a64 0 obj\x0a<<\x0a/\
Filter [ /ASCII8\
5Decode /FlateDe\
code ] /Length 2\
069\x0a>>\x0astream\x0aGa\
u`T9lo&I&A@sBi+=\
?Z=G#OFH>:ncdu:2\
g-9C8j;321s^C69#\
ia:TP$^),K`V(QOC\
QBc=\x22;e]IG2HM+$6\
R$G?h70Ohj39b5GX\
Bl=Did#]hg8``9ZO\
<m?nqp`dnq=5pf%[\
8)D*Y,bDnjDipp5+\
qf.;bJM?H;IR%I0I\
Nb=@&ntRi$Vk751p\
J!qShdH++6ApqbCA\
C='@Gh^<q4=lKXd>\
hMC97Eo:m6So>lK(\
Agl%&\x5cNW!Iceg)(7\
pK&`/c#27\x22u[qb+A\
N+NbhC#X=2AtCMWA\
(9'B\x22a>-rFWema&6\
pNP>7^\x22#pJ/IoI9k\
?B2q@EmO_02:IL6)\
HC_aldb;RDe+`S$R\
uHPTie20:$$sMaDg\
dWdWd^Zg[MQUIZWr\
]*m2fWso;nE'I1/K\
hHQbmh'VHD%\x22;ZDF\
-TFF`0]T<u\x5cJ7d$D\
#3WdKDU9\x5cc$O90Mh\
1]#LYV,u[F;<Au5g\
JoX@S=+)IIq[d+p9\
Bg5f?@9C&'*%J>D8\
of7P\x22\x5cUnB[Q@aD%2\
QMhBk=+4E73%HC.`\
*^VGQ+`3jX?A'7>Y\
@IIGY9jqpd?$-2a(\
J')uX-',`cU3AFBs\
Se9Bt_Qf+Gq41Bd\x22\
Q`l.;fs^EELk5[:k\
LPQ1Mt0h@hl4'g?1\
K-g?$6<I\x5cqoUh0W-\
59@m@=r*i5UpA2!K\
Hf9P\x223Wi?9n58)LL\
G6b]Hlc>C6].h,%+\
p)\x22Ia^CSfh`TpLG0\
.e:=#G1s+&##Hb>$\
7O\x5c+.#kP1_%Z9Z[A\
L.j\x5c6ModXQmNP<OL\
MIr*#j8SStMAFe8=\
:?$mZa-m%?823F4/\
;4+%'ZTptdhIAcA6\
c+ab'+GgkWU%bEpp\
8'1o,4@JS]krhTEi\
\x5ctY>VjS%\x22&p+oV_a\
SQ:WEhT7gIrZ_Q?U\
.bH<0\x5clbE`V0K2S'\
CUtpXnXA^Kt=;c?W\
jSW`mB-'nmk<snuY\
Zt>:?'Mm8<Ufrd8b\
P@`O=_3gK!R4gcar\
4UHYJ<]/LY:bB!%G\
#Ma&RO?I,Mn^5#2A\
e.O,pk8C&b@t:@L1\
C%=ci_%q=#Ys@?f'\
Q>gNunCkgU(If\x5cR;\
ht-egOX*`?nZTOQ0\
?\x22/`eU*C*X)E=een\
R9DWp7#_(L/$0'DT\
``M@o&Nh<CFi=^.r\
S6i&U+/N5a$Fr4\x5c2\
+r&u!*2U5PWJB@[X\
%KC]NnPCREdd/[<F\
DF(YWEX\x22VrBUSA/I\
lk*cO3S5\x5cAJsn!Ei\
#A$q5c$WiS(C3s5K\
cK,UP:]<UJ?\x5cHOmr\
GPR*\x5co5,,pQb4<7'\
&^lR3T.d</M=B4gH\
sp_H`s@:WEU3aCUT\
*fn(_(Y6u6j>%+GD\
?mR+9#V(/*WmE&?F\
_ZMKS>3-&-o?,W6L\
)eQ1fID.;WJ^3?HC\
SHO;AVo:@q24Nb2u\
/HDH':@<Zfp?9=8u\
W&Io6&7*fu;[I>uS\
JsC6OGDJ1P,Z8H\x5cn\
12V4$:Ed]2:Ssl's\
6P0Eju)(2/i,/([Q\
7&q]Iii#`pO>i7lO\
7P_j6XL-03kj!2b.\
1#_#;Q8UJ4l]LO4V\
@p02]^'CE`JF,Wm!\
Z5!F_iF)#LO]@C?n\
l55&10k0@ODdu:Q;\
VI6)1Wa*@HcC397c\
nnT4kjH:fUT)<e:j\
f=\x5c!S'2!BmJ4$jrJ\
1p^G_PjE.;-TK3;j\
cIkjf9R=Zo[Y4Ad]\
'&sPEH9FTRhJPgqf\
X-\x22C+,[9Z'iNbS*H\
8)&_f1hjbO[C,0GG\
nMZh'blT@7:T7Qim\
j64fI';n#k=?j!>)\
GZC)5Y_SbP>\x5cU^07\
'f-3c:6H\x5cBFd\x22+r&\
_+d)8h1a8`@LL@/I\
9H5SmgpQf+WqGfMg\
ebtQg=I9!gY)`YA3\
Ijn(;<Fss)9fX:\x5cr\
7[QoEMK3PoTMs0@R\
M^J?fHUUl4P5OU&'\
9WDYq\x22$CBH>*'TR\x22\
-=TPE#>%pC\x22EH4B%\
UTlONmZ'T9DFuUUm\
b(k[cN=n:1`AWrV\x5c\
B1B+;`.>8H?I0#6p\
TN&DIEo\x22rRTnK'sc\
uhMbAbMVb2uECuR+\
k_26?<_.Womq:N?/\
\x22ef07raXm!:m`?6f\
>f&N/rnG$/fb`:]f\
PB<'p72W1)i]1C,`\
Bjf$+W`RJ96W`M-+\
Pff.R^PJVmXZKr\x22I\
Z.jLVaSSe>3lKJlG\
j<,s0-IKm$<_)mXI\
?dN\x22me`V!(LIj,q?\
(h+ikZD.WN&K/49h\
eVuGAPqLA]!KdFPA\
,~>endstream\x0aend\
obj\x0a65 0 obj\x0a<<\x0a\
/Filter [ /ASCII\
85Decode /FlateD\
ecode ] /Length \
1397\x0a>>\x0astream\x0aG\
au`Ra`?E\x22&A@B[qI\
XAL1B7`!P>`5YQ';\
fI=LlZ[+s@gR&u;d\
GS:#ar6&Cb6HfChN\
8P,.3/<.YrrOTgri\
J5J2V?cm>$\x22)M/i$\
g5/^dTGTGm?:O`T)\
R=B,52Ze7jo%W_>0\
KEa4C;/.UFZ!\x5cNop\
BZ?5UQ9Eqq^Vh0_D\
e,39?@Mp:Z#o>CUO\
Itn_)Q,g<NtEN_=r\
qSj+Ddh1kIl2^\x221G\
\x5cZ4MtH:2fWG'6L9_\
Vl\x5cL0m*sR%\x22^:R&/\
@Vj2#FFgc$uMeF*:\
AE2d10grP`N8[=V'\
,bd,CqYW<PBiXn6T\
M]A1cl*r'RdCse:H\
^:R2O=*i[sT$9?j1\
WJag<mgl32I-LYja\
qYY8aW$?%[.LQ&,8\
0%RMQ32ZVsti3mC)\
&8R85V0CcebAL.Up\
K?HXiU99Z2A)eILX\
'knoN/C.QMkHuoW5\
PiRg?+>N?4^ZS',=\
\x22rQCi\x5c?[.IaL-8Sh\
b6^LG/^5$&-'(%#$\
O5s$&.e%K/.2ed[`\
Waln_Gd&Plj)S@\x22P\
?4\x5cRar+7\x5cAB\x5c3%_+\
7akE6t,l.Wu*Vku%\
3mQs]-*;I@nnFR@Q\
5N/qS,cjO0O[E#A&\
EbUJWYBpX@3OQ-KU\
4thJ_\x5c(i>l<PL*Fp\
_[Hbs*ZO<[3laCs?\
u+MK_nFTDe%7*1=!\
dLdk<&J=:X6N'W6n\
K&p\x5cQ\x5cJncQCgo9=G\
<-U)Ic3lW]DSh%cq\
q?![Xfq6j*Oi=^<c\
SYSNaq\x22X.nO6WD#=\
D/@5Q-2ZAprI9nHm\
KVtu6duQ[FfQFa#D\
8oo_G6e:UCa?=_O%\
#a]8qn,+#&GDi\x5cqM\
#GQj<-N7$9*X?+T8\
Y95e.;B'T0'kN)=P\
ZFMqmQh_8O<eS\x22Z&\
?G73m84$cRpP`6YS\
rX2?n7NkFG)CqUkm\
p`o!\x22nem3NHmRXt9\
,9r(8_.1h7Tcoif<\
M9=Y<k?;GZg@AO1/\
fF?r%G#]q.HX/>,a\
Z\x22S-6@rhgjJdkG@]\
udd@[@&4tJ5kbc:I\
5je9A\x22(0<'7B8e3<\
a.Ci<MR4I\x22rbH8N!\
-cME(\x22S8rV$a=1=G\
GrWYd_MUDIchTuFt\
*80Z1#HcY#R4aOZ&\
*@>aLn$gI5Pf2Wce\
5-j].H;DjK,K%f.o\
RWj`-XVgBs\x5cF#k>?\
b`7qslWSnN!T@UM8\
lkLd[4.dJoPre=;o\
dShn]$FUQb-fJO>.\
-gi,9(4+,H!]ZP.h\
b/@j'[_lpMd<&(YL\
$A+A8n0EN5UCE)HF\
RGQEm?oP\x22AN6uZE!\
cHAW>,\x226/l=@\x5cXP)\
5oiS9B^@Dn';W*Tl\
Q2+0hS5Z3J`-7MZT\
-j.kG$+1DOJ.SIoU\
Q<E):@Ss=4H.5S53\
Q(98cs6U:=P-eUc0\
)ij:i9#kESe;0,G'\
Z/WDiMl'J.rKbd2F\
m#3.&2m2^imKkFIs\
rSYYY0g`p`=n/F.;\
O&ima$Ul#3ic'%MK\
Xb]&e%\x5clej&!:9s*\
g&p73^mk!A+3Ms\x22Y\
`/~>endstream\x0aen\
dobj\x0a66 0 obj\x0a<<\
\x0a/Filter [ /ASCI\
I85Decode /Flate\
Decode ] /Length\
 1707\x0a>>\x0astream\x0a\
Gau`SbAu?,&A7<Zj\
sJ'P&M2f.9o849>c\
O#%1UgW?i)3_^04P\
%:n^j[O^^!-Q&hAe\
PWUp1AS_<D%koM8D\
nZCkr;%\x5c5kT^Q2;;\
?8@MU`qId`@\x5cc,>^\
X%XRjXE89Ca3,Pkq\
X$qPh=mh\x22JT9$c8:\
8_TS_,cSOkS/eCeF\
1*BVOkeX_l\x22[9s;,\
l6''icj8jC>IR_I7\
&nt>!1i0^YnuWg*@\
-*C&JloOjhX)PpbX\
l,YJ$rZ.pglZXo<s\
]'/P8FAs/KSZ1=@(\
T&s1J'LNHaNO8rM<\
Q7VH#qqU=V@M1+pS\
=dTV5>Rd'#Z?e.SL\
M-qh3@70,#5HM>DR\
^-@JCbO)'7`Q5YUR\
Enqb3?c[kCT,d+D=\
g(,Lrg)cmU]>SQ):\
Ig?1VHS5uZ7D)'$&\
]X75ZMdX5fQV?8SH\
+B.(]qJM>:ebu+We\
),6!hL6=2OOLV4W`\
e&@h#P#9LJM#JIE.\
C/%VH6=\x5cheQ]D*IU\
ULB\x22DNfsImWN-2a,\
\x5c'<9:e%P665>1S^F\
nq0&erB'A;ohV.]r\
MTViK<cd']Y4CRM.\
*ApOOni\x5cWst#W5:n\
?f/R_p.1nB]Z-DN+\
/hAXJ-HhR5=99GuE\
\x5cRi9VFIkbF5G@\x5c'?\
<m))QH:E]m^f'&!2\
Nl\x5c+aL-V#WM\x22_\x22Ta\
S4K!A,>h,[R$V\x22/q\
/\x22!NB_o=jNAH[<80\
ZQ7YgO2BO[OnUHI+\
TE0_Dh0r(8gQ:li`\
[<aCh((/ZtSWRjQe\
VJR%(HJ+0ih>>(6@\
(UG$.IB&7?%!S4Xi\
LVogQNqMpUE/qk`@\
:d5I[W]a5IVr-1!6\
i-.pq541UMHdUI\x5co\
mA;eFs5SW`c2Pun)\
W=l)Vo-$kc<3?RRk\
r.mgA;MeFXqnHo8\x5c\
ar,Zqe15I5R/-&ae\
GJ$9DVL<:BKVgk4s\
VMnEmfDI1g_X6mt=\
$3\x5cSb_6p.`a48G\x5cl\
Lt`K:7g$PAo)0.NB\
Aj5BdUQ!nZU62Zqa\
Kg#!WVpB1QG6/PJ\x5c\
$@o7$-_?anePs[ie\
.tf:<N8eZjU]PgE'\
Iq[7E1,ee\x22c:A0Z8\
<$-o2tpi@O;*:96A\
iqo)QT5VZ[bUR[G4\
=KoS0Ta&-lQKBCuO\
Vt&;PV2J']b`dVW'\
l3Z.ZJrF&WM-'m)D\
]M)[6\x22r_a-b\x5ci&&?\
27)/:.EK^%1>mPHY\
UQ'Z<c4oKoRG7XUm\
^]1\x22,>0XK&:9ctTE\
D8YLk&>H=I7=#DUN\
@.KDqP)te4\x5ckA<45\
Hi#<q$bOg%lYZA>b\
\x5cA@2\x5c?;mNf?M&T,;\
X*1MWC/AEI*9aQSm\
Cg\x226];hPkQ_n)4<[\
J-QFNq:TAqCAD06R\
&?N#lh<qRd3^gI*0\
H.+u<c*m.g`DPV;h\
Oeq;WbGXdjDKLKhk\
M-tudr2fe/9=&3N:\
J>jYj'!pj>;\x226lNd\
776pBo4[nZ$&2&Xa\
pQU+co)$!Kki9sIQ\
g.stT).</>:0cfGc\
\x22i8`6bb]5S@9I<)#\
K0EGX([IKEOioGWE\
+(%tblm/.Es>r+s'\
RL$!(N_cJj5(G^2H\
=s]r^oS4[@JKR->;\
=0;cQo3\x22cBCUjB4p\
]JV#P%SYg!k0rguH\
<Z#.FPO07o,qSV1`\
+-UToYE<bLS@u'B\x5c\
4gYL.D2T]2HDD:j^\
6u#aQuNo4([GUlSZ\
=>HEBIY;(]OtL6-a\
<*\x22Yu%H\x5c]uAaB1N/\
1r:1o3fQ;;TD#9r*\
a:!Wic`;RqkifE+B\
mb>rWTqc=V/p6BiJ\
fll_d'Wn2,CJ>o7[\
N]^NM!iC#3ClqWJC\
7/)#1/ACGDj5CUL7\
iZ:KNlLl]c@#S=!V\
i/:i&orNW~>endst\
ream\x0aendobj\x0a67 0\
 obj\x0a<<\x0a/Filter \
[ /ASCII85Decode\
 /FlateDecode ] \
/Length 2025\x0a>>\x0a\
stream\x0aGau`T9iKh\
,&A@ZcFG\x22+\x5cA,129\
gMW<nD2JE7W',,4*\
mKWl>B29a&:XSlQ>\
DU\x22-=eSJS\x22a<1[aa\
-ufDT\x22pc9hGJpU@4\
Aqr<RII`E=ef[YlL\
,Y6S<3BOi6qKTr6Q\
!\x22f379\x225lLM7<T3Q\
F<G%cYGOMGo6M6'7\
sOZ!ctq#j1pC!Oc`\
FO+%I>'U&F9=[2_o\
DG8fA:)V;ea5m2@q\
1;o.ZE'<+^d%VI'1\
A/,o,tma;':Ip#^M\
Q;J7hFpB$Wo_'6hm\
D//$XA\x5c!R-/5.`IZ\
F[-(4&hLI'V!JcG]\
KZ`=M_*#5Nrl9d>u\
EZ.1\x5cTe2,OJ1S/6Q\
LL`fgZE'taC<r@jb\
p&)H7nk=OWVH_cb+\
<pjW\x5ce7IOClIb<CL\
#ftKqKoZ8XD>#W0X\
@R@XcfU+dT%Sd9\x22L\
<!Ce@**YhSeoXb%/\
$DTm7EGpg_P;MiPt\
HT@teA9k8b8-\x5cGJ`\
[ImhKt1NrPq\x22`8B,\
:3.9.mP)IV65m1=I\
k@(7iAQ6n,2pV8C5\
Eg<\x22_V.LOJ,ANs<2\
4k$8lV9dlZ:?]uOm\
li[n?(\x5cL0PT>@0^E\
jo)OkRtD(T.ZX0ca\
mUn!'*_@mBdg%4t=\
)In7LgK<J?B)J@r_\
dY.c+iUijBefUG_C\
/\x22r97FTU^Hkgib,6\
_*d]i&]!gOPi5=,K\
(Bi[M<pLTjJ:4.'9\
u1.h;WK5r4%`\x5cMUf\
c([\x22oFftAW*\x5cK\x22Ma\
=\x22;J/#q\x22k8nn\x22(Q[\
l0HXQb9f@8r](<GR\
+^D+e<Ua.drR#Cs>\
OD<D[;[mSlhkbZWP\
dQ9\x5c0&?C\x22.DGB#6m\
uqHcf5q8Jf?%3*d0\
O>?Arq6?,qDj.?Uc\
Zm#3;]jBDl%&Bi:U\
.Mhn8k5-lqM,QoE9\
/UB9'(;=Kii>73[H\
MIh`8\x22ParLdH<a'=\
Sb6c(hl.)-'*:'le\
tHT,<W'k@euf(MD5\
\x5c3k8/5)s/ZJ&M5]0\
N3-Wo.S;?oLT&A0g\
6RB@Y:,HG2`r-cWA\
GPLdRlj]osuPE`s)\
J9*7U'Z4/#glCIq[\
TLI.Y=5;3mJh^PR3\
`t\x5c_U=qa[3C9&>f3\
u>%`Z-%CVDWr4([(\
W:)pHeKo^UITp0PU\
Y]brnOq@s_\x5c7\x22Je,\
bW^CL]e,>(MF2m>B\
H'-%8-lSIc`W$!_(\
hIF&%mt]j8):jekA\
uORm3+XfqfmO=CIe\
oeq\x5cF$mL3td/EO*0\
T7(Iql,OCqRjLqi5\
\x22SJYU=.fa.5:s-ge\
$Q-P69H#Bi::MG*'\
+FP`O?\x22+J_\x5c<A_'i\
';S&BT6%4LXOJGCJ\
f@ACZlrLes;fu9TP\
O:FlsM1T)_>ohoK&\
,8qj&`PdAg&D9Lq;\
#%A6373/fH-&:T\x5c^\
:rA8_?jE6<n^Iphl\
<[,;*mbk'iTI@NDH\
rk=aNGrAdRH9K[c-\
3_Pp2(1NKgm'QaXo\
moJXd_G<VJ\x5cY(9A7\
jORn=$N2&OkJB2:Q\
ti0dNt[\x22bE:,!j+7\
@84/J+@No=bt+$;T\
g<f9nYmb6W-!,Q&r\
`4ZH'oWYd-85cS/6\
;eZNS+Ian,V/6^/;\
jKD-i`r?b[=;hse5\
p67YVf[@0;G+?N4>\
1]KKB$aRdYd1/,a:\
I(-OhDFWBIt^;X@e\
gZ&))Api5[*/+Ga&\
HR,%4@]cu+CVK=h(\
;QJ?@2PnkJ)Z7\x5cT=\
><Tf:mPh\x5c'R#s[WE\
Zn;'fkRm'f!^(PGP\
XWf,Lh'Y:m\x5cn&ino\
k77SXU0\x5cLi^1u`5-\
)j:AJe@n(RFGT]3\x5c\
R.EZj<PKGcOT+pGW\
e0OL*s<m+#g)1R3o\
^P_maYT_a;f!>Y(^\
BC.s*MELH0[-URQP\
@p8PUpP#4lq`LL7n\
1ToP]W4Nt,5h`%hb\
UKEXeop\x22j!(qd898\
GHp;-E[BC#jM7`(e\
2(CV>O8C-m^)C*%^\
=-4EjY]KTW3o2R?8\
o4`OS2G&TSceRSaZ\
g#G(=1)eXA0/;?iD\
\x5c_\x22nKQsJ%Ms:=ES$\
)\x229)$2UEW6XiW,'%\
o3q0ZL;a\x22*s!//I+\
YRGM\x22+`^'&EG,m+E\
u\x22djoPtcE]+9k:^Y\
V;;ss?OJ(*^0Wb9B\
s_]'P3EOtV'IXI'l\
]5FP-TH[]O`H#)EQ\
$UL:l/],GibU0Z\x5cP\
DpTK@VR?AtHD;9)h\
O$Jon:aDQ\x22^r0EAY\
+]7nOjrW>767Y:~>\
endstream\x0aendobj\
\x0a68 0 obj\x0a<<\x0a/Fi\
lter [ /ASCII85D\
ecode /FlateDeco\
de ] /Length 784\
\x0a>>\x0astream\x0aGauI3\
9lnc;&;KZQ'miS%+\
=-cp7ll>QdfTbpj.\
b7\x22U5gh;P3dAeorO\
B;3\x22VIK(lr/qYP2>\
K5.b8hnRCIdmJu*F\
nEpA\x5c`hD)d91T-7/\
R2B)A&JjqAt3BX06\
'kM,c3T>30\x5c-=br.\
lnFu50r8YPFrPJ>*\
XlMl-:n%/M\x5c<3*+u\
!B8i])^c)R>/F[];\
p$J!<Nj6!#$M%[fL\
kqO&1e5Q8p/cI\x22R:\
H+AD@+GJBR^&<\x22Df\
2^j6R3.0Ih0e?DgC\
:15R(\x5c=jY+^su%\x5ck\
Hf:ph!Or-Jrt35F[\
A#1cT\x5c<CQtIpCK>C\
LTN!*e3,ZO['R&Ad\
I]p1cYD]5I+P8Mo4\
i:DkDpg3Sjg&^=Ah\
Hg4;akBC1hmU%_Ce\
%'/:LnF\x22f.RVJ2KO\
\x5c@*(\x5c3#U]aS]S>A5\
01R],:#GX\x22)iK09-\
aVZYeif,%p\x5cN\x22\x226k\
gMeRs1obcMLCp,at\
3.C)8T\x22:iq`s`lsj\
\x5cc,Q;'iUiiMg9=R<\
OdS/9pNO4V\x5cg6i:)\
_M-EB/<7MlH-caUR\
B^q1&^DV%Tm]b&+>\
sR:jBOP,^L`DSVB3\
!t[]%6_5KpZU6]7T\
d`$N5Lclk_Z/!N&P\
iY1/Z&YU)gP8$R%Y\
C0$lU>YP&A!Fc-W&\
o]N?i:bSL>]B`dkY\
3jA-fA0@N60C=_?d\
qJ4Oq-H-Td:n7F<N\
-/>ZaZ]dG7EG\x22Ao8\
PhHA_d\x5c-Y?R(g.@u\
UAI'/guSHTV^'q>J\
Csd,I^#\x5csHh<\x5c32,\
f2L]t)JGtOS*$t<u\
hiAB6i;36lqVu+[r\
IaBDFKj-%.Y(?K&a\
(geH9<U\x5c)$i<3]o+\
$0$,RI(<r~>endst\
ream\x0aendobj\x0a69 0\
 obj\x0a<<\x0a/Filter \
[ /ASCII85Decode\
 /FlateDecode ] \
/Length 2050\x0a>>\x0a\
stream\x0aGau`TbAuA\
r&A7<Zk,++_1B_'s\
oZ`47'pi3Glok1HO\
k:B_P+VeqXn_52\x22)\
qVQ/BdRa[NmF2&0,\
fdoF)un`^fg]<D2u\
]P(%a)80kQIOiX8U\
Q7qLeo&T((9J_SP.\
a\x22P$1lq5VNTUAh@5\
pjqM^6OR:IJc[a5q\
p>q?4uuh&ES!Mq+\x22\
u@nL3:5Okf#?:ug'\
GB',^<]O%[obLWNM\
LSdZ<Qb8,b=c#&i'\
@:]kE]M5H$U<$S0J\
q?&sojO$]7?7c/[f\
dLd^BL]^QLb00#J&\
EA3C=et]fH\x22@X(Xp\
(?BX*ckYX7#OKrb^\
iCn87E*i&G(M14?r\
*.&hR[Q+t?!Hi1cp\
ST3P_CXrmQ\x22S,5b\x5c\
hRhZCbZ?=02/MQ]E\
F[N(3_$_^rMU_oVn\
.0jMmu\x5cbT;lc<f]=\
%/A]J;\x5cHT9r?Hr(E\
g25?qeI4m`>B65b3\
2)aa;(80>2;_)mc4\
h$;p1Ks(?F37BDd]\
eG5C8A9`&+5)U,'o\
*^$QuTUeICS7A`#H\
CC6/Bg[iBcnCH5(0\
3(Br`^=u7q&U3km[\
drE.dH!Pe2crPO;=\
r;;KY28NAHu_Q!ck\
f/Xh$=*Pa.LSAuFC\
!3s(a)L=c*=h3l9`\
m8Q!'C1UHK$b>$\x22j\
)l;@%GGo3BEV,UoL\
:]?=c[mu4?:r`A*K\
H>Xh-mPQ\x226'W7BC?\
ER:pOLfL?s7UN;'D\
`3@Rl)'/siNT%9**\
mVhIrJoEJh&AGG:\x22\
k]IFQCZ=EXpKF)Z.\
2\x22@Xk37W(cc`6sc+\
7aQN>&`:HF;A8lu?\
/$a1-dc2L\x22+KEtE,\
JLfrGroH`\x5cm\x5cXL[0\
Wrr@TF2eCD,_TN.I\
;`8Yl:JG1dnrIap8\
WK'j`.'CST*dpVSG\
DgilrDBtGPkghki$\
cW@l1O'rn8$AOI6R\
LGOqC.Gpp=NisTK>\
.V+8-tu*7@LjKBd3\
;\x5c>S(\x5c'$TnZ)@<<%\
DsXSuIt=4b=<ME-K\
C@\x22d]XbL>[[diP['\
^qcnCD]!,qGH4#@n\
/1ZcH%\x5c4pJTUnji2\
67raik#l\x5c-urRisa\
i8YC^kbD&8;^7A.j\
N.k.qM,<b!..?FdK\
Vf3%Bhl@W!Vlk8Y;\
7X<jsfN8CG,FDXJW\
[&ioHu[fu%20MUa)\
AnPad=cl4n`6R``d\
W@G,)q7;:?8I2LU-\
J+P=cu;744_>,Rie\
_]]8Pk6SM'>D38,&\
r&JX/ee:pY&2s,Lg\
%*-oeM<TDFLM!A`)\
sp`J/=N?n]&S;&I:\
K#je+`?kk?EFL5(:\
,IR.A[an8:!+[AMM\
*4aBWf?%Q'J(*\x5cCT\
;+%MtXF#gmEE2^1h\
\x5c\x5c;K!/@.ELT4gbRn\
ALJk)jBe<<Y%bjtb\
GR1QD]OQWB(VDtf8\
8J79'R$CpCYm1\x5cAG\
+mRXpQ[EhI5&O1(2\
%QQhfeaM30l2-%H'\
<M_\x5c?>K=ahAb&?j\x22\
=7*[NsPUn8AhQJWj\
?a4U4mr4E?7oQS[#\
)[@20&-s5&H1m;)8\
@tIbfg%D>^m<M).T\
H*>Xr;8pk[N\x22@`JD\
(O3B2_aLnUlWlV49\
Sb<ac0.Y6.5'29^R\
n4I&>7[?IKc$PKC`\
S<OPZg/VQ`lNJ]p\x5c\
$W5\x5cZIqo.D=910OY\
j\x22Y.,M5&C?&7NI]l\
0-m&b,0.@7_2SKU\x22\
MMp#i9e'p=d_6S(D\
O(LdSYM62iG3uY$S\
`cHO4GIG%lsW7XTL\
g'8V,2(1_5]\x22-l_P\
8LTR<E3XT$*@-k4]\
oX:'bD81T2\x5c%2jZ`\
'1TGY]lsSa?;V^)1\
?s./UjWm[=WLt*,V\
Ul9aQ8i/,J/3Pn9c\
O+Rc58&lG6t\x22b6L!\
:?%R#YreG*LWSM8)\
t8LJJ=H?RG^BrbVC\
c?LC'F=]eprfZ%EV\
1465C/WT=uB9]=,u\
qa/qV202=a)q[d`%\
nuhCJjC1(,lar3Z^\
;sQHg>I4Mn'QT?/<\
-t(fRD%;?9U\x22AGK&\
MFPn!Q/c<)?5P`:Q\
]<'a8CKo_;_^)+VN\
@)qJj$W#`oiC1j9^\
-cCtr?9u#4_r8gHA\
r-=KCbhpjeKH^'k\x5c\
HQ0Wml$kZU?o38jV\
*]GC>$@9(L!LbB-B\
F@WIKftIhSk]MJg)\
8;Aidgk*-+nSL\x22Z)\
nF,p*3n[&NrRVjP6\
c?7>u4Un@@-e;TO?\
;+u\x5cJ8eAM!)`4^qq\
r[C,=qP%I2DWUqir\
!*Fl*jk~>endstre\
am\x0aendobj\x0a70 0 o\
bj\x0a<<\x0a/Filter [ \
/ASCII85Decode /\
FlateDecode ] /L\
ength 624\x0a>>\x0astr\
eam\x0aGaro?>E>7-&;\
B$;($@=-Wig1kJbH\
44X]0/6:!;S2=CAF\
p$mpM2;1F#7:9rWQ\
>9UfB)'9CP1BO(!&\
YDc.I&c`9<^94**C\
Rn&e9C[k-i6<%.gs\
IV8ldbsf.?$!60fr\
D@sZiUU`c6t;o*M(\
4_`'J1rDZpFG&lDZ\
UV,&Y:]Z]XI7V5rI\
e=KEC6LVA^Zr[_Wi\
#0ogcA-bG5Wj=R<_\
*9Pa8Sj!1YBW4!U/\
*]TM0UMHEC>GL)Kh\
P%[\x22ap,h6[$8iO%<\
^#,M5$!k6*6t()J'\
k+B8/JToPo!%1?8A\
W/WE,'6S3I;bg9Hf\
XWbo*Q.:9gr:%\x22[)\
?tVc&%h+<mkmRYrg\
$DUM[AiD%r,3[[.a\
cgIc)Dmjq%Y_6^&E\
u'C6o;'K1'HON<=f\
M=b^!XHIj0JQ7sLq\
3p.D?^Fn\x5c1XNF$,-\
+=:#TC@NRnW6fY38\
=R4E?Vbd&3l6[*9=\
u;$>#j'.K8ZMY[W'\
%;RW.cNbT8`mh\x22Hi\
s4A')8tt;rudnH76\
m/X',0P=(gJ?db]N\
Q^eT@*\x5cWjp^#6Ph6\
S*t\x5c\x5c:Rn(qMTq2bB\
34YSt(?5VCNq*mnh\
Rr:MGIhu)j+U`N3S\
=1=DpIs[Pkb&+am^\
\x22HjlfJE>PsA:2m<3\
=.;.WKCQfn:\x22+O_Q\
f`~>endstream\x0aen\
dobj\x0a71 0 obj\x0a<<\
\x0a/Filter [ /ASCI\
I85Decode /Flate\
Decode ] /Length\
 1966\x0a>>\x0astream\x0a\
Gau`TgN)%,&:O:Sm\
$j7sAdR>I5./k8D'\
kk0r6h\x22GTG/Zf6\x5c5\
XO.X&P?B0f.eA4^4\
!A3(XP\x229C(IEd%1B\
Jp_s!q^s@m?Z5/K(\
P5%?2[^7\x5c(X^JXH@\
Br*nNmX7PJBi^+;^\
:=Yo!89^ckG=@?q(\
*9\x5cA=c;=*H`29QA`\
'>\x22o#X+L!%#G2'ij\
TeQWm+hp(%i5)n-r\
VO/jBBm['=t`NS#:\
Z/>C;GZOJLi;!C);\
C38Mo/OXK4H,YJ$r\
S/*;h<b>*b?Z>.-`\
EH6KDA:>q93\x22-qMl\
=SS*,hWQm0'h[aNG\
XSMWkf*]Y*a>/.#3\
6.#2_gk9V;\x22K\x5clZV\
@@W.2U+GgI&Hs#9o\
_tY60p_:?ksH[_JT\
G8_Q1+NO(rFQo>FU\
&4=ZG/Eom<ZBh6uT\
)Q2C9T4'>Zc.:]?U\
X%JL4F8`@Rs1f5DV\
,CcsXGp)!^\x22qhu.r\
8MCg=V],g;r]\x22lS\x22\
l1QpK6U67*ISb4W?\
qKs\x5cEL[#lZicSF7%\
A*'7*AP\x22Ki\x5cl^EHN\
/L0Qkd=Wr$l5;.>U\
h3qW>fU<%f5N'1Fl\
M3>16Xm-u)m5m*^g\
N/FR*Pj(.Xu'T3VG\
G.HS9b8G>f)'m)cC\
fL8(*\x22BjZA#R5Y>l\
tJ[@#i))ALG7s%2`\
=oa=,3;*aDc;'&\x5c-\
,FCNC',hU`S]cYIj\
]ogmG`f(TOD%,F2c\
d1);YE^ru/4]RbHT\
RuRRcNi)d++_3)?W\
'l-ON'NalaVng`qF\
FoO0YE]\x22J(4jQ(:u\
`R>Cia9W2%=><\x5cL;\
*5c/.dm]>As%__\x5c#\
V;cKY`/F,51qRJfP\
Nd+0jiZ-(Ea\x22&_\x22.\
(MK<AT?XlO_#K`;a\
R<HL\x5c6XC^SAMjhba\
:p[Tk\x22GX.??g1Uph\
<3((</Y#1j9s$jGr\
93d^Co1&%-tDgj4,\
aBfk;B^%Or(7nZS_\
&h$<2.1E[al/([h_\
k&h):LLQ##a4]\x5c7f\
>^djh6.HMqqdA`S8\
3bDbjD]59KXd4G]a\
P75PNCSDlcF1\x22mCA\
*;`Q*n^lC@a`RupL\
8<T4]gt-RJJSP_P,\
6qb7EBhbEqcW4S!r\
0sohVaNNqtXpG2'\x22\
%V9\x5c@(\x5c(n_k7CVJ+\
2\x22.YF[j3o8/\x5c4^+h\
/1p>cNakd^MunV%]\
$C$O6(YJ[R-c=XBR\
?_bW7%&+bJC\x22@Qq%\
LH)Xfa;L\x5c\x5cMO+nFD\
USWAi@b7Xt]?pW7*\
f*[t(Z@l#.J!!c7/\
#hr0_KVt^&a..D-&\
E>ZCnH+2t0.0i/Ah\
N`-::$Tbts;cP_dE\
T3%?ZM/!g3i:r^@2\
&eu&)@ks8$kdI_R^\
hUt?7oZ4Vf^$uGU\x22\
/1\x5cS*qk$Q_VG3Y45\
U$p=)YR4F3inH]W2\
hft$8hg0Ca1\x5ct=a7\
9>)C!`I+O(FAPY\x5cn\
'Wk[Vf'>eMHDhhl<\
F6MO+7gXfWO]=2uM\
/-]C(ETGK<)/<lQP\
D3h\x22b<e+tgA7qkhV\
p77cb+c)+%aCo@f?\
X1XmXNpcB7,b]'\x22D\
q,k\x5crY^<4H#0Gt,A\
Kf8\x5cl>Fk8j_ol[`X\
5`s`sYq%201.\x5c^S=\
8TDsj7,D-#4rW3>5\
&%8>N59nQCs&LS#\x5c\
9??CE<eYTQQPRI2:\
V3JAIRE4LO$bKCW^\
opLr!)bIk<aofSj\x22\
cnUYFPUgZ1W=keqA\
,GY8A,^BNlRE*$84\
L=\x5c$?MR/kor7Z+C(\
l<B\x5cCaDTUR28M9s/\
ji>'1CVG1K''WNss\
0&&hSYfijDqaII41\
;m(,X2h4B,?!\x5c+rd\
rV.]t,Y$:6>+3K,k\
E$!A7eI,40K<aP#W\
+9<p#Z&Ea,WlFa66\
+EQEWkMsr)nB9p/S\
j=Ceob#;;fBET-[g\
fMa@@s\x22#\x5c+X(Jt!C\
IRcN4B`pkII(jqfl\
#.Y+SSgClR9T%u)Y\
)%VmoG\x229%+<BZPr/\
6=$lR4K%K:'K=SRK\
jUh`TVQZb(Zc!AJ8\
.1YRb\x5cQN_)b3ONI6\
JJRM09kE.f*4ZOY3\
oMcCRUNU7rkq%1cl\
.j6ac>5=1iZ*e6(@\
qgXia>GA0lBa&2:n\
7+%?&D;l3DbFM7\x5c8\
).X/4Lg]0J(Bkl]7\
CG=1#/YVNA-jDE;7\
7a.0)bl^/.q.~>en\
dstream\x0aendobj\x0ax\
ref\x0a0 72\x0a0000000\
000 65535 f \x0a000\
0000061 00000 n \
\x0a0000000116 0000\
0 n \x0a0000000223 \
00000 n \x0a0000000\
418 00000 n \x0a000\
0000613 00000 n \
\x0a0000000808 0000\
0 n \x0a0000001003 \
00000 n \x0a0000001\
198 00000 n \x0a000\
0001393 00000 n \
\x0a0000001588 0000\
0 n \x0a0000001784 \
00000 n \x0a0000001\
980 00000 n \x0a000\
0002176 00000 n \
\x0a0000002372 0000\
0 n \x0a0000002568 \
00000 n \x0a0000002\
764 00000 n \x0a000\
0002960 00000 n \
\x0a0000003066 0000\
0 n \x0a0000003262 \
00000 n \x0a0000004\
044 00000 n \x0a000\
0023611 00000 n \
\x0a0000023870 0000\
0 n \x0a0000025202 \
00000 n \x0a0000025\
289 00000 n \x0a000\
0025570 00000 n \
\x0a0000025645 0000\
0 n \x0a0000025774 \
00000 n \x0a0000025\
887 00000 n \x0a000\
0025996 00000 n \
\x0a0000026141 0000\
0 n \x0a0000026239 \
00000 n \x0a0000026\
358 00000 n \x0a000\
0026477 00000 n \
\x0a0000026631 0000\
0 n \x0a0000026751 \
00000 n \x0a0000026\
864 00000 n \x0a000\
0026966 00000 n \
\x0a0000027126 0000\
0 n \x0a0000027252 \
00000 n \x0a0000027\
370 00000 n \x0a000\
0027483 00000 n \
\x0a0000027598 0000\
0 n \x0a0000027744 \
00000 n \x0a0000027\
851 00000 n \x0a000\
0027973 00000 n \
\x0a0000028133 0000\
0 n \x0a0000028233 \
00000 n \x0a0000028\
355 00000 n \x0a000\
0028466 00000 n \
\x0a0000028634 0000\
0 n \x0a0000028734 \
00000 n \x0a0000028\
843 00000 n \x0a000\
0028940 00000 n \
\x0a0000029083 0000\
0 n \x0a0000029204 \
00000 n \x0a0000029\
307 00000 n \x0a000\
0029463 00000 n \
\x0a0000029769 0000\
0 n \x0a0000031258 \
00000 n \x0a0000033\
242 00000 n \x0a000\
0035345 00000 n \
\x0a0000036276 0000\
0 n \x0a0000038313 \
00000 n \x0a0000039\
412 00000 n \x0a000\
0041573 00000 n \
\x0a0000043062 0000\
0 n \x0a0000044861 \
00000 n \x0a0000046\
978 00000 n \x0a000\
0047853 00000 n \
\x0a0000049995 0000\
0 n \x0a0000050710 \
00000 n \x0atrailer\
\x0a<<\x0a/ID \x0a[<5dde1\
276c44526bddb048\
b37dbfbe722><5dd\
e1276c44526bddb0\
48b37dbfbe722>]\x0a\
% ReportLab gene\
rated PDF docume\
nt -- digest (op\
ensource)\x0a\x0a/Info\
 24 0 R\x0a/Root 23\
 0 R\x0a/Size 72\x0a>>\
\x0astartxref\x0a52768\
\x0a%%EOF\x0a\
\x00\x00\xcc\x9c\
%\
PDF-1.4\x0a%\x93\x8c\x8b\x9e Re\
portLab Generate\
d PDF document (\
opensource)\x0a1 0 \
obj\x0a<<\x0a/F1 2 0 R\
 /F2+0 22 0 R /F\
3 17 0 R\x0a>>\x0aendo\
bj\x0a2 0 obj\x0a<<\x0a/B\
aseFont /Helveti\
ca /Encoding /Wi\
nAnsiEncoding /N\
ame /F1 /Subtype\
 /Type1 /Type /F\
ont\x0a>>\x0aendobj\x0a3 \
0 obj\x0a<<\x0a/Conten\
ts 57 0 R /Media\
Box [ 0 0 612 79\
2 ] /Parent 56 0\
 R /Resources <<\
\x0a/Font 1 0 R /Pr\
ocSet [ /PDF /Te\
xt /ImageB /Imag\
eC /ImageI ]\x0a>> \
/Rotate 0 /Trans\
 <<\x0a\x0a>> \x0a  /Type\
 /Page\x0a>>\x0aendobj\
\x0a4 0 obj\x0a<<\x0a/Con\
tents 58 0 R /Me\
diaBox [ 0 0 612\
 792 ] /Parent 5\
6 0 R /Resources\
 <<\x0a/Font 1 0 R \
/ProcSet [ /PDF \
/Text /ImageB /I\
mageC /ImageI ]\x0a\
>> /Rotate 0 /Tr\
ans <<\x0a\x0a>> \x0a  /T\
ype /Page\x0a>>\x0aend\
obj\x0a5 0 obj\x0a<<\x0a/\
Contents 59 0 R \
/MediaBox [ 0 0 \
612 792 ] /Paren\
t 56 0 R /Resour\
ces <<\x0a/Font 1 0\
 R /ProcSet [ /P\
DF /Text /ImageB\
 /ImageC /ImageI\
 ]\x0a>> /Rotate 0 \
/Trans <<\x0a\x0a>> \x0a \
 /Type /Page\x0a>>\x0a\
endobj\x0a6 0 obj\x0a<\
<\x0a/Contents 60 0\
 R /MediaBox [ 0\
 0 612 792 ] /Pa\
rent 56 0 R /Res\
ources <<\x0a/Font \
1 0 R /ProcSet [\
 /PDF /Text /Ima\
geB /ImageC /Ima\
geI ]\x0a>> /Rotate\
 0 /Trans <<\x0a\x0a>>\
 \x0a  /Type /Page\x0a\
>>\x0aendobj\x0a7 0 ob\
j\x0a<<\x0a/Contents 6\
1 0 R /MediaBox \
[ 0 0 612 792 ] \
/Parent 56 0 R /\
Resources <<\x0a/Fo\
nt 1 0 R /ProcSe\
t [ /PDF /Text /\
ImageB /ImageC /\
ImageI ]\x0a>> /Rot\
ate 0 /Trans <<\x0a\
\x0a>> \x0a  /Type /Pa\
ge\x0a>>\x0aendobj\x0a8 0\
 obj\x0a<<\x0a/Content\
s 62 0 R /MediaB\
ox [ 0 0 612 792\
 ] /Parent 56 0 \
R /Resources <<\x0a\
/Font 1 0 R /Pro\
cSet [ /PDF /Tex\
t /ImageB /Image\
C /ImageI ]\x0a>> /\
Rotate 0 /Trans \
<<\x0a\x0a>> \x0a  /Type \
/Page\x0a>>\x0aendobj\x0a\
9 0 obj\x0a<<\x0a/Cont\
ents 63 0 R /Med\
iaBox [ 0 0 612 \
792 ] /Parent 56\
 0 R /Resources \
<<\x0a/Font 1 0 R /\
ProcSet [ /PDF /\
Text /ImageB /Im\
ageC /ImageI ]\x0a>\
> /Rotate 0 /Tra\
ns <<\x0a\x0a>> \x0a  /Ty\
pe /Page\x0a>>\x0aendo\
bj\x0a10 0 obj\x0a<<\x0a/\
Contents 64 0 R \
/MediaBox [ 0 0 \
612 792 ] /Paren\
t 56 0 R /Resour\
ces <<\x0a/Font 1 0\
 R /ProcSet [ /P\
DF /Text /ImageB\
 /ImageC /ImageI\
 ]\x0a>> /Rotate 0 \
/Trans <<\x0a\x0a>> \x0a \
 /Type /Page\x0a>>\x0a\
endobj\x0a11 0 obj\x0a\
<<\x0a/Contents 65 \
0 R /MediaBox [ \
0 0 612 792 ] /P\
arent 56 0 R /Re\
sources <<\x0a/Font\
 1 0 R /ProcSet \
[ /PDF /Text /Im\
ageB /ImageC /Im\
ageI ]\x0a>> /Rotat\
e 0 /Trans <<\x0a\x0a>\
> \x0a  /Type /Page\
\x0a>>\x0aendobj\x0a12 0 \
obj\x0a<<\x0a/Contents\
 66 0 R /MediaBo\
x [ 0 0 612 792 \
] /Parent 56 0 R\
 /Resources <<\x0a/\
Font 1 0 R /Proc\
Set [ /PDF /Text\
 /ImageB /ImageC\
 /ImageI ]\x0a>> /R\
otate 0 /Trans <\
<\x0a\x0a>> \x0a  /Type /\
Page\x0a>>\x0aendobj\x0a1\
3 0 obj\x0a<<\x0a/Cont\
ents 67 0 R /Med\
iaBox [ 0 0 612 \
792 ] /Parent 56\
 0 R /Resources \
<<\x0a/Font 1 0 R /\
ProcSet [ /PDF /\
Text /ImageB /Im\
ageC /ImageI ]\x0a>\
> /Rotate 0 /Tra\
ns <<\x0a\x0a>> \x0a  /Ty\
pe /Page\x0a>>\x0aendo\
bj\x0a14 0 obj\x0a<<\x0a/\
Contents 68 0 R \
/MediaBox [ 0 0 \
612 792 ] /Paren\
t 56 0 R /Resour\
ces <<\x0a/Font 1 0\
 R /ProcSet [ /P\
DF /Text /ImageB\
 /ImageC /ImageI\
 ]\x0a>> /Rotate 0 \
/Trans <<\x0a\x0a>> \x0a \
 /Type /Page\x0a>>\x0a\
endobj\x0a15 0 obj\x0a\
<<\x0a/Contents 69 \
0 R /MediaBox [ \
0 0 612 792 ] /P\
arent 56 0 R /Re\
sources <<\x0a/Font\
 1 0 R /ProcSet \
[ /PDF /Text /Im\
ageB /ImageC /Im\
ageI ]\x0a>> /Rotat\
e 0 /Trans <<\x0a\x0a>\
> \x0a  /Type /Page\
\x0a>>\x0aendobj\x0a16 0 \
obj\x0a<<\x0a/Contents\
 70 0 R /MediaBo\
x [ 0 0 612 792 \
] /Parent 56 0 R\
 /Resources <<\x0a/\
Font 1 0 R /Proc\
Set [ /PDF /Text\
 /ImageB /ImageC\
 /ImageI ]\x0a>> /R\
otate 0 /Trans <\
<\x0a\x0a>> \x0a  /Type /\
Page\x0a>>\x0aendobj\x0a1\
7 0 obj\x0a<<\x0a/Base\
Font /Courier /E\
ncoding /WinAnsi\
Encoding /Name /\
F3 /Subtype /Typ\
e1 /Type /Font\x0a>\
>\x0aendobj\x0a18 0 ob\
j\x0a<<\x0a/Contents 7\
1 0 R /MediaBox \
[ 0 0 612 792 ] \
/Parent 56 0 R /\
Resources <<\x0a/Fo\
nt 1 0 R /ProcSe\
t [ /PDF /Text /\
ImageB /ImageC /\
ImageI ]\x0a>> /Rot\
ate 0 /Trans <<\x0a\
\x0a>> \x0a  /Type /Pa\
ge\x0a>>\x0aendobj\x0a19 \
0 obj\x0a<<\x0a/Filter\
 [ /FlateDecode \
] /Length 696\x0a>>\
\x0astream\x0ax\x9cm\xd5\xcdj\xdb@\
\x14\x86\xe1\xbd\xafB\xcb\x96.l\xcd\xf9K\xc0\x18\xd2\
8\x81,\xfaC]\xbaW\xecq\xeaR\xcbF\xb6\x17\
\xb9\xfb\xce\xa7/$C[\x81=\xaf\x90\x06=H\x8b\
3\xbd}X>\xf4\xbbs3\xfd:\x1c\xd6\xab|n\
\xb6\xbb~3\xe4\xd3\xe12\xacs\xf3\x98\x9fv\xfd\xa4\
M\xcdf\xb7>\xbf\x9c\x8d\xff\xeb}w\x9cL\xcb\xe6\
\xd5\xf3\xe9\x9c\xf7\x0f\xfd\xf60\x99\xcf\x9b\xe9\xb7r\xf1\
t\x1e\x9e\x9bw7\xe3\xf1a\x99\x7fu?.\xab\xae\
?\xbd\x9fL\xbf\x0c\x9b<\xec\xfa\xa7\xff_]]\x8e\
\xc7\xdfy\x9f\xfbs3\x9b,\x16\xcd&o\xcb#>\
u\xc7\xcf\xdd>7\xd3\x7f\xb6\xbc\xdd\xf0\xfd\xf9\x98\x9b\
4\x9e\xb7T\xae\x0f\x9b|:v\xeb<t\xfdS\x9e\
\xccg\xb3E3\x8f\xfb\xc5$\xf7\x9b\xbf\xae\xb5\xe9\x8a\
{\x1e\xb7\xeb\x9f\xdd\xf0r\xef\xac\x1c\x8b\xd2\xed\xd8w\
\xd7\xe84\xf6\xbd\xa0\x85\xdd\xa2\x95\xf7\x8cm\xec%\xda\
K\xa7YJ\xe8\x18\xbbU\xf4\x15\xf7\xde\xa0\xaf\xabg\
\xddT\xfd\xb1\xea\xdb\xaa\x97U\xdfU}\xff\xd6m\xe5\
o\xdb\xaaS\xd5R\xb5VmU{\xd5Q\xf5U\xd5\
\x95\xbf\xad\xfcm\xe5o+\x7f[\xf9\xdb\xca\xdfV\xfe\
D\x7f\x1a\x9b\xfe\x84w\x9b\xe8\x1f\xdfg\xa2?\xe1[\
$\xfa\x13\xdem\xa2\xbf,\xa5\xe9/Ki\xfa\xcbR\
\x9a\xfe\xb2\x94\xa6?\xe1\xfb&\xfa\x13\xbeK\xa2\xbf,\
\xa5\xe9/Ki\xfa\x13\xbeo\xa2\xbf,\xa5\xe9/\xcb\
d.\xf4\x0b\xfcB\xbf\xc0/\xf4\x0b\xfcB\xbf\xc0/\
\xf4\x0b\xfcB\xbf\xc0/\xf4\x0b\xfcB\xbf\xc0/\xf4\x0b\
\xfcB\xbf\xc0/\xf4\x0b\xfcB\xbf\xc0/\xf4\x0b\xfcB\
\xbf\xc0/\xf4\x0b\xfcB\xbf\xc0\xaf\xf4+\xfcJ\xbf\xc2\
\xaf\xf4+\xfcJ\xbf\xc2\xaf\xf4+\xfcJ\xbf\xc2\xaf\xf4\
+\xfcJ\xbf\xc2\xaf\xf4+\xfcJ\xbf\xc2\xaf\xf4+\xfc\
J\xbf\xc2\xaf\xf4+\xfcJ\xbf\xc2\xaf\xf4+\xfcJ\xbf\
\xc2o\xf4\x1b\xfcF\xbf\xc1o\xf4\x1b\xfcF\xbf\xc1o\
\xf4\x1b\xfcF\xbf\xc1o\xf4\x1b\xfcF\xbf\xc1o\xf4\x1b\
\xfcF\xbf\xc1o\xf4\x1b\xfcF\xbf\xc1o\xf4\x1b\xfcF\
\xbf\xc1o\xf4\x1b\xfcF\xbf\xc1\xef\xf4;\xfcN\xbf\xc3\
\xef\xf4;\xfcN\xbf\xc3\xef\xf4;\xfcN\xbf\xc3\xef\xf4\
;\xfcN\xbf\xc3\xef\xf4;\xfcN\xbf\xc3\xef\xf4;\xfc\
N\xbf\xc3\xef\xf4;\xfcN\xbf\xc3\xef\xf4;\xfcN\xbf\
\xc3\x1f\xf4\x07\xfcA\x7f\xc0\x1f\xf4\x07\xfcA\x7f\xc0\x1f\
\xf4\x07\xfcA\x7f\xc0\x1f\xf4\x07\xfcA\x7f\xc0\x1f\xf4\x07\
\xfcA\x7f\xc0\x1f\xf4\x07\xfcA\x7f\xc0\x1f\xf4\x07\xfcA\
\x7f\xc0\x1f\xf4\x07\xfcA\xff\xcb\x84x\x99\x04\x98\x15\x98\
s\xaf3h}\x19\x862\x9e\xc6a8\x0e\x1e\x8c\x9c\
]\x9f_\xe7\xe5\xf1p\xc4.\xfc\xfe\x00\x89o\x9f`\
endstream\x0aendobj\
\x0a20 0 obj\x0a<<\x0a/Fi\
lter [ /FlateDec\
ode ] /Length 19\
042 /Length1 361\
40\x0a>>\x0astream\x0ax\x9c\xed\
\xbd\x09|\x14E\xf68^\xd5\xd5\xd7\xf4\xdc\x93\x99\xdc\
G\xe7&\x10\x92\x98p\x18@\x98\x04\x02\x84#\xc4\x10\
\xc2\xa1hB\x0e\x12\x84L\xcc\x01r-\x97$\x22h\
@\x08\x08\x22D\x05\x04DDd1 \xde(*\xb2\
\xbb.\xe0.\x0b~]\x15E\xbf\x22\xb2\xfbeW\x84\
\xa4\xf9\xbf\xaa\x9e\xc9\x81\xe8\xba\xea\x1e\xbf\xcf\xe7\x9f\xa1\
\xd3\xdd\xd5U\xaf\xde\xfd^\xbd\xae\x09\x08#\x84\xcch\
!\x22(w\xcc\xd8\xe4\xd4\x89=g\xf6\x84\x963p\
\x14\x14\xcf(\xaaR>4>\x85\x10\xee\x05\x87\x7f\xf1\
\xccZ\x15U\x84\xa5#\xc4\x8d\x82{\xad\xacj\xea\x8c\
\xbb{\xcd\x9c\x86\x10\x0f\xf7\xe8\xa9\xa9\xd3g\x97\x0d{\
\xb9\xe6\x11\xb8\xbf\x8cP\xe6\x96\xf2\xd2\xa2\x12t\xe5\xd6\
J\x84\x86m\x84\xe7}\xca\xa1\xc1\xd4\x22\x1e\x82\xfb\x13\
p\x1fS>\xa3\xf6\x9e\xd6\x9d\x03\xde\x80{\xe8\x8fw\
M\xf7\x14\x17\xa9\x9bSg\x22\x94\xbd\x05\x9e\xffqF\
\xd1=U\xfc\x1f\xc5\xbb\x11\x1a1\x0f\xee\xd5\xca\xa2\x19\
\xa5\x11\xd3G7\xc3=\xc0\xbbE\xae\xf2\xd4\xd4^[\
\x84&!\xd4@\xfb\xabU\xd5\xa5U\xfd\xa5\xbf\xc0e\
\xc3a\x84\x84r\x84y\x0b^\x89\x04\xb8N\x13\xd6\xc3\
\x0c\xe1\xfa\x99\xfc\x01\x95q\x0e\xa0\xc2(\x12\x22\xf3\x1c\
\xc7\x9fC\x95\xd7~\x8f\xda\xae)1\x85\x09<RM\
\xb9eY%\xc8\x8d\xd4k\xd7D\xa7\xe6\xc4\x1b\xa4\x19\
\xf8\x93B\x84\xaf}x\x0d\xe9?\x18av6!\x11\
+\xecj!k\xe5\x80\x8f<\xcc(\x22\x09\xc9\xe8\x9f\
\xfb1 \x05\x19\x01\xa2\x19Y\x90\x15\xd9\x90\x1d9\x90\
\x1fr\x22\x17\xf2G\x01(\x10\x05\xa1`\x14\x82BQ\
\x18\x0aG\x11HE\x91(\x0aE\xa3\x18\x14\x8b\xe2P\
<\xea\x86\x12Pw\xd4\x03%\xa2\x9e(\x09%\xa3\x14\
t\x13JEi\xa8\x17\xea\x8d\xfa\xa0\xbe\xe8f\x94\x8e\
\xfa\xa1\xfeh\x00\xba\x05\x0dD\x83\x80\xba\x0c\x94\x89\x06\
\xa3!(\x0b\x0dE\xc3\xd0p\x94\x8dF\xa0\x91h\x14\
\x1a\x8dr\xd0\x18\x94\x8bnEyh,\xcaG\xe3P\
\x01\x1a\x8f&\xa0\x89\xc0\xe9\xdb\xd0\xedh2\xba\x03\xdd\
\x89\x0aQ\x11\x9a\x82\x8aQ\x09*Eeh*cJ\
o\xd4\x82\x8e\xc2\xe7U\xb4\x13m\xc4\xdb\xe0\xae\x0c\x9a\
\xef\x86\x96fn/Z\x8a\xea\xa0\xe5u|\x14/\xe3\
zB\xdb6t\x11\x1d\x87\x9e\x0d\xe8(\xd9\xc9#<\
\x02\xb0=\x0a\xfdO\x09\x1c\xba\x84\xf3\xd1>\x80\x91\x8e\
\x9d8]\x12y\xc4\xe7\xf0\xfb\xf8<\xbe\x85?\xc7\x1f\
C}\xf9\x1a\xfe\x18_\xc8\xd7\xe04\xf2\xb8P l\
\x83#\x9d\xbc\x012}\x1b8\xd3\x82?D5\xe8 \
\xf9\x82\xa4\x91C\xfc\x10\xde\x82>$\xc7\xc8N\xf4)\
\xcc\xc2\x03\xfc\xa3\xa8\x11mAs\x01\x17'\xf6\xa0\x05\
\xdc\x5c.\x0fZ\x8e\x08\xc7\xd0\x06\xf8x\xe0\xf91\xbc\
\x09\x1f\x07\xec\x0e\xe2%\xe8$z\x98\xf0\xdcp\xb4\x09\
\x9f\x04\xba\x8e\xa2\xbf\xa3%$\x9f[\x00Z\x94\xc6\x95\
\x01\xfeG\x00\xd61\x18\xbf\x01\xd5\x80\xe0O\x826h\
\x5c\x0fh\x03\xeca\xae)\xecw\x18\xe9)\x9cd\x9f\
\x8bh\x01\xcc\x9c\x8f\xb6\x88-\xa2S\x8a\x86Y(\xc7\
\xb6\xe1\xd7\xf1yq5jF\xc7\xc9\xed\xe4nr\x1a\
/\xe5\xa3\xf9\xed\xfcp\xd4\xa8s\x80\x14\xa2F\x80\xbd\
\x81\x8e\x11\xcb\xf0l\xa0\x9d~\xe6R\xe8\xdc,\xbe\x10\
\xefD_\xf0\x85\xd2\x14\x80\xfd\x06\xa5\x08\xe6\xdc\xc7\xe5\
\x01Ee\xe8\x10\x1c\xb3D\x1b\xd0\xd4\x1f/%\xcb\x00\
S\xfa4\x0c\x1d\x93F\xf0\xc90\x1e H\xf3\x81j\
\x84<\xa47\x9a\x06Ws\xd1n\xb4\x17\xf5$kQ\
#@b\xf4\x8a}\x85\xbf\xc3\xc8\x8d\xfcG@s#\
~\x80\xfb;:F\x86\x80\xc6\x95\xf1\x17\x80\xd7\xa0\xa4\
h-B\xcfK\xa2\xc0\x13\x0e\xa3D\xd5\xb6\x87\x8b\xcd\
.\xd9\xe3\xbeu\x82\xfa\xd6\xc4\xc8\x9e\x89\xd7\xdd\xaa6\
I\xdd\x83r\xf7\x98g\xab-\xd7\xae\xe5N\xe0C\x84\
\x89{\x84\xd0=$V\xde\xc3\xc7F\x7f\xf4}\x0f?\
\xea\x9982w\x82\xba\xa7-k\x88\x17jV\xe1\x10\
h\x1b;\x01.\xe9\x1d4C{\xd6\x10\xf6\x8cN\xba\
G\x88\x85\x7f\xd9\x85{\xd4\xe2r\xf5~\xdb\xfd\xd1\xfd\
\xee\xb7\x95\xf6\x03\x17\xc7\xa12m-_&l\x01\x8b\
\x95P\xb0\xdb\xc4_E\xe2U,\x0b\x0b8\x1e%\x1f\
>q\xfe&d;q\xfe\xc4\xf9\x14?{\xa4=6\
\xd2\x1eY\xc6\xa3\xd6\x1a\x12\xd2\xfa\xa9\xb6V\xb2\x5c\xfe\
k\xb5\x98p\xed\x1a\xba\xfb\xda'\xfc\x02\xb1\xcc\x11\x07\
6\x83l\x12*G\xcb\x11\xf2\xb6\xd7\xb1\xf6\x09\xd0.\
\xa2r`\x12m?\x08\xbe\xb1D\xec\x0b\xed\xe3Y\xff\
\x0a\xf40k\x9f\x0b\xfd{\xb2\xfe#\x10\xb2C\xff<\
\x84\x8cniP\x5cr\x5cD\x1c\x99|\x13\xed\xb3\x12\
\x90\xf6\x88e\xb6xT~-\x0c!\x87\x08\xd2\x02\xa3\
\xc3i\xf8=\xb2\x94\x8f\x04\xdf\xe1x\xdep\x84\x98\xc4\
\xdb\x91\xc9\xe6\xc5?\x05\xf7\xea\x93\x96\xea\xefr\x8a\xd1\
Qq8\xed\xe9_\xcd{j\xd7\xfc\xf9\xbb\xb8+\xf3\
\x9ezj\xde\xfc]\xbb\xa8\xcf*\xc1_H\x1b\xb9\xd9\
\xc0\x07\xeb\xaf\xb9\x1d\x88\xc7(\xf9]}\xb0_\xa4+\
\xb2D\xba\xf9\xf2[\xdc\xec\x95:\xfe\xbb\x01\xcf\x09\x0c\
\xcf;t\xba\xa82!\x0e,\x1f\x18*\x9c\x04\x18\x06\
\xd4\xdbm\x95\xd0\x12~\x11'K\x02&`q\x8a\xad\
u\xe4\x1ec\xfe\x84\x03\x00\xe2\x95\x9b'\x0e8\x9f\x9a\
\x9e~\x13J>\xdb\xfan\x0a\xde\x8f\x8c\xaa1\xd7H\
&\xc7\xa6\xb9\xa2\xediv\x12Mp\xef\xa3G\x8f:\
\x1fwi\x9ap\xb2\xedn\xed\x11\x5c\xca\xe6@o\x90\
\x9d\xdc\x17l\x0e\x09e\xba\xad\x02\xbe\x97G\x8bd^\
\x10\x91\xc0\xf12\x9d\xc3\x91?r\x8f_\xfem0\x11\
G'j=C\x99p\x09\xe6K\xc1nk\x8a\xc1m\
\xc85\x14\x1a\xaa\x0c\xcd\x86\x97\x0d\xd2dl\x8f\x06\xc9\
F\xdb\xb1g'\x17\xb3\x13\xa6:\xc9\xf5\xa0\x07\x9bk\
\x13Bb\x80\xf0\x12\xcc\x15\x81\x0a\xdd7\x85\x18Q\x83\
\xc4\x87\x19\x84 3\xd7\x10\xe0gu\xd9#\xc2CC\
\x82\x03\x80\xb1~\x0e\xbb\xcdb6\x19d\x9f\xf2\x07+\
\x81\xa2jk}7\x80\xd28\xe0\xc4\x80\x01\xad\x03\xe8\
\xef\xc3\xa9\xe7SSS\xdcv#6rF\x93\xd1\xec\
\xe4\x83\xed\xc1\x0eg\x84\x8c'\xe3H\x12i\xc4\x91~\
i\x04\xf8\xcd\x8eh?v\xf4\x8ed\x07\x1f\xa0}\x90\
\x8fc\x87\x94\xe3\x98\x8a\xe6\xa9\xf8f\xed\xb1<<P\
{\xa4\xbcy\xaavz\xeac\xe5\xda\x1b\xb80_{\
\x09W\x94\x91\xa5\xda^\xd2\xa0\x15\xe1\xcdZ\xd1\x06m\
\xefzm\x0a\xdeD\x8f\xf58g\x03\xde\x0c.\x0b\xed\
\xd4\x8e\xf33D'\xc4\x8en\x10#^t\x8f\x8b\xe2\
\x14\xa3\x12\x8f\xe3\xbaqF\xa3\x12\x86\xc3C\xb9\xe4\x84\
\xe4\x10.!!9\xd3\xcfn\x8bRB\x12\xf8\x00\xd1\
\xd0=R\xe0\x02\xea\xfd\xc5z\xc1\x1e\x1d|\xbf\xff2\
\x1b\xea~\xbf\x00^\x5c\xf6W\xc2\xa5\x84`\x07\x88=\
\xcaf X\x8a\x93\xcd\x82\x98Bea\xa0\xf2\x16\xa8\
\x18F\xee1\x81\x5cl\xf9\xb7\x8d\xdcce\xc2\x11\x90\
\x9bj\xc1\xa5\x80\x01\xad\x01\x03.\x9d=Ou\xe1\xfc\
\xe1\x13g\xcf\xa7\x1e\xb6]\xb0]\xb0;\xd2\xed\xe9v\
G\x00\x1c\xe9)`\xda\x92\x8d\xffJ\xb2Y\xbe\xb2\x07\
\xa4\xb7\x9f\xf8\xaf&F\xe1h\x92\x84\xe3{\x87\xe3\x00\
{\x12\xee\xdd\xabO\xdf\xdei.\xb8qA\xa3=\x1c\
\x83\xcaK\xc4n\x81\xb3\x7f\x80} <\x8f\xe3\xf6\x95\
\xe0\x8a\xdfO+{\xcf\xf3\xc1\xdb\x7fz\xb7d\xf2\xee\
\xb1c\x9f\xb9\xfd\x93\xf7?y\xbf\xa4v\xce\xdd\x1f-\
X4W;\x8e{r={\xeesg`\xfcV\xcc\
\xae\xb5O\x1c\xb2|\xf99\x1f\x11\xf2L\xf7$^\x1b\
\x17\xbdo\xe3\x8e\xd7\xad\x04\xe1\x0d\xe6i\x13\x0a\x0aO\
jc\xec\x95\x93&\x94S\xdd\x14\xa8\xbdK\x09\xe0\xdd\
\x8d\x10\xa9\xa3!\x1a\xa7\xa1e\xee>1\xd6\xd8\xb8\xd8\
8k|L|&z\xc8\x14\xfeP\xd2\x03\x81\x0f\xc5\
\x88\x0f\x99\x1e\x88s\xac\xe8\x16\xb3\xaaW|dH\xac\
\x81\x98]\x16\x83\xd9\x1ai\xeea\x091[o2\xf6\
\xd2\x99G\x0d\xe66\xca9\xf8\xe5\xa4\xbf,\xf4\x97\x99\
\xf1\xef&\xca\xd5\xc3\xe7/\x9d\xb7]\xf8\xfb\x05\xca*\
\xd04\xdb\xd9\xd4K\x03\xce\xb2\x16\xdb\x05\x9dk\xc2W\
\xf4\x00>E\x89\xc0\x84\xb4\xd4>\xc0\x83x\x9f/\x00\
~un\x8fM\xc3\xd1~\x9d\x9e\x09\xef\x8d/.\x1e\
?\xae\xb8x\xdc\xa6\x83/<\xda|\xf0\x85\xd6u\x05\
\xc5S\xc6\x8f/.!75\xb7Nj\x8e\xd8t\xe8\
\x85\xcd\x9b\x0f\x1c\xe4V\xad\xb9wqS\xd3\xe2%M\
\x0b\xce\xbc\xf0\xc2\xe9\xd3/\x1c:\xcd\x155-\xbew\
\xcd\x9a{\x17\xad]\xf0\xed\xff\x89\xe6\xd3/\xbc\xf8\xa7\
\xd3\x87\x0e\x9e\xd1mx\xd1\xb5O\x04\x0d\xf8d@)\
\xf8\x98{\xad\x19[L\xf5v\x87\xddX\xaf\x18\x1d\x0e\
\xbb\xa1\x1e\x19\x5c\xfe.\x09\x8br\xbd\xbf\xbf\x8b\xc3\x04\
\xd7\x87\x85\x87\xa1z\x03\x0a\x0f\x0fS#\xb8\xc8p\xbb\
\xe2\xa7\x80\xd9\x91@\xa7\xddO\x91dN4\xd8\xfd\xfc\
\x14\x0es\x04\xe9\x8f\xb8@\x17<q\xd2\xd6L\x87\xd1\
@D\xa4\x84\x93n.\x8b\xd8-^l\x0a\xec\xd1\x14\
\xbf&fU\xe0\x0a\x8b\x9f\x92d\xb4\x18P\x92\xc3\x15\
o\x09'I\x8e\xf8H\x8b\xdd\x0aV\xe7\x08\xb1\xddd\
k\x05m<q\xde\xf6\xa6\xce\x5c\xd0F\xaa\x90\xd4\x9c\
\xdf<\xfb\xf7\xcf\x80\xbf\xb67\xa9\x8e\x06\xd0\x7f\xed\xac\
\x16t\xc5\xecr\xea\xda&\x7fG\x8biK{\xeb\xc4\
\xa8\xbd\xd6T\x8c'\xbb\xf7JF!\xca\x90\x10\x8aB\
q\x04\x17`\xec\x8e\xba\xe38G?\xd4\xcb1\xc4x\
\x07\x9a\x88')\xe3\x1c\x93\x82'ELL\x99\x1a>\
\x17=\x826\xe0\xf5\xdc:\xb9\xc9\xb8\xda\xd5\xe4\xdf\x14\
\xb5\xbeg\x84\xc1h0\xc9vS\xbc\xa9[ \x17b\
\x082\x06\x99\x82\xec\xa1\xceP\x97\x7fXDj<\x8a\
\xc7\x09\x86hGw\xbf\xee\xcen\xae\xe4\xd4\xfe\x86^\
\x8et\xbfA\xa9#\x0c\xa3\x9c#]C\x83\xc6\xa4\x16\
\xe0I\x86\x89\xa6q\x8e\x89~\xb7G\xdc\x99:\xcdT\
a/L\xad\xc3\xb3Ms\xec\xab\xd1j\xbc\x8ek\x12\
6J\x1b\xe5\xcd\xf2\x06\xc3#\xc6\x0d\xa6\x95\xa9\xcd\xa9\
{R\xd3'\xa3\xc9\x98\x99\x1ahS_\x03\x1e\x88\xfb\
\xa6\x89\x9c\x84\xa3\xe3-8:\x0aQ\xdbd\x16\x0a\x91\
\x88\x9ag4S<\xfc\xd7\xdb\xc6\x9dh\xbes[\xb6\
6\x17\xb7\xf6\xcf\x14\x0f\x9a\xca'\xe3\x80\xd6\xc6\xf2\xb3\
K\xfe\xa2\xfd\xa6\xbe>%\xf5\x7fZ\xc6n\x1d7~\
\xd3\x90\x8a%\xfdI\xf4\xad\x8fMx\xe8\xb5An\xae\
\xb1\xed\xf2\xc4\xa3\xd5\xf7j\xda\xaf\xb4OVO\x1c\x8f\
\xfd\xfe\xb0\xf0\xa3\xe2A\xf3\x07<\xfeFL\xcc\xfe\xe4\
\x9b<\x13\xd2\xa6BL\x83X\x81=,V\xf4u+\
\xf8^\xb4\x88\xa7A\x82\xbfA\x90`!\x02\xe2\xa4\xdb\
\xec\x16r\x85B\xa1JX)4\x0b\x22\x0b\x0f\x10\x1a\
\xf4\xb8\xc0r\xfb=\xda_\xb9\xb9\xa2\x03\xf2\xf3\xben\
\xab\xf80Zg1K\x88@\x18\xf6S,\xb63\x14\
(\xc0Tt\x8fge\xd7\xd4\xcf\x9dM=o\xa7\xe1\
\x0e\x94*\x05\x8b\x9c\xcb\xe9\x08\x88\x8e\xe3z\xf7r\xf4\
\xe5\xe6\xd6/^\xb2\xb4ym\xd3\x9au\xa2\xe33m\
\xe0\xb9sZ\xffO\xbf\xc4o\xfe\xf9C|\xf8<\xcc\
\xb7\x05\xe6\xf3\xb0\xf9\x22 \xa2\xd2\xf9$\x8c\x8c\x0e\xde\
OF0\xdf\x80K\x1dp\xfd\xd2\xfc\x1d.''E\
\xf7q\xf4\xee\xc5m\x01\x90Mk\x9b\x97.Y\x22:\
\xcek\x03>\xfc\xb3\xd6\xef\xcbO\xf1\x1b\xe7\xce\xe1\xd7\
\x18\x1d\xb7p#\xc8\xeb`\x83v\x94\xe3N\xb4\x99\x8d\
\x887\x19$\x1eB(Y/\xd8M\xeb\x15lY\xe5\
\x90M\x0a1\x88v\x82\x09\x87\x9cV\xdehp\x9aE\
\x87\xed\xc4\x80\xb3\xa9g\xe0\x08`\xee\x992\xee\x04\x04\
\xd7\xc3\xe7\xa1\x01\xeeS\xb0\x19K\xb1\xc06!\xbe'\
\xee+@0\x8f%\xafk\xeb\xf1\xd4~\xda\x9ejm\
O?<U[\xdf\x0f\xe7V\xe3\x5c\xfe\xc3\xd7^\x9f\
rTk\xc0\xb3\x8fNy\xfd\xb5\xe2\xa3x\xb6\xd6p\
\x94\xe1v\x0a\x9c\xe9i\x81\x07?\x1a\xed\xb6#\x03\xde\
(\x11\x81s\xf1(@\x11]\xb2\xc9v\xa6\x15\xa2)\
\x8d\x17'\xe0|8\x05\xdb!X\xd20\xde;\xd2N\
vs=\xdb\x8eoo;\xce\xf5\x14\xf8\xb6\xe3;\xe9\
\xc5NXg`\xb4\xe9\x9a\x03\xbf\x8e4\xf0\xd2An\
\x13\xd9\x84\x96\x88\x84\xc7A(P\x04\xd6\x9dxW\xe7\
`\xdf4\x17\x04\xdc\x8b\xc7\xb7,\xca\xd3vi\xaf`\
7\xcb\x8b>\xe4\x16pK@\x87\xec\xfb\xd1F\x0e\xf2\
\x22\xdev\xa6sf\xc4\x85\xb4}\xca-\xd9B\xf1>\
\x0d\xbfv\xc3\x1c\xd0\xf7y\xb4\x84\xa3\xe0A\xd9(\xa6\
\x0cv\xf4\xe9\xe3\xc75\x8d\xae\x19\xafer{\x99^\
\xf6t;Q0\x06\xc7\x15L\x10\xc9\xe46\x83\x8ar\
\x08\x93\xe4\xc3L\xa8\xa0\x91]}8\xf8gN\xde\xd9\
v\x19\x14\xf2\xdb\x19\xba/m\x80\x5c\xac\xd1\x17s\xdc\
~b\xb3\x035\x9bV9V\x04\x1aB\xad\xe1$\xd4\
\x15\x12\x08\x18\x5c\xa2\xfa}\x96\x86\x8a\x14\x1c\xc5\xd9m\
\x8e\xb4THX\xb8\xf8Td\xb7!\xb0M\xf8\xcd-\
\xdf\xf8\xe8\xa3\xf0\xef\xd1G\xafb\x83\xf6\xcd\xd5\xab\xda\
7\xd8 \xe4j\xc7\xb4w\xe18\x06S\xa7\xe1^8\
\xadY\xab\xd1\xea\xb5\x06\xad\x06?\x80g\xe39\xf8\x01\
J\xf7G\x90\xcfN\x02z@\xd5\xdd\xaeL\xd2\xccs\
\xcd\xc2\x22\x095\x1b\xe4\x081\x14\x92'l\xb4\x9d\xf0\
Z\x03\xa6\xd6p\xfe\xb0\xce\x94\xd4K4\xb5\x06\x12\x81\
\xb4}Vb\xe5\xb9\xc9}#\xedB\xef\xd84*R\
\x0d\x8f\x00\xbd)}\x07\x8fh\xdd\xb2\x93\xaf\x19\xde2\
\xfc\xca\xc9\x9dL?`\x95\xc1\x8f\x00\x9aC\xd1&w\
|Pp\x08\x09\x0c\xb5\x83\xba\xd8\x05\x81\xcf\xb4=f\
_cnv\xae\xe2a\xb5\x89l\x10\x13\x94\xd0\x00\x1b\
\x11\xc3\xa8\xd1\xbb\xc0\xe8\xfd\xbd\xb1\x14p!,\x82\x9e\
8\xff\xca+,x2|:\xb1\x5c\xf8\x0a\xef\x09\xb5\
1\x9f\x8c\xdd\xa9\xe3\xf8\x02\xa1@\x9a\xc3\xcf\x11f\x86\
4\x04I\xb0\x16\x0d\xe2\x83aQ\x12Z\x8bf\x8au\
\xc15!\xb5\xa1\x8bQ}\xd0\xe2\xe0\xc5!\x8bC\xb7\
\xa3\xed!vp\x87\xb1@FoXw\xb3\xcc\x03\x1c\
\x9e\xd4{ NK\xe5iV\x22\x22X\x00\xbf\xda:\
\x0a\x18\x99V4\xfa\xc9\xfa;\x8f\xdf3\xe7\xc4\x84\xcf\
\xb13\xeb\xb6 \xed\xd2\xce\x9d;g\xe1U\xfdf\xac\
\xcb\x9e\xb56s\xf0\xbb7\xa5~\xfe\xda\xed[\xab\xc2\
\xb4/\x19\xfd\x1bA\xe65@\x7f7T\xe5NB.\
?\xa5\xde\x10Q\xaf\xfa5\xbb\xcc\xcd\x86\xd5bh\xb3\
\xba:z\x95\xb8\xc2\xf5D\x82\x7f\xa8\x1f\x22\xce\xa0\xd0\
8\xd5\x16J\x9c\x11\x061\x81\xb2\xc1?\xdf\xc7\x01\x03\
\xe3\x00\xb0\x00\xdcH\x00S\xb9\xf3g!\x15\xb3\xb1\xf0\
\xa6'a\xe0\x13\x0d%\xe1E\x11EjI$\x0f\x0e\
\x9e\xe6T|dT\x1cM\xb9\xf4\xac\xa1\x07\xee\xad_\
t!\x90\x0cZ\xf5\x84\xf6;\xed\xf3;\x8eL\xcb\x7f\
k\xc6KG\x0el\xdd\xbd\xbfi\xd3\x13\x0f\x8f}\xa9\
\xba\xe6\xed\x89\x9fa\xd3\x83$6\xe2\xf0\xca\x0f\xfe\x1a\
\x1b\xfb\xfaM\xa9k\x1b\xefm\xda6\xab\xaafnL\
\xdc>U}o\xef\xbc\xa7\xa8n\x97\x80\x9c\xb7\x80^\
q\xe0\xfd\x16\xb9\xc3\xb0\x99\x98\x11!\xe6LD\x8cR\
3\xac*\x16\x19\xb0IA\xa1\xa2\xcc\x9b\x98\xef5\xe6\
\xfb\x92#\x13%\xec\xc4\x00pJ,b\x9f\xa5\x1e\xaa\
=\x8f|\x1b\xc4\xfb6\x15jw#\xea\x8e\x86\xa3\x89\
\xb0\x00\x9b\x85\xeeG\x92?\xee\x81\xe2p\x0f\xd2\x07\xe7\
\xe01\xa61\xe6\x02\x5c\x86\xeb\xf0\x1c\xb2\x14\x9bA\x98\
\x06\xc8\xd0\xd3\xect\x81B}\x0d\x115\x0ek\xbd\xb5\
\x93'\xdfn\xbbC\x88m\xfd\x84\x1ckM\xdb\xae5\
\xe3\xc2\xd7\x99\x8c6\x81\x8cJ\x00\xf70t\x87;\x9a\
\x0f\x96\xec\xf5\xb6\xb0\xe0f\xc9\xd9l[f\xe6\x9a\xd1\
\x22\xf3\x0aiKx@(VH(,\x8d\xc4p[\
+\xee,\x19[\xa7\x08b\xa36\x03B\xb2\x1d\xbe@\
\xcd\x98\xda1\x08H;\xac\xcb\x87:!;\xe5:r\
AF\xdfY0T\x1e\x1f\x90\xa0\xb6\xe6\xc4\x09\x89W\
p\x8cvB\xfb\xfa\x8e\xd7\xcb'\xbdr\xd7\xd3\xef\xbc\
\xf3\xf4\xad\x8f\xe5\x0b'wj\x0fY\xad\xda\x85\xff\xfd\
\x8b\xf67U=zS\xca\xfe\x8d\x1b\xf7\xc7\xc41\xbf\
\xd2\x08\xf8\xafe~%\x06Mp\xc7\xf8\x89\xc8\x5co\
B\xcd\xfebs\xa8\xffV[\xb3iY\xd4\xaa\xd0\x15\
\xb1\xa6(ChP\xb8_(\x89\x8c\x08\x89\x05G\x03\
\x8at\x96\xb9\x9a\xb3\xadg;T\xc8\xed<\x8a\x8e\xe2\
c\xdc1r\x8c?*\x1c\x15\x81\xf2\xbd\xe1\xdcdX\
\xf3tJ>1\xcb\x098\xe2#%Z\xa5n)2\
\xd5\x9f\xdbr\xdf\xe6\xcd\xf7\xc1\x81\x0d\xa3\x1e\x19\xf5\xd6\
qk\xff\xbdw}\x84\x05\xed\xe2\xc7Z\x9bv\x01\xe7\
\xe2\x90Q\x8f\x90\xfe\x07\x1f\x7f\xec\x85\x17\x1e{\xfc \
7\xbb%&N\xfb\xab\xf6\xf5\xf8\xc9\xda\xd7_~\xa6\
\xfd/sTS\xf0\xd6p\xbdb\xb7\x1dt\xaa\x1c\xe4\
\x22\xa2bw\xa0`\xe7\x08G\xec<\xf8\x0d\x01dB\
\x04\x82\xc1\xc1\x8b\x12,\xdc\x0e\xb3\xb8\x9a\xfc\x1d\x17L\
\x854\xe1EX|\xd2\xe0 !\x09\xe4d\xef{\xf3\
D\xb7c\x02\x87E\x12,\xa4\x0b\xc3\x85\xa9d\x0f\xda\
#J\xa03 \x1c\x1c\x8d#\xb7\x93W\xda>>\x8e\
\xb5\xb64\xe1d\xc1\x95E\x02M%\xc0\xfb/\x07\x1e\
/g<\x8e\x86u\xd8`wl p8^l\x0e\
\xef\xd9\xecX\x15\xbe\x22\xfe\x89\x94@SL\xf7PW\
L\xa8\xd5\x00\x9e\x1c\xdc\xb952\x04\xd6U\x90\xf5\x1f\
>\xcf\x98\xeb\xb3Yv\x97\x0e\xc6\xda9\x9b\xa7\xd9V\
\x8c\xbe\xee\x97\x98\xd9FG\xc5@\xfe\xe5\xe7\xeb\x00\xfa\
\xc1-_\xb9u\xeb\xca\x95\xdb\xb6j[\x17\xafB\xd7\
\xfe\xe7Cm\xd5\xa2\x87\x9e\xd0\xbe\xf9\xe6\x1b\xed\x9b-\
\xc3W-Y\xbcz\xf5\xe2%\xab\xb87644l\
x\xa4\xbeaC\x81\xbaw\xe1s\xbf\xfb\xdds\x0b\xf7\
\xaaQo6\x9e\xfa\xfc\xf3S\x8do\xe2\xa2\xda\xc5\x8b\
k\xe1\xf0\xe5\xf6|\x03\xd0\x14\xc8\xf4&Z\x8a\x08\xc2\
\xf5(\xa8Y\xd9\xca7\xa3e\xfe\x11\xcd\xb6U\xfe+\
b\xa5\xd0\xd0H\xbfp\x14\x15\x15jfj\x03\x04\xf8\
\x22\xd4g\xda\xdf|Z\xe3\x7f8\xe8\xb5\xe0WB^\
\x09}%\xec\xb5\xf0\xc3\x11\xd2N\xc7!\xc7\x17\x0e\x02\
z\xd3\x97\xe9\xb8\xc3\xcf\x9bX\xa24]W\xa2\xe2\xb0\
\x8f0\xe0\xc2G\xa36\x8e\x04m\xe9\xb7w\xfa\x9f\xb5\
\xab\xd8\xf61\xac#\xec\xda\xb3\xda\xa7\xa36\xe2\x81^\
\x8d\x8a\x00]\x81|\xc5Qp;\xb6~\xf9\x19\xf6g\
\xc1m\xb3v[8\xb7\xce\xa7O\x94\xa6\x8b\xa08\xaf\
\xf3\xd1\xac\xe6\x10\xea\xb6\x88K\xf8m\x10\xdeYY#\
P\xb6A.\x92J\xa3\xc7%=\xc8S\x0fq\xf1\xf8\
q\x1a\xea\xf9hM\xaf#\xd0\xdc\x83\x8d7\xa0X\xb7\
\x1fd\x13\xd2&~\x09\xda\x06K\x17\x01\x07\x01\x10\x85\
\x01ai\xc8\xd9V\x1a\xa5\xfdt@,\x1b9N\xf3\
\x11\x00\xd5v\xca\x97\x93\x9cBw\x08\xa7\x01\x07\x11\x8d\
vw\xe76\x12\x9e\xe0\x8d\x08\xf3\xf4\xc4aA\x14\xd0\
FQ\xc8\x14x\x0e#\x81l\x17\x9f\x940\x87b\xf8\
h\xd0\xea\xf3\xa9zZ\xe1]\xb1\xf0_u\xac>\xe8\
Z\xda\xc0\xb9po,\x9c\xbez\x99\x97\xafh\x02G\
.j\xab\xb4\xd5\xfb\xf1{\xdb\xf0{\x94\x8eS\xb8P\
8M\x1e\xf7\xf2\xc1\x0c\xe9\x90\xb8\x91\x07\x12x\x14M\
\xd9p8\xb5\xbdZ\x06>\x89~N\x09\x1c\x85sE\
#\x8fo\xbf\xb8\xd3\x9b\xdb\xf9p\x1f\xe3\xee!nD\
\x90\x86\x11a#\xe0\x8e6B\x1e$n\x14D\x8e\xc3\
\x99\xa2\x00)\xa7\xc0o\xc7OJ\x22\x17\x03\xf0%\xca\
\xa1.\xc8{\xb1\xd6\x0f\x19\xb0\xf7\xeb\x8d)\xfalN\
^$\x17\xf7k\xc9\xdb\xb4\xe4\xfdx\x06\x93\xc1j0\
\xb8=\xa0\x97\x04\xf4\xb2\xd4\xdd#&\xdc \xf2J\x98\
\x1f\x8f\x9c\xf5~\xf7\xd9\x9a\x02V\x81D\xc3\x82\xcd\x06\
\x81W\xc2\xb194\x98\x0f\x05\xf9\xa2\xb8`\xbfX\x1a\
YL\xd4\x0f\xfb\xb1h\x09\xe9\xe2yfyt\xf5\xc7\
\xf2\x86\x0b\x7f\xd7.]\xb0\x1d\x83&\x9a\xfe\xee\x9fm\
\x98\xa3\xccQ\xf5Z\x96_4\x18\xdc \xdc5\xfeS\
\x83\xb4\xc2JI\x82\xc5\x12n8z\xf4\x8d\x97o\x9e\
4)=m\xc9\xf41\xcf\x15\xdd\xf1\xea\xd4\x96\x0f\x87\
O\x9a\x90\x1c/\x8b\xa2\xa6\xe1U\x1bJ\x17\x17L\xec\
}\xc7M\x13+\x87\x0e>\x94~\xf3k\x9bG-+\
(H\xee\x1d\xe4\x1a\xd0K\xcf\xff\xb4\x8d\xd2\xdd\xc2\xe3\
\xe0CF\xa1&wj\xa0\x89\x18v\x04\xb9B\xc8\x8e\
Q\xd6^i\xd6]);\xfa\xbav\xc5\xec\xe8;x\
tZ\xaf\xf0`\xd4\xcd!\x06\x9a\xba\x05\xf7\x08\xef\x96\
\xed\xe8\xd1\xbd[v\xe2-\xa3mg\xce\x83\xca\x81+\
\x1d\xf0&\xb3;\xca\xe4\x13\x87i\xd3W'\xde\xb4\xbd\
q!\x15\xc2\x0e\x90\x96\x82\xf4\x82\x04\xabE\xb02\x8e\
\x9f/\x93z\x11\x8d\xbe\xf6\x0a\x88v4|\xdc\xba7\
4Xs\x22r\x92s\x06\xe5\xf0\xe0\xe4;\xf9\x1bL\
-6\xce\xbb\x08\xec\x9d\xa6\x97d\xe2\xe3b(o\xf4\
e\x91?OW\x8f\x01\x22uV\xf1\xfa\x12\xa9\x0f8\
1>\x00<\x98\x0d\x96oW\x1e\x9c7\xf7\x81\x95s\
f7r\x91\x03\x1e\x99\xba\xeb\x0f\x7f|j\xea\xc6\xfe\
\x8d\x0fm\x1d\xe4.\xd7N\xee\x99\xfbq\xe1\xa3\xcf\xd6\
\xcc\xa8\xc0\xceG\x17}[>i\xbev\xea\xe1\x03Z\
\xcb\xc2\x85\xf5\xf7\xfdj\x11\xce{\xf1\x04\xbek\xee\xc8\
1\xdak\xda\xe7\x5cP\xe3\x13[\x1e\x5c\xb1u\x8b6\
|t\xf6\xb7o\xbdue\xe4\xa8%m\xaa\xff\x87\xcf\
\xdeu(w\xc9\xf2\x0cw\x99\xf6\xebW7k\xff;\
\xad|\xc6\xf8[=ES\x97\xcc\x9f\x8f\xb3_\xdc\x8f\
G\xcc_\xd0\xb0\xbby\xcags\xb5o\xb5\xdf\x89\x94\
\xff6\xfa\x8e\x89\xe5(\x0az\xcd\x9d\x81\xec\xb0@\x00\
\xd3\xa3\xb9(\xb6+DAv\x0er\x16E\x82\x04U\
\xa4\x8d\x06;Qd\xfa\x00\xb2\x18\xa9\x89\xe60\x02\xad\
\x1a\xb2\xa2\xa1AP S>\xac\xd7\x0c\xcf\x9e8\xef\
\xe8\x5cXh?\xc9_\xf9\xc2\x91\xae\xf7{U\x13-\
\x18dZ\xb1\x95\xb3JV\xd9\x8a&\xa0\x99\xa8\x0a\xad\
@\x06\x09\xcb\x9cH\x0c\xbc?\x0e\xe2\x0a\xf0\x04.\xd7\
4\x15\x97s\xf7\xe0\x99\xdc<R\xcd\xcf\x92\xee\x91\x1b\
\xf0}\xdcB\xd3\xc3\xdcz\xb2\x96\x0f\xd0\x93\x1c\xba\xca\
 \x91$\x9a;\xa4]\xe0b\xb5\xb9\x9fr\xe9\xbf\xbf\
\xaf\xed\xce\xfbN\x0a\x96\xb6 \xb2\xfbJ\x0f\xbc@[\
\xc4\xe2\xd7\xdb\x10K\xcf\x03\xed2\xac\x22U\x88_\xd1\
A\xa8I149\x16\xe1&\xe5\xe9\x08\xbbQ\xe6\xfc\
\x82\x22\x04d\x09\xf5\x17\x82B\x93\x0c(\xd4\xc1GR\
'DM\x88\xe6\x9b,\xe9f\x15\xac\xf4\x94\xbd\xd6(\
\xa0\x02\xd6r\xba\xaa\xb4_\xc4Fv\x0e`\x91x5\
\x1e\xf2\xc4\xa3\x8f>\xa1\x1d\xc2=\xd6\xacZ\xb5F3\
r\xfc\xb9+\x0b\xe75m\xd5.^m\xfb\x9c{\xbb\
\xed\x83\x86\xe5+\x96re\xda@O\xf5\xddU\xdb^\
yv\xd9\xe3N\xf5\xe8\xc3o\xfd\x09\x14\xb4\xe6\xda'\
B<\xf8\x80 \xd4\xc7\x1dl~\xcc\xb2[i\xb2\xe3\
\xc7\xd0n\x1e\xcc\xdf\xbe\x22X\x0a2\xa3\x14\xa7-\x98\
\xa2\xe8\x0dGzu-e\x9f5$\x22\x84\x03\xf4h\
\x8e\xe2\xcdK\xfa\xf4uY\xdao\xfc\x85\xf8\xb2s\x8b\
\xaf!\xed\x22\xb6a\xb4\xf8\x5c\xd9\xb4\xaf\xee\xd5\x9e\xd6\
\xe6\xe0z<\xb6\xfe+a\xca\xc9;\xef\xd0\x8eh\x7f\
\xd4NiG\xee\xb8\xf3\xf8\xf0\xe1x3\x06I\xe0\xcd\
\xc3\x98\x0d\x03\x1f\x85=^>&\xb9]\xa8\xc9\x00\x1c\
\xb4\xc9\x9cMAB\x909\x15\x85\x1ax\x07[\xc5\x81\
\x1d\xeaL\x83X\xb3\xb7\xd0\x8f1\xcc\x1b\xfbb#\xd9\
9\x01\xe3\xd5\x97\xc0\x0bFh\x1fiG\xb5L\x98g\
/^\xab\x95k\xb9Z\x91\x90|u\x16\x0e\xc4I8\
\x11\x07l\xd3\xd6i\x0b\xb5_ik\x99O\xa6r\x5c\
\x0e\xf3\x1b\xe9\xecb\x13\xcf5\xa1Er\x13\xff\xb4\x22\
`\x83\x04\xf9)o\xa2,9q\xf8p\xbb\xbcR\xf6\
F\x98av\x96{z\x8f\xb7\xc9\x9e\xb6`\xeeH[\
:w\xb9u M-\x87\xeel\xfbdg;\xfch\
\x80o@\x09n\x87\x17>\xff4\x04\x0e\x06\x5c\xd1\x81\
\xebdQ\xd0Vcg\xd0\xd1o\x93ImU\x5cn\
\xdb\x9ew(\xd4\xe1;\xdb\xfa\x22\xaf,i\xee\x14\x86\
\xd2\xdd*\x12Bp\x13\x09i\x92\x1d\x8f\xd9w\xbb\x9a\
,\xab\xe4\x15\xe1\x1c\x0a\xb5\xf7\xe2\xd3\x02\x83\x8c6H\
\xae\xcf\xb7\x9em=\xdc.S\xed\x04si\xb1\xacf\
\x00\xae\xc6+E>\xa0\xb3|\xf9\xd7\xb5\xfd\x9c\xa3N\
\xfb\xacY{\x5c\xab\xc3\xcb\xf1\x1d\x0fa\xc9S\xd5\xba\
\x5c\xbb\xa0}\x85\xfd\xb0\xe3\xae\xed'\xf1\xaamm\x0b\
\xc6\x8e\xc3\xeb\xf1\x0c\x5c\x89\xd7\x0f\x1f\xfa\x87;\x0b\xb5\
\xdfh\xefi\xbf\xd7~\x13\xeb\xa3]\xe8\xcfx\x9b\xe8\
v\xcaM\xdc\xd3<Z\xa4\x88@\xb8p\xb3\x01\xfbX\
\xdb\xca2\x88\x01g\xe1\x22eo.\xe3,,\x81\xed\
i\xfa\xcb\x89\xb7\xdf\xe1\xfe\xe7\x9dw\xda\xa2\x80\xfe\xb6\
\x8d\x5c\xc9\x95\x1e\x94\xcb^\xd8x5\xab#$=\x8f\
\x9e\xe1(8V\xdc\xb2\xb1\xb7,l\xa5\xcdj\x0f\xd8\
mN\x11\xf4\xc2V\xa3\xb0Y\x10)t\x80\x0a\xf0\xae\
@&\x8a\xaf\xad\xd5\xca\x18\x1c#\xcat\xfb\x199$\
5\x09{\xd0\x22\x93 \x8b\xe9^\x14\xbb\xc0<\xcbb\
\x04$*\x94\x87\x14\xb6\xd9m\xce5\x17\x9a\x1b\xcd\x9b\
\xcd\x0c\xb6M\xf4\xae\x09\xdf~\xe7\xd8'\xa3\x07\xd5W\
\xc2D\xab\xb5\xbf^\xda\xb9\xf6\xb5v\x9eLc\xf5\x82\
\xaf\xdd\xddd;d,\x92]\x84\x90o\xf7y\xceL\
\x19\x92\x0f\x82\x9e1\x88\x90\x5c\x882E\xc2\xa8k\x09\
[\xce\x0d\xa0\xb5\xa6\x8e\x97\x02>gHS\x98\xbd2\
\xa1\xce\xf0!'\x87y\xce \xfbs\xdd\x84nr_\
\xae\x8f\xd0K\x1e\xc6\x0d\x15\x06\xcb\xe3\xb8\xa9\xdcLn\
\x96\xb0\x84\xbbOh\x94\xd7p\x8f\xc8\xe78\x17\xf8H\
\xc1 \x86\x90 I\x00\xcf,\x05\x92nB\x0f\xb1\xbb\
\xd4\x87\xef#\xf4\x11{K)\xa6\x0c\xe2\xe6\xb3\x04\xb7\
\xe8\x96\xdc\xa6)\xa4\x10V\x10S\xa5YB\x95i9\
Y.<(6J\x8d\xa6\x0d\xe4Q\xf1Qi?\xf9\
\xb5\xf4\x06yC\xfa\x03y_\xfa\x9c|\xc1\x7f.\xfc\
\xaf\xf8\x0d\xb9,|+&N\xbe\x1bM\xbe\x1b\x98\x83\
#\xa9\x8feR\xdd\x84\xf9\xb6\x10\x12\xac\xfd\xbd-\x8d\
\xcav\x197\xabmx\xeb'\xdco\xdbnB\xedv\
C\xf9$@\xd6hbF\x83CI?\xc4\xd3\x9a\x95\
\xfe\xbe$\xc5mH\x91r\xa5\x85d!\xcf\xebJ\x03\
\x86\xf8\x0e\xf7\x87\xd6;\x81\xe5'w\xea0\xc4\x08\x80\
aB/\xbb{\x11\xbb$K\x9c\x1ds2=\x11\xce\
\xa0\x18 H)\x86LE\xe2\x88\x0c\x0c\x97\x8d\x10\x8d\
 \x14\x09\x8a\x18\xca\x0fT\x80\xeffj;\xd4[S\
\xbe\xd3\xf5t\xa7jw{\xf2HWF{\xab,\x94\
\xf3\x05\x84\x86 \x03\xa7\xb88\xa7\xe4\xa7\xc4qq\x92\
*\xc5)\xaa\xd2K\xea\xadTp\xf3\xb8\xb9\xd2le\
!\xb7XZ\xac\xac\xe4\xfcyl$~8\x84D\xe3\
D\x12/w3\xf4\xc2\x03H\x81<\xd1P*O3\
\xcc\x94g\x83\x1f|\x804\xe1G\x88\x93\xad\xa5\x80q\
\xb4\x1e\x1bM\xb9\x87{\xe2\xf9x\x01\xee\xf9\x86\xb6\xe0\
\xa8\xb6\xe0\xb0p\xb2U&\x97\xaf\xf4\x10\x22Z\x11\x8f\
\xae|\xd4\xaegi\xcc\xef\xccv\x87KvZg\xb3\
C\x9e\x91\x09\xc4\x02\xa9\x82\x88%.\x94\xef#y}\
P\xab^JMfo&;\xb4\x8biU\x04uI\
\xee\x94>\xdc\xcd\xd2pn\x98T\xc1\x95I\x0b9I\
\xc4\x06\xd1\x85\x83\xc5\xa18[\x1c\x8f'\x88\xa5\xb8B\
\x9c-.\xc5\xf7\x8bMx\x83\xb8\xd9hcX\x83\x8b\
\xb63\x81c\x1b\xb7\xf6\xb0v\xb1m\x1a`{5\x82\
\xff\xe8J\x0f\xfe\xa3\xab\x11\xe0\xff\xa9/;\xd5\xa9\x86\
\xd7\xe4@Mz\x0d/\xc8\x9aF\x82\x5c\xb6@\x86^\
\xa7\x1a\x1euQi\xacz\x17\xaf\xbb+\xf6\x9b\xc4\x9f\
\xd1\xda09s\x06c\xed\xda\x19\xdc\x0f\xdf\xa3\xdd\xa7\
\xbd\xa9\xbdAk\xac\xc2(\xadE\xfbT\xfbLk\xc1\
\xc3q0\x0e\xc1\xc3\xb7h\xb7i\x9b\xe8j\x07o\x81\
\xf51\xac\x90}\xb1\x88\x7f\x80\xc5\x22?\xd4\xcf\x1d\x08\
q\x88\x86#\x87M\x919\x9eF\xa3Av\x1a\x8e\x9c\
\xba\xd7\xd2\xd5\x82U\xf1\xdcF\xab+\xc25\xc8u\xa7\
\xeb\x19\x97\xc0\xe2R{\xfc\xe6!r\xf7\x00\x06\xe0\xd5\
\xda\x03\x1b6<\xa0\xdd\x8c\xdf\xbaJ1\xbc\xaa\xbd#\
$\xb7\xfd\xf6\xa1\x86\xfa\x87\xb6}r\xfa\x83\x8f\xdb\xb6\
S^h\x97\xbd\xbc\x08Cy\xee\xeev\x1bg\xc5&\
\xb3\xc9\x82\xcdfS\xa65\xdc\xc4\x98\x13\x08\xcc1\x87\
\x9bC\xac\x90\xed\x06\x850\x16\x85\xfb$H=\x84\xed\
0cTz\xa7\x04\x0a\x0eV\xc9\xeb\xc4:?\xfd\xd5\
D\x07\x03\xb9.\x0c\x1c\x84\x95K\x1fDF\xdbt\xfe\
\xe1\xfe\x94\x9f\xef}\x97\x8dW~\xab}\xf05\xacY\
\xb6\xe2\x22\xcaD\xc6\xd4V\xedA_\x5c\xcf\x07^\xfa\
\xa1P\xf4\xac\xbb7\xe4yD\x11\xedt\xc1c\x87\x05\
O\xa6\xc8#\x17\xe1]M\x06g\x93y\x91\x91\x17D\
b\x87\x1c\xc9\xdf\x22(AA\xbc}\x90S\x095\xf1\
a\x8c\xd1\x87)\xa7\xedz\xec\x1f@\xd9\xedHw\x5c\
G\x9c\xfe\xee\xc8\x1d\xceR\xc19~X@\x02\x16 \
\xf9\x93x\x17ra'\xe7O\x02\xf8X\x14\x8bc\xb9\
8\x12/\xc6Iqr\x9cA\x0d\xef\x83\xfbpC\xf1\
P\xae\x5c\xa8\xe3\xeb\x84Y~\xf7\x89\xf7I\x0f\x8b\x0f\
K\x11\x93Y\xa9/\xc0\x8f\xbe]\xed\xc1^\x92\xab4\
\x0dk\x17+y c\xee\xc0c\xa7^\x1e\xb1\xfc\x9e\
3\xef\xe0\xb70j]\xd2\xb6L{\xa8\xa9\xe9!\xee\
\x90\xff\xca_i\xe5x\xc1\xda)m\xcb\x84\x93\xef\xff\
\xf1\x81\x83\xdc\x98\xb6\x0b\x0dK\x96,\xa56I\xeb\xd5\
\x8f\x83|\xe3\xd1\xaf\xdc\x03\xcc&\xceb\xe4\xc2#\xc2\
e\x03')\x5cDDx\xa6b\x0c\x8f\xe0]\x18\xb9\
\x1es\xae\x09l\xb2\xf3MhM,$g\xdd\xc2\x15\
cD\x88\x84\xa2B\x82,=\xa5 gT7\xdb\x99\
\xc3 \xf0\xb3t\xc5\xa2\xc7\xa3K\xde\x17\x9fo\xb6\xbb\
\xa8\xce\xef\xd9\xe8\x8b5H\x8e&\xef\x8fHHN\x18\
\x93@\xf4\x5c\x8e\x15\x0a\x22nP\xd4L\xc6\xbe\xea\x09\
?\xbc\xe6\xdd;\xb7>7k\xdb\x9c\x8f\xff\xa0}\xa0\
\x9d\x9b\xf6\xf5\xc2\xb9\xe7\xab\x9f>\xd4\xb0a\xee\xc7\xef\
\xe0\x80\xbfU\xfcI\xd8\xf2F\xdf>\x0bg\x16\x97F\
\x04\xf58\xb5\xff\xd4\x9fS\x92\x7f\x975\xf4\xbe_U\
\xce\x8b\x08\xec\xf9\xcaSo\x9e\x8d\xa31\xf6\x0a\xd8\x15\
\xdd\xb7 \xa1\x11n\x8b\xa8;s7\xa4?nA\xb6\
\x9d8\xdbz\x96\xd9Qj\x0a\x1e\xb9G\xa1\xf5%\x99\
\xd5\x97d$\xfb\xeaK~\xc8\x10\x81l\xe0B\x22$\
\x9b\xc1m\xa82l6\x18&\x13\xef\x9b\x0f\x91\xff\xba\
\xed\xc2\xd1\xb6\x0b\x90 ]9I\xabK\x18\xed\x05\x9f\
\x92\x00\xf3\xd9\x91\xdb\xed/sv#\x12\x9a,+\x0c\
h\x91C\x0eUn\x86\x88\x9a\xe1\xe8\x08\xeb\xec\x15\x98\
\xee`R\xbdY&,d#\xfc\x1a\xfd6\xfb\x11\x1a\
V\xf4%\x1c82\xddR\xf6\x1e\xdd\xfd\xfak\xbb\x8f\
j\x1f\x82!|\xaa}\x08\xce\xb7\xee\xe2\xf1\xe3\x17\xc9\
\xf2\xd6\xdb\xb53\xda\xfb\xb8;\x8e\xa18\xf8\xd6F\x22\
z\xde\x1d\xcf\xd38O\xec\x1c\xd1#=\xa1\xfb\xe4\xec\
\x18\xa3L\xc2\xe3g\x10]\x00!\x012B\xdf\xfa\x07\
\x9c\xf0\xf7\xc4\x99\x5c\x99\xea\xf8\x14D\xba\x93a\xfc0\
a\x12\x99O\x96\x10ID\x12'\xf3\xd4\x1f;\xb9`\
>X\xe8\x8e\xe2p\x1c\x97\xc0'\x08\xb1\xa2*\xdf\x8c\
\xd2p\x1a7\x80\x1f \xf4\x15\x87\xa3,\x9c\xc5e\xf3\
\xd9\xc20q\x22*\x10\xcb\xb8\x0a\xbeB\x98\x83f\xc2\
\xb2h6?[\xa8\x13\x17\xca\x0f\xa3ub\x02\xd8\x00\
,\x86\x0c\xb0\x1e\xe2F\xb4\xbdy\x1c\x9f\xc2\x7f\xfa}\
\xdb\x11\xf0\xdd\x01\xfc\x17\x908a4\x04!i\x1b\x8d\
\xadx\xae;[\x08\x16\x05\x88\xa7|\xb0b \xc1\x8a\
Q\xe1\x821\xddM!\xd2\x90\x0b\xf6.xC\xae\x09\
z\xdb\x112e*\x90\xe2\x88\x10\x87\x8c\xb2\xc9\xa8\x18\
d}\xdf\x88QBf\xdb\x09\xef\xae\x91\xf3\xa9\xa97\
\x0e\xb6\xed\xe7\xf6% b\xb1\xf7\xaf\x22'\x0a\x9c\x02\
y\x95\xe2P\xba\x091\x10u\x07r\x03\x85^J\x8a\
2\x8a\x1b-d*ne\x227\x8d\xbbK\x98\xaa\x14\
*s\xb9\x05\xdc<a\x81\xb0PY\xcb5\x09a\x12\
2p\x90\x01\xf0\xa2@7.b\x89\x07\xdd\x93\x0c\xc8\
\xc0+\x8a\x09Y\x82\x89\x8bw\xc9A&\x9bE\xe5#\
\x05UT%U\x8e6\xc4(\xb1F\xd5\xa2Z\x06p\
\xfdHo>MH\x91\xfb\x18\xd2\x8d\x83L)\x96\xa1\
h(\x1e\xc1\xb1\x9cI\xc8\x84\x80\x9b)\xbbe\xb7a\
\x882\xda\xe4\xb6\xb8-\x138\x88\xf1\xa6\x5cK\x197\
\x95\x14\xf1S\x84B\xb1P*\x94K\x0c%J\x89q\
\x16\xc8a.w\x0f\x99\xc5\xd7\x0a\xb3\xc5\xd9\xd2,\xb9\
J\xbe\xc7\xb4\xc0\xb4\xc0R\xcf5\x90\xfb\xf8e\xc2R\
\xc3\xfd\xc6F\xcb:~\xb3\xe5\x19\xcbm4\xc2R\x11\
Q)E\x1bp\xf4\x90w\xc1M\xa7\x7fB\x7f\x1d\xd3\
\x96i\xe0\xbb_\xd3@b\x0e\xfe\x02= ?\xb0]\
\xb9\xa8\xbf\xffl\xcf\xcb\xcb\xdc\xa2\x99\x17\x91b\x02\xd5\
;\x03k\x9c}\x0b\xd1\x02\x85\x9b\x0c\x96\xc92P*\
\x87\x94\x91{2s'\xb8\x9d,M5\xd8A\xba,\
W\x05A\x82YI\xb6\xf3\xed\xff\xdcNx$!\xd9\
\xc0KH0\xf0\x22\xe6\x14\x22b+\xfcL\xf4\xa2I\
\x91\xc4\x8bN\xe1\x1a\x5cwJS9tJ\xbb]\x9b\
\xf8'\xce\xe5\xddz\x94\xd6z\x99\x9b\xdb\xb6\x94\x84Q\
\x9f\xd1\x0a>\xe3\x1c\x8b\xc5k\xdc\xdd\xbc\xd91\xe6\x04\
z\x22\x1c\xc8\x87*\x92\x9cI\x93\x19\x91\x93x\xb7\x00\
\xdeD20o\xe2\xf8a\x13B\x0aU\x97\x01\x02\xe7\
\xe4zs)\x5c\x0aHn(\xe7\xe6\xdc\x82[\xbe\x95\
\xbbU\xb8U.\xe5\xee\xe5Vs6\x7f\x1cL\x22\x94\
8\x9c@\xfa\xe2\x9b\x89[\x815+\xb9\x87T)\x9b\
\x15\xfaB\x840\xae\x83\xff\xe1O\xe1M\xf8\x91Sm\
\x17\x8f\x02\x15\x1b\xb8\xb2\xd6\xbf\xc2*\xf0\x88\x9e\xc3\xde\
\x0e|\x8e`9\xd8Jw\x08\xcb?eZt\xcf\x94\
\xc1\x03\x92&\x01T\x0eg\xf2HTh\x95\x8d\xd6\x97\
\x14\xf6\xfaC\xd4_\xcd\x9d\xb5\xb7/w\xbbV\xe1\xdd\
n\xd0s)PJ\x80\xf4RO\xc9\x86\xcb\x06\x81\x18\
ed\xf4'\xc1\xb2\xcd\x98l\xecM\xd2\xe5A\xc6a\
d\x84<\xc68\x8eL\x94\xcbH\x85\xec1\xce\x22\xf7\
\xc8\x0b\x8c\x9b\x8d\xfe\xde\xe2<}A\x87#k\xf8\xa6\
\xd6\x5cr\xe4\xea-dO\xebT\xe1\xe4\x86\xab\x9e\x9d\
\x1b\xf8U\xed\xef\xfb'\x88N\xf0\xdb\xfd\xddV~\x87\
\xb8\x97\xdb\x81\x9e\x85\xa5+\x19\x8c\xe4\xf6\xca [\x17\
u\xdeT\xc0<j\xeb\xbb\xa9\xec\xbd\xf2%V\x10\xa5\
\xf5\xdc\xc8=x\xfb\xc5\x8b\x1a\xc0k\xfc\xb6\xb5\x91\xc1\
\xef\xf2.\x18|\x06\xb4\x04\x13\xe0\x0f\xfe\x07\xef\x82!\
y\xc1;\xd9\xcb`\xfa.X\x5cMa\x1da{\x05\
(\xae)n\x1b\xd9\x81\xf7\x0a\x14W4\x98\x17\xbd[\
\xe3\xac\xfa\x16,\xba\xeb\x81\xed\xbeb[\xe3\x18\x82\x18\
\x96\xc2\xb0(\xec\xcdy\xb4\x09_\x7f-:/\xffO\
\xa3\xc87\xd2z-\xd9.\x9cf><\xd0\xad\x80\xab\
F\x8b$\x82A\xe7\xcf\xbc\xcb\xb0z\x17t\xcc\xab\xd4\
\xe4\x10\x17\xf1\xb66\x5c\x1b\xfe6\x07\x02o;\x8e\x97\
ku\x5cO\xaa\xc7\xe7\xb50\xde\xa9\xedb{\x0b\xd1\
\x0e\xf0\xfb\xbc\x8d\xd6\x12\xe8\xc6D`?\xef\xbc\xfaG\
mWc\xa3\xae/;\xf9\x8b\xdc2\xb1\x0c\xfa\xde\xe4\
6\xe0}\xe89\x9e\x0c\xc1\xbc\xed\x8cw\x87\x86\xb7\x0a\
iaeG\x9e\x95\x1dy\xf8\xe8eG\x8a\x05\xf6\xe0\
\xe0\xf5\xdaA\xb1L\xbb\x1f\xcf\x042\xd9\x9eJ~.\
\xf8\xc4Xt\xc8\x1d\x1f\x14a\x0c0X\xd0\x8e\x00\xf1\
\x80\xc5\xae\xd6G\x1c\x0c=\x10\xddb_\x11`B\x01\
$\xd0l\x90\x8d\x11Dvf\xc5\x01S\xde=\x01\xfe\
W\xd7?\xc8&[/\xd1\x9d@\xb4\xeek\xa7\x89\x97\
\xbb2%,%<%\x22EM\x89L\x89\x1a\x14\xef\
\x0es\x87\xbb#\xdc\xaa;\xd2\x1d\x95\x1b\x96\x1b\x9e\x1b\
\x91\xab\xe6F\xe6F\xe5\xc6W\xc5/\x0dk\x08o\x88\
hP\x1b\x22\x97F\xad\x8co\x8e\xbf\x18\x1f\xee\x1b\xea\
\x1b\xe4\x1bP\x18^\x18Q\xa8\x16FV\x85WET\
\xa9U\x91\x0b\xc3\x17F,T\x17F\x06v~Wv\
\x0b\xee\x0b\x82j/\xa4Fv)-s/}\xb8k\
\x91g\xfd\x81\x96\x96A\x87\xee\xdbu\xb4\xed*\xe6\x9e\
\x5cW\xb8?\xbf\xf4\xa5I\xffw\x91K+\x9b;\xa5\
\xe6\xd4\xbe\x84Qm\x8bv\x96\x15\xbd\xfa\xf8\x8b\xaf8\
\x16,OJ\xda\x19\x1f\xdfJ\xf3\xd5\x83\xc0\xab-\xa0\
?F\xc8Wov\x07\x91\x03&\xab\xe1@\xa0k\x85\
\xb5%d]\x10r8\x86\x05\x9aD9x(\xcbI\
S/\xb1\xda\xc2Y\xfa&\xea\xcd\x0b)\xfb\x0b\xc3\x17\
\x867\x87\x13\xc0\xd3\xf7\xfe\x05P\xc5\xece\x1e$\xd6\
\x80k<\xb5\x00\xf2\xe9\x93\x0f=\xf4$=\xda\x1e\xec\
\xf7\xec\xdcw\xd1\xb5k\xef\xce}\xb6\xdf\x81\x03\x5c\xf2\
\xd1s\xe7\x8e\xc2\xc1\xe5\x95\x14i\x87\xb4\xcb\xf09T\
T\xb2\x1d\xb0\xc1t_\x1d9\x072\x0cB\x83\xdc!\
\xa8\x1e\xdf\xc7[\xea\xcd\xf7)\x07\xec\xfc\x81\x80\x16Z\
\xb8s\x98\xd1pgV\xb0\xad\xf5\xac\xafpg\xa3%\
\xf9\xbf]\xa0\xcb\x92\x10[\xc8\xc2\x90\x95!\xcd!\x02\
\xee\x94\xf4\xa5y\x0bxQ\xde\x02\x1e9\x97\xf3h\xee\
so\xbe\xf9\x5c\xee\xa39\xa3\xb7Nn\x83,\xa6'\
\x16\xc7=\xce\xf7\xde\xd5\xa3\xc7'\xc7\x8e}\xd2\xa3\xc7\
\xce\x98\x18 \xc8\x82\x1d\xb8_4[+\xd1\xfd\xbd\x93\
\x00C\x9b\xce\xaf\xe0\x03\xc8\xe2< \xc8+,-x\
\x1d\xa4\xdbH\xe6\x86\xd9\x1d\xc6\xac0fb\xa9\xa9\xed\
\xfc:\xdc\x85_\xb4\xcc\xc3\xc4\xc9\xb1\x95\x89\x7f\xe7z\
9y\xbc\xa5\xa5\xdf\xb3\xf3\x8e^C\xd7\x8e\xce{\xb6\
\xed\x08pn\xfbv\xe0\x1e\xd9\xcf\xdd\xf1\xed\xf9\xed%\
Ex\x08\x96\xe13\xa4Hsy\x19\xe8\xc5k\x01\xf0\
\xcb\x89BP\x95;\x06\xf2\x7fC\xbd|\x9f\xe0\xda\x81\
\x85\x03&\xfcB\xe0\x01G\x8biEh\x88\x8b\x93]\
2\x1a\xc99\xacY\xa1\x0c\xc5\xc3\xdeM\x84\x97\xce\xeb\
/o/\xe9\xef\xe1\x12\x06\x85U\x855\x87\xfd.\xec\
b\x980\x08\x0d\xc2\x83\xb8A\xaeA!B\xa2\x94,\
'\x1b\x12\x15\x0f\xf2`\x0f\xe7qyB\x0c\x93\xef\xa6\
,\x8edItGy\x14T@bl\x97\xf8\x05\xad\
{M\xc7\x9e\x9fvdJ\xf1\xef\xee\xd2.iGp\
B\xeb\xc7Xj\xe1\xb6\xde\xb7\xe1\x80\x85\xbbc\xd2K\
Gz\xf5\xda\xdd=\x11\xdf\x8c\x15\xec\x87\x07k\x1f\x1c\
^\xb7o\xf7&\xea\x17\x92\x81\xe1\x97\x81\xd7~h\xa2\
;T\xb0a\x93\xbcC\xc4\x0dh\x9dE<\xa4p~\
\x12\x92\x0c\x82l\xb6\x1aG9\xa9\x9fS\xa8S6\xea\
N\xd9\xc2\xae\xd9\x96\xe3\xc3\xad\x03\x0e\x1fv\xe8\xdb\x8e\
S\xe9{\xb6T\x07Kt\xdd\xae\x5cW\xb3\x8b.\x09\
\x00\xc90\xac'\xd5\xd1\xbd\xd3\xa8yq\x97\xf7\x14\x8f\
\xc6\xc9\xda{\x07\xf6\xec\xd9\xfd\xa2\xe8\x5c\x9f[^\xdc\
\xd8\x9aL\xdek\xccy\xe1)\xcak\xad\x80\x9f\x04\xbc\
6\xa2n\x90\xd9G\x07\x99\xc2\x0c\x8ez?\xff\x03V\
r .\xba%\xfe\x90\xe1\x80\xf5\xc5\xe0\xb0\xb8 $\
\x9b\x86\x89\x0e\x87\x9a\x95\xc0\xde\xdf\xea\xeap\xf8\xac\xae\
\x10\xdaI\xf6\xe6\x05\xb4\xa2\xfb\xc2\xee\xcd\xdd\xaf\xb3\xa2\
\x00\x1b\xd7\xb16\xb9\x05{U\xc5\xa1\xbfB!\x8fo\
mZ\xb3u\xeb\x9a\xa6\xad-\x9av\xa5h\xd7\xad\xb7\
n\xca\xfb\xf5\xbe\xf4\xbd\xf3~\xd3\xda\xfa\x9by{\xd3\
[\xb8[\xde:s\xe6\xad#g\xce|\xa9}\xac}\
\x11\x16\xfe\x5cb\xf7\x17_\xbe\xadx\x0a\xa4H\xf4m\
w\xbf)\xc5;)\x7f\xf5=\xe9\x94\xbf\xbd\xc0\xf2\x0d\
\x88X\xb0\xd8`\xb1\xb7\x98\xd6)\x18r\x8d\x1c\xea\x1b\
\x87\xb2e?3\xfc\x01\xf4\x154\xdd\xff\x95\xb2\xb7\xd0\
\xc5\xea\xd0\xd1v\x1de;\xdd\xc0\xcd|\x11_\xd22\
o^\xd3\xae\x03\x072\x9f\xab{\xf5MnK\xdb\xed\
\xdc\xa6\xcd\x9b^\xda\xd2\xd6 :\xdb6\x95\x96|M\
m\xe8U\x98|6\xccK\xdf)\xf6\x80\x95\xd1K\xfc\
\xb3\xe8\x10'`\x99GC\xdb\xdf\xad\x9em\xa5\x05\x06\
[\xfb\xdem\x81\xd5\xba\xd8\xab\xd6W[\xe0\x87/\xbc\
\xda,:\xbf\x00x\xd7Nk\x05\x0c\x9e\x11Y\xd1\x10\
w\xa8\x91\x93\x90\xe5%\x93\xd4 \xbc\x88\x0e\x99\x9e\xb5\
\xc96A\x1cc\xc6\xb2\x09\x0d\xb51\xe8g\xd3\x1d\x1d\
\xef\xd0\x99\x10`\x22\xbb\xdb\x9ek/\xb4W\xd9\xf5\x89\
\x9c\xbez\xa6>\xe1\x13\xbf\x1ezS\xc5(6\xeb\x8a\
\xf7_\xd9X\xb4^\xec\xf6\x05\xf2\xf1p#\xcc\xad@\
\xa4I\xf8\xfe\xba\xe6!\xb4\xceW\xd8\x94\xd1\xd0\xae\x85\
\xcd\xb3\xdf[\xd8\xb4\xb1\xb7<w\xf2\x9c\x22\xfbs\xf1\
\x5c\x82\xd0C.\xe0 \x83\x96k\xb8Y\xc2bn\x99\
\xf0\xa0\xbc\x9a[+\xac\x93\x9f\xe0\x1c\xb4\x9a\xc9\x19\x89\
\x22u#\xf1<\xade\xf6\x90\xdc\xa6rRhZF\
\x96B\x06\xfd\x80\xd8(m \xeb\xa4\x9d\xe4Ia\xbf\
\xf4\x86\xf4\xbe\xf4\x0d\xb9H\xbe\xe1/\xf2\xc1\xb4JI\
\x8b\x944S\x05\x99\x1e<\xc0\xc5~\xd9\xb6\x9b\xbb\xeb\
b\xdb\x91\x03\xa2\xb3\xb5\x02\x7f\xd2v\xa9m\x17\x17\xdd\
\xf6\x01\xd0\xdb!\xbb\xa8\xe7\xd1:\x8eR\xd3\xbe\xdf\xcd\
m\xb6\x09\xbe\xbd\x94\x17\x05Q\x17\x18\x08Kt~{\
\xde\xcb+)\x0c\xec&\x0aMr\xc7\x89\x0eC\xa0\x15\
\x89a\x92\xcb\xd4\x10\xa6\x92\x96\x90CA6\x09\xd9\xad\
\xb2,\xe6\xdaeknh \x84\x9dhV\x0aim\
=\xaf\xbfu\x1d0\xe0\xec%V\x90\xa4J\xe8\xf6K\
\x89\xc9\x8d\xa9\x8aY\x19\xd3\x0c\x9f\x97c>\x8c\xb9\x16\
c\x00\xad\xd4_\xb7v\xd6\xcd\x0e%u\xe9J\x9a\x90\
\xf5\xca\xe2g^:P]\xd7\xb8\xed@\xf5\xac\x07\xb6\
\x1d80h\xcf\xec9O\x91e\xf3f\xfe\xedc\xaa\
\xb2\x8fm\xa4*\xcbmz\xfc\x91\x97\x9fhk\xe0\x0b\
wO\x9d2\x0f\xb5\xcb\xbb\x04h\xf0C}\xba\xda\xcc\
\xa1\x1b\xdb\xccY\x9f\xcd\xec+t\xfd\xd6\xc5]o5\
\xae\x7f`5055\x1a\xdd\xbf\xd71\x9f\x13\x00>\
\xc7O<\xe0@\x07L-\xb4^\xe8\xb0\xdeJ\x1c\xae\
\xac\xeb\xf6\xfc\xb9\xa3\x07\x05\xcdEs\xc5\x05\xd2\x02y\
\x81a\x81\xb2\xc08\xd7\xb4\xc0\xbc\xc0\xb2\xc0\xba\xc0\xb6\
\xc0>\xd7\xd1\x1ct1\xc8\xdeu7N\x97\xad\x815\
kv=\xd5\xb4z\xd7\xae\xd5\x17\xb1C\xbbp\xf1/\
\xda\xd7\xd8N><\xf7\xf6\xdb\xe7>\x7f\xeb\xc8\x17\x1b\
\xb5\xb7\xb4\xf3\xdaW\xe0\xcc\xd3\xc1g;\xf1\xcd,6\
\x1e\x04\xbf\xb8\x05p\xa4\xb1q\xa0;\xc4\x17\x1b[,\
+\xf0\x8b\xe4P\x18\xc4\xc5a,Bv\xca&lg\
\xcf\xfa\xc2\xa3\xdb\xa0\xc7\xc7?\x87\xf3xrl;s\
\xbc\xa9D\x97\x14\xa3\xe6\xc0\x81\x8eL\x82\xbb\xd9\x97_\
lo\xdb-*;;\xe5\x12\xf8K_\x80\xd4cw\
\xbb\xdff\xf8\xf9r\x9d\x16\xeb\x8a\x90\x17\x83\x0e\x85\xb1\
Lg\x18\xe4<\x9d\xa2\xb7\x0f\xbf7\xaf\xc3\xef;/\
\xb8\xbd\x81\x9c\xbe\xe0\x8e\xc6\xc9\xbe\x98\xcd\xd5tD\xf2\
~--\xed\x19O\xdb\xeeNa\xbcd\xe7\xb7\x7f\xf7\
\xe9\x16\x19\x01\xf8\xd9!\x97w\x8aF\xb0\x06#i\xb0\
\xb4\x18\x0eI\x8a\x08K\xbf\xa1\x0e\x1aF\x98o\x84\xb8\
}\xe2]\x1a\xa8\xf7\xe5\xfam\xf6\xa3Z\xa5\xe78\x1d\
*\x15@FDd'n|\x128up\xa9_R\
(\xd9\xe7\xb0\x1f}\xa9m/(TY\xb1 \xb0\xf9\
<\x90c\x1d\x81\xf9\xe2\xd19o]n\xac\xb7,7\
\xb6\xa3,\x07\xb9\xd72\xdeY\xefZ\x16Hs\xaf\xd8\
\x96\x8e\xba\x5c^\x88l\x91dgTV7\x8a\xd7\x89\
.u9\x88o\x7f\xa3\xc9\x98\xa3k]\xceW\x96C\
\xf1\xd4\xb1\xcd\x08UB\x8d\xa1\xa6$H(\x12\x8d\x89\
\xa6\xfe\x86\xfeJ\x7fc\x7f\x93QE*\x8e\xe1\xba)\
\xdd\x8c\xdd\xfd\x92\x9d\xc9\xae\xee\xfe\xdd\xc2\xbbE$\xa8\
\x09\x911\xf1\xf5J\xbd\xb1\xdeTovP\x0a8N\
TD#1\x113\xb1\x10+\xb1\x91 \x12LBH\
(\x1ff\x88ON\x18\x94pg\xc2\x82\x84\x85\x09+\
\x13\x9a\x13.&\x04\xc2\xea\xef\xee\xeb\x0b\x80\xf4K\x0f\
\xd7\x17\x00\xe9>\x05\xb2<g\xfb\xa4e\xcb\xa6\xac\x19\
tx\xeb7\x7f\x9c\xf4\xfa\xf4\xb27\x8b\x16\xaf(}\
\xca\xfd\xd4\xc3\x7f\xfeM\xd9>~\xd0\xeen\xdd\xf2\xf3\
\xdd\xd9\x91\x96\xee\xeb\x97m\xdc\x1f\x1d\xfdR\xef\xde\x13\
o\x1d\x99\x1bk\x8diZ\xbci\x97w\xdfY_P\
\xba\xbf\x0a\x9b\xc0W@\xa6h\x11d+\xd9\x81\xec\xf8\
\x90\xdc\xa0\x18\x81\xcb`\x096\x87\x85\xfa\x0a\x96\xa4\xa4\
z\x97\xbd\xfa\x06F\x88\xb1\xcf\xe81\x96f&N\xff\
\xfe4O\x89\xebM3\x14;\x9e\x85\xe7jKG\xd6\
\xbc\xf8\xe2\xc9\xc7\x1b\x1a\x84M\xdak\x8dm\xcd\xcbr\
6l\xfe=W\xd8\x88\x07\xea\xba\xce\xbe\xaf\xc5\xfc\x94\
\x13V\xb1\xa1\x1d\x9ej\x85\x82\x0f9[L\xe0\xa7\x9c\
\xc6\x1c\xf0XC]T\xd9\xd3u\xbd:\x9b\xda\xee\xae\
<\xaeW\xa8\xbb\xf2\xb3w\xaa\x04z\x97 x7u\
WO\xb7\xb4\x0c~\xb6\xee\xd5\xb7\xf0o\xf1An[\
[\xd1\xe6\xcd/m\xe1\xe6^m\xdeUV|\x91l\
\xf7\xd6[ '-\x84u\xe4Uw\xfc\xf5\xb5\x0c\x11\
\x89\xb4\x96!\xd2Z\xc6\xcb\xb4L\xc8a\x81G\x12\xdd\
5\xactZ_;\xf3\xe9\x1e\xde\xf6\xf5\xf5?(\x14\
b\xf7\x83\xc3\xb9i\x1c\xads\xd5s\x0b\xb9U\xdc\x16\
N\xa6\x13\x19\x88\x81\xd5\xc4\x83I0\x1f\x87hq#\
\x81W\xe5\xde\xa87\xeeG\xfa\xf1)2\xad]e\x93\
l~\xa80\x5ct\xcb\x05\xa8\x00O$\x13\xf9\x5c\xb9\
\x0c\x95\xe1\x0aR\xc1O\x15\xca\xc5B\xb9\x0e\xd5\xe2\xb9\
d._'\xcc\x11\x97\xa2\xa5x\x19Y\x06\x91\xb5^\
\x5c\x8b\xd6\xe2u\xdc\x06\xf20\xff\xb0\xb0N\xdc.<\
)\xee\x91_\x91?\x94\xaf\xc9\x03}\xb5*\x1c}\xcb\
\xeb\xf8\x0e|\xc7\xeb\xda\xedW\xf8\xc2\xd6|\xb2\xebj\
3\xd3\x91\x02`Ao\xe0\x91\x09\x7f\xe9\xce\x16\xc6\xe9\
\xf5\xc4q\x8a\x81\x8c\xa3\xf5\xc4q?\xaa\x9e\xf8\xf2\x0d\
\xea\x89\x94\x8b#\xf7\xd8\xe9~\x1dG\xfb\xce\x1d\xa3\xce\
H\xcaY\xac\x7f9\xcb\xec\xdd\xda\xe3\xe3\xef?]\x86\
\xc4\xeek\x02\xe7\xcf\xf9\x0bQJo%\x9b\xcb\x16\x86\
*n\xe56\xee6a\x9c\x92\xabTr\x95B\x992\
\x1b\xa41[X 4p\xeb\xb9\x87\x855\xca!\xee\
\x90\xf0\x1b\xee\x08\xf9\xad\x10&p\x06\x22\xf2FA\x91\
\x8d\x068\x99\x5c\x5c\x10\xf1\xe7\x83\x85\x109\xc4\xe04\
\xbaL\xf4\xedE4\x17O\x22\xf9X!J\x8c\x92b\
\xe5xC\x8c\x12i\x8c6\xa5\x93>|\x1f9\x9d\xd6\
\x1d\xb9\xe1d(\xef\xe63\xf5w\xb5\xf2\x10\xc3\x10e\
\x88\x91\xd6\x1c\xa9\x1c\x0b\xb8\x5c\xfeV!O\xcc\x93r\
\xe5\xb1\x86|e\x9c\xb1\x18\x95\xe0Rn\x1a)\xe5\xa7\
\x09\xd3\xc4iR\xa5\xa1\xc88\xd5\xe4\xb1\xd4\xa1:<\
\x9b\x9bO\xee\xe1\xe7\x83|\x17\x88s\xa4\x05\xd2=\xf2\
l\xc3\x02\xc3\x5ce\xa6q\xbe\xa9\x81\xbe=\xb6\xacC\
\xeb\xf0\x1an5\xd9\xc8?\x22\xd0\xb7&\xebew\xf2\
Z\xd3f\xcb6\xb4\x0do\xe1\xb6\x90\xa7\xf8\xa7\x84\x1d\
\xe2\x0e\xe9)y\x8b\xe9\x19\xcb\xaf\xb9g\xc9\x8b\xfc\x0b\
B\x8b\xe1e\xcba\xeeu\xf2.\xff\x8e0\x9b\xe9D\
\x08\xa6\xffp\xb4\x11G\x17\xb4|\xf6\xe9\xa9\xcf>m\
\xd1N\x9f\xfa\xcb_O\x81v\xac%\xd3\xe8q\xb5\x99\
\xacm\x9d\x06:\xd2\x1f\xech6\xe8\x88\x11\x0fv\x0f\
\x15\xe8\xebL\xdeNx\x89\x9e\x04\x1es\x98\xd89\x10\
\xbb\x1dz*v\x83\x82\xe9\xc9\xa8\x80\xca\x18\xec\xa00\
\x99\x8a\xc4c^\x06\x1b\xe3\xbcW`\x12&\x9f\x82X\
\xdb\xb7v\xd9\xf5\x22\x9c\xcf\xea:\x0ar\x87\xed\x01\xd7\
\xbd\x80\xbf^%\xbek\x85\x0f+<\xaf\x04\xf3.%\
N\xb9\x85\xbfI\x19\xc7\x8f\x97&(e\xcaL<\x87\
\x9f)\xd5*\x0f\xf0\x8b\x95\xf5\xfcf~\x9d\xf4\x90\xb2\
R\xd9\x86w\xf0\xcf\xf0[\xa5'\x94f%T!\xbc\
\x006`\x0c&.\xc1e\x086&\x908!\xd6\xd0\
\xdd\xa8\x9a\xfb\xe1t\xd2W\xe8%\xd1zs\x8a9\x9b\
\x0c\x15\xb2\x0c#\x8cn\xf3Dj\xad\xdcD2^(\
\x10'J\x05r\x81a\xa21\xd7\xec1\xdf\x83\x17\x98\
\x1f\xc1k\xa4\xa7\xf0\x16i\x8f\xf9\xb7\xe6\x0f\xcd\xd7\xcc\
\xc9t\xbb\x13\x17\xcd\xaaW`\x96|\x89v\x17\xdey\
J;\xa8\x1d<\x85\x9f\xd3\xaaO\xe1\x04\x9c\xc0\x17\xb6\
}\xd8\xf6*n\xd1\x86s#8\x7f\xedn\xdc\xc8|\
\x19\xe4\x0e\xd4\x97Y\xf1r\xf7`I\xe6\x0cvd\xa5\
lF\xc8j\xb1[\x91\xd5l7\x99\x11=Y\xcc`\
\xb8&;\x98m\xa6\xd9h\xb0!\xa3\xd0@^\xb4\x18\
\x0f\xd1\xef\x8a*\x06\xb0V\xd9\xca[\x8d6\x9f\x00d\
\xc6vc'\xb6\x1b\xf5\x0d\xfa\x8c\xeb\xdew3\xf6.\
/\xfe\xae\xb3F\xe1\xab\x80T\xca\xf3\x8b\x22\x12d\xd1\
@\xcc\xfeJ\x80\xd9f\x8e6\xf76g+c\x94\x1c\
\xf3$\xc3$e\x9a\xd2`^h^mv(\x08\x90\
\x00K3Z\x8c\xd6\x00\xec\xe2l\xbcM\x08P\x9cF\
\xa7)\xd8\x12l\x8dG1\x10yU^\x15\x12\xe4n\
\x86X%\xc6\x18c\x8a7w\xb7t\xb7\xaa\xf6\xbe\xe0\
-{s)|\x8ap\xb3\xd2\xc7\xd8\xc7t\xb39\xdd\
\x92nM\xb1g 7vsn\xe2\xe6\xdd^\x0b\xcc\
4d)\xc3\xcc\xd9\x96l\xab\xdb\x9e\x8fn\xc5\xb7r\
\xe3H.\x9f\x0b\xf2\x19\x07\xf2\x19o\x18\x0fV8\xce\
4\xd12\xd1\x9ak/\xc3e\x5c\xb9Ra\xa9\xb0\x16\
\xda\xe7\xca\xf7X\xee\xb1.C\xf7\x1b\x96\x1a\x97\x9a\x96\
\x99\x97Y\x96Y\xd7\x1b\x9a\x8cM\xa6\x0d\x96\x0d\xd6-\
\xc6-\xa6\xa7,OY\xf7\xd8\x7fk\xff\xd0~\xcd^\
\x0a\xb2\x14,X_\xa6\x0d\xc2\xec}\x00\xb7:g\xcd\
\xbc\xd5\xd3G\xe5\xa7Ej\xfdu\x87[\xfe\xd6\x9c\x0d\
\xc3\xeb\xf3\xf9\x9c\xd65d\xba\x1e\x97'@\x9eu\x1a\
di@\x8f\xba\x83e}?8\x98K\xa6\xbc\x03\x1d\
\x22;\x04\x99`\xc4c\xbd<m\xd4\xb7?\xfa\xac\xc1\
\xfb]/f%\x87S\x0f\x7fo\xa9:\x93\xfa\xc48\
n\x18\x97-\x09F\xd9j\x0c$!r\x0fY5\xf6\
!\xe9r\x8a\x91\xf2+\x8b\xf1k\xb0<\x9eL\x94\xef\
4\x16\xe2B\xae\x8c\x14\xf2\x85\xc2\x14y\x81q\xa1\xf1\
\x19cH\x97b\xf5\xdddZ\xdb(n_\xeb|n\
_[)_\xb8\xbd\xf5\xf4\xea\xed$\x96~\x07\x1ci\
{\xf9\x00X\x8f\xc5\xa0Y\xee^AV\x97Q\x8c5\
\x04\xdb\x5caFA\x8d$\xc8\xb8\xc3\x80v\xe0W\x0c\
\xae\x1d~\xcf\xc6\x9a\x0c\x8a\x10\xe3\x1f\x84\xc2\x14\xc1\x8f\
s\x225h\xb0b\x15b\xa9\x22\xb2\x82\xb6\xfe\xe5\x5c\
o*\xa2otM\xf7\xee\x0dm=\x7f\x98.* \
/p\xa4\xb7\xef\x82MO\xc1{!\x94N\x16hf\
r\x0b\xf6})\x04\xae\xfa\xf4\xf7VU\xd8\x1e\xbe0\
\x9a+\xf3\x01\x03\xbf\xdd1\xfd\xc1[ni\xbck\xc7\
\xb7\x03\x87<Pp[\xa5gR\xc1\x03/\xad\x5c\xf3\
\xc1\xd7\xebj\x1bk\x9a.~\xb0\xbaq\xc2\x03\x97\x1f\
}0(\xe4\xc1\x8d\x97\x1f\x98@i\xe3\xb50\xbc[\
\x0c\x83\xb5\xa6\xe3y\x8c\x9ee\xdf\xe4\xd3\xbf\xdfN\xbf\
@N\xb7\x85\xec\xde)\x86]\xf6\xfe\xbd\x8d\xce\xbch\
p\xf7\x89\x88\x0d\xf17Y\xe5\x10\xa3+\xc8\xca\x0b*\
AA;B\xd0\x8e\xe8WB\xac;\xec\xcf\xc6\x86\x06\
\x05\xbb\xac\x18R\xb0`W\xb4\x83G\xc1\x11\xae\xc1`\
\xaa|l{\xfa\xc1\xeb\xe2f\x95$^\xe7L*\xb0\
\xc6\xcb\x94\x1b\xf2F\xff\xc6\xa8\xce\x1f\x1fo\xbc\x0c\xe9\
\x9b\x84\xdb9\xe4O\x19\xd2\xc1\xa1\x1e\x80\xf7\xd0\x15\xe3\
&y<\x93\xc6\xad\x18:\xe8\xdb'\xa7?8p\xe0\
\x83\xd3\x9f\xfcv\xd0K\x05\x8d\x977>\x18\x12\xf4\xe0\
\xa3\x97\x1f\x1c\xdf\xb8\xfa\x83\x8bM5\x8d\xb5\xeb\xbe\xfe\
`\x0d\xdbS\x8d\x8f\x0b\xa7\xc9M(\x0cE\xbbm\xd8\
\x16bB~\xfc\xc6\x10\xbf\x8d\xa6pd\x0d\xb7\xd1\xad\
u\xb6\x13\xad'\xce\xdb^\xd1%\xc5\xca\x9e\xf1q\xf4\
\xd3^8\x0e\xf0\xa7\x1f\xc0P8]\xf1\x5cQ\xe5C\
FA\xb2>r\xc7\x84]S\xe8\xddjE\x90-\x8f\
\xdcQ\xb0\x83\xdc\xb4w\xcc\x90\xfe<G\x84\x81\xa3\xc7\
\xee\x1d\x935\x80]\xd2?\x03\x83k\xf8\x0b$\xcfW\
\xb7\xe7\xda\xeb\xf6'~L\xdd\x9e}\xafm\xf9\x11\xed\
\xe0z\xb1L\xbbO\xb7\xcb\xfdB\x18\x19!\xf6E!\
\xa8\xd8\x1d\x83\x1c\x92\xc5\xc8c\x87d5\xf2\x8e\xd7\x83\
$\xfeu\x97\xf1\xabP+\xb6 \xc9U\xe0?\x0b\x1c\
\xc9\xccP\x98\xa5\xd5\xb7A\x12\xd2\xe8\xd6\x13\x03\xce\xeb\
\xc2\xd1\xffu\xda\xbf\x0c\x18\x842\x0cB\xe1\xe3\xc5 \
^/PF\xb3\xf5\x12]\x0f\xd0\x0af\x9a\x9e\xe1\xb6\
\xa6\xfbG\x9a\xe3b\xb8\xf9\x5c\xd9mq\xee\xd8.w\
\xc2\xa4\xbeN\xbf\xec\xbc\x86\xd5\xa1\x91\xbe\x0b=\xe7f\
\xb5\x11\xc8\xb9\xe9_\x82It\x1b\xf9\x16\xf42\xc7\xd3\
\x0a\x89\x00Z\xc2<\xc5\xd9\x14\xb7\x9d\xe7{\xf1Cx\
\x9b\xe8\x16s\xc5B\xb1J\x94\xf5:\x89\xdf\xab--\
\xb7\xd3\xa2\x16\x00`\x7fc\x86\x1b\xaf\x84\x1e\xff\xf3\xcb\
wZ\x07\xfc\x0dE\xe8*\xfe\x9bA\x7f\xd8\xeb;\x7f\
\xf3~\xebns\xb5a\x1c\xdcv\xfc\xbd\x19\x18'\xcd\
\xd0\xc2\x102\x7f\xfc\xcd\xfbWn5W{\xffZM\
\xc7\xcf]\xfc1T\xc6\x9fGw\xf3\x9f\xa2\xbb\x05\x07\
:\xc8\x9fCs\xb9t\xb4\x92o\xc1i\x00\xa8\x04\xda\
vs\xcb\xc1C\x82\xb7'\xbb\xd1\x1b\xe2>\xb4I\x08\
@;\xa5\x0d\xe8n\xf1\x16\xb4\x88KCo\x90\x08\xb4\
\x07\x8e-<B\xb7\xc0\xf3S\xd0\x7f\x13\xf7\x09*\x81\
\xf3i\x0e0\x84\xfe\x0dp|\x04\xc7Z86\xc2Q\
\x02\x07\x85\xd3\x08\xc7v8\x96\xc3\xb1\x08\xfa^\x84c\
\x13\x85\xe1;\xf8Ah5\xe0\xd1 \xccF6a>\
z[X\x8bj\xc4\x048[\xd0\xdb\xfc\x06\xf4\xb6\x98\
\x06\xf7<z\x9b\xbb\x9d\x1e\xd7\xd6\x0a\x83\xa0\xbd\x0e\xda\
\xcfA\x9fV8\x8fB5\xfcq\xfd,4B\x9b\x13\
5\xf0\x9f\x5c\xbb\x22\x9cF{)L\xe9\x0b4D\x98\
\x8bn\x81\xb6V8\xdfNi\xa18\xc3\xf9\x08\x9b\x1f\
];\x0ft\xed\xa4|\x81\xb1\x07\xf92\xe0\x93\x13\xf8\
\x05<\xe3\xdeC\xc9\xf4\x9a\xf2\x0dx\xf6*\x97~\xed\
4\xff\xb8~-\x1dE\x07\x19??e\xfd\x0f\xd2~\
d\x04\xdc\xf7@\x1e\x12\x8d\xfaR\xbe\xf2\x87\x80_\xcb\
Q\x01\x9c\xfb\xd3k>\x0dM\x10\x020\xe2\xf6b\x9e\
\x9e\xf5\xf9\xc1\xae\x10\xdaOa\x82\xbc\xa2P\x12\xea\x87\
\x86B\xcc*A\xf7\xa2\x0d\x08\xf2L\xf4Gl\xc1s\
 \xbc\x1c$\x17\xf8@>\x97\x9f\xc7\xbf\xc3_\x12l\
B\x9c\xd0O(\x14\x1e\x17\xfe$N\x12\x7f#%J\
+\xa4\xcb\xf2@y\xbb\xc1aH5L2\xac5\xb4\
\x18.)\x85F\xd5\xb8\xc9\xf8wS\xa6i\xb1i\xaf\
\xe9\x8c9\xc5|\x87y\xb1\xf9\xa0%\xc7Re\xb9`\
\xcd\xb4\xdeg}\xcb\x96dk\xb1\xf7\xb2O\xb7\xefv\
\x84;Z\xfdr\xfc\xf68mN\xb7\xb3\xcc\xb9\xd2\xb9\
\xd7\xf9\x96\xf3\xa2\xab\xde\xf5{\xffp\xffi\xfe'\x02\
\xd4\x80{\x03^\x09\xf8<0.pS\xe0\xa1\xa0\xf0\
\xa0IA\xbb\x82Z\x83G\x05\xdf\x1b\xd2+\xa4:d\
_\xe8\xd0\xb0\x09\xe1\xc1\x11(\xa2,\xe2D\xc4yu\
\x8a\xbaE}7212\x8fi\xe5]$\x1f\xf5@\
\xe5\xc8\xc4v\xd4\xaf\xa7Z\xcc\xbb8\x7f8\xd3\xbf\xd5\
\x13\x0c\x0bY\x9f\xee>\x8cS\xbd\xd7\x18r\xe0O\xbc\
\xd7\x1c\x04\xe9o\xbd\xd7\x10\xe9`\xa4~\xcd\xc3u?\
\xef\xb5\x80L\x5c\xa1\xf7ZD\x0a\xb7\xc4{-#;\
\xc8\x5c\xbf6\xa20\x82\xbc\xd7f\xc7\xa3\xdd&y\xaf\
-\xa8W\xff)\xdek\x88\x0d\xfd\x9f\xf1^\xdb\x11\xdf\
\xff\x0d\x98\x11\xf3\x06\x18\x96\xc2f\xa7\xd7\x18\xf9\xe3\xa3\
\xdek\x0e\xc9\xf8k\xef5\x81v\xcd{\xcd#\x7f.\
\xca{-\xa0@n\xa8\xf7ZDNn\x86\xf7ZF\
Q\xdc\x83\xdek#\xea\xc7\x1d\xf6^\x9bc\xfb\x91p\
\xef\xb5\x05\x95\xf7\xbb\xec\xbd\xb6!\xff\xfe\xeb\xbc\xd7v\
$\xf7\x7f\x01\x0dF\x1eT\x85f\xa3jT\x81\xa6\x02\
\x87k\x91\x8a\xba\xa1b\x94\x00\xe7T\x94\x02\x9f4\xb8\
\x9a\x02=T\x94\x09}jQ\x0d\x1c\xd5\xa8\x14\x15\xa1\
\x19(\x11Z\xb3Q%\xf4O\x82\xab\x0c4\x1d>*\
\xcak\x87U\xc3\xeeJ\xe1\x5c\x0acf\xc2\xef\x12\xe8\
\xa9\xfc\x88Y\xfb\xb4\xcf\x9a\x0f3\xcd\x84\xb9\xe8_\x1d\
\xaa\x84\xde\x14\x8f\x22\x18\xf3\xcf\xcd8\x04\xae\xa6\xc1\xb8\
\x02T\x07=\x8a\xa1o\x11\x83V\xcaF\x141\x8aT\
\x80R\x09\xbf\xab\xa0\xcf\x14\x80[\x01\xfdT\x18\xef\x81\
\xd9\x8b\xd83H\xe1\x07{\xaafWWL-\xafU\
\xbb\x15'\xa8\xa9))i\xea\x94\xd9jfEmM\
mui\xd1\x8cD5\xbb\xb28I\xcd\x98>]\xcd\
\xa3\xbdj\xd4\xbc\xd2\x9a\xd2\xea\x99\xa5%I\xcaw\x86\
\xf6\xa1C\xf3\x8bf\xce\x98\xe6\xa9\x9c\xaaf\x16\x95\x7f\
\xcf\xc0!\xa5\xd3\x8a\x0a\xea\xd4\xe2\xf2\xa2\xca\xa9\xa55\
jQu\xa9ZQ\xa9V\xd5M\x99^Q\xac\x96x\
f\x14UT\x02f]I\x1c\xcb\x08\xac\x81f}\xf0\
\xd8\xa2J\xb8\xc9\x04b<\xe8.\xb8\xf0x\xee\xfaq\
C~L\x9f\x02\xc6\xed\x1a\xe0\x91\x87q0\x15xN\
\xff\xaa\x18*(\xad\xae\xa9\xf0T\xaa\xa9Ii\xbd\xba\
\x82\xba\x0e\xd0\x8d\xe6*c\xd0t\x99\xd6z5\xce7\
o\x99\xa7\x12XT\x0b\x1cGL\xee\xb5 \xb5~(\
\x19>%^\x183\x01F\x12\x8c\xf5\xc0\xb9\x1a$Y\
\xca\xe0U3\x99'\x01\xdcR\x18\x83\xcakk\xab\xfa\
%'\x97\x00\xd0\x99uI5\x9e\xba\xea\xe2\xd22O\
\xf5\xd4\xd2\xa4\xcaRx<\xb4\x13\x06>\x1d\xf1\xe9\xe9\
w\xad\x81>\xa3zW\xcat\xb7\x144\xc8\x83fA\
_\xaa\xa9\xbf\x8c\xfeQH\xc3\xe0\xc9l\xe8S\xceF\
V\xc0\xb3*FW-\xd3u\xca\xb5j6\x82Z\x07\
\x85:\xf3:N^OG\x87}\xd5u\xb1\xaf\xef\xa3\
\x86\xee\x1f\xbb\x11\xed\xba\x0e\x14\xc1Ug\xae}\xd7\xd2\
\x15\xd4\xf3g|\x94\x1f\xe5=~y\x9fucyw\
\xd0\x5c\x01O\x14vU\xcbZ\xa8\x16\xce`\xbc\xbe\x0b\
\xda< \x81\x7f\x84\x0b\xa5,\x97\xc1\x9b\xc1\xa0uX\
S\x05\xc3\xa9\x9c=+\xf5\xd25\x95\xcdR\xe9\x95z\
\xa2W\xee\xba\xb4\xf4\xd9t\x1d\xd3\xf5=\x91\xe1\xe5a\
\xd2\xafd\xe3\xab\xbc\x16\xab\xcf\xe0\x01\xa8\xb5^\x1d\xab\
\xf0jA\x11\x83\xa1sZ\xf1\xc2\xaceX\x5c\xafO\
\xc5\xac\x1f\xd5C\x1d\xba\x0f\x02\xed\xad\xe3\xae\xebr)\
3x]\xf7\xa2:iI\x14\x93\x1c\x1d[\xc2\xce5\
\x0c\xafb\x18S\xe4\xa5OaVP\x0c\x1a:\x83A\
\xa9eO|\xfc)\x83\xab\xe9^K\xea\xd6\x8ec\xc7\
\x0c\xd4kQ\xfckA\x7fu\xed\xa73v\xf0\x84\xb6\
T1\xab)\x81\x19\x8a\xd9h\x1f6%\x8c\x82Z\xa6\
kS\xe0i-{\xaa\xcf\xa1\xfc\xc0\x0c\x89^k.\
\x06\xcc\xea\x18\x14\x9d'\xb3\x98\x0e\x943\xafT\xeb\xe5\
\xcc\x0c\xd6\xd6\x99\x22\x1f\x0d\xd5]\xb4R\xc7\xb6\x8e\xf1\
0\xb1\x93t\xe8\xf5\x0c&O]\xd6J'\x0fR\x03\
\xa3\x13\xbf\x87\x8e\xc4v:\x93\x99\x07Q\x19d\xdd\x1e\
t\xd8\x15^\xaev\x95\xfe\x0fS\xed\xe3\x9c\x8emU\
\xbbF\xd72\xbc:\xb4\xae\x83\xa2Y\x8c\x1f3~\xd4\
\x0c>k(c^\xbd\xd2Kai\xa7\x19K\xd8o\
:G\x22;SNL\x83\x1e\xc5\x0c\x9e\xde\xc7'?\
\xaa\xc7\xd3\xbd\x9e\xcd'\xa1b6w\x09\xc3\xb8\xc2\x8b\
i?f\x9d\xf9^\xec\xe8\xdf\xb4\xf40\xcf\xd0!\x83\
\xce\xbe\xa8\x83\x03\xdf\xf5\x04\x95\xd0\xbf\xd6k\x0d5]\
\xfa\xfal\xa5\x83c\x9d}@\xe7q*\xa3\xb9\x88a\
\xae0\xdf\xdcU\xd7tn\xe8\xb1\xa4\xe8\x07\xe4\xe9a\
QP\xf5\xca~\x06;w\xf8\x8f\x1f#\x8bZ\x16\x89\
hd-\xf2R\x94\xd4\x85S?4\x96\xf2d\xb67\
\xb6\xe8\xb3S\x9e\x971\x1cK\xbc\x9a4\x9d\xe9iu\
{\x8b\x8e)\xe5iI'\x99w\xd6:_\x04-b\
\x11\xb1\x82\xf9\x8c\xe9\xecNi\xa7\xa8\x84aJ\xe5U\
\xd9\x89\x1bS\xbb\xc4U}&\x9f\x0f-b\xda\xa3\xeb\
\xaeo\x8e\xeb\xf9S\xf3\x0fi\xf2a\xa9x)\xe8\xd0\
\xb0\x22&\xa3\x1f\x8fA\xd7y\xae\xe7\xc7\x8dpK\xf4\
\xca{:\x1bW\xf1=\xde\x5ci\x97N5\xf3\xb3E\
\xcc\xaft\xc0\xf5\xb5\xd4\xb4k\xa4\xcf^\xae\x8f\x1e\xa5\
^?W\xca\xa8\xf0\xcd4\x8bQU\xc2\xc6G\xdd \
\x1eF\xb5\xd3}\xfd\x08\x05\x9e\xf9\xa2mT'-\xd3\
mf\xd4u\xf1e\x0a\xb3wO'\x5c\xeb\xbcv\xe0\
\xd3\x93\x99\xf0\xb4\xe2\x06\x1c+E\xf70>Wz-\
\xb9\x0a>z\xf4*b\x1e\xb5\xb4}Dg\xb9\xeb8\
\xfbZ\x94\x1bZJ9\xf3\xf0*;\xd7xq,e\
\x9a\xf4}z\xe2\xf3u7\xf2\xdd%,\x12T2\xb9\
w\xe6\xd7\x8d\xb8\xaat\xe2\x5cg\x19\xfeT[\xada\
^\xd3\x17\xab;\xac\xcdgI4s\x98\xde\x9e{T\
{Gt\x85X\xc54\xfa.\xf8=\xd5+1=\x1e\
R\xadR\xda\xbd\xea\xbf\xd2S}?US\xbc6R\
\xeb\x8d\x87e\xed\x9c\x1a\x8e\xb2\xd8<cP\x0e\xdc\xd1\
y\xc6\xc0]>\x1a\x0fyd\x1e{\x96\x0dm*\xe4\
qy\xf0\xa4\x00\xee\xe8_N\x1e\xc2\xe4\x92\xc1\x9e\xd0\
\xe7Q\xcc\x1a\xc7\xc35\x858\x06\x8dc\xb0t\x18y\
\xf0\x9b\xc2\x9e\x08-\x14\xb6\xca\xee\xe9\xddH\xe8\x9f\x03\
\xb0\xe8\xd8,4\x81\xcd\x91\x05\xd0\xc6\x02fc\xe0\x9a\
\xc2\x1e\x0d\xad\xa3\xe0\x9c\xe5\xedGG\x0c\x86\x96qp\
O\xaf\x87!\x9a\x85\xea\xf3\xd1\xbf\xdf\x9c\xcfl\x87\x8e\
\xa3\xb8\xe8\x98\xe6C{\xc7\xac]\xb1\xcaf3\xfa0\
\x1b\x0dwy\x00\x7f\xb8\xf7)\xfd[\xd1\xd9\x0c\x1e\xc5\
?\x91\xe5G\xf4:\xc7\x8b\xa7\xce\xb9<\x06\x9d\xf2\x88\
B\xa60\x07\x03F\xa3\xd8\x1dm\x1d\x07\xe7\x5c\xe87\
\x96\xf13\x83\xd1\xacc\x9b\xc3h\x18\x0a\xcfuZ\xb2\
\x18\x06\xba$t\x8c\x06\xb3\xbfI=\x91\xf5\xa0\x7f\xad\
:\x9fq\x81\xce\x94\xef\xed\x99\xc8\xe4H\xe9\x19\xc2\xc6\
\xd3YG\xb2^:fc\xbcR\xa6\xd7\x1dP\x92\xbc\
\xbc\xd4\xf1\xa0\xfc/h\x9fy,\xa3\x7f\x14|TF\
\x7f>\xfb{\xd8T6\x19\x00\xdf\x07\xd7\xa7;\xc3\x18\
\x04\x8a\xb7\xc2\xb81\x8e\xd1\x97\xc1\xf80\x86\xcd\x90\xc9\
\xfaQ.R~\x8ej\xd7\xb8\xbcNR\x19\xcc\xf8E\
\xe5F1\x1f\xc2f\xca`\x1c\x19{CJ|\xd0:\
K\xe7F\xda\xa1\xb4\xcf0\x8c\xd1\x97\xc585\x8a\xf5\
\x1e\x0b|\xcc\x82\xfe\xd9\xed-\xba>f3Z\x07{\
y\xad\xc3\xd4\xf5^\xd7\x89Q\x9d\xb8;\x98\xd1H%\
{+\xcc\x9a\xe5\xd5\xa9\x0c\xc6\xbb\xaeTP9\x8dg\
\xf8wP\xa1K \xc3\xfb{p'\x9euH?\xc7\
+]\x1f>\xf9l\xe6\xfc\x1bpe<\xb3\xc5,\xd6\
+\x83\xc9zl\xbb\x8d\x0ce\xf6;\xda\x8b\xf9\xb8v\
\x0d\xeb\xf0\x01\xe3\xbc\xfa9\xa6\x1d\xb3\xae\xfc\xf5\xd9\x91\
\xaf\xdf\x8f\xf1\x1d:,\xdf\xdc]%8\x84\xe9\xd3(\
/\x86c\xdb\xb9\xa1\xf7P~\x00\xae\xee\xbb\xb2 \xae\
\x15\xb3uNm\xbb\xdf\xee\x1a\xb9;g\x8d\x1d\xd9h\
\xe7\xbc3\xb1\x93\xaf\xed\x9c\x09\xe8^x\x18\xeb;\xe3\
\xba~\x1d\xad\xfajI\x8fY\x1dk\x9d\xce\xb9\xdb\x8d\
V\xd8\xbe\xd5\xb1\x9e\xcb\xfb\xb2\xde\x8e\xecC\xf7\xdd\xfa\
\x9a\xa8s\xd6[\xc2\xf2s=\x07\xaci\xcfJ<,\
\x0f\xf4\xb4g&\xb3\xd8\xd3\x8e\x98^\xe5\xad\x9dx\xba\
\xac\xf3\xe8\xccE,\xf6'\xb6\xcf\xe5\x8bE\x1d\xb0\xf4\
\xbc\xb2\x88e\x0bt\xb6\x9a\x1bp\xf3\xfb#\x94\xf2\x9d\
\x95a\x15\x8b\xf7\xfa,\xb3\xd8u\xad73\xa1\xf4\xd5\
y\xfb\xd2\xf69\xd7\xad\x86}\xf5\x9f\xef\xca@\xbd\xa1\
\x0c|\xb4\xdc(s\xe8\xcc\xffj&\xef*\xefZ\xaa\
\x82q\x98\xe6\x93I^\xb8\xd5\xc8\xb7.\xeb\xe0\x09\xe5\
\x80^w\x9bq\x9d\xd4;\xb4\x8fB\xeb\x87\xae\xaf*\
P\x1eL\xed\x84y\x09\xe3\xb5\x82\xf4\x1a\x1e\x9dSa\
\xfe\xcaW\xe3\xfa\xcfW\x9d~\xe9\x9a\xf5\x7fS=H\
\xe9R\x0f\xba>\xf3\xfa\xd7\xd5\x83\x94\x1b\xd6\x83\xd4\x7f\
s=H\xf9Q\xf5\xa0\xae\x99|q'\x9c:j\x1d\
\xbe\x9e?\xae\x82z\xa3\x0a\x8b\xf2\x1f\xab+\xa9\xdf\xa9\
+)\xff\x7f]\xa9S]\xa9\xa3\xc2\xf0\xfff]I\
\xe9\x12a\xffsu%\xe5\x06\xab\xb5\xff\x86\xba\x92r\
\xc3\xbaR\x07E\xff\x9e\xba\x92\xf2\x03\xf5\x82\x7fO]\
IA\xffl]\xa9\xe3\xad\xd3/YW\xea\xb0\xb7\xae\
u\xa5\xef\x8b\xbe\xdf_]\xd2\xd7\xe7z&\xf1\xdfV\
]RP\xd7\xea\xd2\x8d\xab\x1b\xff\x9e\xea\x92\xf2\x03\xdc\
U;q\xf0\xbf\xbb\xca\xa40\x1d\xfbn6\xf3\xef\xaf\
2)\xff\xc5U&\xe5\xba*S\xc7Z\xf7\xdfYe\
R\xfea\x95I\xfd\xb7U\x99\x94\x7f\xa2\xca\xa4\xfe\xcb\
\xaaL\x0a\xe3A\x01@\x1d\xc1\xb0\xd5\xb9\x9d\x01\xcf\xff\
}\xb5#\xe5\x862\xffO\xd5\x8e\x94\xef\xd4\x8e\xd4\xff\
X\xedH\xf9\xde\xdaQG\x0d\xe8__;R\xfe\x89\
\xda\xd1\x0f\xc1\xfd\xd7\xd6\x8e|\x9e\xf5\xfb#\xcaw+\
>\xcaO\xa8\xf8t\xae\xd2\xfc\x92\x15\x1f\xe5gU|\
\xbe\xbbf\xfbi\x15\x1f\xa5S\xc5\xe7\x87\xea\x0e\xbfD\
\x85\xa6\xf6;\xf0\xdd\xa8\xa3\xd2\xa0\xb0y\xe8]\x12B\
C\xd9\x06-\xbaU\x8dnvk\xdf\x1f\xa7v\xab)\
-U\xa7\x94N\xf7\xccJHR\x7f\xc4\xc6\xb6$u\
\xd8\xf4\xd9U\xe55j\xc5\x8c*Oumi\x89Z\
V\xed\x99\xa1fT\x97\xce\xf4n\x02\xf3\xcd\xc16\xd2\
\xd5\xe9\x1b\xe9:O\xa3(\x1d\xb3\x17\x94V\x17\xa9:\
j\xed\xbb\xf1\x94\x9e?\xf8\xa3|w\xdf\xde\x8f\xde\xf2\
\xa7^7sE\x8dR\xa4\xd6V\x17\x95\x94\xce(\xaa\
\xbeK\xf5\x94]\x0fEQrK\xabgT\xd4\xb0M\
s\x155jyiu)\xcc5\xb5\xba\xa8\x12HO\
\x04\xda\x81,\x18\x06\x1c\xab\x9eZ\x9a\xa8\xd6z\xd4\xa2\
\xca\xd9jUiu\x0d\x0c\xf0L\xa9\x05\x8eU\x00\x0b\
\x8a\xd4b@Z\x81\x9e\xb5\xe5\xa5>>\x15\x17{f\
TAw\xda\xa1\xb6\x1c\xa0\x03\x97K+k\x80{Q\
\x8c%Q\x09\x00\xacD-\xaa\xa9\xf1\x14W\x14\xc1|\
J\x89\xa7\xb8nFiemQ-\xc5\xa7\xacb:\
\x08\xa9\x1b\x85\xc8\x06\xa8c=e\xb5\xb3\x80\xfdQ\x09\
\x0c\x93\xea\xd2\xaajOI]q)\x03SR\x01\x84\
UL\xa9\xab-\xa58(]\x06$\x82\x98\x8b\xa7\xd7\
\x95PLfU\xd4\x96{\xeaj\x01\x99\x19\x15\xde\x89\
\xe8\x0c\xd5:+\x01l]\x0d\xf4\xa7\xe4$\xaa3J\
)\xd5\x0aS\x90\x9a\xf2\xc4Ns$\xd29\x93=\xd5\
jM)\xc8\x01zW\x00\xaa^\xf2\xaf\x9b\x9a\x22\x07\
`\xab(\xa3k\x15\x9dul\xa2Y\xe5\xa0X\xdf\x19\
@\xc5PVW]\x09\x13\x96\xb2\x81%\x1e\xb5\xc6\x93\
\xa8\xd6\xd4M\x99VZ\x5cK[(}e\x9e\xe9\xa0\
l\x94\xa0bOeI\x05\xa5\xa3\xa6\x9f\xa2\xe4\x03\xb8\
\xa2)\x9e\x99\xa5\x8c\x02]\x8b\x18\x02\xedJP\xe9\xa9\
\x051\xd4\xe8\xadT*U\x1d\x1a\xa0?Sk\xca\x8b\
\xa6OW\xa6\x94z\xb9\x06h\x80\x95\x14u\xa1\xd3S\
\x09zQ\xad\xce\xf0T\x97\xde\x90l\xb5vvUi\
Y\x11L\x94\xa4#\xd5\xf5\xe9\x8c\xa2\xd9`-0\xbc\
\xa4\xa2\xac\x82*Z\xd1\xf4ZP=\xb8\x00\xa0E%\
%\x8cr\x9du\xd4@\x8b\xaa\x01\xaf\xba\xe9E\xd5\x0a\
\x9d\xa8\xa4\xb4\xa6bj%Cc\xaan\xab0\x88j\
hQ1\x00\xa9\xa1#|\xf8\xd4\x5c?\x13\x05\xa9\xc0\
\x04\x8caE\xd3o\x0c\xc0;\xc6\x87G\x074@\xaf\
r\xfal\xb5\xa2\x93\x9a+\x94\x9c\xeaR\xfa\xdf\x00\xb3\
\xbe\xf4\xa2\x862\x92\xca\xc5g\x1e\xa5\xa0s\xa5\xd5l\
\xd0,OuI\x8d\x1a\xd5n\x87Qtn\xdf\x03%\
\x8a\x9am\x14c\x19Hf\x94\xd7^\xa6\x94\x82%Q\
\xa8u \x03\xca\x93\x99\x9e\x8av\xc4J\xef\xa9\x05\x8b\
Q\x8b\xaa\xaa\xc0\xbc\x8a\xa6L/\xa5\x0ft\xda\x012\
\xbdP:\x84R^T\xab\x96\x17\xd5\x00\xc4\xd2\xca.\
<\xa1Z\xd7\xa1\xdd%j]e\x89\x17\xe1\x0eT\x15\
\x86\x9cN\xe1\x0fI\xb5\xc63\x9dZ5\x13\x1b\x15R\
\x91:\x9dz\x0f\xb0\x15_\xc7\xaa\xa2\xe2\xbb\x8a\xa6\x02\
a`\x87\x95\x1e\x85\xaa\xea?\xa7T]\xa6\x02\x87\x05\
(\x96N/\xa3H\x0d\xcfR\x87\x8e\xc9\xc9W\xc7\x8e\
\x19\x9a?>#/K\xcd\x1e\xab\xe6\xe6\x8d)\xc8\x1e\
\x925D\x8d\xca\x18\x0b\xf7Q\x89\xea\xf8\xec\xfc\xe1c\
\xc6\xe5\xab\xd0#/#'\x7f\xa2:f\xa8\x9a\x913\
Q\x1d\x99\x9d3$Q\xcd\x9a\x90\x9b\x975v\xac2\
&O\xcd\x1e\x9d;*;\x0b\xda\xb2s\x06\x8f\x1a7\
$;g\x98\x9a\x09\xe3r\xc6\xe4\xab\xa3\xb2Gg\xe7\
\x03\xd0\xfc1l\xa8\x17Tv\xd6X\x0altV\xde\
\xe0\xe1p\x9b\x91\x99=*;\x7fb\xa224;?\
\x07`\x02ryj\x86\x9a\x9b\x91\x97\x9f=x\xdc\xa8\
\x8c<5w\x5c^\xee\x98\xb1Y\x00c\x08\x80\xcd\xc9\
\xce\x19\x9a\x07\xb3d\x8d\xce\x02\x22\x00\xd0\xe01\xb9\x13\
\xf3\xb2\x87\x0d\xcfO\x84A\xf9\xd0\x98\xa8\xe4\xe7e\x0c\
\xc9\x1a\x9d\x9172Q\x05`c\x80\xe4<\x95uI\
\x02,\x01\x86\x9aU@\x07\x8f\x1d\x9e1j\x94\x9a\x99\
\x9d?6?/+c4\xedK\xb93,g\xcc\xe8\
,e\xe8\x98q9C2\xf2\xb3\xc7\xe4\xa8\x99Y@\
JF\xe6\xa8,\x1d7 e\xf0\xa8\x8c\xec\xd1\x89\xea\
\x90\x8c\xd1\x19\xc3(9\xbeIh7\x9d\x9c\x0ev(\
t\xc0\xb0\xac\x9c\xac\xbc\x8cQ\x89\xea\xd8\xdc\xac\xc1\xd9\
\xf4\x02\xf8\x98\x9d\x9758\x9f\xf5\x04\xde\x03'F1\
t\x07\x8f\xc9\x19\x9bu\xeb8h\x80~\xbe)\x12\x95\
\xf1\xc3\xb3\xd8\x14@@\x06\xfc\x1b\xcc0c\xe4\xe7\x00\
\xb9\x14N\xfe\x98\xbc\xfcvT\xc6g\x8f\xcdJT3\
\xf2\xb2\xc7R\x89\x0c\xcd\x1b\x03\xe8Ry\x8e\x19\xca4\
`\x1c\xf0\x93\x0a/\xc7\x8b/\x95\x11m\xfb\xaev@\
/:\xdaK\xe0\x90\xac\x8cQ\x00p,E\x03\x1a\x94\
.}A\xbb\xb2\xee).\xad\xaa\xa5\xba\xed5n\xdd\
527\xaa\xfb\xceD\xa6\xb5\xba\x13\x00\x15\x1eV\x09\
\x86\xab\xb7\xb1K\x08K`Y,\xea\xe8\xde\xad#`\
\xd3p\x9c\xa8\xbb^\xe6>@\xbb!\x12\xe9\xae\xb7d\
f)x\xc0\x1a\xeaJ<\xd5\x8a\x87:\x93Y\x155\
\xcc\xd2!\x04\xce\xf0\xe81O\xad)\x9a\x0e\x93\xc1(\
jE\xac\x17\xf8\xca\xa2\xe90\xac\xa6\x1d\xcd.\x06\xa5\
\xf8\x82aUu\x05\x0c\x99U]Q\x0b\xceD-\xaa\
\x83\xd6\xea\x8a9\xde0\x5c\xed\x0dS\x8c\x02\xb5\x83\x02\
:K\x87s\xd0\xf1\xaf.\xad\xa9\x82(U1\xb3t\
\xfa\xec$\xe8[Mc\x19\xc3\xa4\xa2\xb2\xccS=\xc3\
K:c_qm?_\xaaP\xabNe\xc0K<\
\xb5\x8a\xa7zj\x92\xaa(,\xe3\xfa\xd9\xa9\xd3\x8f\xfd\
\xca\xc3/\x93\x07)z\x1e\xa4\xfe\x94<H\xe9\xc8\x83\
\xd4\x9f\x98\x07)\xdf\xcd\x83\xbcN\xbe\x98A\xaa\xf1\xc5\
\x8c\x1b$\xa8\x1d\x09\x8b\xf2sr%\xd5\x97+)\xff\
\x1d\xb9\x92\xa2\xcb\xe1_\x96+)\xba\xc1\xfe\xac\x5cI\
\xf9\x05s%\xa5#WR\x7fb\xae\xa4t\xc9\x0b~\
B\xae\xa4|_\xae\xa4\xfe\xf8\x5cI\xe9\x94+u6\
\xdf.\xe9\x12\xc4sp\x12\xbfT\xba\xa4x\xd3%\xf5\
g\xa5KJ\x17t\xd9\xba\xf1\x97N\x99\x94J\x8f\xfa\
\xb3S&\xe5\x17M\x99\x14o\xca\xa4\xfe\xf4\x94I\xb9\
>eR\x7fJ\xca\xa4\xdc0eR\xff\x99\x94I\xc9\
\xcf(\x18=b\x0cE;c\xf8O\xca\x8e\x94\x0e\xca\
\x7fNv\xa4\xf8\xb2#\xf5\xe7dGJ\xe7\xecH\xfd\
I\xd9\x91r\xc3\xecH\xfd9\xd9\x11U\xd6.\x86\xd2\
\x9e\xf8(\xdf\x9b\xf8\xa8\xffD\xe2\xa3\xfcp\xe2\xa3\xfe\
\x88\xc4Ga\x89O\xd7\xdc\xe1\x1f'4\xb5\xbe\xfen\
\x964(IpJ\xfa9\xdf\x19Lfu\xbb\xbb\xe0\
Hf\xb5\xb3\x12\xf6V/\x89\xbd_\xad\x82\xb6\xaeo\
\x0b\x7f\xf8\x1b\x86\xc9\xb3*\xee\xaaH\xae\x00guO\
RUyU\xb2\xd7c\xfe\xa4\xefr\x12\xfd\x0b\xd0\xd7\
~\x85&\xa1\x1b\xfc\xb4p\x0b\xdd\xd7\xaej\xe4\x8a\x93\
|\x1bK.\xa7\x92o\xd6\x92\xbf[\xc8\xdf4rI\
#\xff\x17K\xfej!\x7fYK.\xc6\x92\xaf\xef\xcf\
\x10\xbe\xd6\xc8\x85\xb5\xe4\xab\xb5\xe4\xfc\x15\xf2\xe5\x15\xf2\
\xbf\x1a\xf9\xa2\x1f\xf9<\x93\x9c\xd3\xc8g\xa9\xe4\xd3\xb3\
c\x85O\xd7\x92\xb3\xd0\xf1\xecX\xf2\xc9\xc7\xc9\xc2'\
W\xc8\xc7\xc9\xe4#\x8d\xfcY#\x1f\xa6\x92\xffq\x92\
\x0f\xd6\x923\x1a9\xed \x7f\x9aON\xbd@\xfe\xa8\
\x91\xf7\xa1\xfb\xfb\xf3\xc9\xc9\x13\xc3\x84\x93\xf3\xc9\x89a\
\xe4\xf8\xefC\x84\xe3\x1a\xf9}\x08yO#\xbf\xd3\xc8\
o5\xf2\x1b\x8d\x1c[K\xde=\x1a.\xbc\xab\x91\xa3\
\xe1\xe4\x9dT\xf2\xb6F\xde\x5cj\x17\xde\x0c%o\xf8\
\x93\xc3\x1ay]#\xafi\xe4U\x8d\xbc\xa2\x91\x975\
\xf2\x92F^\xd4\xc8!\x8d\xbc\xa0\x91\x83vr\xa0>\
V8\xa0\x91\x96\xe7_\x10Z4\xf2\xfc\xfe\xc9\xc2\xf3\
/\x90\xe7\x17\xf2\xfb\x7f\x1d+\xec\x9f\xec\xbeF\xf6\xbb\
\xf9_\xc7\x92}\x1ayn-\xd9\xab\x91g5\xb2G\
#\xcfhdw\x09y\xdaBv=\x15+\xec*!\
O\xedt\x08O\xc5\x92\x9d\x0e\xb2\x03\x90\xdeq\x85l\
\xd7\xc8\x93\x1a\xd9\xa6\x91\xad\x0e\xb2E#O<n\x11\
\x9eH%\x8f[\xc8c%\xa4\x19\xba4\xaf%\x9b5\
\xb2\xe9Q\x93\xb0I#\x8f\x9a\xc8\xc6G\x82\x84\x8d%\
\xe4\x91\x0d6\xe1\x91 \xb2\xc1F\xd6+\xe4a\x8d\xac\
[k\x16\xd6id\xad\x994\xc1\xa0\xa6\xb5d\xcdj\
\x8b\xb0\xa6\x1bYm!\x0f]!\xabV\xbe \xac\xd2\
\xc8\xca\xc6\xc9\xc2\xca\x17\xc8\xca\x85|\xe3\x83\xb1B\xe3\
d\xd2\xe8\xe6\x1f\x8c%\x0fhd\xc5\xf2$a\x85F\
\x96'\x91\xfb\x81\xcc\xfb3\xc8\xb2\xfb\x8c\xc22'\xb9\
\xcfH\x1a\xa0\xa1\xa1\x84\xd4\x03\xa7\xeac\xc9R;\xb9\
W#K\x16\xdb\x85%\x1aYl'\x8b4\xb2P#\
\x0b4\xe2\xbe\xf6\xab\xf9\xf3\x85_id\xfe|2\xaf\
\x84\xcc\xcdw\x09sc\xc9\x1c\x8d\xcc\xd6\xc8=\x162\
\xcbDf*\xa4N#\xb5WH\xcd\x15R}\x85\xdc\
}\x85Ti\xc4\xa3\x91J\x8dL\x8f$wid\x9a\
=S\x986\x96Th\xa4|>\x99\x0a7e\x1a)\
\xd5H\x89F\x8a52E#E\xfdH\xe1\x15r\x87\
\x89L\xd6\xc8m\x1a\x99\xa4\x91\x89\x13\x14a\xe2\x152\
A!\xe3\xfd\x83\x84\xf1\xa9\xa4@#\xe3`\xe6q\x99\
$\xdfE\xc6b\x9b06\x90\xe49\xc9\xad#\xfc\x84\
[5\x92k$c4\x923\xda&\xe4hd\xb4\x8d\
\x8c\xd2\xc8Hx2R##\xb2m\xc2\x08?\x92\x1d\
f\x16\xb2md\xb8\x99\x0c\xd3\xc8\xd0\xb5$k-\x19\
\xa2\x91\xc1\x5cOa\xf0\x15\x92\xf9\x02\xc9\x18I\xdc\x1a\
\x19\xa4\x91\x81\xb78\x84\x81Nr\xcb\x00\xabp\x8b\x83\
\x0c\xe8o\x16\x06\xb8\xafYI\x7f3\xe9\xa7\x91t\x8d\
\xdc\xdc\xd7)\xdc|\x85\xf4\xedc\x13\xfa:I\x9f\xde\
F\xa1\x8f\x8d\xf46\x92^\xe1$\xcdLRo2\x0a\
\xa9\x1a\xb9\xc9HR\x92\x8dB\x8a\x99$\x1bIRO\
\x83\x90d#=\x0d$1\x95\xf4\xe8\x1e+\xf4(!\
\xdd\x13\x1cB\xf7X\x92\xe0 \xdd\xe2c\x85n\x19$\
>\x96\xc4\xc5\x1a\x858+\x895\x92\x18\x8dDk$\
\xcaJ\x22\x81\xceH\x07QKH\xc4\x15\x12\x0e$\x84\
\x97\x9003\x09\x05\x0e\x86j$\xe4\x0a\x09\xce$A\
p\x13\xa4\x91\xc0\x12\x12\x00\x9c\x0a\xd0\x88?\x0c\xf2\x0f\
\x22.\x8d85\xe2\xa7\x11\x07tph\xc4\x0e\xb4\xda\
3\x89m>\xb1\x96\x10\x8bF\xcc&\x7f\xc1\xac\x11\x13\
\xf46\xf9\x13\xa3F\x14\x1b1hD\x86n\xb2F$\
'\x11K\x08\x0f\x0fy\xd0\x00\x17\x81V\xa2\x11\x0e\xee\
\xb9\x9e\x04\xdb\x08\xd2\x08n\xc1%K\x1f\xc0=\xfe_\
\xf8A\xffi\x04~\xf0'\xec\xff\x03\xfcw\x05Xe\
ndstream\x0aendobj\x0a\
21 0 obj\x0a<<\x0a/Asc\
ent 759.7656 /Ca\
pHeight 759.7656\
 /Descent -240.2\
344 /Flags 4 /Fo\
ntBBox [ -1020.5\
08 -415.0391 168\
0.664 1166.504 ]\
 /FontFile2 20 0\
 R \x0a  /FontName \
/AAAAAA+DejaVuSa\
ns /ItalicAngle \
0 /MissingWidth \
600.0977 /StemV \
87 /Type /FontDe\
scriptor\x0a>>\x0aendo\
bj\x0a22 0 obj\x0a<<\x0a/\
BaseFont /AAAAAA\
+DejaVuSans /Fir\
stChar 0 /FontDe\
scriptor 21 0 R \
/LastChar 127 /N\
ame /F2+0 /Subty\
pe /TrueType \x0a  \
/ToUnicode 19 0 \
R /Type /Font /W\
idths [ 600.0977\
 615.2344 611.81\
64 633.7891 612.\
793 277.832 589.\
8438 1000 633.78\
91 600.0977 \x0a  6\
00.0977 600.0977\
 600.0977 600.09\
77 600.0977 600.\
0977 600.0977 60\
0.0977 600.0977 \
600.0977 \x0a  600.\
0977 600.0977 60\
0.0977 600.0977 \
600.0977 600.097\
7 600.0977 600.0\
977 600.0977 600\
.0977 \x0a  600.097\
7 600.0977 317.8\
711 400.8789 459\
.9609 837.8906 6\
36.2305 950.1953\
 779.7852 274.90\
23 \x0a  390.1367 3\
90.1367 500 837.\
8906 317.8711 36\
0.8398 317.8711 \
336.9141 636.230\
5 636.2305 \x0a  63\
6.2305 636.2305 \
636.2305 636.230\
5 636.2305 636.2\
305 636.2305 636\
.2305 336.9141 3\
36.9141 \x0a  837.8\
906 837.8906 837\
.8906 530.7617 1\
000 684.082 686.\
0352 698.2422 77\
0.0195 631.8359 \
\x0a  575.1953 774.\
9023 751.9531 29\
4.9219 294.9219 \
655.7617 557.128\
9 862.793 748.04\
69 787.1094 \x0a  6\
03.0273 787.1094\
 694.8242 634.76\
56 610.8398 731.\
9336 684.082 988\
.7695 685.0586 6\
10.8398 \x0a  685.0\
586 390.1367 336\
.9141 390.1367 8\
37.8906 500 500 \
612.793 634.7656\
 549.8047 \x0a  634\
.7656 615.2344 3\
52.0508 634.7656\
 633.7891 277.83\
2 277.832 579.10\
16 277.832 974.1\
211 \x0a  633.7891 \
611.8164 634.765\
6 634.7656 411.1\
328 520.9961 392\
.0898 633.7891 5\
91.7969 817.8711\
 \x0a  591.7969 591\
.7969 524.9023 6\
36.2305 336.9141\
 636.2305 837.89\
06 600.0977 ]\x0a>>\
\x0aendobj\x0a23 0 obj\
\x0a<<\x0a/Outlines 25\
 0 R /PageMode /\
UseNone /Pages 5\
6 0 R /Type /Cat\
alog\x0a>>\x0aendobj\x0a2\
4 0 obj\x0a<<\x0a/Auth\
or (\x5c(anonymous\x5c\
)) /CreationDate\
 (D:202607111734\
19+05'00') /Crea\
tor (\x5c(unspecifi\
ed\x5c)) /Keywords \
() /ModDate (D:2\
0260711173419+05\
'00') /Producer \
(ReportLab PDF L\
ibrary - \x5c(opens\
ource\x5c)) \x0a  /Sub\
ject (\x5c(unspecif\
ied\x5c)) /Title (\x5c\
(anonymous\x5c)) /T\
rapped /False\x0a>>\
\x0aendobj\x0a25 0 obj\
\x0a<<\x0a/Count 38 /F\
irst 26 0 R /Las\
t 53 0 R /Type /\
Outlines\x0a>>\x0aendo\
bj\x0a26 0 obj\x0a<<\x0a/\
Count 2 /Dest [ \
5 0 R /Fit ] /Fi\
rst 27 0 R /Last\
 28 0 R /Next 29\
 0 R /Parent 25 \
0 R \x0a  /Title (B\
ienvenida)\x0a>>\x0aen\
dobj\x0a27 0 obj\x0a<<\
\x0a/Dest [ 5 0 R /\
Fit ] /Next 28 0\
 R /Parent 26 0 \
R /Title (Acerca\
 de Cash Flow Pl\
anner)\x0a>>\x0aendobj\
\x0a28 0 obj\x0a<<\x0a/De\
st [ 5 0 R /Fit \
] /Parent 26 0 R\
 /Prev 27 0 R /T\
itle (A qui\x5c351n\
 va dirigido est\
e manual)\x0a>>\x0aend\
obj\x0a29 0 obj\x0a<<\x0a\
/Count 3 /Dest [\
 6 0 R /Fit ] /F\
irst 30 0 R /Las\
t 32 0 R /Next 3\
3 0 R /Parent 25\
 0 R \x0a  /Prev 26\
 0 R /Title (Pri\
meros pasos)\x0a>>\x0a\
endobj\x0a30 0 obj\x0a\
<<\x0a/Dest [ 6 0 R\
 /Fit ] /Next 31\
 0 R /Parent 29 \
0 R /Title (Prim\
er inicio)\x0a>>\x0aen\
dobj\x0a31 0 obj\x0a<<\
\x0a/Dest [ 6 0 R /\
Fit ] /Next 32 0\
 R /Parent 29 0 \
R /Prev 30 0 R /\
Title (Crear una\
 previsi\x5c363n)\x0a>\
>\x0aendobj\x0a32 0 ob\
j\x0a<<\x0a/Dest [ 6 0\
 R /Fit ] /Paren\
t 29 0 R /Prev 3\
1 0 R /Title (Em\
pezar desde una \
plantilla)\x0a>>\x0aen\
dobj\x0a33 0 obj\x0a<<\
\x0a/Count 3 /Dest \
[ 8 0 R /Fit ] /\
First 34 0 R /La\
st 36 0 R /Next \
37 0 R /Parent 2\
5 0 R \x0a  /Prev 2\
9 0 R /Title (Fl\
ujos de caja)\x0a>>\
\x0aendobj\x0a34 0 obj\
\x0a<<\x0a/Dest [ 8 0 \
R /Fit ] /Next 3\
5 0 R /Parent 33\
 0 R /Title (A\x5c3\
61adir ingresos \
y gastos)\x0a>>\x0aend\
obj\x0a35 0 obj\x0a<<\x0a\
/Dest [ 8 0 R /F\
it ] /Next 36 0 \
R /Parent 33 0 R\
 /Prev 34 0 R /T\
itle (Patrones d\
e fecha)\x0a>>\x0aendo\
bj\x0a36 0 obj\x0a<<\x0a/\
Dest [ 8 0 R /Fi\
t ] /Parent 33 0\
 R /Prev 35 0 R \
/Title (Editar y\
 eliminar)\x0a>>\x0aen\
dobj\x0a37 0 obj\x0a<<\
\x0a/Count 4 /Dest \
[ 10 0 R /Fit ] \
/First 38 0 R /L\
ast 41 0 R /Next\
 42 0 R /Parent \
25 0 R \x0a  /Prev \
33 0 R /Title (E\
jecutar una proy\
ecci\x5c363n)\x0a>>\x0aen\
dobj\x0a38 0 obj\x0a<<\
\x0a/Dest [ 10 0 R \
/Fit ] /Next 39 \
0 R /Parent 37 0\
 R /Title (Defin\
ir horizonte y s\
aldo inicial)\x0a>>\
\x0aendobj\x0a39 0 obj\
\x0a<<\x0a/Dest [ 10 0\
 R /Fit ] /Next \
40 0 R /Parent 3\
7 0 R /Prev 38 0\
 R /Title (Leer \
la tabla mensual\
)\x0a>>\x0aendobj\x0a40 0\
 obj\x0a<<\x0a/Dest [ \
10 0 R /Fit ] /N\
ext 41 0 R /Pare\
nt 37 0 R /Prev \
39 0 R /Title (G\
r\x5c341fico del sa\
ldo)\x0a>>\x0aendobj\x0a4\
1 0 obj\x0a<<\x0a/Dest\
 [ 11 0 R /Fit ]\
 /Parent 37 0 R \
/Prev 40 0 R /Ti\
tle (Alerta de d\
\x5c351ficit de tes\
orer\x5c355a)\x0a>>\x0aen\
dobj\x0a42 0 obj\x0a<<\
\x0a/Count 2 /Dest \
[ 12 0 R /Fit ] \
/First 43 0 R /L\
ast 44 0 R /Next\
 45 0 R /Parent \
25 0 R \x0a  /Prev \
37 0 R /Title (E\
scenarios)\x0a>>\x0aen\
dobj\x0a43 0 obj\x0a<<\
\x0a/Dest [ 12 0 R \
/Fit ] /Next 44 \
0 R /Parent 42 0\
 R /Title (Activ\
ar sustituciones\
)\x0a>>\x0aendobj\x0a44 0\
 obj\x0a<<\x0a/Dest [ \
12 0 R /Fit ] /P\
arent 42 0 R /Pr\
ev 43 0 R /Title\
 (Comparar con l\
a base de refere\
ncia)\x0a>>\x0aendobj\x0a\
45 0 obj\x0a<<\x0a/Cou\
nt 3 /Dest [ 13 \
0 R /Fit ] /Firs\
t 46 0 R /Last 4\
8 0 R /Next 49 0\
 R /Parent 25 0 \
R \x0a  /Prev 42 0 \
R /Title (Import\
aci\x5c363n y expor\
taci\x5c363n)\x0a>>\x0aen\
dobj\x0a46 0 obj\x0a<<\
\x0a/Dest [ 13 0 R \
/Fit ] /Next 47 \
0 R /Parent 45 0\
 R /Title (Impor\
tar CSV/Excel)\x0a>\
>\x0aendobj\x0a47 0 ob\
j\x0a<<\x0a/Dest [ 13 \
0 R /Fit ] /Next\
 48 0 R /Parent \
45 0 R /Prev 46 \
0 R /Title (Expo\
rtar PDF ejecuti\
vo)\x0a>>\x0aendobj\x0a48\
 0 obj\x0a<<\x0a/Dest \
[ 13 0 R /Fit ] \
/Parent 45 0 R /\
Prev 47 0 R /Tit\
le (Compartir ar\
chivos .ftplan)\x0a\
>>\x0aendobj\x0a49 0 o\
bj\x0a<<\x0a/Count 3 /\
Dest [ 15 0 R /F\
it ] /First 50 0\
 R /Last 52 0 R \
/Next 53 0 R /Pa\
rent 25 0 R \x0a  /\
Prev 45 0 R /Tit\
le (Configuraci\x5c\
363n y preferenc\
ias)\x0a>>\x0aendobj\x0a5\
0 0 obj\x0a<<\x0a/Dest\
 [ 15 0 R /Fit ]\
 /Next 51 0 R /P\
arent 49 0 R /Ti\
tle (Tema e idio\
ma)\x0a>>\x0aendobj\x0a51\
 0 obj\x0a<<\x0a/Dest \
[ 15 0 R /Fit ] \
/Next 52 0 R /Pa\
rent 49 0 R /Pre\
v 50 0 R /Title \
(Tipos de cambio\
)\x0a>>\x0aendobj\x0a52 0\
 obj\x0a<<\x0a/Dest [ \
15 0 R /Fit ] /P\
arent 49 0 R /Pr\
ev 51 0 R /Title\
 (Metodolog\x5c355a\
)\x0a>>\x0aendobj\x0a53 0\
 obj\x0a<<\x0a/Count 2\
 /Dest [ 18 0 R \
/Fit ] /First 54\
 0 R /Last 55 0 \
R /Parent 25 0 R\
 /Prev 49 0 R \x0a \
 /Title (Referen\
cia r\x5c341pida)\x0a>\
>\x0aendobj\x0a54 0 ob\
j\x0a<<\x0a/Dest [ 18 \
0 R /Fit ] /Next\
 55 0 R /Parent \
53 0 R /Title (H\
oja de referenci\
a de patrones de\
 fecha)\x0a>>\x0aendob\
j\x0a55 0 obj\x0a<<\x0a/D\
est [ 18 0 R /Fi\
t ] /Parent 53 0\
 R /Prev 54 0 R \
/Title (Consejos\
 y atajos)\x0a>>\x0aen\
dobj\x0a56 0 obj\x0a<<\
\x0a/Count 15 /Kids\
 [ 3 0 R 4 0 R 5\
 0 R 6 0 R 7 0 R\
 8 0 R 9 0 R 10 \
0 R 11 0 R 12 0 \
R \x0a  13 0 R 14 0\
 R 15 0 R 16 0 R\
 18 0 R ] /Type \
/Pages\x0a>>\x0aendobj\
\x0a57 0 obj\x0a<<\x0a/Fi\
lter [ /ASCII85D\
ecode /FlateDeco\
de ] /Length 215\
\x0a>>\x0astream\x0aGatn]\
b6l*?&-^F/^>^bn@\
*D?neoiL@)dO0K\x22%\
At5[aP$IIa]cPM!g\
daJUoo,+]N,uF'A]\
eLZstpL>.>]>.?F*\
:=OmaA?9@4lBI*@.\
ZI%;mR7%3@%oh]$`\
T>X22!el6!?%#,;]\
W;T!EPW\x5c2\x22on337K\
V>/O`H<;5C2LMs?9\
99k'+%H1'$UXke3+\
Rl\x22VQ*5R6h#&dW<]\
ZhNA3t_f+J-=b8*^\
~>endstream\x0aendo\
bj\x0a58 0 obj\x0a<<\x0a/\
Filter [ /ASCII8\
5Decode /FlateDe\
code ] /Length 1\
397\x0a>>\x0astream\x0aGb\
!$H9lK&M&;KZL'm!\
&QJ4ie)6lrsHV_,+\
VZ<O*%?5T)RB^!?,\
a_A&q^*D<&*Je<D-\
u02G%*0&1o'spc+(\
@M*@,6$-!.:<QLDp\
GV_e]?I&-9,`0V)K\
t]4/B6'2B1Z'n_aJ\
,bca*EHmm>;Xu4?*\
'ogFWKQ2*=#_4IGl\
l8ki9^@X4I,=3S@>\
h3ch(L\x5cTN].,.N;;\
EohR8G_<g@Y\x5cR4jq\
4?J[W`4KY(\x5c=pT2e\
TPr>]=_EF[lrG^O7\
tP&+]diNbhgd3PY`\
\x5cq]%t3oAC\x22J*L$BQ\
^SF%!WJa/G28\x5c6,F\
C:d-j+0?t69PN\x5c$S\
&gL-M55PD/;Zq<X4\
U3YO7##Q*5I)ogi<\
ri%bijYs0H&gj\x22_'\
b!u\x22tt_bFJ9$b*Z!\
9B1V3@Lj;4bToOH^\
+>Z18Dr7Br^/+bi;\
q&&B:!dJJZ0RjKe>\
;F&!B4%k`MQt6p_q\
KRBnu;)!F&jc5+E\x22\
26:q+eNk%R%jP(\x22N\
<E=Xn=S/Y*H+GP9O\
LM_fd]B].$)KSPfQ\
g1g6mBuR>E`R_5>_\
dG36WlXgdgULa_p=\
)Nt^CAhkshjuZJ/R\
i98U@tQPlfK9[6-k\
Ss40N&KO@s5Z*/eP\
FRJVnN4DcWeq#U\x5c$\
$0TW0YK8G6eRIX2l\
8eB&M5mgmEdMSKN?\
^B!1%`8r2Fkq]S=Y\
L@-.PX!S\x22\x22E*G\x22aM\
f%>MZfh1nFFn9QhM\
bT1JVU.7kdZiaej8\
hLj3tDAs:^-SW(_C\
oN'/?h@Uu]^i=l0R\
ggVc6>8hTZ0Z,-JL\
@1EN+7>=n[#HMII*\
S1aZ1]_-RU*3SlAP\
R0D_+%dki[^UGL=R\
RjQ%9S^6e-CbE5Ob\
XBAM.#A\x22g$_PuZb]\
m\x22f?dnoYG!X]rC3I\
l0b9gp9CZC\x5c^H$Ba\
Z*7Ab@[q?g.E&0%B\
8en=;hO+TDHtZ@ht\
+;;6o;>dcPd5VcEt\
+@@(bKUl;q)P8=n6\
3qK&@%%AQ;`\x5c]tTf\
-6#^!\x5cENNlS.Q\x5c2&\
a8bI9MT<Z2\x22gr[<k\
YIOgMF+@`'buoLO8\
fp'NKoo:3D;4QrM%\
.3s:[GAZN[l\x5ci-Z0\
3O:EbPSgBO:oLSBa\
%;LbQRSXG)sAi&'^\
H*KAXC3>H/7N[%j;\
c`H=2]_K+<DmhK!e\
8*)-A.qnr%\x5c1Voa/\
&eCLgP$!aH<AU/ho\
PmC`p<sJ</j$KP_/\
PB&J>Y(t,Y?Wji!d\
Z3Q'qo@@dUIJ,Z4_\
I1i9QGLk^6p=D:/K\
I[shTf[/4tPH%m?j\
i6[:bkcgk%7VI0q]\
lk'63oc8SF.Y3a4n\
k_'H.D4\x5cZL`s1m7h\
S#YIuL;EjOLa0)'3\
Hc9:#>FtKW859kaC\
eP;P*s(V%do>ogYE\
j*-\x22iAaM@gP_Ggr5\
0Q((\x5codY:hp=>rfH\
Ej!?>H_r*X(.]-j>\
8r*+h]FFdFXn:qt[\
QRieeDg,Q\x22sYkReR\
S6DiQ*]ReRm>haE=\
7Z^A@@mGJMaYAQka\
Q~>endstream\x0aend\
obj\x0a59 0 obj\x0a<<\x0a\
/Filter [ /ASCII\
85Decode /FlateD\
ecode ] /Length \
1772\x0a>>\x0astream\x0aG\
au`SgQ(#H&:NH>R)\
_&>W1n0qo%#(u7=l\
4J)Y]pj?YGo%dZ@\x22\
TOuBrJqOXB3?e4(,\
OT^BsMaV;>1M>j?Z\
(Mpe&O'2^oP.\x225>R\
D)M9c#(\x5c.&6$R\x5csT\
(;4qjEV71p>8;@/f\
1H'H;^J`j6WV.H'j\
3T5gnb4<%laY1tJ:\
2E^VXTm@?T4:K&[\x5c\
!]gcX%K+YI-6/q%H\
J(1k!XSI`1QjTuA;\
55;^Z*.Sbr'=B#Gm\
U<\x22[$n^,B%$^$_5j\
Bn2G9%$tnCY<%AAa\
R4YLK[l^r=`EbZDc\
QhP1(66H$:$hAW]Z\
JL^H.u6T0Ub'_LR,\
B/Z,j-nC4S&6XUCR\
QfPC5E>L)a'nclYT\
2io@Z1%s&Rn.M7kp\
-DWOJ&O\x5ci*/1o1p>\
RQD7f6I;R]ooqLkU\
Y2s\x22_XsCEpP&aU\x5cC\
j)nVha6uE(S+EO/N\
p2mdTV.g27B?e-/H\
@U/),m:k_693G4BG\
9&mH>?\x5cWgsog2k[m\
Xnlr(!:Og5;?dWHU\
dYE.jh1ESCo9kVH>\
2LOO,\x228lYI:aV*NA\
l>?Ju\x5c?U8HOZk9[)\
K^1DKUG34,l1>q<.\
1;;:T@?+&k@?g$/`\
srT*m;XeGdGoA3kE\
\x22YhM?e*i\x5ciGpTj1W\
9_,<rr4]Na[FHG\x22-\
-`Y!TbFX*0[dSfHH\
/p,/HkA6L2RDd*@+\
5`PrWU1\x22R_,Nhkn!\
8]N81PI`a!!U)a`A\
SZ]Jr*`eRQ^'ZX4g\
/PAm]][YIk/$V.k[\
?)ScA?;$=b2Gj;L5\
k!$<?Aoack_uH4nu\
P0M<JedEpb(PtR;p\
B[hp>q;<=\x5cEi!cLK\
4G^b08i4Hcpb^+Kc\
%_'U>Qim7S_<<1B<\
@/I+RXQEBo!>+I/[\
3'-3l#L]0BlCG`$F\
W<Ci;U&E[FYB$lEr\
NRhggKc<R,l$/f52\
(U(PU45Yb\x5cR]@!B.\
0jP`D6dYpigKH(MP\
#(-UZ'L_U#D8@)`^\
0llog/JIO`P0n6UZ\
E6!kN)CGM\x5cC%iidb\
Q%@m`$4D\x5c2am13C)\
7XAcOoR+GQ3ubA^f\
48X5'akt%kbR,5\x22R\
Wi\x22*\x22n:jD\x22D%D)f_\
eFt\x5cp,J31S!]N4ks\
/kPc-CRA0gKT^\x5c^Q\
@O1V,PnIk#69I88W\
#W\x5cFV/$;<WA(aC\x22Z\
-D`sT=iKJZkSl^I.\
XOG+c)PC78\x22V-0pQ\
A,Th5JG3YrjW8r\x22d\
kX/h^IlQrO@%Z]0F\
'e>0],c8Q3,/;k,1\
/V`HK.CODf4GB2)L\
>\x22sh3XTES_L&AA;;\
e;pqYMW,:6:rUm?g\
U$paMSFtB\x5c1Fs1'^\
SD*\x5cCcMT@<0W[ig*\
i*Tnlsk6L*.U6iU8\
T;&*+b*JjT_?=3[t\
$SR.,auY>:'S.R54\
ffU\x22T!?dsK\x5cS\x22U<l\
@[cRQiqke2#BIX]M\
2j2WK<HZB\x22/;SKKK\
r#ua&R`7d]EpLaTH\
d;F>STsr[*``O\x22m[\
9R/G]B69(hF>+1Ge\
9)KF9+`u9oWj+2n0\
l-IcurfU-SpS+SD^\
)*X+KN5j@6,6*IuQ\
a4[$LQ;ad]L<M@s/\
%rJ42M2Au;^34c6E\
gU>:RI`;.fOU@Is5\
s-?$GfC2tl+7.\x22s+\
S[p:'U_[HO(3^85-\
d->?o$`P8$:[knC^\
YS(20PH+oD`:>G_O\
jT(0L]Hi1uS3,-U3\
b;2VdE.E#e7D17f6\
<_0bB0r'8<oD!)8U\
cL'/n)2_RB1G^*D?\
@*KO5t'iG,^Cok@,\
HAJr8/j$(L3S8Od?\
#UUq3e[@:EhX31+#\
>PBZl#F2Vq7in39%\
_DMPX)?4!Y&;tR2k\
VhqgdGH'o:?]UPSb\
#3l]Guc\x5cF+$f%mOt\
)7\x5ceou;XR_%k0-Tf\
:\x5c^Gpen0e\x22TI[0eH\
pVV`mD0_#EKYi_#9\
kXJ-oQF:k~>endst\
ream\x0aendobj\x0a60 0\
 obj\x0a<<\x0a/Filter \
[ /ASCII85Decode\
 /FlateDecode ] \
/Length 1841\x0a>>\x0a\
stream\x0aGauHL?$Dc\
-&:O;VQq')8.EaYq\
9AQC<:7AbRqUUuJX\
H_69QEVL`rq3t:+:\
ODa4*?b^a;2!AZZB\
dAhB@h_r%S\x220.uA^\
YdZ8;`0oqW9@Y#3>\
niaZm?@9Ip_og&AU\
=;gR`GXo7DTo<qNu\
^GV4?k+XE7,kNdtF\
17\x22jF7!\x22)O7,mX=P\
ek8O5h[=3DWaAOie\
;pD_uhpHI;b881_+\
8@kT3/[[6@lK'RG]\
crOV%G^=$=YqTkFD\
c7\x5cn'fkA0j%2T&;^\
<SE/OP82jZBm_VPY\
aGUXZMTB(]!Fp+;J\
,XIc=VE(b8`W8jn8\
M7O`s;\x22<WI<A^4q,\
DCn9Z7:CTc5H.`Cq\
Yk[WQ\x5c?#fh\x22hA#70\
Xp\x5cQ9LpC(VfRQ!L`\
8-\x22P:A*MI)f0'(l+\
.HgWMQVJ-D=XbT6<\
?7hiKqlSeJ:8RINu\
1N`YVQ]$)(D7pW/f\
Z_PKs;H0ck%OP7^$\
S#,q$PJ`pQLUgf/Z\
2iMc<DP7?]\x22s/k+;\
!1qfT_Z^/dtM(FTl\
cr,X6amR5>lPdS\x22g\
Ut?fj;WJH;S]?p27\
aD2T=B'Yq2WKVpC6\
cmZ@@\x22Q@V5V<@btO\
C[E7G3Mf:#(1<X@h\
[<GT/0RNkpUTs7W@\
SXHLBfdEdo_^iG9,\
F0jBR8d?hppPhR##\
Ojp#=&G(>iekKG_U\
TJW(jF`d=q#.C8h$\
Yg*8_=?l88CS<^(;\
H=;o0kYmOr1&aX[S\
-0$o;uA'>+AM^drr\
J`]d/(]iF\x5c=`\x5c&e+\
:M&.WS(]pi/R=Ce_\
tpacg^O5(<<c.9S]\
0lPXCI<<#aoh.,1\x5c\
WVPn;n4*KZ`[/Ul\x22\
pqE?p.0gBj'E5qj'\
8m<W%m%>mZ1R28:@\
fp?9'L<0o^_4'oui\
COIRS-gU@E5$Li$3\
$\x5cK\x5c`''WaV)H47!G\
H)k,8SWhK:GV1&::\
bEpu\x5c3BUt#(AmMht\
@F8RHWh!f$'q4Lp]\
P!2Kr1MRbG*oROsc\
jHW!BI*,YPI4SE,C\
4eNs.H\x5cLjkp3bU.)\
EKI?2TndB2OVo,n.\
+ajIB=4Z,GKr<-!]\
6plDu0C\x5cp[_=JE0b\
4N>Xj(X]AcB<_p3p\
\x5c@hSKG+nrR3;;KP+\
E^UF8Nr)2=suS_23\
I)`[Da\x5ciKC!no*(_\
L\x22[r]Dpq]/B.Zsi>\
)^==YApR'6I9sZ6!\
,oS$$CQTEFB!C.%l\
sZL6`q<[4nE(W4]a\
c`]Cg\x22.]QIY68RUD\
=X35JPd*L@bH:/h>\
f+p^X*rsPN8GQ4k,\
UhaVJ-mlMqi&;`jb\
\x5c;H8[:FTThWe4@a%\
LEnPDK[0f>^1tTUO\
.5rF0ra$;do``\x5c;W\
L++fD$0a:9l.?&F8\
Z_m9t0MZf7^RLA%Q\
X.Xf70YD#+kV<.el\
]V'(8Ar4fOLi,:b7\
ZS.c\x5c.#nc<Ci(<X&\
,=7-?308=C1:-ZVn\
FX>XiS*I6j#V=A\x5cB\
4SG2QMg%DrLCj5U*\
4F\x22]D=2)UKjWW*,W\
qta:.RS7=abW2?%_\
C>+f$!J`!Af9Ei5j\
TUP3E-kA5GN<BBEU\
m>p@MZ#E).mrSu0W\
'hcj$?]gFs(`D29p\
nmP<q^g@IhdJ)1CD\
fZXR*\x22ebqkXa<.62\
0/J;?mW0:BI.+l:!\
!ekr0Ke,%EN[=p;P\
jnY4DT=_?I3&,B\x22R\
pMs,h.[NW3*E+I7)\
#Ca20^26Jb+1`]ds\
4PL9q-NrEmgu?GG9\
Q!!Je;sXT^-C/V3H\
oDEn,@V.W=hH;<^-\
'TEKlYOo$=f-0bN0\
N4aeWLeg#'7<6Z:B\
P+`:&hQT?O[uZaGl\
jbD2;\x5cH_gFGko](d\
9@0P'&%&ao0mN2DW\
iDNW\x5cchnUbqJnsfZ\
sYFHi8aJ\x5c=2Wc4Lo\
.83Ia(/up9.t3CV=\
2Z^/q3NZ`E:9bfgo\
#212s2:MRcd1RHa;\
JQcm74*'\x22?:PKG_E\
k*-%JdK2c\x5c7'BOlr\
h`lp)5t%+pYZVMgk\
c4Qd*G~>endstrea\
m\x0aendobj\x0a61 0 ob\
j\x0a<<\x0a/Filter [ /\
ASCII85Decode /F\
lateDecode ] /Le\
ngth 802\x0a>>\x0astre\
am\x0aGauI3968i1'SZ\
;\x5c'mH(C#mJ#-ANNJ\
]SLi2ibAOP;>s&B4\
OIF;+mf>Wc2jmEA*\
K=k>\x5cECa)mZeoT8#\
5$k,l60@LDrN'UM`\
Mp?j1\x5c^FPSP:(Lk.\
cb#m2+/I\x22qoEaB-l\
@@=$)^Ks/k*(=qb9\
'SmWj@kAg2irAOK'\
YXdH!H4u@Z%M;b<S\
?2eb@d#l\x22RSh[RSt\
B)^FU0H=p=5O(j<L\
)jamYTP3ZAD]SIGc\
80f5T4I^c2o\x5c#-*C\
?n!e9`L`aEQ-NW&r\
%^E.G:X6'1f_(_tN\
=BfRY).9`-bj$Lu:\
bDi;(HcrPZG>m4u]\
a>T@dTVCI\x22bt5'\x22J\
h[^E(kEjoQjOP['G\
=Za\x5cC4M`7:M.\x5cMT2\
:>2s_`l)$/Nfm#qG\
ac3pJ9p65]2gGjNd\
[Ac3\x223>l-o0fLX%W\
q:)FBG#t78'_!1Ju\
`uYBUKn^h\x22*YA5oo\
FWrrWnGiA#Sr.Ja`\
$(c*I0.I$%bq@6IH\
Vm6&Jg#26=4)5Sa4\
Q%4Ymuq5^8h=K]qX\
8JIcs'hUI$dsdKG*\
Wq5s7/Do`Y>U(J.p\
,^)\x5c\x22T^)9)#Bt/k#\
]_^+nB`De-Kn)01O\
)Xc5o>9?dA+.-9Ip\
4FE2%\x5cE\x22W+4cKtZb\
/)IN#P(5u<t?'N:m\
Sc'ifRjOp!T,.Yo,\
jRIM3rk\x22aUu5<_Q>\
QF+V?\x22B.aO)suiiL\
l6_ia,p.e:&gr/qH\
l_CN2UC9@MRB=PE-\
%R)5.K*FD2C,.CsT\
\x22MB:4`r]a\x22E@[][!\
b/3F$FI%:D%&]lVJ\
-;RL23aCTp*Ym0m;\
F[4>.ncbMc6B9-ic\
(2sh[L)>]hH2V>]a\
%mp.1U6-9D*a(Ec^\
T&a~>endstream\x0ae\
ndobj\x0a62 0 obj\x0a<\
<\x0a/Filter [ /ASC\
II85Decode /Flat\
eDecode ] /Lengt\
h 1866\x0a>>\x0astream\
\x0aGau`S9lo&I&A@sB\
m*SNJQJe+JgsV/1B\
dV;CA$r4@+;.SF+T\
V`lQ.Wi8DaBMM'Rr\
!C>C.o)\x22L&9Hh0j2\
b.)`=YT1)KHo7DF;\
.nE(8=HQ.+KGO%@E\
cLg;9^HD(;39m:/n\
c#t5oe/QemUOokOU\
)s#qLTi8],pNDLD_\
1@e9Y)269;4L(o>X\
5P!COhcARQ2H2.Uj\
@9,6M[_7EYgYi+H]\
-p#(*>RI;g=&K0Fp\
UD;'</T(2!;d(PtB\
4gj=PLG8S?*e;gn=\
44R^df<gi<CR[h1,\
tijc[$?k>A'V]m?p\
;o2)8O=E6g,*o@[>\
Ds?d=Th;,]6rJkRF\
%^/T2sVgWPu5P2jk\
#E&c`:1jt1gWH.N:\
UbG/3[8A)e4qq@LQ\
)]PfVhCWKsjHJKgF\
7rdc3U5_$K6f^9!@\
OnT0:s_!&Fd%#1b0\
Y\x5c%Qa*PQBePGKRSd\
&0Xd[Ss\x22J^DZ9,R2\
3]'+`Cnfq*/!M%.2\
]eN=G*t7ZB$\x2278)D\
/8&-s<\x228#r$Q%d7Z\
d1f9hkAe]%]j*T,^\
rTOpHrdOQ:0,3K;,\
4GF7cDdSDD-NGW>U\
O^1\x5c;E*S/N\x5cF2$9j\
hqu#KRXg;S_;b/[P\
?91N*^':gD\x5cq!5_n\
Za,).5dk-/6,V.^#\
VI=D;C$#8eiF.VXW\
1-*a0XZO*.';P*Q`\
b@C(Z@+-*3Lg('ge\
RG?<GLTT7A;*DLE2\
(S'/l2&qq18T*H'$\
%s]FkoWE=-(0ZM&s\
\x5c6*k64Hm%M@_?&_c\
*9q./A%k4LeimIB8\
21WTISZFh3+0jcQI\
'*qIbGs&dX\x5cF#Arg\
aKGq>BIr7VU;S4r\x5c\
nrHQp9kZI\x5c0&8+nA\
Uh&93n](1\x22#@.;Fk\
?V'q7086Fogi]%p]\
1ri[*TU(djP\x5cTO''\
ThN/=aru4pH'ZR$A\
3H.J>(e:ck]o7jms\
jkB2U2mR61+C>QQ_\
_F.oCaic@LEL=Ppi\
\x5cQFY(Cu6j\x5c@c*3FM\
?,V=7j)OCQL-#!<,\
&l-^<l0]SfBC9)rs\
$(!o=JG#\x5cqLoKXV;\
f4sBZCTb\x22?1e'J6%\
cE&RV=P<u`(CiWj`\
RLdlP-Zj$MU!Q?MU\
D^SY?lLp*;/K,DQK\
>C-<B.VH[\x22ZV]C`O\
<k7\x5cg[t+`NmLna>X\
:Inf24<PYJKbSekC\
YOGh<epEL`kFWq\x22>\
#&5#-@6o`#D=KE=%\
V2*RaR64o#d'`9q^\
*SA-?0U).#b'`etH\
8TF_#EJ$8Wdp4X$a\
/r4V;jVU&A!NPMlE\
VA;#j_7G.N>X+=TE\
kD$M=hhI42Ka@X8P\
$YJ&Mkp_SaTXc0VD\
r]GU5TK\x5cdA4PD/cE\
r44C`Nj2^M)M*m!O\
FNPPUM7jU9R(FgqH\
^Bu_KP\x5cThD(aE/g.\
R?_jENIJT/QD42mZ\
+7=Q@&2:AeQ^n82F\
Za'4:$Oi*c\x5cj@Qg\x22\
Z,h7qga`T>qe@LV:\
2&B=Sb*^q+dl-p(h\
Jem6Gi6tJ]_C4`JF\
$&#VYdH&DkEIE;h\x5c\
25\x5ccaO\x22m..4rqp7r\
q#W9/J\x22,,\x5cJmeK%=\
)CHn_[1-g)jVma37\
*_AOVWdt,1jF^9>.\
7iRj'Rus?9+,..Jm\
48P!p5(R3\x5cE2>WMT\
'pn*IkcF41N60uL=\
BL\x224uIg-2qAg>aT!\
.sZbI5+e\x5chF#4FL<\
5[F=,:CgWm:0BiSf\
Yj.jrYqm4H(u_5Da\
':`pk9Bq`!90=*2R\
KbY:gcG*Sm7C8LW3\
Ef?26',!oUKoW)%I\
+bl3GC;Um[$XT`e:\
cb(r)Dg_C[^<:b%9\
ZJ_2U)8$-BZ#m=-[\
p!b@VS-ab-m`sGP.\
g.Nc.kF36H7TR*Uk\
uK(9+F-GUc+Wp,s)\
'l)=MDdXqC'r<mn+\
CEA5C^aoX/#up!*-\
peB(,nX(mQAIZMm\x5c\
I,ruF+q=rdlMct&;\
hGtam_dem2Dqj=[Z\
YPgMXto%Rg!o1p)6\
(CiGcVSe(q=E8R<B\
u).+l('BT*6<8fYo\
l0Kq![-V*~>endst\
ream\x0aendobj\x0a63 0\
 obj\x0a<<\x0a/Filter \
[ /ASCII85Decode\
 /FlateDecode ] \
/Length 744\x0a>>\x0as\
tream\x0aGauI39lJc?\
%#46M(%3mC2GNbOH\
Q:TH)gYUFn(*EZ0S\
KR48gQPfs8=@da]c\
&\x22H5[2bMC=Y1qiFj\
?r2=o-#2jQ\x5c:R;D<\
7D\x22,n7?7'K(N\x222ZW\
9%QXMR#em?IY7]A>\
Rq>c#P`>gOpfM;p\x5c\
3p!q!cXe+^L\x22j0':\
Y7U>s&\x22R=6>XS,b[\
*PLL4a%kB7oGVq;)\
;-uPD#.ibc04dXmL\
pWuXFm@0Jf..QofA\
b8FO*_ChkAl#4i<0\
.VDC//VY1,c'D6\x5c]\
NF$*b@FVr^C&IJgJ\
\x5c'qW*^ErpVNL\x22>T(\
XK^(=$eFg:QD$pk0\
$Q7%V8T<,s*S!B^S\
#$ElEoO'BpBnr;lD\
s\x22NYcmGM^-F\x223)%\x22\
[psk1kQ0<ld5lUN6\
C3foCEJX;'#aKNrb\
%`/b0+?Bi7r14I<@\
Ro16g*>Fm$WC/HHe\
I,rlm2J5gYc.M-:-\
[c2i\x5c*?>L-[8W/iJ\
K`r7F@dALWZ@W1$f\
5D*-F0A>-g<2(CI_\
mc(6W;Y]F.FX;;7.\
=WOmjc!$l`(8kWO#\
T[oM(^HAm20cqWFd\
)>ZX5Nh&H(]uArS^\
oee$8*PT9kfAcL3Y\
'Z:q=3J>`t+(:'n)\
'L0>Z3UUN_-&.&^4\
atZ$07k[BiXmTXCh\
f7ekF#24c2V1I6s6\
Ctbh`Qg>D+bH4.bJ\
iRqcga(X)ZCqNnH=\
_l5<\x22UMhOIf@od=5\
;51=H=/hdq,986Rn\
Ltn\x5c._=f:.mL*8oF\
lOh('J3?=7Jm<C9<\
C5HEWLo(:%6r'DtX\
Y7i12!R#IpE<~>en\
dstream\x0aendobj\x0a6\
4 0 obj\x0a<<\x0a/Filt\
er [ /ASCII85Dec\
ode /FlateDecode\
 ] /Length 1941\x0a\
>>\x0astream\x0aGau`Tb\
EgUH&DbZ6eC'FE;<\
qeMliIhq3$a7^0A3\
_/[V6gTD-@Q+I!on\
?*gRn88I,WD?nA9_\
?%$YA]d3gWp^urO]\
H[2t76gbq8-H<ROG\
LQ*<j1_)Fn>T%$nI\
OW9<oZR[.Ii]oToX\
:_db>ndiaSUhsdp\x22\
p9U\x22Mp'0KoZiac;L\
`ZKP;rD`p^dVVcm8\
VrMdSa.>g08X%nm&\
s&rLeU-Wu\x5c;`Erpj\
Lk<]g'17T`Na2e<\x22\
pmEe@KKPAb90]tQM\
29qY;jYUI[F)CjoZ\
gS;g!m-uHYR(o(rG\
ZFbOPZ?-'=N8&rPo\
uf\x22AZcdPM8rJ0tFS\
^;EKtAO:m\x5c\x5c>`biM\
P;rt&eP;W.-\x5ctmj,\
821h`X.d?7<&HiIj\
C%D;7^&`]'o.Hqg`\
A\x22Pg\x22k-*Rk*]q-HE\
HYFefVV^NRB>MhUW\
FMCH#Mo#f4h<0::3\
*k(b25c?e;2SjiF[\
&lR+U0h@KPccFtnR\
Ip(;Ih>MDc4.L-<b\
0ULF(TYdI*VO@.oo\
%'7-25Fu2/nr..e*\
WFN`q\x22?L-MEJ.)X0\
2<jM'-SXNBSkc8Ha\
\x22-$qTmah7#Fhq,E\x22\
PAfOEF]TcnW?7/+E\
.k/cHW_/`cs.=dYj\
?N<>`bi^@/0YMbfY\
7t*]]=OgGr(PP\x5ch#\
,cj26)fV]LcGKSpO\
\x22/C?2CPc:#i9#lH)\
d2</kpg-\x227cn!14,\
'*r.Bkd$;Ug3ckVo\
V/&b\x5c2<)\x5cpH,E8l.\
U)fs3uY>*b9XZASb\
aZHsC4-7Rr4aqmKO\
#S$Q39h53$fWR%k@\
K4#Qh[-Hb;<[[\x5c-(\
-&;3pnbp]Q'uTR2(\
)U!lH.>HEi4Weakn\
^WdAF,%7W?Gnad\x5c8\
?7ds6N6BiG:E\x5c2ei\
d3<o`\x22)O\x226\x5cTpO1J\
8_fg2%LC9>=).thN\
9KNi3aI_<T#6et&U\
7auf\x5cB&SX4IAa$/l\
Oj6eBks,qNQr-/d9\
AVs^]\x22YcRnKEh`8;\
T2(]\x22n5i0HOKZ'/Y\
J[g3U+C7N1e<4@dU\
7EaVFZ]P3k>\x5c8G8F\
oMJHSquD0#s=$Fhb\
C/CdMkn\x22=gkJ*)>b\
<D<WQO-$ZgYqpo_;\
6[\x22VtsEtrRE`%\x228m\
)8_ggp!R*dA(K!KD\
ARE=ZVdEoDLt&mlN\
hH8R]0Vr&9i$I%jc\
'*^*niOA0C:1JhW]\
1I(N+f;T^b`Y%Xe4\
FjiLlR\x5cM#!`-8TN0\
G1YdQfUGhYK6`b[?\
eM!Qfu0*dVdCV8oe\
^t<q\x5c.B.;ngHj<$B\
6Cf8PqZL\x22S0NS\x5cao\
\x22)?=X??YgiUEKjDb\
Xu0V2Y_iH+*t,i<G\
SJ\x22#dunK0^3=j@(:\
uO\x5cd$<.h,)CVW`W0\
a(7NZQoba8.(hQ_U\
A!S0R=gK%_3dKGP[\
S+ko#QQQj[&E]oLs\
`66:c/m#W(s61M6C\
uBeY;lH5eJ0q=?3;\
T`5)IH5_,=`7P8b9\
DFUhibcLuD1<pR;6\
rpe0!l,\x5cSCi>Qe\x5ca\
J+?2k\x22=2Wa)`mP6e\
3-<gplK'NJoi';P`\
+\x22Z1VG'+^n-b@\x22WL\
fXHL'@l32ra_-L:a\
S!Qq#FK4E<8ISHR0\
IVt7/S&YI:aroU^#\
Q\x22<XjC+Au2A[%ODB\
s(u,u\x5c=NNL$ZPgb*\
>]H[X9^<?&m;^-BB\
c>KqmRPg&g$JUjB&\
G$mFp&(BUJS1^JY+\
2,M2C710t@\x22&L^>g\
`k)#/:Ug]EKN1++E\
AB;?1$ABD[D&Dtgh\
=)(*)bN#`m&>_H2)\
(EK[;n)%QeMch2TA\
e<`p(HOR)0UiR!Yk\
aNmiL:[%.R5<q,S$\
r<u7UDY_\x22F\x5c:p'p>\
0&*e!21lSlI;.+$K\
k\x22f%(uaDn0s&AK\x225\
iG?3B-OWXB1gRpC)\
DOX/D-Dg1.Ve\x22l3o\
a.`3L!>]\x5c?7GlLGZ\
\x5cZNrffqB''\x5cN,ra]\
Q8AUW:!q2]dE\x5c19`\
+;m8kD/n)2uY&Xt\x22\
LFc]t5/U\x22<i:0mti\
j>-)X'1IeVHT4[u.\
TT-1bFe:$K_I`QW7\
J:14m9L.=*8U7X%K\
n:HeH:V0tgc#:.!L\
Sab?Ye\x22!0uCh8TO%\
3YW)O/R73S\x22YGU,D\
:N@&e'271-hB=~>e\
ndstream\x0aendobj\x0a\
65 0 obj\x0a<<\x0a/Fil\
ter [ /ASCII85De\
code /FlateDecod\
e ] /Length 1355\
\x0a>>\x0astream\x0aGau`R\
acbC:&A@B[qD`XF#\
XF!2F)kOGPZ(=W*6\
U9J+;0j2+orQ(`u0\
B?)pM*`fUh0^PY)R\
FV9s\x5cZokOomp_!.&\
G6#BpiKol46iu++#\
g\x22?.?c1E;o5Q\x22PQ$\
L7;.]Mp3/6L%&Jbs\
DTe$M>U0S3DYVLiB\
`m4`/C'9;R,(ZWN6\
(Olqk>(LSM1tZ,]#\
Jof?NWTOdSo_G$[=\
a\x5c6$9AuLY<34o6&S\
[0eHudR]M`^NI;`l\
N?I#5a1`@:_]C5s3\
8(^\x22ZM_<!W:hsDgl\
emLA)7t+,;mjH``.\
IEa5A87DC1j5?Yh/\
OQKkiDZ:i/R.Fhl@\
G/q^2)n%%AiBdq6e\
0[jDDK@sbSF\x5cG\x5c:g\
g%J:B_trkd24:]g'\
5U[4c&SHr2_;Zq2B\
??N\x5c[Yu9NJs/.M5g\
7s#D`)).C\x22a9dV!`\
P2u`uI`=$m\x5cUSp`)\
<-qq#K],@EMsk<\x5c]\
(8`,D.PH,Vfka:E\x5c\
)qFUl$&92TEg@V\x5c`\
bi*Ek9jcRWPd-]?n\
Ili<l:b;ajM`[uO5\
tBMd.'fmjUV)F'f\x5c\
R8VK:UEM0rp4-LL8\
ZK?AG6'd(:@nL51<\
Y\x222Dkcj*=PD$s55.\
S+3R2'DVJ!NJ()\x5c.\
Yho[[Y;2tq9=QBOE\
)ZpSfV-u+Z!RRP)b\
[?Gf<+:!u&3rG^ci\
HjB;.H6F\x5c:oT=:bF\
77'M[\x229N33Gh;9>]\
_8/JYDR,?WN949k*\
4g<7pK/!+t/7=`N,\
/3P*H`Ua<N)h+L93\
]SaclLLZ55pnc+51\
]GOVLSQN!Amr!6\x5c'\
W\x5c?kW._FG7O*`+)@\
L\x5c+/8E>mKBg^h]**\
i\x5cWTtrMfI:UD8#V_\
orAoI.VohLqTp/-V\
(^LQp$n%$DN+$B2K\
rT)^Wo1)P//c++%G\
Cfb=\x5c_&(K0D)\x5cbAI\
7\x22CA.%6,^n;08.,n\
W@+BWEaHq3kG/I%5\
IVqU3B3H)(GF=QG2\
jej(F.S9W4CN@PnA\
unBVcJ4h!?@Kpj:J\
%>j0_5F1-Sg-T+\x22;\
bi<E#]EN=<;\x22'.$C\
;EIZqAF%Ctmo=I(E\
WPG4W/+`d=OldImS\
Ge_gCR&*K?!=`(Ds\
e=g/D'UcBokRO4sH\
'DA;M-T>6r8ouW9-\
SqKJ.1d+\x5ciLVZfVc\
pq@PZQOmWH*5f$KP\
MZ'kk-15?7+h\x5c$*:\
a:VBXS5\x5cp[o`#b+U\
lag3gNUsHe\x22Z4ZkE\
nCG#\x22_\x22HJ^Ob`WLe\
c\x5co=mWEaEYp1L%Z,\
k67Aak$5i1n8p!<\x5c\
k]SUcT:d9:0LGLn2\
n-.SG4;r$C&/o%;0\
Yk:a3@;;eJ0OC#Xd\
7?T-4LugiFJ`Vqm]\
QRslP;8#PNlM^m]1\
i9Lh!iRHqn.3D@1'\
gi>u-37H-C(1e?Z+\
rO/u,W$6/\x22Ed=-QA\
*\x5c:lA!rs3s(6`G\x5ct\
!(D_W\x5cZ61IBr@:lY\
;PD*9Ik-C;.NRkLC\
n\x22s3~>endstream\x0a\
endobj\x0a66 0 obj\x0a\
<<\x0a/Filter [ /AS\
CII85Decode /Fla\
teDecode ] /Leng\
th 1551\x0a>>\x0astrea\
m\x0aGau`S9lo&I&A@s\
Bm*SO5QJa]MEuLt*\
9W\x22#^l7Eg>Jo#*cJ\
d+docEH\x5c@:ngA2Nn\
&H=>%:.Ba\x22FT7pUu\
ib&23#\x22X.&8FJpr/\
!849geO[t(W(@UL.\
EH6CM2Cl*^aNCFqP\
_WraLUk2a9F#Q76u\
biO&X5j*Q3Fhb':9\
Gs#M?%b4o-n/-tN4\
;[siYV<N;0Vg[5;M\
XD.3^*WCWA,>PR-h\
KKm8n-Y4b)2^2E5\x5c\
*G-Amb-\x5c&q@7)HbQ\
G)I4$%X6eCXQW3gE\
k0o*i5T\x5c(8/V,(4b\
mNa3</BSQV'\x228C\x22*\
/)BhqX`=&`g`nU.C\
('08V@=9Im%LQm+W\
'Lo\x5cl'E!Pc6NL&A=\
K\x5c)W8_C1X.K9q`l`\
OHJ%mY*U6J0UD@If\
m?_!)G^t-']rZ&HU\
[4@CTKm&.Tp*Z'Y;\
\x5comBK@W]#%sTRr*s\
VV<J^J2&K\x5cg@?$>E\
_T'!ZlTr+Y>hUg'b\
Ki/m;Nf`TX-HH.SR\
NBP``')2.6SSKfq!\
P=n!u>YS\x223@oO,OZ\
V\x5c(9NZpO6<;%1OZ5\
7_r6JB25m9a8;pFW\
[7h8)5IS1a#hOPLr\
[IQ7oqN(dtoYOh\x22d\
`8nF\x22qAA-R0na+Ih\
AA*2:3mWOq7#'FPj\
<(\x22(\x5cXi&L\x22Y',Q!C\
lPUY4LqGt`fBSEs&\
hJ0?tg(?/9]7.8lJ\
C.USXJC+UP%DG`Z*\
IB:872JCA<Ri*!o%\
AX\x22Mfb,:1dRc?13o\
-3.LEuCZrP-Pq*kU\
69i7B9KG:cs;SJmf\
QZTJ$]gURN-K,%L+\
1:o#LJI/cSYk.P!2\
'<^2nT/p9Ap72-M:\
b`W7NKFAQ='Rt[]X\
!l6jNeYRq$#eLK2r\
%``aS*/J4HSZ]%pc\
!%9^b\x223L*<'<e+B=\
Su_6$.B[3Z*fKSNr\
3&DL\x5c5EB3b/^``Sh\
uk#&eNZ\x5cR=&DOSFe\
4#8KR8M,_/OM`.D\x5c\
50P0A?^aBUWmih+>\
'L';->!qf)l+QEnl\
<q.-)bR-h6;\x5c]MC,\
i%#MBJSDei>A(D@X\
tIXJJN>??a2-ehGo\
OL5s[8ZK%_!Z%6bU\
p4t!.(!np.43io,D\
.9[o97q&5gZ&\x5c$GZ\
sTW:&W&^HtArLdrc\
7>VcLs>VUG$\x5c_G-a\
]&Dp;lj*]b`Ij\x22B;\
6UJo8\x5cqdU>WI#8k:\
)_1teZ.l,5J1Q=>q\
HX66e@>eCB^E&W:h\
8`C)$<(1DPIGZ4pf\
&meI15@%H:_WSAnj\
r\x5cDXaLkK5-4X_<=a\
pYUUh-bP81XfMQr5\
VWeVUtKl:bm]:88[\
$^R(+13!*e\x22A7N(-\
<>W(e4kAc0h`mG1Q\
\x5c1l^GE3Xb5eI;a_D\
33+gf&u&*:e1!l/j\
g`;]VTdJge]hm)>&\
ZG-RG<M`/6IMpKeN\
=a8WQ#g9<cJOD<Z/\
3G:*uA0dB\x5c&9nO\x22M\
rO_%8$XN(4*#YM9p\
l8JRUu0lVkQIT-7.\
+!GS,?[og3_]VIg=\
jmQGM48_k8W]h-5K\
'gY3/2eJef4^FgAV\
3S&ujBc@eepb2d^:\
fUti7i[M@fBjmj.M\
7te)r!%(<,8mLjhk\
ET6%bmUH:<&>+2_(\
H_UCIMGbQ:j(\x5cOT\x22\
eE5Z'lH7&HBR8J2G\
a:532=J7,Y5+@j/\x22\
aIoWMZtn7V%$(=WV\
3<DJ-<-iX1_\x22r?;~\
>endstream\x0aendob\
j\x0a67 0 obj\x0a<<\x0a/F\
ilter [ /ASCII85\
Decode /FlateDec\
ode ] /Length 20\
15\x0a>>\x0astream\x0aGau\
`T9lo&I&A@sBm*SB\
>L>\x5cDo*1K![AhkC9\
;02:3+s@gBP#+DAZ\
2O\x22[(8*'JYnK'f,b\
kqtOhbG2Dtgr!\x22GM\
(,GKhY4h\x5cYqUN?Ah\
\x5c@RVII&mDrCMoFAi\
1XV9-U*,pqF$\x5c8/%\
H;=V0Fs4sGW(K>PV\
=>L-YYQ4O^4TqS/>\
:WXU<XSha32e[N@N\
qkC6K9@p>AeX\x22]KI\
\x5cg;JT^@@-t)d5@:0\
E/fR*`'(U4SC$oi<\
n?GkFn8U'Sn<.L=t\
26&W,91D![1YfC(r\
:]XZ'`q$7M:,a]T7\
8Egf-]KHX7ZRhOh.\
!*<OFHI/ERaJm\x22T%\
2+S7EI(g16G!\x22;:>\
=Hm>J7JcojSK:Fra\
<@7qdD>.LbD;\x5cq<V\
P.%B)-%[%.H;eu+d\
nl_dQQ%rY7[5IL[A\
alM!SC!p8M7-RUe3\
*RNheLI_mAtIBE;D\
'H6`083q$gH2S[g)\
_bh[H/ri&tkt$6ho\
[X\x22Tg#t<Eb>$Yi[:\
Epm@@F\x22G<(j8=rCZ\
k5@b.d#e[_j7<](*\
$f<T,8e[#Qeh!%;F\
nlE3MB+pS9WVfp(h\
Zbg[Sf$N!)W@Np<B\
DdXi=^K@Bth0Lb(@\
CYXn#mZoh*t2g48#\
hj)EKC%N$)eJ9ER+\
\x5cc>W`Xlg</_2W$*f\
<R87j2XcXXZ,&9Rs\
JXR\x5cb6#PlkF:u<Cg\
6$<inNRq`(c?KkVd\
tEmllS^3A7A7!%]=\
N9%*_/,<^*P`)lN.\
og8-\x22RsPt%S^<[Ei\
Bf%j^AkOClcG1WX&\
,D:$*joGpLfe5-o2\
h9,JEs+I#SUTDA>/\
J[Yg8c]=0/AELsf.\
IDf2E,4U&3Pnm/N,\
TbidmV-]pdBLX7sh\
QEp<K[bFM?,V=*/-\
k!j:b@Cnuj=TpKu\x22\
EPSS8QV2HKMn\x5cV,g\
>hd.=llmZ\x22c#]I('\
p-l4b`7Aq&U+i;-^\
\x22/=+tL8XY0:;FN@L\
oWDK>#;%/K<)f7[Y\
6Th#@WOfnT5^O\x22cD\
t2\x5c78&8I;aD:&a80\
+lhG9rok4b#I'p<7\
Y4TZK#/!@iWY/;XO\
o+X#%l56K(W&7M$t\
XN,kEo3^=f6JA%Ch\
2q063[2rJ;Vm*iTY\
Cs0U8i&Zmk>$ndTX\
cT(g;%alL6eV)&jF\
TZK6C2V62XWEbffo\
XSE30I;L*[pbmd(+\
jBKKd=;ZgQt0omom\
kj_+HD3X:Y4?ZRpK\
tbs*-nGUN.XOc?u+\
aP:-U95>H:[l.GuZ\
aMG_KHu;=(>uu)rQ\
s3ToQQQt,^nAU54_\
^ra\x22Mbg$RXI2fmco\
++mBrr7B0^]%N8'@\
]_j>gi.X\x5c\x5cYZ:GML\
kW1B/>NOXTjcUGN9\
!D+TSfoFj9jb6*-7\
bW+Vq$bX$T!?/[6<\
EhC8o$lSZE4ZKqd7\
h\x5cmRthNaRduU+UQU\
<iK&6$A3eZ9B%]&*\
(Nd-jLqF+H&EH6Bm\
&2'9F+EnPH.kR8%E\
7):,Waqr,EP,;lpE\
H'XZu(]'YG#=K$jA\
]:][ua,B`@7VKBU9\
17k)H3Jk!DI$\x22fq^\
20*JsN\x5c[ep.i3,\x22b\
c*h97)/:>,bT7W?E\
um_4cJ$l_h@d*Ts6\
or5o&!SmM0>'#!NV\
5SggdHH=?Z'ZPI=`\
?c7%h!Z)<'S,maH7\
'C4T?KaIc2bQI6m)\
or^Kqk:kh_?h2M5B\
#$2i1bc4YL6ojLl.\
K:k3@G0q'S$ulV\x5cO\
FlI^,*\x22nj4--kQ]#\
4Oc6>fR-l%erBV`o\
u3]jQXJU4SIl'^qG\
QH\x22.RoV#4FNhq(fY\
dLCOlo>LaPAHN7gb\
HA!l.-]rfGD-lD&:\
YR8kRZ!6_Y/GkhB/\
a>0Q#8^saV+oj0uY\
a+f>#<Jun\x22&VkE^9\
7u:1b-ZuFp:pW@4L\
!b?cOgqJ#n!tGG./\
F@b0pJ;Zbf:I,iM6\
(*>s)k[UTd&8h^D3\
UCSL7Pi]l'.WG6s5\
F:?Ect\x5c@tb9VIK4[\
5H5dc?'BL37Ci@<j\
EH)Jl^fmd,N&7DA3\
gE.5A-/9-DpHos`P\
4f%'7]4:hI1]EkP*\
&dID)LX\x5cW<SpO$S_\
BW21lB'+b!2D.qf)\
8V7Yi\x22ln'8rr1!$`\
%=Ye)>UREbq)G^H.\
\x5cNt\x220)2<q>Z3B:a5\
;%tVi^7-.Z<c9IO`\
n4hH(2DJ53T!=(C^\
kFI0T*_:_j~>ends\
tream\x0aendobj\x0a68 \
0 obj\x0a<<\x0a/Filter\
 [ /ASCII85Decod\
e /FlateDecode ]\
 /Length 557\x0a>>\x0a\
stream\x0aGauI26#YO\
$'SPrS'm!&HPlSf@\
k?'18>,@!k3VL>Dm\
$>_)*Gd\x5c!^[JM\x5cXr\
90tEiKZT_4,^`5$<\
Eb&BhQNJ9Md\x5cmfeA\
t4[:Em@./&MZ\x5cM5U\
Q%`h]P*LPU--LQ_8\
4V:5P(fpOW_//CUf\
I$7.&:>g8Z!b4AXF\
7?GtTr=*3M'2=Am8\
lPqQG)?TmYpSD-l:\
q#+`s@64b[BhWDP+\
!L2X]D7VhI)@ntjm\
'^;rW]!#*.9q1e>G\
L?!KG.XO&HCFCVUE\
ihn\x22VrYJ7](DWg#U\
Ar;UTmY<Mkof+7!L\
Mr^+LgtJ1nX$KSYZ\
K>B*cfZ?1`+bBmup\
D&ZqpZk(fnmtR_gL\
^#U&m*CHjd>@%.T/\
YbNq.n;6:U`jh>2.\
_s2JdKM:_OneJj;g\
;PFk31)n\x5c+mOjG;!\
u8`?3k<Te\x5c)6MH1q\
!X8dgRe4!]\x22f-1%D\
oqsWE?oPT:n5\x22^T9\
6\x22H1+a7hLOQ)4t?+\
1?B!@/o,?15e;&+'\
FbA0kE2lGrBJq9]Y\
tZ-@gmm>O-V5%8B\x22\
T!S<NgSYk5s+,(d)\
^nG7))+gBkN/btBt\
:Ll%218(?&%\x5c^gGS\
S,~>endstream\x0aen\
dobj\x0a69 0 obj\x0a<<\
\x0a/Filter [ /ASCI\
I85Decode /Flate\
Decode ] /Length\
 2029\x0a>>\x0astream\x0a\
Gau`T9lo&I&A@sBi\
97$J999iVVC+<B1<\
DN)[*^TE#_Z`583d\
2Ha7c_*><no/96$K\
aCHP??M?F^`mCp&F\
c;OT0n?;0qqeO4NG\
f^iLfPJBKOVDVTcH\
^#l+-63naYHN33ib\
91VNW9$V]>0alQi[\
6/>\x22W/Ojq>qXXiP\x22\
7p(e44(,0#X(T2F/\
5'^U/?F<ugmWq'%S\
fRn+\x5cac1DV3+2KlY\
=,/c9O'G0+>l.#NN\
DF!-WdRVt]Z:(RcL\
8F)Ml,tiJc9[iR+E\
-MtT>D7$.WY8&\x5ch.\
YQ\x227r2KI8ThN<KRL\
]nDiU!\x5c.^LSnVu]=\
*5iI)oZ@?4%RBT*\x22\
MQ0?B?=`iXZM0tsT\
5Up*L9L%f-0NqTmP\
HA@>(fi54K!6JfH/\
%lnr7+YAQi8I)-r`\
.'1Q6T'l*u:@]lMI\
,%5,=SZ[XpJWCHkA\
?W0NHYXS4J`k[33B\
54OP[L6QPr$9cS_b\
gH\x22&I6R/+EKHM[s:\
A()q@:D4+I!XBI1Z\
\x22eeYg)D-9jen/1C.\
;cHA2Yf*KPO][OU;\
/;][k2qI;?4`S3oG\
P@Q7]o4re)kRP[%S\
-_:oX#r(>m:Nn80!\
JElWt0F<*0=sXbAi\
A$^H=bVM$:,IS+9\x22\
#=b\x5ci'P,+`:(p-/1\
^Ef!A,>%k1;Z=$u<\
hX^0rS%0@c7D?W0j\
\x22CA:5lSf6E6lO+J3\
pgo&YC-9Eo2&3)%?\
rrBQdj]aW0,,C`[=\
^_?`);P+D`L!Oi9a\
p`H6Qd?gtdSZ3,T<\
Pu.0\x220)%a;\x5c#Qs_%\
T0kaRM+tR@a!FP`c\
HHKZg:4j=>c/iX&m\
X\x22RIA,-<O^$ub4%r\
s!3uX'V)\x22^mh;MoS\
^3KD3-&D#O_7a`JY\
[4Xoi9GZ+7$$uLUD\
0O=b:tEc3X2qu8t\x22\
N3Eb\x5c1ALLcR@=W@M\
@%=TrR=AXkV;DF.:\
:P++Z;A9\x5c+NEQID2\
`br?Y@<r;n\x5cmdk<T\
K[G#E4r@c_)a`MR(\
<]l>^(BmK*EdJ&]d\
Q[cRf@Loc_\x22[%39c\
+LbD2)QGPbe@qr\x22V\
0lf&C<P`?]]TNaO^\
D7p+_(a'APL?/_gr\
N).ej=sbbpNaAX'!\
bS0[3bQbs?pq=qaL\
n1VJ4H4]cBbE?\x22=P\
D&s$#KocS[JjT+/g\
_*\x22ni>\x22En\x22,F-@S*\
DQ)Dc3_gA+c]]RYK\
n4uW70H^$:'h=n[H\
p89A#V5g<'*1pN?K\
Rj]L=tf::p5KPP8h\
V+MQt<KPL]cIgLcE\
fc$25VqpL=2EJT)R\
9S!\x5cZoPk0,D#Z/BE\
+?V[cl%uuNEnJP\x22Q\
*WF1,AV\x22[!^SHmiR\
5`m0$0s@gPq)oY$i\
sFP,o&GUK4P)EdbG\
A=eq7@[FNnkIIom^\
\x226iXPM!N4jPh\x226$,\
PX*='S\x22GUP3+pOEO\
76\x5cC;_0F/;7:P_CO\
#;!Zh6\x5c!67Nh0n;C\
00#Z!T#XV/FM%?MQ\
KOdRE:=$DBD$erIV\
&JZ5bIG#(3orhC<b\
/d7\x5cA3P3Z1iS\x22C4X\
ApON@`<Sbb;o#QHu\
]-2.-C`5g2K0o?j^\
XIQULCcp&fak)Z5?\
\x22b>\x22XhrI-@Gt@oc-\
3AtE+DR)/biCLph:\
jNb7,\x5cc*#Q#HWar\x22\
WeeoE!BPlU>gLTN.\
OT--6m+,NVYJ:Vh>\
oLD,73Db&P`XN:_^\
DDKC'jf\x5cNp5:]rV0\
f=Su(2Ar(Gh8-TUA\
Bp$:H3Y[BsO%OSi&\
GB_h&fs#oES)pSF$\
OA4'ga+TZi(alXg=\
Y?$8@+1rZVfVi6M!\
\x227SjNhMLTI)B(T>*\
<e\x5c>,\x22d:+'q\x22Hu@\x22\
Wi5cipjl2$I,/!+I\
gf]IgL@dA3YZ'b7I\
%8>QFMu5\x5ci81a[8&\
#J4XE@@j#R[:1p1D\
\x5cA^?(F(j5I^CHo(J\
XY=9IBJ/CsSFiNb'\
9s%j5DCf@LD1.tTq\
Np:U!XC>U&/480Gp\
]mM\x2265mK*t!(@5R'\
2j'K6N7(a(E9T4+\x22\
8FoQ9-8`$T_/[BW,\
mFqG+K1JHK;6r9Gn\
ir,*8Qf=Kf5?*i=_\
pU_<KtYheP2kPL^8\
,_l\x22#>`ZEjd$%iQo\
!pg-n..e93l%^$\x22o\
H^-sEFUW\x225D_)n\x5cS\
J#8\x5c8C^6P!Cf?`b2\
@i/J73a*`Z%\x220`6M\
I92=mc$uj$p8][Si\
,Wg[?M3IRk10Y7\x22L\
5?rL#7BE5;#~>end\
stream\x0aendobj\x0a70\
 0 obj\x0a<<\x0a/Filte\
r [ /ASCII85Deco\
de /FlateDecode \
] /Length 471\x0a>>\
\x0astream\x0aGarW66#Y\
d+&;BTP(%7Ma<>Gj\
JH]MC=Q)aP>Q=DR#\
-4s5dM4LU1^[FG9G\
,)/N#/=Rf1S687Bo\
)>%\x227Xq%pPj]bYU^\
!u'^RucD7-F_l(jH\
c['CFFKk:^!$d,4u\
0B$nVOb<Ea>qc^LO\
JTT4J`jLYRn[POp6\
ft6qqsS_O2:9`T/L\
CXWp[+Y`X\x5cJUb+$)\
:&E;Q-Id26BFpF)U\
]C=f)l)QWNIU^'\x22?\
X`-.fHlOGK!dTRCs\
9WtZW:hkK!h]p\x5cu+\
$I\x5cl$\x22j881[_[1+p\
D2O?6jO4F00ab#A9\
IcQ!?88=1:SDb#+d\
pTRt)S4Y:5qI'AVs\
P:ui`\x5cZ))n(68Q%k\
5@\x22$rf]eff3]3%*i\
dK\x5cHVO1TlB[\x5cWDiQ\
[\x5cI1O8>\x5c?ePlh2rR\
/2I,nWOp<ouo12(K\
Mb4I6$oeSI7G.r^?\
OAk%hrGOgWWefFb+\
F\x5cnNE2D_$ONJs0\x5c(\
6J^S!,VOZDUPs)X3\
.7H2L$Ac@5,N?~>e\
ndstream\x0aendobj\x0a\
71 0 obj\x0a<<\x0a/Fil\
ter [ /ASCII85De\
code /FlateDecod\
e ] /Length 1847\
\x0a>>\x0astream\x0aGau`T\
flGh*'Rf^Wgd``7=\
FrWh\x5c$elW9JU`g]l\
YSS0F>kJ:k6F%M>d\
*1(DJ=@[M1Vm4!*.\
0!8Q\x5ckm8/C^r!<&+\
fF\x5c\x22eTH@MH&cjSM,\
U+n9`G9e63;[YAFs\
iKh9Ca2APkqX$qPh\
7nCjTTV\x22^t*7iT3r\
'k8DgN1Pc^>#0>L`\
HLQP_J^<lh-iNt6>\
,kbo6;+?9qgPp&V0\
kUf2(bE*lF6P67\x22(\
5Q;tYSJrQsrp^;pu\
Y6kZ>FElnRu3?L%i\
_b7V-<%=pB[U?M.D\
/G8Ipj&irlT&Q'Od\
GI[MWlA2]K5Yi/.#\
4iP62][@3e70d(A2\
]N\x22`Ii-qh3@6ie&<\
rH2)RR*,0Zp3e;U!\
PNhEI9nLr^[Ul@;q\
1Y9mX8$+AC8PZ19I\
:fDCdZ&2P\x22U:=rL:\
n.Z'4eDIXqtiXR.H\
(lr\x22XL:3XenSbCdX\
Agu`F07H+>ITb+8W\
qh#(UDEU)VrIA_.A\
ag2QcnQ)nI&S;.g_\
f2K([IBD'EK3k9u^\
Q)lQCagE-HWJV#hD\
7%\x5cE^Qri9e?/A'L+\
,l@0Li<,!i&D<Q_%\
FbpQM4;R%8p0\x22S.o\
RZ\x5cdZ/bT=<M=[h:%\
O,g\x22He8tJB+JU@2q\
Xf&f18po*l-,mC8?\
f\x22=U\x5cDL/afVSf`5'\
L6+AVe@4F[<iP\x22(q\
kjSito1WlFp8;HqZ\
p:TDl0\x5cSWfpgXJLU\
Zu&5jXn/10;Yghh`\
j-$/u*Yt\x5ciap5b8F\
X1Pl?ITDldZVX';l\
ag1uDupA0FY@IStW\
`1A'rn7/?n8,W-da\
gu[``:QOM`@3a/YO\
Nh+KB2WqbZ\x22%f,C^\
X)XOS7IFbPk>I\x22gJ\
NR@!&mT4[.q@3\x22>V\
F#SY;SgeRF%%Uh5m\
gZqjiA/]K@Db>)fU\
j.R*'#36THR%=YT1\
+\x22\x227>@P:)lqdYSoE\
OA@d=l^C`kZO\x22X]l\
/d<i_mZ;^@[,(WTF\
=QH>*9Ck.Gp))\x5cru\
&giBVnV<n\x22ogHHg0\
n2Ko^CGGn>:aE9)^\
#ikQ'l>(\x2276iOa`t\
_sZctc51g(;a4rNa\
aknsF?FB=CNqmA<+\
8\x5cD4?\x22d,2C(#rh12\
JDXW2!GcYb>ZrpGk\
J5+?TL9CX.@l]:VE\
rij=A-qi[/\x5cV9.U[\
B3DD+04a6DYf`%&I\
):i6QNd9`2OXA1:,\
<5-o_Lj\x221f0AGhN>\
hd0!hBNsECj#6&@3\
UXk`6M/:!b:5n>_!\
'H,,8GGM+Q2_#@%j\
VQg9@Z[\x5c7iULoW03\
mu>2AC3];0JC&$+9\
$?>XeX/H>bd9>0WU\
Oh<D9!t3RHcO*/X<\
lcdkW*4N>)m_6A;O\
GXEHQDPF\x22V\x5c9oXb]\
b$H;SgD1(G(?/MCL\
l]iE%mqWK6,Z*fn=\
D`,oE$'ssiouL\x22W`\
]cJR*DbM6)C2cU[]\
7oeG%DddcWXIOZ91\
D_8'$><s#f?i&;Ns\
d?1P&?8i(7S@#Y[q\
.V]Bo$ek,]4K2-T'\
;sYdXm6!KH]fA/js\
Jb?0R!Zk?>t4SG?m\
J?YtVDMk/1k:YJBb\
tnB;IE_k1F]P^HE1\
%o^Oe>q3LU!6o;Td\
N/+CK(3VVFDUSXEo\
O2g)2Y/'`aBL%d1;\
tTpZ\x22QA3W!$g6#Gg\
`>Q3OFm1:#8K+%>K\
es<bM/(_Ee\x5c@=V%0\
kg%s47i:\x22+H]EYs8\
V4*\x5cn&bQbTDbh>p+\
nl1C_$E%kLQAS>jD\
]NF!L9`1(G@Dd8c9\
*[\x5cGR_2J5VoV#3=j\
,pq_L*<k>h;Dur+A\
B8cI@c`TpUp_o_)!\
o>eu)2U3Qhccf]Kd\
Tb'bPQl'N#I1lF]:\
EsJsDo)BtkBq/cPE\
O18la6lTP((:GH2I\
4es[d/j30chhXrVH\
fT]g8A'?2dsRhssh\
b=176E/nB)A_O<,`\
<BR4IaD@]hhrgaI=\
)XrlK`iY.lpfht#f\
lXFU9%0oV(>DsFB:\
Cd),K2R4sCT9s.9,\
o[$H(b5BQT0f@&F-\
~>endstream\x0aendo\
bj\x0axref\x0a0 72\x0a000\
0000000 65535 f \
\x0a0000000061 0000\
0 n \x0a0000000116 \
00000 n \x0a0000000\
223 00000 n \x0a000\
0000418 00000 n \
\x0a0000000613 0000\
0 n \x0a0000000808 \
00000 n \x0a0000001\
003 00000 n \x0a000\
0001198 00000 n \
\x0a0000001393 0000\
0 n \x0a0000001588 \
00000 n \x0a0000001\
784 00000 n \x0a000\
0001980 00000 n \
\x0a0000002176 0000\
0 n \x0a0000002372 \
00000 n \x0a0000002\
568 00000 n \x0a000\
0002764 00000 n \
\x0a0000002960 0000\
0 n \x0a0000003066 \
00000 n \x0a0000003\
262 00000 n \x0a000\
0004034 00000 n \
\x0a0000023169 0000\
0 n \x0a0000023428 \
00000 n \x0a0000024\
761 00000 n \x0a000\
0024848 00000 n \
\x0a0000025129 0000\
0 n \x0a0000025204 \
00000 n \x0a0000025\
334 00000 n \x0a000\
0025442 00000 n \
\x0a0000025557 0000\
0 n \x0a0000025704 \
00000 n \x0a0000025\
798 00000 n \x0a000\
0025914 00000 n \
\x0a0000026022 0000\
0 n \x0a0000026169 \
00000 n \x0a0000026\
277 00000 n \x0a000\
0026388 00000 n \
\x0a0000026486 0000\
0 n \x0a0000026646 \
00000 n \x0a0000026\
761 00000 n \x0a000\
0026877 00000 n \
\x0a0000026992 0000\
0 n \x0a0000027110 \
00000 n \x0a0000027\
254 00000 n \x0a000\
0027357 00000 n \
\x0a0000027473 0000\
0 n \x0a0000027638 \
00000 n \x0a0000027\
738 00000 n \x0a000\
0027855 00000 n \
\x0a0000027963 0000\
0 n \x0a0000028128 \
00000 n \x0a0000028\
223 00000 n \x0a000\
0028333 00000 n \
\x0a0000028429 0000\
0 n \x0a0000028570 \
00000 n \x0a0000028\
691 00000 n \x0a000\
0028790 00000 n \
\x0a0000028946 0000\
0 n \x0a0000029252 \
00000 n \x0a0000030\
741 00000 n \x0a000\
0032605 00000 n \
\x0a0000034538 0000\
0 n \x0a0000035431 \
00000 n \x0a0000037\
389 00000 n \x0a000\
0038224 00000 n \
\x0a0000040257 0000\
0 n \x0a0000041704 \
00000 n \x0a0000043\
347 00000 n \x0a000\
0045454 00000 n \
\x0a0000046102 0000\
0 n \x0a0000048223 \
00000 n \x0a0000048\
785 00000 n \x0atra\
iler\x0a<<\x0a/ID \x0a[<0\
2a8db45cfd1880d4\
346affb792a52cd>\
<02a8db45cfd1880\
d4346affb792a52c\
d>]\x0a% ReportLab \
generated PDF do\
cument -- digest\
 (opensource)\x0a\x0a/\
Info 24 0 R\x0a/Roo\
t 23 0 R\x0a/Size 7\
2\x0a>>\x0astartxref\x0a5\
0724\x0a%%EOF\x0a\
\x00\x00\xc5\x8b\
%\
PDF-1.4\x0a%\x93\x8c\x8b\x9e Re\
portLab Generate\
d PDF document (\
opensource)\x0a1 0 \
obj\x0a<<\x0a/F1 2 0 R\
 /F2+0 22 0 R /F\
3 17 0 R\x0a>>\x0aendo\
bj\x0a2 0 obj\x0a<<\x0a/B\
aseFont /Helveti\
ca /Encoding /Wi\
nAnsiEncoding /N\
ame /F1 /Subtype\
 /Type1 /Type /F\
ont\x0a>>\x0aendobj\x0a3 \
0 obj\x0a<<\x0a/Conten\
ts 57 0 R /Media\
Box [ 0 0 612 79\
2 ] /Parent 56 0\
 R /Resources <<\
\x0a/Font 1 0 R /Pr\
ocSet [ /PDF /Te\
xt /ImageB /Imag\
eC /ImageI ]\x0a>> \
/Rotate 0 /Trans\
 <<\x0a\x0a>> \x0a  /Type\
 /Page\x0a>>\x0aendobj\
\x0a4 0 obj\x0a<<\x0a/Con\
tents 58 0 R /Me\
diaBox [ 0 0 612\
 792 ] /Parent 5\
6 0 R /Resources\
 <<\x0a/Font 1 0 R \
/ProcSet [ /PDF \
/Text /ImageB /I\
mageC /ImageI ]\x0a\
>> /Rotate 0 /Tr\
ans <<\x0a\x0a>> \x0a  /T\
ype /Page\x0a>>\x0aend\
obj\x0a5 0 obj\x0a<<\x0a/\
Contents 59 0 R \
/MediaBox [ 0 0 \
612 792 ] /Paren\
t 56 0 R /Resour\
ces <<\x0a/Font 1 0\
 R /ProcSet [ /P\
DF /Text /ImageB\
 /ImageC /ImageI\
 ]\x0a>> /Rotate 0 \
/Trans <<\x0a\x0a>> \x0a \
 /Type /Page\x0a>>\x0a\
endobj\x0a6 0 obj\x0a<\
<\x0a/Contents 60 0\
 R /MediaBox [ 0\
 0 612 792 ] /Pa\
rent 56 0 R /Res\
ources <<\x0a/Font \
1 0 R /ProcSet [\
 /PDF /Text /Ima\
geB /ImageC /Ima\
geI ]\x0a>> /Rotate\
 0 /Trans <<\x0a\x0a>>\
 \x0a  /Type /Page\x0a\
>>\x0aendobj\x0a7 0 ob\
j\x0a<<\x0a/Contents 6\
1 0 R /MediaBox \
[ 0 0 612 792 ] \
/Parent 56 0 R /\
Resources <<\x0a/Fo\
nt 1 0 R /ProcSe\
t [ /PDF /Text /\
ImageB /ImageC /\
ImageI ]\x0a>> /Rot\
ate 0 /Trans <<\x0a\
\x0a>> \x0a  /Type /Pa\
ge\x0a>>\x0aendobj\x0a8 0\
 obj\x0a<<\x0a/Content\
s 62 0 R /MediaB\
ox [ 0 0 612 792\
 ] /Parent 56 0 \
R /Resources <<\x0a\
/Font 1 0 R /Pro\
cSet [ /PDF /Tex\
t /ImageB /Image\
C /ImageI ]\x0a>> /\
Rotate 0 /Trans \
<<\x0a\x0a>> \x0a  /Type \
/Page\x0a>>\x0aendobj\x0a\
9 0 obj\x0a<<\x0a/Cont\
ents 63 0 R /Med\
iaBox [ 0 0 612 \
792 ] /Parent 56\
 0 R /Resources \
<<\x0a/Font 1 0 R /\
ProcSet [ /PDF /\
Text /ImageB /Im\
ageC /ImageI ]\x0a>\
> /Rotate 0 /Tra\
ns <<\x0a\x0a>> \x0a  /Ty\
pe /Page\x0a>>\x0aendo\
bj\x0a10 0 obj\x0a<<\x0a/\
Contents 64 0 R \
/MediaBox [ 0 0 \
612 792 ] /Paren\
t 56 0 R /Resour\
ces <<\x0a/Font 1 0\
 R /ProcSet [ /P\
DF /Text /ImageB\
 /ImageC /ImageI\
 ]\x0a>> /Rotate 0 \
/Trans <<\x0a\x0a>> \x0a \
 /Type /Page\x0a>>\x0a\
endobj\x0a11 0 obj\x0a\
<<\x0a/Contents 65 \
0 R /MediaBox [ \
0 0 612 792 ] /P\
arent 56 0 R /Re\
sources <<\x0a/Font\
 1 0 R /ProcSet \
[ /PDF /Text /Im\
ageB /ImageC /Im\
ageI ]\x0a>> /Rotat\
e 0 /Trans <<\x0a\x0a>\
> \x0a  /Type /Page\
\x0a>>\x0aendobj\x0a12 0 \
obj\x0a<<\x0a/Contents\
 66 0 R /MediaBo\
x [ 0 0 612 792 \
] /Parent 56 0 R\
 /Resources <<\x0a/\
Font 1 0 R /Proc\
Set [ /PDF /Text\
 /ImageB /ImageC\
 /ImageI ]\x0a>> /R\
otate 0 /Trans <\
<\x0a\x0a>> \x0a  /Type /\
Page\x0a>>\x0aendobj\x0a1\
3 0 obj\x0a<<\x0a/Cont\
ents 67 0 R /Med\
iaBox [ 0 0 612 \
792 ] /Parent 56\
 0 R /Resources \
<<\x0a/Font 1 0 R /\
ProcSet [ /PDF /\
Text /ImageB /Im\
ageC /ImageI ]\x0a>\
> /Rotate 0 /Tra\
ns <<\x0a\x0a>> \x0a  /Ty\
pe /Page\x0a>>\x0aendo\
bj\x0a14 0 obj\x0a<<\x0a/\
Contents 68 0 R \
/MediaBox [ 0 0 \
612 792 ] /Paren\
t 56 0 R /Resour\
ces <<\x0a/Font 1 0\
 R /ProcSet [ /P\
DF /Text /ImageB\
 /ImageC /ImageI\
 ]\x0a>> /Rotate 0 \
/Trans <<\x0a\x0a>> \x0a \
 /Type /Page\x0a>>\x0a\
endobj\x0a15 0 obj\x0a\
<<\x0a/Contents 69 \
0 R /MediaBox [ \
0 0 612 792 ] /P\
arent 56 0 R /Re\
sources <<\x0a/Font\
 1 0 R /ProcSet \
[ /PDF /Text /Im\
ageB /ImageC /Im\
ageI ]\x0a>> /Rotat\
e 0 /Trans <<\x0a\x0a>\
> \x0a  /Type /Page\
\x0a>>\x0aendobj\x0a16 0 \
obj\x0a<<\x0a/Contents\
 70 0 R /MediaBo\
x [ 0 0 612 792 \
] /Parent 56 0 R\
 /Resources <<\x0a/\
Font 1 0 R /Proc\
Set [ /PDF /Text\
 /ImageB /ImageC\
 /ImageI ]\x0a>> /R\
otate 0 /Trans <\
<\x0a\x0a>> \x0a  /Type /\
Page\x0a>>\x0aendobj\x0a1\
7 0 obj\x0a<<\x0a/Base\
Font /Courier /E\
ncoding /WinAnsi\
Encoding /Name /\
F3 /Subtype /Typ\
e1 /Type /Font\x0a>\
>\x0aendobj\x0a18 0 ob\
j\x0a<<\x0a/Contents 7\
1 0 R /MediaBox \
[ 0 0 612 792 ] \
/Parent 56 0 R /\
Resources <<\x0a/Fo\
nt 1 0 R /ProcSe\
t [ /PDF /Text /\
ImageB /ImageC /\
ImageI ]\x0a>> /Rot\
ate 0 /Trans <<\x0a\
\x0a>> \x0a  /Type /Pa\
ge\x0a>>\x0aendobj\x0a19 \
0 obj\x0a<<\x0a/Filter\
 [ /FlateDecode \
] /Length 681\x0a>>\
\x0astream\x0ax\x9cm\xd5Mk\xdb@\
\x14\x85\xe1\xbd~\x85\x96-]\xd8\xa3\xfb\x95\x821\xa4\
I\x03Y\xf4\x83\xa6t\xaf\xd8\xe3\xd4\xa5\x96\x85l/\
\xf2\xef;\xc7\xc7$C[\x81}_!\x0d~\xc0\x8b\
;\xbb\xb9\xbf\xbd\x1f\xb6\xc7v\xf6u\xda\xaf\x1e\xf2\xb1\
\xddl\x87\xf5\x94\x0f\xfb\xd3\xb4\xca\xedc~\xda\x0eM\
\xea\xda\xf5vu\xbc\xdc\x9d\xbfW\xbb~lf\xe5\xf0\
\xc3\xf3\xe1\x98w\xf7\xc3f\xdf,\x16\xed\xec[yx\
8N\xcf\xed\x9b\xeb\xf3\xf5\xee6\xff\xea\x7f\x9c\x1e\xfa\
\xe1\xf0\xb6\x99}\x99\xd6y\xda\x0eO\xff\x7f\xfap\x1a\
\xc7\xdfy\x97\x87c;o\x96\xcbv\x9d7\xe5'>\
\xf5\xe3\xe7~\x97\xdb\xd9?G^_\xf8\xfe<\xe6\xb6\
;\xdf'*W\xfbu>\x8c\xfd*O\xfd\xf0\x94\x9b\
\xc5|\xbel\x17q\xb7l\xf2\xb0\xfe\xebY\xea\xaex\
\xe6q\xb3\xfa\xd9O\x97w\xe7\xe5Z\x96N\xa5\xbby\
\xd7\xa1\xbbs'EK\xf5\x8eVmU{\xd5Q\xf5\
U\xd5\xef\xab\xbe\xae\xfaC\xd57U\xdfV\xfd\xb1\xea\
\xbb\xd7N\x95?\xa5\xaa\xbb\xaa+\x7f\xaa\xfc\xa9\xf2\xa7\
\xca\x9f*\x7f\xaa\xfc\xa9\xf2\xa7\xca\x9f*\x7f\xaa\xfc\xa9\
\xf2\xa7\xca\x9f*\x7fG\x7fwn\xfa\xcb(M\xff\xf9\
\xbf\xe8\xe8/\xa34\xfd\x1d\xfe\x97\x8e\xfe2J\xd3_\
Fi\xfa\xcb(M\x7f\x19\xa5\xe9/\xa34\xfde\x94\
\xa6\xbf\x8c\xd2\xf4\x97Q\x9a\xfe2J\xd3_Fi\xfa\
\xcbh\x16B\xbf\xc0/\xf4\x0b\xfcB\xbf\xc0/\xf4\x0b\
\xfcB\xbf\xc0/\xf4\x0b\xfcB\xbf\xc0/\xf4\x0b\xfcB\
\xbf\xc0/\xf4\x0b\xfcB\xbf\xc0/\xf4\x0b\xfcB\xbf\xc0\
/\xf4\x0b\xfcB\xbf\xc0/\xf4\x0b\xfcJ\xbf\xc2\xaf\xf4\
+\xfcJ\xbf\xc2\xaf\xf4+\xfcJ\xbf\xc2\xaf\xf4+\xfc\
J\xbf\xc2\xaf\xf4+\xfcJ\xbf\xc2\xaf\xf4+\xfcJ\xbf\
\xc2\xaf\xf4+\xfcJ\xbf\xc2\xaf\xf4+\xfcJ\xbf\xc2\xaf\
\xf4+\xfcF\xbf\xc1o\xf4\x1b\xfcF\xbf\xc1o\xf4\x1b\
\xfcF\xbf\xc1o\xf4\x1b\xfcF\xbf\xc1o\xf4\x1b\xfcF\
\xbf\xc1o\xf4\x1b\xfcF\xbf\xc1o\xf4\x1b\xfcF\xbf\xc1\
o\xf4\x1b\xfcF\xbf\xc1o\xf4\x1b\xfcN\xbf\xc3\xef\xf4\
;\xfcN\xbf\xc3\xef\xf4;\xfcN\xbf\xc3\xef\xf4;\xfc\
N\xbf\xc3\xef\xf4;\xfcN\xbf\xc3\xef\xf4;\xfcN\xbf\
\xc3\xef\xf4;\xfcN\xbf\xc3\xef\xf4;\xfcN\xbf\xc3\xef\
\xf4;\xfcA\x7f\xc0\x1f\xf4\x07\xfcA\x7f\xc0\x1f\xf4\x07\
\xfcA\x7f\xc0\x1f\xf4\x07\xfcA\x7f\xc0\x1f\xf4\x07\xfcA\
\x7f\xc0\x1f\xf4\x07\xfcA\x7f\xc0\x1f\xf4\x07\xfcA\x7f\xc0\
\x1f\xf4\x07\xfcA\x7f\xc0\x1f\xf4_6\xc4e\x13`W\
`\xcf\xbd\xec\xa0\xd5i\x9a\xcaz:/\xc3\xf3\xe2\xc1\
\xca\xd9\x0e\xf9e_\x8e\xfb\x11\xa7\xf0\xf9\x03K~\x9e\
\xacendstream\x0aendob\
j\x0a20 0 obj\x0a<<\x0a/F\
ilter [ /FlateDe\
code ] /Length 1\
8694 /Length1 35\
584\x0a>>\x0astream\x0ax\x9c\
\xed\xbd\x09|\x14E\xf68^\xd5\xd5\xdd\xd3\xd3sO\
fr\x1f\x9d\x8b\x10\x08IL\xb8A\x98\x04\x02\x04\x02\
\xc4\x10\xc2\xa1h\x86\x1c$\x08\x99\x98\x83S\x96K\x12\
\x104 \x04\x04\x11\x22\x02\x02\x22\x22\xb2\x18\x10\x155\
\x8a\x8a\xec\xea\x02\xbb\xcb\x82\xeb*(\xba\x22\xb2~\xd9\
\x15!i\xfe\xaf\xaagr \xba\xae\xba\xc7\xef\xf3\xf9\
g\xe8\xe9\xee\xea\xaaW\xef~\xaf^W\x02\xc2\x08!\
\x13Z\x80\x08\xca\x1e=&)eB\xb7\x19\xdd\xa0\xe5\
,\x1cy\x05\xd3\xdd\xe5\xfa\x03\xf2l\x84pw8\xfc\
\x0bfT)\xa84\xac\x0fB\x5c\x16\xdc\xab\xc5\xe5S\
\xa6\xdf\xd7}\xc6T\x84x\xb8GOO\x996\xbb\xf8\
\xc9\xe4t\xe8\xcf_E\xc8\xb5\xbb\xa4\xc8]\x88\xae\xdd\
Q\x86P\xc6Vx\xde\xb3\x04\x1a\x8c\x8d\xe2\xf3pO\
\xe1\xc7\x94L\xaf\x9a\xf5\x87\xbbz\xd6 4\x04n\xf1\
\xd2i\x9e\x02\xf7W[\xfe\xb2\x05\xa1\xa1K\xa1\xe1\xcd\
\xe9\xeeY\xe5\xfco\xc5\xfb\x10\x1a\x96\x0d\xf7J\x99{\
zQ\xc4\xb4\x91\x0dp_\x8e\xd0\xedR\xb9\xa7\xb2\xea\
\xc6B4\x11\xa1%\xb3\xe8\xf3\xf2\x8a\xa2\xf2~\xba\xbf\
\xc1\xe5\x92G\x11\x12J\x10\xe6\xcdx%\x12\xe0:U\
X\x0f3\x84kg\xf2\x07T\xcc\xd9\x81\x0a\x83H\x88\
\xc4s\x1c\x7f\x01\x95\xdd\xf8\x1dj\xb9!\xc7\xe4\xc7\xf3\
H1f\x17g\x14\x22\x17Rn\xdc\x10\x1d\xaa\x03o\
\xd0M\xc7\xe7\xf2\x11\xbe\xf1\xe1\x0d\xa4\xfd`\x84\xd9\xd9\
\x88D,\xb3\xab\x05\xac\x95C?\xfd\x87 \x1ep\x15\
\x91\x0eIH\x8fdd\x00\xe8&dF\x16dE6\
dG~\xc8\x81\x9c\xc8\x1f\x05\xa0@\x14\x84\x82Q\x08\
\x0aEa(\x1cE \x05E\xa2(\x14\x8dbP,\
\xea\x84\xe2Pg\x14\x8f\xba\xa0\xae(\x01uC\x89(\
\x09%\xa3\xdbP\x0aJE\xddQ\x0f\xd4\x13\xf5B\xbd\
Q\x1f\xd4\x17\xf5C\xfd\xd1\xedh\x00\x1a\x08\x94\xa6\xa1\
t4\x08\x0dF\x19 \x8a\xa1h\x18\xcaD\xc3\xd1\x08\
\x94\x85F\xa2Qh4\xcaFw\xa0\x1c4\x06\xe5\xa2\
\xb1(\x0f\x8dC\xe3\xd1\x04\xe0\xfa\x9d\xe8.4\x09\xdd\
\x8d\xeeA\xf9\xc8\xcd\x98\xd2\x035\xa2c\xf0y\x15\xed\
B\x1b\xf1v\xb8+\x86\xe6\xfb\xa0\xa5\x81\xdb\x87\x96\xa0\
jhy\x1d\x1f\xc3\xcb\xb8n\xd0\xb6\x1d]F'\xa0\
g-:Fv\xf1\x08\x0f\x07\x0c\x8fA\xff\xd3\x02\x87\
\xae\xe0\x5c\xb4\x1f`\xf4\xc1\x0e\xdcG'\xf2\x88\x1f\xc5\
\xef\xe7s\xf8F\xfe\x02\x7f\x1c\xf5\xe2+\xf9\xe3|>\
_\x89S\xc9\x16!O\xd8\x0eG\x1f\xf2\x06\xc8\xf4m\
\xe0F#\xfe\x10U\xa2C\xe4s\x92J\x0e\xf3\x83y\
3\xfa\x90\x1c'\xbb\xd0'0\x0b\x0f\xf0\x8f\xa1:\xb4\
\x15\xcd\x05\x5c\x1c\xd8\x83\xe6ss\xb9\x1ch9*\x1c\
G\x1b\xe0\xe3\x81\xe7\xc7\xf1&|\x02\xb0;\x84\x17\xa3\
S\xe8Q\xc2s\xc3\xd0&|\x0a\xe8:\x86\xfe\x81\x16\
\x93\x5cn>\x88+\x95+\x06\xfc\x8f\x02\xac\xe30~\
\x03\xaa\x04\xf1\x9d\x02mP\xb9\xae\xd0\x06\xd8\xc3\x5c\x93\
\xd9w\x18\xe9&\x9cb\x9f\xcbh>\xcc\x9c\x8b\xb6\x8a\
\x8d\xa2C\x17\x0d\xb3P\x8em\xc7\xaf\xe3\x8b\xe2j\xd4\
\x80N\x90\xbb\xc8}\xe4\x0c^\xc2G\xf3;\xf8a\xa8\
N\xe3\x00\xc9Gu\x00{\x03\x1d#\x16\xe3\xd9@;\
\xfd\xcc\xa5\xd0\xb9\x99|>\xde\x85>\xe7\xf3u\x93\x01\
\xf6\x1b\x94\x22\x98s?\x97\x03\x14\x15\xa3\xc3p\xcc\x14\
\xad@S?\xbc\x84,\x03L\xe9\xd30t\x5c7\x9c\
O\x82\xf1\x00A7\x0f\xa8F\xc8Cz\xa0\xa9p5\
\x17\xedA\xfbP7\xb2\x16\xd5\x01$F\xaf\xd8K\xf8\
\x07\x8c\xdc\xc8\x7f\x044\xd7\xe1\x87\xb8\x7f\xa0\xe3d0\
hY1\x7f\x09x\x0d\x8a\x89\xd6\x22\xf4\x82N\x14x\
\xc2a\x94\xa0X\xf7r\xb1\x99\x85{]w\x8cW\xde\
\x9a\x10\xd9-\xe1\xa6[\xc5\xaaS\xf6\xa2\xec\xbd\xa6\xd9\
J\xe3\x8d\x1b\xd9\xe3\xf9\x10a\xc2^!t/\x89\x95\
\xf6\xf2\xb1\xd1\x1f}\xdf\xc3\x8f\xba%\x8c\xc8\x1e\xaf\xec\
m\xc9\x18\xec\x85\x9a\x91?\x18\xda\xc6\x8c\x87Kz\x07\
\xcd\xd0\x9e1\x98=\xa3\x93\xee\x15b\xe1_f\xfe^\
\xa5\xa0Dy\xd0\xfa`t\xdf\x07\xadE}\xc1\xc5q\
\xa8X]\xcb\x17\x0b[\xc1\xeet(\xd8e\xe4\xaf#\
\xf1:\x96\x84\xf9\x1c\x8f\x92\x9aN^\xbc\x0dYO^\
<y1\xd9\xcf\x16i\x8b\x8d\xb4E\x16\xf3\xa8\xb9\x92\
\x844\x7f\xa2\xae\xd5\x99\xaf~]!\xc6#\x8cS\xf1\
\xfbd\x09\x1f\x09\xb6j\x7fA\x7f\x94\x18\xc5\xbb\x90\xd1\
\xea\x1d\x9b\x8c\xbb\xf7LM\xf1w:\xc4\xe8\xa8N8\
\xf5\x99_\xdd\xff\xf4\xeey\xf3vs\xd7\xee\x7f\xfa\xe9\
\xfb\xe7\xed\xdeM\xfdE!\xfe\x5c\xb7\x91\x9b\x0d8X\
~\xcd\xedD<FI\xefj\x83\xfd\x22\x9d\x91\x85\xba\
\xdeW\xdf\xe2f\xaf\xa4\xc6\xc5\x81u\x01\xd2\xc2)\xe8\
\xabG=\x5c\x16\x1dZ\xcc/\xe4$\x9d\x80\x09h\xb5\
lm\x1e\xb1\xd7\x90;\xfe B7\x8e\xf4\x9e\xd0\xff\
bJ\x9f>\xb7\xa1\xa4\xf3\xcd\xef&\xe3\x03\xc8\xa0\x18\
\xb2\x0ddRl\xaa3\xda\x96j#\xd1\x04\xf78v\
\xec\x98c\x8bSU\x85S-\xf7\xa9\x8f\xe1\x226\x07\
z\x83\xec\xe2>gs\xe8P\xba\xcb\x22\xe0\x07x\xb4\
P\xe2\x05\x11\x09\x1c/\xd19\xec\xb9#\xf6\xfa\xe5\xde\
\x09\x13qt\xa2\xe6\xb3\x94\xd8+0_2vY\x92\
\xf5.}\xb6>__\xaeo\xd0\xbf\xa2\xd7M\xc2\xb6\
h\xe0^\xb4\x0d{vq1\xbb`\xaaS\x5cWz\
\xb0\xb96!$\x06\x08/\xc3\x5c\x11(\xdfu[\x88\
\x01\xd5\xea\xf80\xbd\x10d\xe2j\x03\xfc,N[D\
xhHp\x000\xd0\xcfn\xb3\x9aMF\xbd\xe4S\
\xb0`9PT\xac\xcd\xef\x06P\x1a\xfb\x9f\xec\xdf\xbf\
\xb9?\xfdnJ\xb9\x98\x92\x92\xec\xb2\x19\xb0\x813\x18\
\x0d&\x07\x1fl\x0b\xb6;\x22$<\x09G\x92H\x03\
\x8e\xf4K%\xc0WvD\xfb\xb1\xa3G$;\xf8\x00\
\xf5\x83\x5c\x1c;\xb8\x04\xc7\x946L\xc1\xbd\xd5'r\
\xf0\x00\xf5\xb1\x92\x86)\xea\x99)O\x94\xa8o\xe0\xfc\
\x5c\xf5e\x5cZL\x96\xa8\xfbH\xad\xea\xc6\x9bU\xf7\
\x06u\xdfzu2\xdeD\x8f\xf5x\xd4\x06\xbc\x99z\
\xf1]\xea\x09~\xba\xe8\x00\x9f\xdc\x19|\xefK\xae\xb1\
Q\x9cl\x90\xe3p\xa7\xce\x9c\xc1 \x87\xe1\xf0P.\
)>)\x84\x8b\x8fOJ\xf7\xb3Y\xa3\xe4\x90x>\
@\xd4w\x89\x14\xb8\x80\x1a\x7f\xb1F\xb0E\x07?\xe8\
\xbf\xcc\x8a\xba<(\x80\xa7\x94\xfc\xe5p]|\xb0\x1d\
\xc4\x1ee\xd5\x13\xac\xeb$\x99\x041\x99\xcaBO\xe5\
-P1\x8c\xd8k\x04\xb9Xs\xef\x1c\xb1\xd7\xc2\x84\
# \x17\xd5\x82+\x01\xfd\x9b\x03\xfa_9\x7f\x91\xea\
\xc2\xc5\xa6\x93\xe7/\xa64Y/Y/\xd9\xec}l\
}l\xf6\x008\xfa$\x83\xf9\xe8\xac\xfc\x97:\xab\xf9\
K[@\x9f\xd6\x13\xff\xe5\x84(\x1cM\x12q\x5c\x8f\
p\x1c`K\xc4=\xba\xf7\xec\xd5#\xd5\x097Nh\
\xb4\x85cPm\x1d\xb1\x99\xe1\xec\x1f`\x1b\x00\xcf;\
q\xfb\x0bq\xe9\xef\xa6\x16\xbf\xef\xf9\xe0\xed?\xbd[\
8i\xcf\x981\xcf\xdeu\xee\xf7\xe7~_X5\xe7\
\xbe\x8f\xe6/\x9c\xab\x9e\xc0\xdd\xb8n\xdd\xf6\xbb\xd20\
~+f\xf7\xda'\x0f\x9b\xbf\xf8\x8c\x8f\x08y\xb6K\
\x22\xaf\x8e\x8d\xde\xbfq\xe7\xeb\x16\x82\xf0\x06\xd3\xd4\xf1\
y\xf9\xa7\xd4\xd1\xb6\xb2\x89\xe3K\xa8n\x0a\xe8\xbe\x1b\
\xe7t\xf1\xe0A\x0d\x10\x01\xa3!\xca\xa5\xa2e\xae\x9e\
1\x96\xd8N\xb1\x9d,q1q\xe9\xe8\x11c\xf8#\
\x89\x0f\x05>\x12#>b|\xa8\x93}E\xe7\x98U\
\xdd\xe3\x22Cb\xf5\xc4\xe44\xebM\x96HSWs\
\x88\xc9r\x9b\xa1\xbb\xc6<j0wR\xce\xc1\x97\x83\
~\x99\xe9\x97\x89\xf1\xef6\xca\xd5\xa6\x8bW.Z/\
\xfd\xe3\x12e\x15h\x9a\xf5|\xca\x95\xfe\xe7Y\x8b\xf5\
\x92\xc65\xe1Kz\x00\x9f\xa2D`BjJO\xe0\
A\x9c\xcf\xe6\x81_\xed\xdbcSq\xb4_\xbbg\xc2\
\xfb\xe3\x0a\x0a\xc6\x8d-(\x18\xbb\xe9\xd0\x8b\x8f7\x1c\
z\xb1y]^\xc1\xe4q\xe3\x0a\x0a\xc9m\x0d\xcd\x13\
\x1b\x226\x1d~q\xf3\xe6\x83\x87\xb8Uk\x1eXT\
_\xbfhq\xfd\xfc\xb3/\xbex\xe6\xcc\x8b\x87\xcfp\
\xee\xfaE\x0f\xacY\xf3\xc0\xc2\xb5\xf3\xbf\xfd?\xd1t\
\xe6\xc5\x97\xfet\xe6\xf0\xa1\xb3\x9a\x0d/\xbcqNP\
\x81Oz\x94\x8c\x8f\xbb\xd6\x9a\xb0\xd9Xc\xb3\xdb\x0c\
5\xb2\xc1n\xb7\xe9k\x90\xde\xe9\xef\xd4aQ\xaa\xf1\
\xf7wr\x98\xe0\x9a\xb0\xf00T\xa3G\xe1\xe1aJ\
\x04\x17\x19n\x93\xfdd0;\x12\xe8\xb0\xf9\xc9:\x89\
\x13\xf56??\x99\xc3\x1cA\xda#.\xd0\x09O\x1c\
\xb45\xddn\xd0\x13\x11\xc9\xe1\xa4\xb3\xd3,v\x8e\x13\
\xeb\x03\xbb\xd6\xc7\xad\x89Y\x15\xb8\xc2\xec''\x1a\xcc\
z\x94hw\xc6\x99\xc3I\xa2=.\xd2l\xb3\x80\xd5\
\xd9C\xac\xb7Y\x9bA\x1bO^\xb4\xbe\xa91\x17\xb4\
\x91*$5\xe77\xcf\xff\xe3S\xe0\xaf\xf5M\xaa\xa3\
\x01\xf4_+\xab\x05M1;\x9c:\xb6I\xdf\xd1b\
\xda\xd2\xda:!j\x9f%\x05\xe3I\xae}:\x83\x10\
\xa5\x8f\x0fE\xa18\x82\x0b0tA]p'{_\
\xd4\xdd>\xd8p7\x9a\x80'\xcac\xed\x13\x83'F\
LH\x9e\x12>\x17=\x866\xe0\xf5\xdc:\xa9\xde\xb0\
\xdaY\xef_\x1f\xb5\xbe[\x84\xde\xa07J6c\x9c\
\xb1s \x17\xa2\x0f2\x04\x19\x83l\xa1\x8eP\xa7\x7f\
XDJ\x1c\x8a\xc3\xf1\xfah{\x17\xbf.\x8e\xce\xce\
\xa4\x94~\xfa\xee\xf6>~\x03S\x86\xeb\xb3\x1c#\x9c\
C\x82F\xa7\xe4\xe1\x89\xfa\x09\xc6\xb1\xf6\x09~wE\
\xdc\x932\xd5Xj\xcbO\xa9\xc6\xb3\x8dsl\xab\xd1\
j\xbc\x8e\xab\x176\xea6J\x9b\xa5\x0d\xfa\xc7\x0c\x1b\
\x8c+S\x1aR\xf6\xa6\xf4\x99\x84&afj\xa0M\
\xbd\xf4x\x00\xee\x95*r:\x1c\x1dg\xc6\xd1Q\x88\
\xda&\xb3P\x888\xd4<\xa3\x99\xe2\xe1\xaf\xef\x1c{\
\xb2\xe1\x9e\xed\x99\xea\x5c\xdc\xdc/]<d,\x99\x84\
\x03\x9a\xebJ\xce/\xfe\x9b\xfa\x9b\x9a\x9a\xe4\x94?7\
\x8e\xd96v\xdc\xa6\xc1\xa5\x8b\xfb\x91\xe8;\x9e\x18\xff\
\xc8k\x03]\x5c]\xcb\xd5\x09\xc7*\x1eP\xd5_\xa9\
\xe7VO\x18\x87\xfd\xfe\xb0\xe0\xa3\x82\x81\xf3\xfaoy\
#&\xe6@\xd2m\x9e\xf1\xa9S vA\xac\xc0\x1e\
\x16+z\xb9d\xfc\x00Z\xc8\xd3 \xc1\xdf\x22H\xb0\
\x10\x01\xf1\xd0er\x09\xd9B\xbeP.\xac\x14\x1a\x04\
\x91\x85\x07\x08\x0dZ\x5c`\xf9\xf3^\xf5kn\xaeh\
\x87\xbc\xb7\x97\xcb\x22>\x8a\xd6\x99M:D\xec\x22\xf2\
\x93\xcd\xd6\xb3\x14(\xc0\x945\x8fga\xd7\xd4\xcf\x9d\
O\xb9h\xa3\xe1\x0e\x94*\x19\x8b\x9c\xd3a\x0f\x88\xee\
\xc4\xf5\xe8n\xef\xc5\xcd\xadY\xb4xI\xc3\xda\xfa5\
\xebD\xfb\xa7\xea\x80\x0b\x17\xd4~\x9f|\x81\xdf\xfc\xcb\
\x87\xb8\xe9\x22\xcc\xb7\x15\xe6\xf3\xb0\xf9\x22 \xa2\xd2\xf9\
t\x18\x19\xec\xbc\x9f\x84`\xbe\xfeW\xda\xe0\xfa\xa5\xfa\
\xdb\x9d\x0eN\x17\xdd\xd3\xde\xa3;\xb7\x15@\xd6\xafm\
X\xb2x\xb1h\xbf\xa8\xf6\xff\xf0/j\xdf/>\xc1\
o\x5c\xb8\x80_ct\xdc\xce\x0d'\xaf\x83\x0d\xda\xd0\
(W\x82\xd5d@\xbcQ\xaf\xe3!\x84\x92\xf5\x82\xcd\
\xb8^\xc6\xe6Uv\xc9(\x13\xbdh#\x98p\xc8a\
\xe1\x0dz\x87I\xb4[O\xf6?\x9fr\x16\x8e\x00\xe6\
\x9e)\xe3NBpm\xba\x08\x0dp\x9f\x8cMX\x17\
\x0bl\x13\xe2\xba\xe1^\x02\x04\xf3X\xf2\xba\xba\x1eO\
\xe9\xab\xee\xadP\xf7\xf6\xc5S\xd4\xf5}qv\x05\xce\
\xe6?|\xed\xf5\xc9\xc7\xd4Z<\xfb\xd8\xe4\xd7_+\
8\x86g\xab\xb5\xc7\x18n\xa7\xc1\x99\x9e\x11x\xf0\xa3\
\xd1.\x1b\xd2\xe3\x8d:\x22pN\x1e\x05\xc8\xa2S2\
Z\xcf6C4\xa5\xf1\xe2$\x9c\x9b\x92\xb1\x0d\x82%\
\x0d\xe3=\x22md\x0f\xd7\xad\xe5\xc4\x8e\x96\x13\x5c7\
\x81o9\xb1\x8b^\xec\x82\x5c\x1e\xa3M7\xec\xf8u\
\xa4\x82\x97\x0er\x19\xc9&\xb4X$<\x0eB\x81\x22\
\xb0\xee\xe4\xbb\x1a\x07{\xa5:!\xe0^>\xb1ua\
\x8e\xba[=\x82],\xff\xf9\x90\x9b\xcf-\x06\x1d\xb2\
\x1d@\x1b9\xc8\x7fx\xeb\xd9\xf6\x19\x10\x17\xd2\xf2\x09\
\xb7x+\xc5\xfb\x0c|\xed\x819\xa0\xef\x0bh1G\
\xc1\x83\xb2QL\x19\xec\xe83'N\xa8*]\x97\xdd\
H\xe7\xf61\xbd\xec\xe6r\xa0`\x0c\x8e+\x98 \x92\
\xcem\x06\x15\xe5\x10&IML\xa8\xa0\x91\x1d}8\
\xf8gN\xda\xd5r\x15\x14\xf2\xdb\xe9\x9a/\xad\xbdq\
\x8e\xaf\xf3\xc5\x1c\x97\x9f\xd8`G\x0d\xc6U\xf6\x15\x81\
\xfaPK8\x09u\x86\x04\x02\x06W\xa8~\x9f\xa7\xa1\
\x22\x19Gq6\xab=5\x05\x12\x16..\x05\xd9\xac\
\x08l\x13\xbe\xb9\xe5\x1b\x1f\x7f\x1c\xfe=\xfe\xf8u\xac\
W\xbf\xb9~]\xfd\x06\xeb\x85l\xf5\xb8\xfa.\x1c\xc7\
a\xeaT\xdc\x1d\xa76\xa8\x95j\x8dZ\xabV\xe2\x87\
\xf0l<\x07?D\xe9\xfe\x08\xd6\xd3\x13\x81\x1ePu\
\x973\x9d4\xf0\x5c\x83\xb0P\x87\x1a\xf4R\x84\x18\x0a\
\xc9\x136XOz\xad\x01Sk\xb8\xd8\xa41%\xe5\
\x0aM_\x81D m\xbf\x85XxnR\xafH\x9b\
\xd0#6\x95\x8aT\xc5\xc3Ao\x8a\xde\xc1\xc3\x9b\xb7\
\xee\xe2+\x875\x0e\xbbvj\x17\xd3\x0f\xc8\xe4\xf9\xe1\
@s(\xda\xe4\x8a\x0b\x0a\x0e!\x81\xa16P\x17\x9b\
 \xf0\xe9\xd6'lkL\x0d\x8eU<\xac\xe8\x90\x15\
b\x82\x1c\x1a`%b\x185z'\x18\xbd\xbf7\x96\
\x02.\x84E\xd0\x93\x17\x8f\x1ca\xc1\x93\xe1\xd3\x8e\xe5\
\xc2\x97xo\xa8\x95\xf9d\xecJ\x19\xcb\xe7\x09y\xba\
9\xfc\x1caFHm\x90\x0e\xd6{A|0$\xfe\
\xa1Uh\x86X\x1d\x5c\x19R\x15\xba\x08\xd5\x04-\x0a\
^\x14\xb2(t\x07\xda\x11b\x03w\x18\x0bd\xf4\x80\
\xf5,\xcb<\xc0\xe1\xe9z\x0c\xc0\xa9)<\xcdJD\
\x04\x8b\xccW\x9b\xb3\x80\x91\xa9\xee\x91O\xd5\xdcsb\
\xd6\x9c\x93\xe3?\xc3\x8e\x8c;\x83\xd4+\xbbv\xed\x9a\
\x89W\xf5\x9d\xbe.s\xe6\xda\xf4A\xef\xde\x96\xf2\xd9\
kwm+\x0fS\xbf`\xf4o\x04\x99W\x02\xfd\x9d\
Q\xb9+\x119\xfd\xe4\x1a}D\x8d\xe2\xd7\xe045\
\xe8W\x8b\xa1\x0d\xca\xea\xe8U\xe2\x0a\xe7\x93\xf1\xfe\xa1\
~\x888\x82B;)\xd6P\xe2\x88\xd0\x8b\xf1\x94\x0d\
\xfe\xb9>\x0e\xe8\x19\x07\x80\x05\xe0F\x02\x98\xca]<\
\x0f\xa9\x98\x95\x857-\x09\x03\x9f\xa8/\x0cwG\xb8\
\x95\xc2H\x1e\x1c<\xcd\xa9\xf8\xc8\xa8N4\xe5\xd2\xb2\
\x86\xae\xb8\x87v\xd1\x81@2p\xd5\x93\xea{\xeag\
w\x1f\x9d\x9a\xfb\xd6\xf4\x97\x8f\x1e\xdc\xb6\xe7@\xfd\xa6\
'\x1f\x1d\xf3rE\xe5\xdb\x13>\xc5\xc6\x87IlD\
\xd3\xca\x0f\xbe\x8e\x8d}\xfd\xb6\x94\xb5u\x0f\xd4o\x9f\
Y^97\xa6\xd3~Ey\x7f\xdf\xfdOS\xdd.\
\x049o\x05\xbd\xe2\xc0\xfb-t\x85a\x131!B\
L\xe9\x88\x18t\x0d\xb0\xaaX\xa8\xc7F\x19\x85\x8a\x12\
od\xbe\xd7\x90\xebK\x8e\x8c\x94\xb0\x93\xfd\xc1)\xb1\
\x88}\x9ez\xa8\xd6<\xf2m\x10\xef\xdbT\xa8]\x0c\
\xa8\x0b\x1a\x86&\xa0R4\x13=\x88t\xfe\xb8+\xea\
\x84\xbb\x92\x9ex\x14\x1em\x1cm\xca\xc3\xc5\xb8\x1a\xcf\
!K\xb0\x09\x84\xa9\x87\x0c=\xd5F\x17(\xd4\xd7\x10\
Q\xe5\xb0\xdaC=u\xea\xed\x96\xbb\x85\xd8\xe6s\xe4\
xs\xea\x0e\xb5\x01\xe7\xbf\xced\xb4\x09dT\x08\xb8\
\x87\xa1\xbb]\xd1|\xb0\xceVc\x0d\x0bn\xd09\x1a\
\xac\xcbL\x5c\x03ZhZ\xa1\xdb\x1a\x1e\x10\x8ae\x12\
\x0aK#1\xdc\xda\x8c\xdbK\xc6\xda.\x82X\xa9\xcd\
\x80\x90\xacM\x97\xa8\x19S;\x06\x01\xa9M\x9a|\xa8\
\x13\xb2Q\xae#'d\xf4\xed\x05C\xe5\xf1\x01\x09j\
iH\x18\x9fp\x0d\xc7\xa8'\xd5\xaf\xee~\xbdd\xe2\
\x91{\x9fy\xe7\x9dg\xeex\x22W8\xb5K}\xc4\
bQ/\xfd\xf5o\xea\xdf\x15\xe5\xd8m\xc9\x076n\
<\x10\xd3\x89\xf9\x95:\xc0\x7f-\xf3+1h\xbc+\
\xc6OD\xa6\x1a#j\xf0\x17\x1bB\xfd\xb7Y\x1b\x8c\
\xcb\xa2V\x85\xae\x885F\xe9C\x83\xc2\xfdBId\
DH,8\x1aP\xa4\xf3\xcc\xd5\x9co>\xdf\xa6B\
.\xc71t\x0c\x1f\xe7\x8e\x93\xe3\xfc1\xe1\x98\x08\x94\
\xef\x0b\xe7&\xc1\x9a\xa7]\xf2\x89YN\xc0\x11\x1f)\
\xd1\x0auK\x91)\xfe\xdc\xd6\xa5\x9b7/\x85\x03\xeb\
\xb3\x1e\xcbz\xeb\x84\xa5\xdf\xbe{?\xc2\x82z\xf9c\
\xb5E\xbd\x84\xb3qH\xd6c\xa4\xdf\xa1-O\xbc\xf8\
\xe2\x13[\x0eq\xb3\x1bc:\xa9_\xab_\x8d\x9b\xa4\
~\xf5\xc5\xa7\xea_\x99\xa3\x9a\x8c\xb7\x85kU\xb1\x1d\
\xa0S% \x17\x11\x15\xb8\x02\x05\x1bG8b\xe3\xc1\
o\x08 \x13\x22\x10\x0c\x0e^\xd4\xc1\xc2\xad\x89\xc5\xd5\
\xa4\xef\xb8`*\xa4\xf1/\xc1\xe2\x93\x06\x07\x1d\xd2\x81\
\x9cl\xbdzOp\xd9\xc7sX$\xc1B\x1fa\x98\
0\x85\xecE{E\x1d\xe8\x0c\x08\x07G\xe3\xc8\x1d\xe4\
H\xcb\xc7'\xb0\xda\x92*\x9c\xca\xbb\xb6P\xe8\xaaU\
\xd3\x96\x03\x8f\x973\x1eG\xc3:l\x90+6\x108\
\x1c'6\x84wk\xb0\xaf\x0a_\x11\xf7dr\xa01\
\xa6K\xa83&\xd4\xa2\x07O\x0e\xee\xdc\x12\x19\x02\xeb\
*\xc8\xfa\x9b.2\xe6\xfal\x96\xdd\xf5\x01cm\x9f\
\xcd\xd3l+F[\xdf\xeb\x98\xd9FG\xc5@\xfe\xe5\
\xe7\xeb\x00\xfa\xc1-_\xb9m\xdb\xca\x95\xdb\xb7\xa9\xdb\
\x16\xadB7\xfe\xfc\xa1\xbaj\xe1#O\xaa\xdf|\xf3\
\x8d\xfa\xcd\xd6a\xab\x16/Z\xbdz\xd1\xe2U\xdc\x1b\
\x1bjk7<VS\xbb!O\xd9\xb7\xe0\xf9\xf7\xde\
{~\xc1>%\xea\xcd\xba\xd3\x9f}v\xba\xeeM\xec\
\xaeZ\xb4\xa8\x0a\x0e_n\xcf\xd7\x02M\x81Lo\xa2\
u\x11A\xb8\x06\x055\xc8\xdb\xf8\x06\xb4\xcc?\xa2\xc1\
\xba\xca\x7fE\xac.44\xd2/\x1cEE\x85\x9a\x98\
\xda\x00\x01\xbe\x08\xf5\xa9\xfaw\x9f\xd6\xf87\x05\xbd\x16\
|$\xe4H\xe8\x91\xb0\xd7\xc2\x9b\x22t\xbb\xec\x87\xed\
\x9f\xdb\x09\xe8M/\xa6\xe3v?ob\x89R5]\
\x89\xea\x84}\x84\x01\x17>\xca\xda8\x02\xb4\xa5\xef\xbe\
i\x7fQ\xafc\xeb\xc7\xb0\x8e\xb0\xa9\xcf\xa9\x9fdm\
\xc4\x03\xbc\x1a\x15\x01\xba\x02\xf9\x8a=\xef.l\xf9\xe2\
S\xec\xcf\x82\xdbf\xf5\xcepn\x9dO\x9f(M\x97\
Aq^\xe7\xa3Y\xcd!\xd4e\x16\x17\xf3\xdb!\xbc\
\xb3\xb2F\xa0d\x85\x5c$\x85F\x8f+Z\x90\xa7\x1e\
\xe2\xf2\x89\x134\xd4\xf3\xd1\xaaVG\xa0\xb9\x07\x1b\xaf\
G\xb1.?\xc8&t\x9b\xf8\xc5h;,]\x04\x1c\
\x04@d\x06\x84\xa5!\xe7\x9bi\x94\xf6\xd3\x00\xb1l\
\xe4\x04\xcdG\x00T\xcbi_Nr\x1a\xdd-\x9c\x01\
\x1cD4\xd2\xd5\x85\xdbHx\x827\x22\xcc\xd3\x13\x87\
\x05Q@\x1bE!]\xe09\x8c\x04\xb2C|J\x87\
9\x14\xc3G\x83V_L\xd1\xd2\x0a\xef\x8a\x85\xff\xb2\
m\xf5A\xd7\xd2z\xce\x89{`\xe1\xcc\xf5\xab\xbct\
M\x158rY]\xa5\xae>\x80\xdf\xdf\x8e\xdf\xa7t\
\x9c\xc6\xf9\xc2\x19\xb2\xc5\xcb\x07\x13\xa4C\xe2F\x1eH\
\xe0Q4eCSJkE\x0a|\x12\xfd\x9c\x168\
\x0a\xe7\x9aJ\xb6\xec\xb8\xbc\xcb\x9b\xdb\xf9p\x1f\xed\xea\
*nD\x90\x86\x11a#\xe0\x8e6B\x1e$n\x14\
D\x8e\xc3\xe9\xa2\x00)\xa7\xc0\xef\xc0O\xe9D.\x06\
\xe0\xeb(\x87: \xef\xc5Z;$\xc0\xde\xaf\x07\xa6\
\xe8\xb39y\x91\x5c>\xa0&mW\x93\x0e\xe0\xe9L\
\x06\xab\xc1\xe0\xf6\x82^\x12\xd0\xcb\x22W\xd7\x98p\xbd\
\xc8\xcba~<r\xd4\xf8-\xb5\xd6\x07\xac\x02\x89\x86\
\x05\x9b\xf4\x02/\x87cSh0\x1f\x0a\xf2E\x9d\x82\
\xfdbid1R?\xec\xc7\xa2%\xa4\x8b\x17\x99\xe5\
\xd1\xd5\x1f\xcb\x1b.\xfdC\xbdr\xc9z\x1c\x9ah\xfa\
{`\xb6~\x8e<G\xd1jY~\xd1`p\x03q\
\xc7\xf8O\x0d\xd2\x02+%\x1d,\x96p\xed\xb1co\
\xbc\xd2{\xe2\xc4>\xa9\x8b\xa7\x8d~\xde}\xf7\xabS\
\x1a?\x1c6q|R\x9c$\x8a\xaa\x8aWm(Z\
\x947\xa1\xc7\xdd\xb7M(\x1b2\xe8p\x9f\xde\xafm\
\xceZ\x96\x97\x97\xd4#\xc8\xd9\xbf\xbb\x96\xff\xa9\x1bu\
\xf7\x09[\xc0\x87d\xa1zWJ\xa0\x91\xe8w\x069\
C\xc8\xce,K\xf7T\xcb\xee\xe4\x9d\xbd\x9c\xbbcv\
\xf6\x1a42\xb5{x0\xeal\x17\x03\x8d\x9d\x83\xbb\
\x86w\xce\xb4w\xed\xd293\xe1\xf6\x91\xd6\xb3\x17A\
\xe5\xc0\x95\xf6\x7f\x93\xd9\x1de\xf2\xc9&\xda\xf4\xe5\xc9\
7\xado\x5cJ\x81\xb0\x03\xa4%#\xad \xc1j\x11\
\xac\x8c\xe3\xe7\xcb\xa4^B#o\x1c\x01\xd1\x8e\x84\x8f\
K\xf3\x86z\xcb\xa8\x88QI\xa3\x06\x8e\xe2\xc1\xc9\xb7\
\xf37\x98Zl'\xef\x22\xb0G\xaaV\x92\x89\xeb\x14\
Cy\xa3-\x8b\xfcy\xbaz\x0c\x10\xa9\xb3\x8a\xd3\x96\
H=\xc1\x89\xf1\x01\xe0\xc1\xac\xb0|\xbb\xf6\xf0\xfds\
\x1fZ9gv\x1d\x17\xd9\xff\xb1)\xbb\xff\xf0\xc7\xa7\
\xa7l\xecW\xf7\xc8\xb6\x81\xae\x12\xf5\xd4\xde\xb9\x1f\xe7\
?\xfe\x5c\xe5\xf4R\xecx|\xe1\xb7%\x13\xe7\xa9\xa7\
\x1f=\xa86.XP\xb3\xf4W\x0bq\xceK'\xf1\
\xbdsG\x8cV_S?\xe3\x82\xea\x9e\xdc\xfa\xf0\x8a\
m[\xd5a#3\xbf}\xeb\xadk#\xb2\x16\xb7(\
\xfe\x1f>w\xef\xe1\xec\xc5\xcb\xd3\x5c\xc5\xea\xaf_\xdd\
\xac\xfeuj\xc9\xf4qwx\xdcS\x16\xcf\x9b\x873\
_:\x80\x87\xcf\x9b_\xbb\xa7a\xf2\xa7s\xd5o\xd5\
\xf7D\xca\x7f+}\x8f\xc3r\x14\x19\xbd\xe6JC6\
X \x80\xe9\xd1\x5c\x14\xdbd\x22#\x1b\x079\x8b\xac\
\x83\x04U\xa4\x8dz\x1b\x91%\xfa\x00\xb2\x18]=\xcd\
a\x04Z5dEC\xbd C\xa6\xdc\xa4\xd5\x0c\xcf\
\x9f\xbcho_Xh=I_\xfa\xc2\x91\xa6\xf7\xfb\
\x14#-\x18\xa4[\xb0\x85\xb3\xe8,\x92\x05\x8dG3\
P9Z\x81\xf4:,q\x22\xd1\xf3\xfe8\x88\xcb\xc3\
\xe3\xb9l\xe3\x14\x5c\xc2\xcd\xc23\xb8\xfbI\x05?S\
7K\xaa\xc5K\xb9\x05\xc6G\xb9\xf5d-\x1f\xa0%\
9t\x95A\x22I4wX\xbd\xc4\xc5\xaas?\xe1\
\xfa\xfcni\xcb=KO\x09\xe6\x96 \xb2\xe7ZW\
<_]\xc8\xe2\xd7\xdb\x10K/\x02\xed\x12\xac\x22\x15\
\x88_\xd1A\xa8^\xd6\xd7\xdb\x17\xe2z\xf9\x99\x08\x9b\
A\xe2\xfc\x82\x22\x04d\x0e\xf5\x17\x82B\x13\xf5(\xd4\
\xceGR'DM\x88\xe6\x9b,\xe9f\x15\xac>\xc9\
\xfb,Q@\x05\xac\xe54Ui\xbd\x88\x8dl\x1f\xc0\
\x22\xf1j<\xf8\xc9\xc7\x1f\x7fR=\x8c\xbb\xaeY\xb5\
j\x8dj\xe0\xf8\x0b\xd7\x16\xdc_\xbfM\xbd|\xbd\xe5\
3\xee\xed\x96\x0fj\x97\xafX\xc2\x15\xab\x03<\x15\xf7\
\x95o?\xf2\xdc\xb2-\x0e\xe5\xd8\xa3o\xfd\x09\x14\xb4\
\xf2\xc69!\x0e|@\x10\xea\xe9\x0a6=a\xde#\
\xd7\xdb\xf0\x13h\x0f\x0f\xe6o[\x11\xac\x0b2\xa1d\
\x875\x98\xa2\xe8\x0dGZu-y\xbf%$\x22\x84\
\x03\xf4h\x8e\xe2\xcdKz\xf6r\x9a[o\xfc\x85\xb8\
\xe2\x0b\x8bn \xf52\xb6b\xb4\xe8B\xf1\xd4/\x1f\
P\x9fQ\xe7\xe0\x1a<\xa6\xe6Ka\xf2\xa9{\xeeV\
\x8f\xaa\x7fTO\xabG\xef\xbe\xe7\xc4\xb0ax3\x06\
I\xe0\xcdC\x99\x0d\x03\x1f\x85\xbd^>&\xba\x9c\xa8\
^\x0f\x1c\xb4J\x9cUFB\x90)\x05\x85\xeay;\
[\xc5\x81\x1djL\x83X\xb3/\xdf\x8f1\xcc\x1b\xfb\
b#\xd99\x1e\xe3\xd5W\xc0\x0bF\xa8\x1f\xa9\xc7\xd4\
t\x98g\x1f^\xab\x96\xa8\xd9\xaa[H\xba>\x13\x07\
\xe2D\x9c\x80\x03\xb6\xab\xeb\xd4\x05\xea\xaf\xd4\xb5\xcc'\
S9.\x87\xf9\x0dtv\xb1\x9e\xe7\xea\xd1B\xa9\x9e\
\x7fF\x16\xb0^\x07\xf9)o\xa4,9\xd9\xd4\xd4*\
\xaf\xe4}\x11&\x98\x9d\xe5\x9e\xde\xe3m\xb2\xb7%\x98\
;\xda\xd2\x87\xbb\xda<\x80\xa6\x96Cv\xb5\x9c\xdb\xd5\
\x0a?\x1a\xe0\xebQ\xbc\xcb\xee\x85\xcf?\x03\x81\x83\x01\
\x975\xe0\x1aY\x14\xb4\xc5\xd0\x1et\xf4\xdbdbK\
9\x97\xdd\xb2\xf7\x1d\x0au\xd8\xae\x96^\xc8+K\x9a\
;\x85\xa1>.\x05\x09!\xb8\x9e\x84\xd4K\xf6'l\
{\x9c\xf5\xe6U\xd2\x8ap\x0e\x85\xda\xba\xf3\xa9\x81A\
\x06+$\xd7\x17\x9b\xcf77\xb5\xcaT=\xc9\x5cZ\
,\xab\x19\x80\xab\xf1J\x91\x0fh/_\xfeu\xf5\x00\
g\xafV?mP\xb7\xa8\xd5x9\xbe\xfb\x11\xac\xf3\
\x947/W/\xa9_b?l\xbfw\xc7)\xbcj\
{\xcb\xfc1c\xf1z<\x1d\x97\xe1\xf5\xc3\x86\xfc\xe1\
\x9e|\xf57\xea\xfb\xea\xef\xd4\xdf\xc4\xfah\x17\xfa1\
\xde&\xb8\x1cR=\xf7\x0c\x8f\x16\xca\x22\x10.\xf4\xd6\
c\x1fk\x9bY\x06\xd1\xff<\x5c$\xef\xcbf\x9c\x85\
%\xb0-U{9\xf1\xf6;\xdc\x9f\xdfy\xa7%\x0a\
\xe8o\xd9\xc8\x15^\xebJ\xb9\xec\x85\x8dW\xb3:B\
\xe2\x0b\xe8Y\x8e\x82c\xc5-+{\xcb\xc2V\xda\xac\
\xf6\x80]\xa6dA+l\xd5\x09\x9b\x05\x91B\x07\xa8\
\x00\xef\x1ad\xa2\xf8\xc6Z\xb5\x98\xc11\xa0t\x97\x9f\
\x81C\xbaza/Zh\x14$\xb1\x8f\x17\xc5\x0e0\
\xcf\xb3\x18\x01\x89\x0a\xe5!\x85mr\x99\xb2M\xf9\xa6\
:\xd3f\x13\x83m\x15\xbdk\xc2\xb7\xdf9~n\xe4\
\xc0\x9a2\x98h\xb5\xfa\xf5\x95]k_k\xe5\xc9T\
V/\xf8\xca\xd5Y\xb2A\xc6\xa2\xb3\x89\x10\xf2m>\
\xcf\x99.A\xf2A\xd0\xb3z\x11\x92\x0bQ\xa2H\x18\
4-a\xcb\xb9\xfe\xb4\xd6\xd4\xf6R\xc0\xe7\x0ci\x0a\
\xb3O\x22\xd4\x19>\xe2\xe00\xcf\xe9%\x7f\xae\xb3\xd0\
Y\xea\xc5\xf5\x14\xbaKC\xb9!\xc2 i,7\x85\
\x9b\xc1\xcd\x14\x16sK\x85:i\x0d\xf7\x98t\x81s\
\x82\x8f\x14\xf4b\x08\x09\xd2\x09\xe0\x99u\x81\xa4\xb3\xd0\
U\xec\xa2\xeb\xc9\xf7\x14z\x8a=t\xc9\xc64\xe2\xe2\
3\x04\x97\xe8\xd2\xb9\x8c\x93I>\xac \xa6\xe8f\x0a\
\xe5\xc6\xe5d\xb9\xf0\xb0X\xa7\xab3n \x8f\x8b\x8f\
\xeb\x0e\x90_\xeb\xde o\xe8\xfe@~\xaf\xfb\x8c|\
\xce\x7f&\xfcU\xfc\x86\x5c\x15\xbe\x15\x13&\xdd\x87&\
\xdd\x07\xcc\xc1\x91\xd4\xc72\xa9n\xc2|K\x08\x09V\
\xff\xd1\x92Je\xbb\x8c\x9b\xd92\xac\xf9\x1c\xf7\xdb\x96\
\xdbP\xab\xddP>\x09\x905\x1a\x99\xd1\xe0P\xd2\x17\
\xf1\xb4f\xa5\xbd/Iv\xe9\x93u\xd9\xba\x05d\x01\
\xcfkJ\x03\x86\xf8\x0e\xf7\x87\xe6{\x80\xe5\xa7vi\
0\xc4\x08\x80aD\xaf\xb8\xba\x13\x9bN\xd2q6\xcc\
I\xf4D8\xbd\xac\x87 %\xeb\xd3e\x1dG$`\
\xb8d\x80h\x04\xa1H\x90\xc5P~\x80\x0c|7Q\
\xdb\xa1\xde\x9a\xf2\x9d\xae\xa7\xdbU\xbb[\x93G\xba2\
\xdaWn\xa6\x9c\xcf#4\x04\xe99\xd9\xc99t~\
r'\xae\x93N\xd1u\x92\x15\xb9\xbb\xae\x87\x5c\xca\xdd\
\xcf\xcd\xd5\xcd\x96\x17p\x8bt\x8b\xe4\x95\x9c?\x8f\x0d\
\xc4\x0f\x87\x90h\x9c@\xe2\xa4\xce\xfa\xee\xb8?\xc9\x93\
&\xe8\x8b\xa4\xa9\xfa\x19\xd2l\xf0\x83\x0f\x91z\xfc\x18\
q\xb0\xb5\x140\x8e\xd6c\xa3)\xf7p7<\x0f\xcf\
\xc7\xdd\xdeP\xe7\x1fS\xe77\x09\xa7\x9a%r\xf5Z\
W!\xa2\x19\xf1\xe8\xdaG\xadz\x96\xca\xfc\xcelW\
\xb8\xceF\xebl6\xc83\xd2\x81X U\x10\xb1\x8e\
\x0b\xe5{\xea\xbc>\xa8Y+\xa5&\xb17\x93m\xda\
\xc5\xb4*\x82\xba$WrO\xae\xb7n\x187TW\
\xca\x15\xeb\x16p:\x11\xebE'\x0e\x16\x87\xe0Lq\
\x1c\x1e/\x16\xe1Rq\xb6\xb8\x04?(\xd6\xe3\x0d\xe2\
f\x83\x95a\x0d.\xda\xc6\x04\x8e\xad\xdc\xda&\xf5r\
\xcbT\xc0\xf6z\x04\xff\xd1\xb5\xae\xfcG\xd7#\xc0\xff\
S_v\xba]\x0d\xaf\xde\x8e\xea\xb5\x1a^\x90%\x95\
\x049\xad\x81\x0c\xbdv5<\xea\xa2RY\xf5.N\
sW\xec\x9b\xc4\x9dU[09{\x16c\xf5\xc6Y\
\xdc\x17\xcfR\x97\xaao\xaao\xd0\x1a\xab\x90\xa56\xaa\
\x9f\xa8\x9f\xaa\x8dx\x18\x0e\xc6!x\xd8V\xf5Nu\
\x13]\xed\xe0\xad\xb0>\x86\x15\xb2/\x16\xf1\x0f\xb1X\
\xe4\x87\xfa\xba\x02!\x0e\xd1pd\xb7\xca\x12\xc7\xd3h\
4\xd0F\xc3\x91C\xf3Z\x9aZ\xb0*\x9e\xcb`q\
F8\x07:\xefq>\xeb\x14X\x5cj\x8d\xdf<D\
\xee\xae\xc0\x00\xbcZ}h\xc3\x86\x87\xd4\xde\xf8\xad\xeb\
\x14\xc3\xeb\xea;BR\xcbo\x1f\xa9\xadyd\xfb\xb9\
3\x1f|\xdc\xb2\x83\xf2B\xbd\xea\xe5E\x18\xcaqu\
\xb1Y9\x0b6\x9a\x8cfl2\x19\xd3-\xe1F\xc6\
\x9c@`\x8e)\xdc\x14b\x81l7(\x84\xb1(\xdc\
'A\xea!\xacM\x8cQ}\xda%Pp\xb0J^\
;\xd6\xf9i\xaf&\xda\x18\xc8u`\xe0@,_\xf9\
 2\xda\xaa\xf1\x0f\xf7\xa3\xfc|\xff\xbbl\xbc\xf6[\
\xf5\x83\xaf`\xcd\xb2\x0d\xbb)\x13\x19S\x9b\xd5\x87}\
q=\x17x\xe9\x87B\xd1s\xae\x1e\x90\xe7\x11Y\xb4\
\xd1\x05\x8f\x0d\x16<\xe9\x22\x8f\x9c\x84w\xd6\xeb\x1d\xf5\
\xa6\x85\x06^\x10\x89\x0dr$\x7f\xb3 \x07\x05\xf1\xb6\
\x81\x0e9\xd4\xc8\x871F7QN\xdb\xb4\xd8\xdf\x9f\
\xb2\xdb\xde\xc7~\x13q\xda\xbb#W8K\x05\xe7\xf8\
a\x01\x09X\x80\xe4O\xc7;\x91\x13;8\x7f\x12\xc0\
\xc7\xa2X\x1c\xcbu\x22qb']'\xa9\x93^\x09\
\xef\x89{rC\xf0\x10\xaeD\xa8\xe6\xab\x85\x99~K\
\xc5\xa5\xbaG\xc5Gu\x11\x93X\xa9/\xc0\x8f\xbe]\
\xed\xca^\x92+4\x0dk\x15+y(m\xee\x80\xe3\
\xa7_\x19\xbe|\xd6\xd9w\xf0[\x185/nY\xa6\
>R_\xff\x08w\xd8\x7f\xe5\xaf\xd4\x12<\x7f\xed\xe4\
\x96e\xc2\xa9\xdf\xff\xf1\xa1C\xdc\xe8\x96K\xb5\x8b\x17\
/\xa16I\xeb\xd5[@\xbeq\xe8W\xae\xfe&#\
g6p\xe1\x11\xe1\x92\x9e\xd3\xc9\x5cDDx\xbal\
\x08\x8f\xe0\x9d\x189\x9fp\xac\x09\xac\xb7\xf1\xf5hM\
,$g\x9d\xc3eCD\x88\x0eE\x85\x04\x99\xbb\xe9\
\x82\x1cQ\x9d\xadg\x9b@\xe0\xe7\xe9\x8aE\x8bGW\
\xbc/>\xdfluQ\xed\xdf\xb3\xd1\x17k\x90\x1cM\
:\x10\x11\x9f\x14?:\x9eh\xb9\x1c+\x14D\xdc\xa2\
\xa8\x99\x84}\xd5\x13~X\xe5\xbb\xf7l{~\xe6\xf6\
9\x1f\xffA\xfd@\xbd0\xf5\xab\x05s/V<s\
\xb8v\xc3\xdc\x8f\xdf\xc1\x01\x7f/\xfd\x93\xb0\xf5\x8d^\
=\x17\xcc((\x8a\x08\xeaz\xfa\xc0\xe9\xbf$'\xbd\
\x971d\xe9\xaf\xca\xee\x8f\x08\xecv\xe4\xe97\xcfw\
\xa21\xf6\x1a\xd8\x15\xdd\xb7\xa0C\xc3]fQs\xe6\
.H\x7f\x5c\x82d=y\xbe\xf9<\xb3\xa3\x94d<\
b\xafL\xebK\x12\xab/IH\xf2\xd5\x97\xfc\x90>\
\x02Y\xc1\x85D\xe8\xacz\x97\xbe\x5c\xbfY\xaf\x9fD\
\xbco>D\xfe\xab\x96K\xc7Z.A\x82t\xed\x14\
\xad.a\xb4\x0f|J<\xccgC.\x97\xbf\xc4\xd9\
\x0cH\xa87\xaf\xd0\xa3\x85v)T\xee\x0d\x115\xcd\
\xde\x16\xd6\xd9+0\xcd\xc1\xa4x\xb3LX\xc8F\xf8\
\xd5\xf9m\xf6#4\xachK8pd\x9a\xa5\xec;\
\xb6\xe7\xf5\xd7\xf6\x1cS?\x04C\xf8D\xfd\x10\x9co\
\xf5\xe5\x13'.\x93\xe5\xcdw\xa9g\xd5\xdf\xe3.8\
\x86\xe2\xe0[\x1b\x89\xe8\x05W\x1cO\xe3<\xb1qD\
\x8b\xf4\x84\xeeE\xb3a\x8c\xd2\x09\x8f\x9fEt\x01\x84\
\x04\xc8\x08}\xeb\x1fp\xc2\xdf\x13g\xb2%\xaa\xe3\x93\
\x11\xe9B\x86\xf2C\x85\x89d\x1eYLt\x22\xd2q\
\x12O\xfd\xb1\x83\x0b\xe6\x83\x85.\xa8\x13\xee\xc4\xc5\xf3\
\xf1B\xac\xa8H\xbdQ*N\xe5\xfa\xf3\xfd\x85^\xe2\
0\x94\x813\xb8L>S\x18*N@yb1W\
\xca\x97\x0as\xd0\x0cX\x16\xcd\xe6g\x0b\xd5\xe2\x02\xe9\
Q\xb4N\x8c\x07\x1b\x80\xc5\x90\x1e\xd6C\xdc\xf0\x967\
O\xe0\xd3\xf8O\xbfk9\x0a\xbe;\x80\xff\x1c\x12'\
\x8c\x06#\xa4\xdbNc+\x9e\xeb\xca\x14\x82E\x01\xe2\
)\x1f,\xebI\xb0l\x90\xb9`LwS\x884\xe4\
\x82\xbd\x0b\xde\x90k\x84\xde6\x84\x8c\xe92\xa48\x22\
\xc4!\x83d4\xc8zI\xdb7b\xd0!\x93\xf5\xa4\
w\xd7\xc8\xc5\x94\x94[\x07\xdb\xd6s\xeb\x12\x10\xb1\xd8\
\xfb\xb5\xc8\x89\x02'C^%\xdb\xe5\xceB\x0cD\xdd\
\x01\xdc\x00\xa1\xbb\x9c,gq#\x85t\xd9%O\xe0\
\xa6r\xf7\x0aS\xe4|y.7\x9f\xbb_\x98/,\
\x90\xd7r\xf5B\x98\x0e\xe99\xc8\x00xQ\xa0[\xfc\
\xb0\x8e\x07\xdd\xd3\xe9\x91\x9e\x97e#2\x07\x13'\xef\
\x94\x82\x8cV\xb3\xc2G\x0a\x8a\xa8\xe8\x14)Z\x1f#\
\xc7\x1a\x14\xb3b\xee\xcf\xf5%=\xf8T!Y\xea\xa9\
\xefc\x18hL6\x0fAC\xf0p\x8e\xe5LB:\
\x04\xdct\xc9%\xb9\xf4\x83\xe5\x91F\x97\xd9e\x1e\xcf\
A\x8c7f\x9b\x8b\xb9)\xc4\xcdO\x16\xf2\xc5|]\
\xbeT\xa8/\x94\x0b\x0d3A\x0es\xb9Yd&_\
%\xcc\x16g\xebfJ\xe5\xd2,\xe3|\xe3|s\x0d\
WK\x96\xf2\xcb\x84%\xfa\x07\x0du\xe6u\xfcf\xf3\
\xb3\xe6;i\x84\xa5\x22\xa2R\x8a\xd6\xe3\xe8\xc1\xef\x82\
\x9b\xees\x8e~\x1dW\x97\xa9\xe0\xbb_SAbv\
\xfe\x12= ?\xb0^\xbb\xac\xbd\xffl\xcd\xcb\x8b]\
\xa2\x89\x17\x91l\x04\xd5;\x0bk\x9c\xfd\x0b\xd0|\x99\
\x9b\x04\x96\xc92P*\x87\xe4\x11{\xd3\xb3\xc7\xbb\x1c\
,M\xd5\xdb@\xba,W\x05A\x82Y\xe9\xac\x17[\
\xff\xb9\x1c\xf0H\x87$=\xafC\x82\x9e\x171'\x13\
\x11[\xe0g\x82\x17M\x8a$^x\x1aW\xe2\xea\xd3\
\xaa\xc2\xa1\xd3\xea]\xea\x84?qN\xef\xd6\xa3\xd4\xe6\
\xab\xdc\xdc\x96%$\x8c\xfa\x8cf\xf0\x19\x17X,^\
\xe3\xea\xec\xcd\x8e1'\xd0\x13\xe1@>T\x91\xa4t\
\x9a\xcc\x88\x9c\x8ew\x09\xe0Mtz\xe6M\xec?l\
BH\xa6\xea\xd2_\xe0\x1c\x5c\x0f.\x99K\x06\xc9\x0d\
\xe1\x5c\x9cKpIwpw\x08wHE\xdc\x03\xdc\
j\xce\xea\x8f\x83I\x84\xdc\x09\xc7\x93^\xb87q\xc9\
\xb0f%\xb3H\xb9\xbcY\xa6/D\x08\xe3:\xf8\x1f\
\xfe4\xde\x84\x1f;\xddr\xf9\x18P\xb1\x81+n\xfe\
\x1aV\x81G\xb5\x1c\xf6.\xe0s\x04\xcb\xc1V\xbaB\
X\xfe)\xd1\xa2{\xba\x04\x1e\x90\xd4\x0b\xa0r8\x9d\
G\xa2L\xabl\xb4\xbe$\xb3\xd7\x1f\xa2\xf6j\xee\xbc\
\xadu\xb9\xdb\xb1\x0a\xefr\x81\x9e\xeb\x02u\xf1\x90^\
j)\xd90I/\x10\x83\x84\x0c\xfe$X\xb2\x1a\x92\
\x0c=H\x1fi\xa0a(\x19.\x8d6\x8c%\x13\xa4\
bR*y\x0c3\xc9,i\xbea\xb3\xc1\xdf[\x9c\
\xa7/\xe8pd%_\xdf\x9cM\x8e^\xbf\x9d\xecm\
\x9e\x22\x9c\xdap\xdd\xb3k\x03\xbf\xaa\xf5}\xffx\xd1\
\x01~\xbb\x9f\xcb\xc2\xef\x14\xf7q;\xd1s\xb0t%\
\x83\x90\xd4Z\x19d\xeb\xa2\xf6\x9b\x0a\x98Gm~7\
\x85\xbdW\xbe\xc2\x0a\xa2\xb4\x9e\x1b\xb9\x17\xef\xb8|Y\
\x05xu\xdf6\xd71\xf8\x1d\xde\x05\x83\xcf\x80\x96`\
\x02\xfc\xc1\xff\xe4]0$/x\x17{\x19L\xdf\x05\
\x8b\xab)\xac\xa3l\xaf\x00\xc55\xd9e%;\xf1>\
\x81\xe2\x8a\x06\xf1\xa2wk\x9cE\xdb\x82Ew=\xb0\
\xddWlk\x1cC\x10\xc3R\x18\x16\x85=8\x8f:\
\xfe\xab\xafD\xc7\xd5?\xd7\x89|\x1d\xad\xd7\x92\x1d\xc2\
\x19\xe6\xc3\x03]2\xb8j\xb4PG0\xe8\xfc\xd9w\
\x19V\xef\x82\x8ey\x95\x9a\x1c\xe6\x22\xdeV\x87\xa9\xc3\
\xde\xe6@\xe0-'\xf0r\xb5\x9a\xebF\xf5\xf8\xa2\x1a\
\xc6;\xd4\xddl\x0f!\xda\x09~\x9f\xb7\xd2Z\x02\xdd\
\x80\x08\xec\xe7\x1d\xd7\xff\xa8\xee\xae\xab\xd3\xf4e\x17\x7f\
\x99[&\x16C\xdf\xdb\x5cz\xbc\x1f=\xcf\x93\xc1\x98\
\xb7\x9e\xf5\xee\xd0\xf0V!\xcd\xac\xec\xc8\xb3\xb2#\x0f\
\x1f\xad\xecH\xb1\xc0\x1e\x1c\xbc^=$\x16\xab\x0f\xe2\
\x19@\xe6\x5c\xc87\xba\xf1s\xc1'\xc6\xa2\xc3\xae\xb8\
\xa0\x08C\x80\xde\x8cv\x06\x88\x07\xcd6\xa5&\xe2P\
\xe8\xc1\xe8F\xdb\x8a\x00#\x0a \x81&\xbdd\x88 \
\x92#\xa3\x130\xe5\xdd\x93\xe0\x7f5\xfd\x83l\xb2\xf9\
\x0a\xdd\x09D\xeb\xbe6\x9ax\xb9\xca\x92\xc3\x92\xc3\x93\
#\x92\x95\xe4\xc8\xe4\xa8\x81q\xae0W\xb8+\xc2\xa5\
\xb8\x22]Q\xd9a\xd9\xe1\xd9\x11\xd9JvdvT\
v\x5cy\xdc\x92\xb0\xda\xf0\xda\x88Z\xa56rI\xd4\
\xca\xb8\x86\xb8\xcbq\xe1\xbe\xa1\xbeA\xbe\x01\xf9\xe1\xf9\
\x11\xf9J~dyxyD\xb9R\x1e\xb9 |A\
\xc4\x02eAd`\xfbwe\xb7\xe3^ \xa8\xd6B\
jd\x87\xd22\xf7\xf2\x87\xbb\x17z\xd6\x1fll\x1c\
xx\xe9\xeec-\xd71\xf7\xd4\xba\xfc\x03\xb9E/\
O\xfc\xbf\xcb\x5cj\xf1\xdc\xc9\x95\xa7\xf7\xc7g\xb5,\
\xdcU\xec~u\xcbKG\xec\xf3\x97'&\xee\x8a\x8b\
k\xa6\xf9\xea!\xe0\xd5V\xd0\x1f\x03\xe4\xab\xbd]A\
\xe4\xa0\xd1\xa2?\x18\xe8\x5cai\x0cY\x17\x84\xec\xf6\
\xa1\x81FQ\x0a\x1e\xc2r\xd2\x94+\xac\xb6p\x9e\xbe\
\x89z\xf3R\xf2\x81\xfc\xf0\x05\xe1\x0d\xe1\x04\xf0\xf4\xbd\
\x7f\x01T1{\x99\x07\x895\xe0\x1aG-\x80|\xf2\
\xd4#\x8f<E\x8f\x96\x87\xfb>7\xf7]t\xe3\xc6\
\xbbs\x9f\xeb{\xf0 \x97t\xec\xc2\x85cpp9\
\x85n\xf5\xb0z\x15>\x87\xdd\x85;\x00\x1bL\xf7\xd5\
\x91\x0b \xc3 4\xd0\x15\x82j\xf0R\xde\x5ccZ\
*\x1f\xb4\xf1\x07\x03\x1ai\xe1\xcenB\xc3\x1c\x19\xc1\
\xd6\xe6\xf3\xbe\xc2\x9d\x95\x96\xe4\xff~\x89.KB\xac\
!\x0bBV\x864\x84\x08\xb8]\xd2\x97\xea-\xe0E\
y\x0bx\xe4\xc2\xa8\xc7\xb3\x9f\x7f\xf3\xcd\xe7\xb3\x1f\x1f\
5r\xdb\xa4\x16\xc8b\xbaaq\xec\x16\xbe\xc7\xee\xae\
]\xcf\x1d?~\xaek\xd7]11@\x90\x19\xdbq\
\xdfh\xb6V\x02\xbc\xf8\x89\x80\xa1U\xe3W\xf0Ad\
v\x1c\x14\xa4\x15\xe6F\xbc\x0e\xd2m$qCmv\
CF\x183\xb1\x94\x94V~5u\xe0\x17-\xf30\
qrle\xe2\xdf\xbe^N\xb646\xf6}\xee\xfe\
c7\xd0\x8dc\xf7?\xd7r\x148\xb7c\x07p\x8f\
\x1c\xe0\xee\xfe\xf6\xe2\x8eB7\x1e\x8c%\xf8\x0cv\xab\
N/\x03\xbdx\xcd\x07~9P\x08*w\xc5@\xfe\
\xaf\xaf\x91\x96\x0a\xce\x9dX8h\xc4/\x06\x1e\xb47\
\x1aW\x84\x8689\xc9)\xa1\x11\x9c\xdd\x92\x11\xcaP\
l\xf2n\x22\xbcrQ{y{E{\x0f\x17?0\
\xac<\xac!\xec\xbd\xb0\xcba\xc2@4\x10\x0f\xe4\x06\
:\x07\x86\x08\x09\xba$)I\x9f {\x90\x07{8\
\x8f\xd3\x13\xa2\x9ft\x1feq$K\xa2\xdb\xca\xa3\xa0\
\x02:\xc6v\x1d?\xbfy\x9f\xf1\xf8\x0bS\x8fN.\
x\xef^\xf5\x8az\x14\xc77\x7f\x8cu\x8d\xdc\xb6\xa5\
\x1b\x0e\x9a\xb9\xbb'\xbe|\xb4{\xf7=]\x12po\
,c?<H\xfd\xa0i\xdd\xfe=\x9b\xa8_H\x02\
\x86_\x05^\xfb\xa1\x09\xaeP\xc1\x8a\x8d\xd2N\x11\xd7\
\xa2uf\xf1\xb0\xcc\xf9\xe9\x90N/H&\x8b!\xcb\
A\xfd\x9cL\x9d\xb2As\xcafv\xcd\xb6\x1c75\
\xf7oj\xb2k\xdb\x8eS\xe8{\xb6\x14;Kt]\
\xcelg\x83\x93.\x09\x00\xc90\xac%\xd5\xd1=R\
\xa9yqW\xf7\x16\x8c\xc4I\xea\xfb\x07\xf7\xee\xdd\xf3\
\x92\xe8X\x9f]RP\xd7\x9cD\xde\xaf\x1b\xf5\xe2\xd3\
\x94\xd7j\x1e?\x11xm@\x9d!\xb3\x8f\x0e2\x86\
\xe9\xed5~\xfe\x07-\xe4`\xa7\xe8\xc6\xb8\xc3\xfa\x83\
\x96\x97\x82\xc3:\x05!\xc98T\xb4\xdb\x95\x8cx\xf6\
\xfeVS\x87\xa6\xf3\x9aB\xa8\xa7\xd8\x9b\x17\xd0\x8a.\
\x0b\xba4t\xb9\xc9\x8a\x02\xac\x5c\xdb\xda\xe4v\xecU\
\x15\xbb\xf6\x0a\x85l\xd9V\xbff\xdb\xb65\xf5\xdb\x1a\
U\xf5\x9a{\xf7\x1dwl\xca\xf9\xf5\xfe>\xfb\xee\xff\
Ms\xf3o\xee\xdf\xd7\xa7\x91\xbb\xfd\xad\xb3g\xdf:\
z\xf6\xec\x17\xea\xc7\xea\xe7a\xe1\xcf'ty\xe9\x95\
;\x0b&C\x8aD\xdfv\xf7\x9d\x5c\xb0\x8b\xf2\xf7\x10\
\xe4\x1a\x85\x8c\xbf\xdd\xc1\xf2\xf5\x88\x98\xb1Xk\xb65\
\x1a\xd7\xc9\x18r\x8dQ\xd47\x0ea\xcb~f\xf8\xfd\
\xe9+h\xba\xff+y_\xbe\x93\xd5\xa1\xa3m\x1a\xca\
6\xba\x81\x9b\xf9\x22\xbe\xb0\xf1\xfe\xfb\xebw\x1f<\x98\
\xfe|\xf5\xabor[[\xee\xe26m\xde\xf4\xf2\xd6\
\x96Z\xd1\xd1\xb2\xa9\xa8\xf0+jC\xaf\xc2\xe4\xb3a\
^\xfaN\xb1+\xac\x8c^\xe6\x9fC\x879\x01K<\
\x1a\xd2\xfan\xf5|3-0X[\xf7n\x0b\xac\xd6\
\xc5^\xb5\xbe\xda\x08?|\xfe\xf5\x06\xd1\xf19\xc0\xbb\
qF\xcdc\xf0\x0c\xc8\x82\x06\xbbB\x0d\x9c\x0e\x99_\
6\xeaj\x85\x97\xd0a\xe3sV\xc9*\x88\xa3MX\
2\xa2!V\x06\xfd|\x1f{\xdb;t&\x04\x98\xc8\
\xe6\xb2e\xdb\xf2m\xe56m\x22\x87\xaf\x9e\xa9M\xf8\
\xe4\xaf\x87\xdcV\x9a\xc5f]\xf1\xfb#\x1b\xdd\xeb\xc5\
\xce\x9f#\x1f\x0f7\xc2\xdc2D\x9a\xf8\xef\xafk\x1e\
F\xeb|\x85M\x09\x0d\xe9X\xd8<\xff\xbd\x85M+\
{\xcbs\x0f\xcf\xc9\x92?\x17\xc7\xc5\x0b]\xa5<\x0e\
2h\xa9\x92\x9b),\xe2\x96\x09\x0fK\xab\xb9\xb5\xc2\
:\xe9I\xceN\xab\x99\x9c\x81\xc8\xba\xce$\x8e\xa7\xb5\
\xcc\xae:\x97\xb1\x84\xe4\x1b\x97\x91%\x90A?$\xd6\
\xe96\x90u\xba]\xe4)\xe1\x80\xee\x0d\xdd\xefu\xdf\
\x90\xcb\xe4\x1b\xfe2\x1fL\xab\x94\xb4HI3U\x90\
\xe9\xa1\x83\x5c\xec\x17-{\xb8{/\xb7\x1c=(:\
\x9aK\xf1\xb9\x96+-\xbb\xb9\xe8\x96\x0f\x80\xde6\xd9\
E\xbd\x80\xd6q\x94\x9a\xd6\xfdn.\x93U\xf0\xed\xa5\
\xbc,\x88\x9a\xc0@X\xa2\xe3\xdb\x8b^^\xe9\xc2\xc0\
n\xa2\xd0DW'\xd1\xae\x0f\xb4 1L\xe74\xd6\
\x86)\xa41\xe4p\x90U\x87l\x16I\x12\xb3m\x92\
%;4\x10\xc2N4+\x8547_\xd4\xde\xba\xf6\
\xef\x7f\xfe\x0a+HR%t\xf9%\xc7d\xc7\x94\xc7\
\xac\x8ci\x80\xcf+1\x1f\xc6\xdc\x88\xd1\x83Vj\xaf\
[\xdb\xebf\x9b\x92:5%\x8d\xcf8\xb2\xe8\xd9\x97\
\x0fVT\xd7m?X1\xf3\xa1\xed\x07\x0f\x0e\xdc;\
{\xce\xd3d\xd9\xfd3\xfe\xfe1U\xd9'6R\x95\
\xe56my\xec\x95'[j\xf9\xfc=S&\xdf\x8f\
Z\xe5]\x084\xf8\xa1\x9e\x1dm\xe6\xf0\xadm\xe6\xbc\
\xcff\xf6\xe7;\x7f\xeb\xe4n\xb6\x1a\xe7?\xb1\x1a\x98\
\x9a\x1a\x8d\xe6\xdf\xab\x99\xcf\x09\x00\x9f\xe3'\x1e\xb4\xa3\
\x83\xc6FZ/\xb4[\xee vg\xc6M{\xfe\x5c\
\xd1\x03\x83\xe6\xa2\xb9\xe2|\xdd|i\xbe~\xbe<\xdf\
0\xd78\xdf4\xdf<\xdf2\xdf:\xdf6\xd7\xde\x10\
t9\xc8\xd6q7N\x87\xad\x81\x95kv?]\xbf\
z\xf7\xee\xd5\x97\xb1]\xbdt\xf9o\xeaW\xd8F>\
\xbc\xf0\xf6\xdb\x17>{\xeb\xe8\xe7\x1b\xd5\xb7\xd4\x8b\xea\
\x97\xe0\xcc\xfb\x80\xcfv\xe0\xde,6\x1e\x02\xbf\xb8\x15\
p\xa4\xb1q\x80+\xc4\x17\x1b\x1b\xcd+\xf0K\xe4p\
\x18\xc4\xc5\xa1,B\xb6\xcb&\xac\xe7\xcf\xfb\xc2\xa3K\
\xaf\xc5\xc7\xbf\x84\xf3xRl+s\xbc\xa9D\x87\x14\
\xa3\xf2\xe0\xc1\xb6L\x82\xeb\xed\xcb/v\xb4\xec\x11\xe5\
]\xedr\x09\xfc\x85/@j\xb1\xbb\xd5o3\xfc|\
\xb9N\xa3eE\xc8KA\x87\xc3X\xa63\x14r\x9e\
v\xd1\xdb\x87\xdf\x9b7\xe1\xf7\x9d\x17\xdc\xde@N_\
pG\xe3$_\xcc\xe6*\xdb\x22y\xdf\xc6\xc6\xd6\x8c\
\xa7eO\xbb0^\xb8\xeb\xdb\x7f\xf8t\x8b\x0c\x07\xfc\
l\x90\xcb;D\x03X\x83\x81\xd4\x9a\x1b\xf5\x87u\xb2\
\x08K\xbf!v\x1aF\x98o\x84\xb8}\xf2]\x1a\xa8\
\xf7g\xfbm\xf6\xa3Z\xa5\xe58m*\x15@\x86G\
d&l|\x0a8uh\x89_b(\xd9o\xb7\x1d\
{\xb9e\x1f(Tq\x81 \xb0\xf9<\x90c\x1d\x85\
\xf9\xe2\xd0\x05o]n\x8c\xb7,7\xa6\xad,\x07\xb9\
\xd72\xdeQ\xe3\x5c\x16Hs\xaf\xd8\xc6\xb6\xba\x5cN\
\x88d\xd6I\x8e\xa8\x8c\xce\x14\xaf\x93\x1d\xear\x10\xdf\
\xfeN\x931{\xc7\xba\x9c\xaf,\x87\xe2\xa8c\x9b\x1e\
*\x87\x1aB\x8d\x89\x90P$\x18\x12\x8c\xfd\xf4\xfd\xe4\
~\x86~F\x83\x82\x14\x1c\xc3u\x96;\x1b\xba\xf8%\
9\x92\x9c]\xfc;\x87w\x8e\x88W\xe2#c\xe2j\
\xe4\x1aC\x8d\xb1\xc6d\xa7\x14p\x9c(\x8b\x06b$\
&b&\x16b%A$\x98\x84\x90P>L\x1f\x97\
\x14?0\xfe\x9e\xf8\xf9\xf1\x0b\xe2W\xc67\xc4_\x8e\
\x0f\x84\xd5\xdf}7\x17\x00\xe9/=\xdc\x5c\x00\xa4\xfb\
\x14\xc8\xf2Q;&.[6y\xcd\xc0\xa6m\xdf\xfc\
q\xe2\xeb\xd3\x8a\xdft/ZQ\xf4\xb4\xeb\xe9G\xff\
\xf2\x9b\xe2\xfd\xfc\xc0=\x9d;\xe7\xe6\xba2#\xcd]\
\xd6/\xdbx :\xfa\xe5\x1e=&\xdc1\x22;\xd6\
\x12S\xbfh\xd3n\xef\xbe\xb3^\xa0t_\x0b\x9b\xc0\
W@\xa6h\x16$\x0b\xd9\x89l\xf8\xb0T+\x1b\x80\
\xcb`\x09V\xbb\x99\xfa\x0a\x96\xa4\xa4x\x97\xbd\xda\x06\
F\x88\xb1\xcfj1\x96f&\x0e\xff~4O\xe9\xd4\
\x83f(6<\x13\xcfU\x97\x8c\xa8|\xe9\xa5S[\
jk\x85M\xeaku-\x0d\xcbFm\xd8\xfc;.\
\xbf\x0e\x0f\xd0t}\x0f\xf8\x8b\xf1\xccO9`\x15\x1b\
\xda\xe6\xa9V\xc8\xf8\xb0\xa3\xd1\x08~\xcaa\x18\x05\x1e\
k\x88\x93*{\x1fM\xaf\xce\xa7\xb4\xba+\x8f\xf3\x08\
uW~\xb6v\x95@\xef\x12\x04\xef\xa1\xee\xea\x99\xc6\
\xc6A\xcfU\xbf\xfa\x16\xfe->\xc4moqo\xde\
\xfc\xf2Vn\xee\xf5\x86\xdd\xc5\x05\x97\xc9\x0eo\xbd\x05\
r\xd2|XG^w\xc5\xdd\x5c\xcb\x10\x91Hk\x19\
\x22\xade\xbcB\xcb\x84\x1c\x16x\xa4\xa3\xbb\x86\xe5v\
\xebkG.\xdd\xc3\xdb\xba\xbe\xfe'\x85B\xeczx\
\x187\x95\xa3u\xae\x1an\x01\xb7\x8a\xdb\xcaIt\x22\
=\xd1\xb3\x9ax0\x09\xe6;!Z\xdc\x88\xe7\x15\xa9\
\x07\xea\x81\xfb\x92\xbe|\xb2DkW\x99$\x93\x1f\x22\
\x0c\x13]R\x1e\xca\xc3\x13\xc8\x04>[*F\xc5\xb8\
\x94\x94\xf2S\x84\x121_\xaaFUx.\x99\xcbW\
\x0bs\xc4%h\x09^F\x96Ad\xad\x11\xd7\xa2\xb5\
x\x1d\xb7\x81<\xca?*\xac\x13w\x08O\x89{\xa5\
#\xd2\x87\xd2\x0di\x80\xafV\x85\xa3o\x7f\x1d\xdf\x8d\
\xef~]\xbd\xeb\x1a\x9f\xdf\x9cKv_o`:\x92\
\x07,\xe8\x01<2\xe2/\x5c\x99\xc2X\xad\x9e8V\
\xd6\x93\xb1\xb4\x9e8\xf6G\xd5\x13_\xb9E=\x91r\
q\xc4^\x1b\xdd\xafco\xdd\xb9c\xd0\x18I9\x8b\
\xb5_\xce2y\xb7\xf6\xf8\xf8\xfb/\x97!\xb1\xeb\x86\
\xc0\xf9s\xfeB\x94\xdcC\xce\xe42\x85!\xb2K\xbe\
\x93\xbbS\x18+g\xcbe\x5c\x99P,\xcf\x06i\xcc\
\x16\xe6\x0b\xb5\xdcz\xeeQa\x8d|\x98;,\xfc\x86\
;J~+\x84\x09\x9c\x9e\x88\xbcA\x90%\x83\x1eN\
F'\x17D\xfc\xf9`!D\x0a\xd1;\x0cN#}\
{\x11\xcd\xc5\x91H>V\x88\x12\xa3t\xb1R\x9c>\
F\x8e4D\x1b\xfb\x90\x9e|O\xa9\x0f\xad;r\xc3\
\xc8\x10\xde\xc5\xa7k\xefj\xa5\xc1\xfa\xc1\xf2`\x03\xad\
9R9\xe6q\xd9\xfc\x1dB\x8e\x98\xa3\xcb\x96\xc6\xe8\
s\xe5\xb1\x86\x02T\x88\x8b\xb8\xa9\xa4\x88\x9f*L\x15\
\xa7\xea\xca\xf4n\xc3\x14\xa3\xc7\x5c\x8d\xaa\xf1ln\x1e\
\x99\xc5\xcf\x03\xf9\xce\x17\xe7\xe8\xe6\xebfI\xb3\xf5\xf3\
\xf5s\xe5\x19\x86y\xc6Z\xfa\xf6\xd8\xbc\x0e\xad\xc3k\
\xb8\xd5d#\xff\x98@\xdf\x9a\xac\x97\x5cIk\x8d\x9b\
\xcd\xdb\xd1v\xbc\x95\xdbJ\x9e\xe6\x9f\x16v\x8a;u\
OK[\x8d\xcf\x9a\x7f\xcd=G^\xe2_\x14\x1a\xf5\
\xaf\x98\x9b\xb8\xd7\xc9\xbb\xfc;\xc2l\xa6\x13!\x98\xfe\
\xc3\xd1\x06\x1c\x9d\xd7\xf8\xe9'\xa7?\xfd\xa4Q=s\
\xfao_\x9f\x06\xedXK\xa6\xd2\xe3z\x03Y\xdb<\
\x15t\xa4\x1f\xd8\xd1l\xd0\x11\x03\x1e\xe4\x1a\x22\xd0\xd7\
\x99\xbc\x8d\xf0:z\x12x\xccab\xe3@\xec6\xe8\
)\xdb\xf42\xa6'\x83\x0c*\xa3\xb7\x81\xc2\xa4\xcb:\
\x1e\xf3\x12\xd8\x18\xe7\xbd\x02\x930\xfa\x14\xc4\xd2\xba\xb5\
\xcb\xa6\x15\xe1|V\xd7V\x90k\xb2\x05\xdc\xf4\x02\xfe\
f\x95\xf8\xae\x15>*\xf3\xbc\x1c\xcc;\xe5N\xf2\xed\
\xfcm\xf2X~\x9cn\xbc\x5c,\xcf\xc0s\xf8\x19\xba\
*\xf9!~\x91\xbc\x9e\xdf\xcc\xaf\xd3=\x22\xaf\x94\xb7\
\xe3\x9d\xfc\xb3\xfc6\xdd\x93r\x83\x1c*\x13^\x00\x1b\
0\x04\x13\xa7\xe0\xd4\x07\x1b\xe2I'!V\xdf\xc5\xa0\
\x98\xfa\xe2>\xa4\x97\xd0]G\xeb\xcd\xc9\xa6L2D\
\xc8\xd0\x0f7\xb8L\x13\xa8\xb5r\x13\xc88!O\x9c\
\xa0\xcb\x93\xf2\xf4\x13\x0c\xd9&\x8fi\x16\x9eoz\x0c\
\xaf\xd1=\x8d\xb7\xea\xf6\x9a~k\xfa\xd0t\xc3\x94D\
\xb7;q\xd1\xacz\x05f\xc9\x17\xaa\xf7\xe2]\xa7\xd5\
C\xea\xa1\xd3\xf8y\xb5\xe24\x8e\xc7\xf1|~\xcb\x87\
-\xaf\xe2Fu\x187\x9c\xf3W\xef\xc3u\xcc\x97A\
\xee@}\x99\x05/w\x0d\xd2I\x9c\xde\x86,\x94\xcd\
\x08Y\xcc6\x0b\xb2\x98lF\x13\xa2'\xb3\x09\x0c\xd7\
h\x03\xb3M7\x19\xf4Vd\x10j\xc9Kf\xc3a\
\xfa\xbb\xa2\xb2\x1e\xacU\xb2\xf0\x16\x83\xd5'\x00\x89\xb1\
\xdd\xd0\x8e\xed\x06m\x83>\xe3\xba\xf7\xdd\x8c\xad\xc3\x8b\
\xbf\x9b\xacQ\xf82 \x85\xf2\xfc\xb2\x88\x04I\xd4\x13\
\x93\xbf\x1c`\xb2\x9a\xa2M=L\x99\xf2hy\x94i\
\xa2~\xa2<U\xae5-0\xad6\xd9e\x04H\x80\
\xa5\x19\xcc\x06K\x00vrV\xde*\x04\xc8\x0e\x83\xc3\
\x18l\x0e\xb6\xc4\xa1\x18\x88\xbc\x0a\xaf\x08\xf1Rg}\
\xac\x1cc\x881\xc6\x99\xba\x98\xbbX\x14[/\xf0\x96\
=\xb8d>Y\xe8-\xf74\xf44\xf66\xf51\xf7\
\xb1$\xdb\xd2\x90\x0b\xbb8\x17q\xf1.\xaf\x05\xa6\xeb\
3\xe4\xa1\xa6Ls\xa6\xc5e\xcbEw\xe0;\xb8\xb1\
$\x9b\xcf\x06\xf9\x8c\x05\xf9\x8c\xd3\x8f\x03+\x1ck\x9c\
`\x9e`\xc9\xb6\x15\xe3b\xaeD.5\x97Z\xf2m\
s\xa5Y\xe6Y\x96e\xe8A\xfd\x12\xc3\x12\xe32\xd3\
2\xf32\xcbz}\xbd\xa1\xde\xb8\xc1\xbc\xc1\xb2\xd5\xb0\
\xd5\xf8\xb4\xf9i\xcb^\xdbom\x1f\xdan\xd8\x8a@\
\x96\x82\x19k\xcb\xb4\x81\x98\xbd\x0f\xe0V\x8fZs\xff\
\xeaiY\xb9\xa9\x91j?\xcd\xe1\x96\xbc5g\xc3\xb0\
\x9a\x5c~T\xf3\x1a2M\x8b\xcb\xe3!\xcf:\x03\xb2\
\xd4\xa3\xc7]\xc1\x92\xb6\x1f\x1c\xcc%]\xda\x89\x0e\x93\
\x9d\x82D0\xe2\xb1V\x9e6h\xdb\x1f}\xd6\xe0\xfd\
]/f%M)M\xdf[\xaaN\xa7>\xb1\x137\
\x94\xcb\xd4\x09\x06\xc9b\x08$!RWI1\xf4$\
}\xa4d\x03\xe5W\x06\xe3\xd7 i\x1c\x99 \xddc\
\xc8\xc7\xf9\x5c1\xc9\xe7\xf3\x85\xc9\xd2|\xc3\x02\xc3\xb3\
\x86\x90\x0e\xc5\xea\xfb\xc8\xd4\x96,n\x7f\xf3<n\x7f\
K\x11\x9f\xbf\xa3\xf9\xcc\xea\x1d$\x16h\xc1H\xdd\xc7\
\x07\xc0z,\x06\xcdtu\x0f\xb28\x0db\xac>\xd8\
\xea\x0c3\x08J$A\x86\x9dz\xb4\x13\x1f\xd1;w\
\xfa=\x17k\xd4\xcbB\x8c\x7f\x10\x0a\x93\x05?\xce\x81\
\x94\xa0A\xb2E\x88\xa5\x8a\xc8\x0a\xda\xda/\xe7zS\
\x11m\xa3k\x1f\xef\xde\xd0\xe6\x8bMtQ\x01y\x81\
\xbdO\xeb.\xd8>\xc9x\x1f\x84\xd2I\x02\xcdLn\
\xc7\xbe_\x0a\x81\xab\x9e\xfd\xbcU\x15\xb6\x87/\x8c\xe6\
\xca|\xc0\x80owN{\xf8\xf6\xdb\xeb\xee\xdd\xf9\xed\
\x80\xc1\x0f\xe5\xddY\xe6\x99\x98\xf7\xd0\xcb+\xd7|\xf0\
\xd5\xba\xaa\xba\xca\xfa\xcb\x1f\xac\xae\x1b\xff\xd0\xd5\xc7\x1f\
\x0e\x0ayx\xe3\xd5\x87\xc6S\xdax5\x0c\xef\x11\xc3\
`\xadi\x7f\x01\xa3\xe7\xd8o\xf2i\xbf\xc7N\x7f\x81\
\x9cn\x0b\xd9\xb3K\x0c\xbb\x8a$\xf6\x97*\xda\xf3\xa2\
\xd6\xd53\x226\xc4\xdfh\x91B\x0c\xce \x0b/(\
\x04\x05\xed\x0cA;\xa3\x8f\x84Xv\xda\x9e\x8b\x0d\x0d\
\x0avZ0\xa4`\xc1\xceh;\x8f\x82#\x9c\x83\xc0\
T\xf9\xd8\xd6\xf4\x83\xd7\xc4\xcd*I\xbc\xc6\x99\x14`\
\x8d\x97)\xb7\xe4\x8d\xf6\x1b\xa3\x1a\x7f|\xbc\xf12\xa4\
W\x22n\xe5\x90?eH\x1b\x87\xba\x02\xdeCV\x8c\
\x9d\xe8\xf1L\x1c\xbbb\xc8\xc0o\x9f\x9a\xf6\xf0\x80\x01\
\x0fO{\xea\xdb\x81/\xe7\xd5]\xdd\xf8pH\xd0\xc3\
\x8f_}x\x5c\xdd\xea\x0f.\xd7W\xd6U\xad\xfb\xea\
\x835lO5>!\x9c!\xb7\xa10\x14\xed\xb2b\
k\x88\x11\xf9\xf1\x1bC\xfc6\x1a\xc3\x91%\xdcJ\xb7\
\xd6YO6\x9f\xbch=\xa2I\x8a\x95=\xe3:\xd1\
Ok\xe18\xc0\x9f~\x00C\xe1L\xe9\xf3\xee\xb2G\
\x0c\x82\xce\xf2\xd8\xdd\xe3wO\xa6w\xabeA2?\
vw\xdeNr\xdb\xbe\xd1\x83\xfb\xf1\x1c\x11\x06\x8c\x1c\
\xb3otF\x7fv\x99\xc5\xdec n\x9c\xec\xf8B\
Zx\x8f\xa5\xff\xdfQ\x84&\x86\xdf\x0c\xfc\xc3>\xdf\
\xf9\x9b\xdf7\xef1U\xe8\xc7\xc2\xad\xd4\xfa\x17E`\
\x9cn\xba\x1a\x86\x90\xe9\xe3o~\x7f\xed\x0eS\x85\xf7\
\xaf\x96\xb4\xfdL\xe6\x8f\xa3b\xbe\x11\xa7\xc2\xa0Bn\
9X+x\x1e\xb2\x07\xbd!\xeeG\x9b\x84\x00\xb4K\
\xb7\x01\xdd'\xde\x8e\x16r\xa9\xe8\x0d\x12\x81\xf6\xc2\xb1\
\x95G\xe8vx~\x1a\xfao\xe2\xce\xb1qg8\xc0\
\x04\xfa\xd7\xc2\xf1\x11\x1ck\xe1\xd8\x08G!\x1c\x14N\
\x1d\x1c;\xe0X\x0e\xc7B\xe8{\x19\x8eM\x14\x86\xef\
\xe0\x07\xa2\xd5\x80C\xad0\x1bY\x85y\xe8ma-\
\xaa\x14\xe3\xe1lFo\xf3\x1b\xd0\xdbb*\xdc\xf3\xe8\
m\xee.z\xdcX+\x0c\x84\xf6jh\xbf\x00}\x9a\
\xe1\x9c\x85*\xf9\x13\xdaY\xa8\x836\x07\xaa\xe5\xcf\xdd\
\xb8&\x9cA\xfb(L\xdd\xe7h\xb00\x17\xdd\x0em\
\xcdp\xbe\x8b\xd2Bq\x86\xf3Q6?\xbaq\x11\xe8\
\xda\xc5_@sa\xec!\xbe\x18\xdd\x07\xe7\xfb\xf8\x8b\
\xe8>\xee}\x94D\xaf\x05;:\xc4\xf5A\xafr}\
n\x9c\xe1\xb7h\xd7\xbac\xe8\x10m\xe7?a\xfd\x0f\
\xd1~d8\xdcwE\x1e\x12\x8dz\xc1\xb3=\xfca\
\xe0\xd7r\x94\x07\xe7~\xf4\x9aOE\xe3\x85\x00\x8c\xb8\
}\x98\xa7g:?\xc8\x22\x0a\xa5\x83\xbf\x1c\x8f\x1eD\
Gp\x02\xfe#7\x8d4\x90wx\x8eO\xe4\xef\xe7\
\xb7\xf3\xaf\xf1\x7f\xe4/\x0av!WX!\x1a\xc5\x05\
\xe2\x9fu\x03t\xbbt\x97\xa5\x89R\x93t^o\xd4\
\x0f\xd3O\xd5o\x97\xed\xf2\xef\x0c\xd9\x86\x1d\x86+\xc6\
\xee\xc6B\xe3\xc3\xc6\x8f!<u7M3#s\x94\
\xb9\xc1|\xc5\xd2\xd72\xc7\xf2\x17\xebT\xeb\xa7\xb6p\
[\xbe\xed=\xfb\x1e?\xe47\xd9\xef5\xbf\xaf\x1d\x81\
\x8etG\xa1c\x8ec\x8b\xb3\xb7\xf3\x01\xe7{\xfe\xa1\
\xfe5\xfe\xbf\x0b\xe8\x19P\x11\xb0!\xe0\x8f\x81\xd9\x81\
e\x81\xef\x05\x19\x83\xee\x0e\xda\x13\xa4\x06\xf7\x0c\xfe4\
$&\xa48\xe4j\x98\x1c\xf6n\xf8\xbe\x88\xc0\x88\x9a\
\x88M\x8aC\xc9\xd3t\x0eM&\xb9\xa8+*AF\
\xb6\x83{=\xd5H\xde\xc9\xf9\xc3\x99\xfe\xfd\x95`X\
8\xf9\xf4\xf0Q\x9c\xe2\xbd\xc6\x90s\x9d\xf3^s\x10\
\x14\xbe\xf5^\x83g\x85\x91\xda5\x0f\xd7}\xbd\xd7\x02\
2r\xf9\xdek\x11\xc9\xdcb\xef\xb5\x84l W\xed\
\xda\x80\xc2\x08\xf2^\x9b\xec\x8fw\x9e\xe8\xbd6\xa3\xee\
\xfd&{\xaf\xc1\x17\xf5{\xd6{mC|\xbf7`\
F\xcc\xebaX2\x9b\x9d^c\xe4\x8f\x8fy\xaf9\
$\xe1\xaf\xbc\xd7\x04\xdaU\xef5\x8f\xfc\xb9(\xef\xb5\
\x80\x02\xb9!\xdek\x119\xb8\xe9\xdek\x09Eq\x0f\
{\xaf\x0d\xa8/\xd7\xe4\xbd6\xc5\xf6%\xe1\xdek3\
*\xe9{\xd5{mE\xfe\xfd\xd6y\xafmH\xea\xf7\
\x22\x1a\x84<\xa8\x1c\xcdF\x15\xa8\x14M\x01\x0eW!\
\x05uF\x05(\x1e\xce)(\x19>\xa9p5\x19z\
(\xa0M\xa5\xf0\xbc\x12\x8e\x0aT\x84\xdch:J\x80\
\xd6LT\x06\xfd\x13\xe1*\x0dM\x83\x8f\x82rZa\
U\xb2\xbb\x228\x17\xc1\x98\x19\xf0]\x08=\xe5\x1f1\
k\xcf\xd6Ysa\xa6\x190\x17\xfdK2e\xd0\x9b\
\xe2\xe1\x861\xff\xda\x8c\x83\xe1j*\x8c\xcbC\xd5\xd0\
\xa3\x00\xfa\xba\x19\xb4\x226\xc2\xcd(R\x00J\x19|\
\x97C\x9f\xc9\x00\xb7\x14\xfa)0\xde\x03\xb3\xbb\xd93\
H\x19\x07y\xcagW\x94N)\xa9R:\x17\xc4+\
)\xc9\xc9\xa9\xca\xe4\xd9JziUeUE\x91{\
z\x82\x92YV\x90\xa8\xa4M\x9b\xa6\xe4\xd0^\x95J\
NQeQ\xc5\x8c\xa2\xc2D\xf9;C{\xd2\xa1\xb9\
\xee\x19\xd3\xa7z\xca\xa6(\xe9\xee\x92\xef\x198\xb8h\
\xaa;\xafZ)(q\x97M)\xaaT\xdc\x15EJ\
i\x99R^=yZi\x81R\xe8\x99\xee.-\x03\
\xcc:\x928\x86\x11X\x09\xcd\xda\xe01\xee2\xb8I\
\x07b<\xe8^\xb8\xf0x\xee\xfdqC~L\x9f<\
\xc6\xedJ\xe0\x91\x87q0\x05xN\xff:\x14\xca+\
\xaa\xa8,\xf5\x94))\x89\xa9\xdd;\x82\xba\x09\xd0\xad\
\xe6*f\xd04\x99Vy5\xce7o\xb1\xa7\x0cX\
T\x05\x1cGL\xeeU \xb5\xbe(\x09>\x85^\x18\
3\x00F\x22\x8c\xf5\xc0\xb9\x02$Y\xc4\xe0U0\x99\
'\x02\xdc\x22\x18\x83J\xaa\xaa\xca\xfb&%\x15\x02\xd0\
\x19\xd5\x89\x95\x9e\xea\x8a\x82\xa2bO\xc5\x94\xa2\xc4\xb2\
\xa2*\xfag\xc4\xda0\xf0\xe9\x88OO\xbfk\x0d\xf4\
\x19\xd5\xbb\x22\xa6\xbbE\xa0A\x1e4\x13\xfaRM\xfd\
e\xf4\x8fB\x1a\x0aOfC\x9f\x126\xb2\x14\x9e\x95\
3\xba\xaa\x98\xaeS\xaeU\xb0\x11\xd4:(\xd4\x197\
q\xf2f:\xda\xec\xab\xba\x83}}\x1f5t\xbf\xd2\
\xadh\xd7t\xc0\x0dW\xed\xb9\xf6]K\x97Q\xb7\x9f\
\xf1\x91\x7f\x94\xf7\xf8\xe5}\xd6\xad\xe5\xddFs)<\
\x91\xd9U\x15k\xa1Z8\x9d\xf1\xfa^h\xf3\x80\x04\
\xfe\x19.\x94\xb2l\x06o:\x83\xd6fM\xa5\x0c\xa7\
\x12\xf6\xac\xc8K\xd7\x146K\x99W\xea\x09^\xb9k\
\xd2\xd2f\xd3tL\xd3\xf7\x04\x86\x97\x87I\xbf\x8c\x8d\
/\xf7Z\xac6\x83\x07\xa0Vyu\xac\xd4\xab\x05n\
\x06C\xe3\xb4\xec\x85Y\xc5\xb0\xb8Y\x9f\x0aX?\xaa\
\x87\x1at\x1f\x04\xda[\xc3]\xd3\xe5\x22f\xf0\x9a\xee\
E\xb5\xd3\x92(&9:\xb6\x90\x9d+\x19^\x050\
\xc6\xed\xa5OfVP\x00\x1a:\x9dA\xa9bO|\
\xfc)\x86\xabi^K\xea\xdc\x8ac\xdb\x0c\xd4kQ\
\xfc\xab@\x7f5\xed\xa73\xb6\xf1\x84\xb6\x943\xab)\
\x84\x19\x0a\xd8h\x1f6\x85\x8c\x82*\xa6k\x93\xe1i\
\x15{\xaa\xcd!\xff\xc0\x0c\x09^k.\x00\xcc\xaa\x19\
\x14\x8d'3\x99\x0e\x940\xafT\xe5\xe5\xcct\xd6\xd6\
\x9e\x22\x1f\x0d\x15\x1d\xb4R\xc3\xb6\x9a\xf10\xa1\x9dt\
\xe8\xf5t&OM\xd6r;\x0fR\x09\xa3\x13\xbe\x87\
\x8e\x84V:\x93\x98\x07Q\x18d\xcd\x1e4\xd8\xa5^\
\xaev\x94\xfe\x0fS\xed\xe3\x9c\x86my\xabFW1\
\xbc\xda\xb4\xae\x8d\xa2\x99\x8c\x1f\xd3\x7f\xd4\x0c>k(\
f^\xbd\xccKaQ\xbb\x19\x0b\xd97\x9d#\x81\x9d\
)'\xa6B\x8f\x02\x06O\xeb\xe3\x93\x1f\xd5\xe3i^\
\xcf\xe6\x93P\x01\x9b\xbb\x90a\x5c\xea\xc5\xb4/\xb3\xce\
\x5c/vn\x80\xe8a\x9e\xa1M\x06\xed}Q\x1b\x07\
\xbe\xeb\x09\xca\xa0\x7f\x95\xd7\x1a*;\xf4\xf5\xd9J\x1b\
\xc7\xda\xfb\x80\xf6\xe3\x14F\xb3\x9ba.3\xdf\xdcQ\
\xd74nh\xb1\xc4\xfd\x03\xf2\xf4\xb0(\xa8xe?\
\x9d\x9d\xdb\xfc\xc7\x8f\x91E\x15\x8bD4\xb2\xba\xbd\x14\
%v\xe0\xd4\x0f\x8d\xa5<\x99\xed\x8d-\xda\xec\x94\xe7\
\xc5\x0c\xc7B\xaf&MczZ\xd1\xda\xa2aJy\
Z\xd8N\xe6\xed\xb5\xce\x17A\xdd,\x22\x962\x9f1\
\x8d\xdd\xc9\xad\x14\x152L\xa9\xbc\xca\xdaqcJ\x87\
\xb8\xaa\xcd\xe4\xf3\xa1n\xa6=\x9a\xee\xfa\xe6\xb8\x99?\
\x95\xff\x94&\x1f\x96\xb2\x97\x826\x0ds3\x19\xfdx\
\x0c:\xces3?n\x85[\x82W\xde\xd3\xd8\xb8\xd2\
\xef\xf1\xe6r\xabt*\x98\x9fu3\xbf\xd2\x06\xd7\xd7\
R\xd9\xaa\x91>{\xb99z\x14y\xfd\x5c\x11\xa3\xc2\
7\xd3LFU!\x1b\x1fu\x8bx\x18\xd5J\xf7\xcd\
#dx\xe6\x8b\xb6Q\xed\xb4L\xb3\x99\xac\x9b\xe2\xcb\
df\xef\x9ev\xb8V{\xed\xc0\xa7'3\xe0i\xe9\
-8V\x84f1>\x97y-\xb9\x1c>Z\xf4r\
3\x8fZ\xd4:\xa2\xbd\xdc5\x9c}-\xf2--\xa5\
\x84yx\x85\x9d+\xbd8\x161M\xfa>=\xf1\xf9\
\xba[\xf9\xeeB\x16\x09\xca\x98\xdc\xdb\xf3\xebV\x5c\x95\
\xdbq\xae\xbd\x0c\x7f\xaa\xadV2\xaf\xe9\x8b\xd5m\xd6\
\xe6\xb3$\x9a9Lk\xcd=*\xbc#:B,g\
\x1a}/|O\xf1JL\x8b\x87T\xab\xe4V\xaf\xfa\
\xef\xf4T\xdfO\xd5d\xaf\x8dTy\xe3aq+\xa7\
\x86\xa1\x0c6\xcfh4\x0a\xee\xe8<\xa3\xe1.\x17\x8d\
\x83<2\x87=\xcb\x846\x05\xf2\xb8\x1cx\x92\x07w\
\xf4/\xe0\x0efrIcO\xe8\xf3(f\x8d\xe3\xe0\
\x9aB\x1c\x8d\xc62X\x1a\x8c\x1c\xf8\xa6\xb0'@\x0b\
\x85\xad\xb0{z7\x02\xfa\x8f\x02Xtl\x06\x1a\xcf\
\xe6\xc8\x00hc\x00\xb3\xd1pMa\x8f\x84\xd6,8\
gx\xfb\xd1\x11\x83\xa0e,\xdc\xd3\xeb\xa1\x88f\xa1\
\xda|\xf4\xef\xf0\xe62\xdb\xa1\xe3(.\x1a\xa6\xb9\xd0\
\xde6kG\xac2\xd9\x8c>\xccF\xc2]\x0e\xc0\x1f\
\xe6}J\xff\xe6o&\x83G\xf1O`\xf9\x11\xbd\x1e\
\xe5\xc5S\xe3\x5c\x0e\x83NyD!S\x98\x83\x00\xa3\
,vG[\xc7\xc29\x1b\xfa\x8da\xfcLc4k\
\xd8\x8eb4\x0c\x81\xe7\x1a-\x19\x0c\x03M\x12\x1aF\
\x83\xd8\xdf\x16\x9e\xc0z\xd0\xbf:\x9c\xcb\xb8@g\xca\
\xf5\xf6L`r\xa4\xf4\x0cf\xe3\xe9\xac#X/\x0d\
\xb3\xd1^)\xd3\xeb6(\x89^^jxP\xfe\xe7\
\xb5\xce<\x86\xd1\x9f\x05\x1f\x85\xd1\x9f\xcb\xfe\xae1\x95\
M\x1a\xc0\xf7\xc1\xf5\xe9\xceP\x06\x81\xe2-3n\x8c\
e\xf4\xa51>\x8cf3\xa4\xb3~\x94\x8b\x94\x9fY\
\xad\x1a\x97\xd3N*\x83\x18\xbf\xa8\xdc(\xe6\x83\xd9L\
i\x8c#cnI\x89\x0fZ{\xe9\xdcJ;\xe4\xd6\
\x19\x862\xfa2\x18\xa7\xb2X\xef1\xc0\xc7\x0c\xe8\x9f\
\xd9\xda\xa2\xe9c&\xa3u\x90\x97\xd7\x1aLM\xef5\
\x9d\xc8j\xc7\xddA\x8cF*\xd9;`\xd6\x0c\xafN\
\xa51\xdeu\xa4\x82\xcai\x1c\xc3\xbf\x8d\x0aM\x02i\
\xde\xefA\xedx\xd6&\xfdQ^\xe9\xfa\xf0\xc9e3\
\xe7\xde\x82+\xe3\x98-f\xb0^iL\xd6cZm\
d\x08\xb3\xdf\x91^\xcc\xc7\xb6jX\x9b\x0f\x18\xeb\xd5\
\xcf\xd1\xad\x98u\xe4\xaf\xcf\x8e|\xfd~\x8c\xef\xd0`\
\xf9\xe6\xee(\xc1\xc1L\x9f\xb2\xbc\x18\x8ei\xe5\x86\xd6\
C\xfe\x01\xb8\x9a\xef\xca\x80\xb8V\xc0\xd69U\xad~\
\xbbc\xe4n\x9f5\xb6e\xa3\xed\xf3\xce\x84v\xbe\xb6\
}&\xa0y\xe1\xa1\xac\xef\xf4\x9b\xfa\xb5\xb5j\xab%\
-f\xb5\xadu\xda\xe7n\xb7Za\xfbV\xc7Z.\
\xef\xcbz\xdb\xb2\x0f\xcdwkk\xa2\xf6Yo!\xcb\
\xcf\xb5\x1c\xb0\xb25+\xf1\xb0<\xd0\xd3\x9a\x99\xccd\
O\xdbbz\xb9\xb7v\xe2\xe9\xb0\xce\xa33\xbbY\xec\
Oh\x9d\xcb\x17\x8b\xda`iy\xa5\x9be\x0bt\xb6\
\xca[p\xf3\xfb#\x94\xfc\x9d\x95a9\x8b\xf7\xda,\
3\xd9u\x9573\xa1\xf4U{\xfb\xd2\xf697\xad\
\x86}\xf5\x9f\xef\xca@\xb9\xa5\x0c|\xb4\xdc*sh\
\xcf\xff\x0a&\xefr\xefZ\xaa\x94q\x98\xe6\x93\x89^\
\xb8\x15\xc8\xb7.k\xe3\x09\xe5\x80Vw\x9b~\x93\xd4\
\xdb\xb4\x8fB\xeb\x8bn\xae*P\x1eLi\x87y!\
\xe3\xb5\x8c\xb4\x1a\x1e\x9dSf\xfe\xcaW\xe3\xfa\xefW\
\x9d~\xe9\x9a\xf5\xffR=H\xeeP\x0f\xba9\xf3\xfa\
\xf7\xd5\x83\xe4[\xd6\x83\x94\xffp=H\xfeQ\xf5\xa0\
\x8e\x99|A;\x9c\xdaj\x1d\xbe\x9e?\xae\x82z\xab\
\x0a\x8b\xfc_\xab+)\xdf\xa9+\xc9\xff\x7f]\xa9]\
]\xa9\xad\xc2\xf0\xfff]I\xee\x10a\xff{u%\
\xf9\x16\xab\xb5\xff\x85\xba\x92|\xcb\xbaR\x1bE\xff\x99\
\xba\x92\xfc\x03\xf5\x82\xffL]IF\xffj]\xa9\xed\
\xad\xd3/YWj\xb3\xb7\x8eu\xa5\xef\x8b\xbe\xdf_\
]\xd2\xd6\xe7Z&\xf1\xbfV]\x92Q\xc7\xea\xd2\xad\
\xab\x1b\xff\x99\xea\x92\xfc\x03\xdcU\xdaq\xf0\x7f\xbb\xca\
$3\x1d\xfbn6\xf3\x9f\xaf2\xc9\xff\xc3U&\xf9\
\xa6*S\xdbZ\xf7?Ye\x92\xffi\x95I\xf9\x8f\
U\x99\xe4\x7f\xa1\xca\xa4\xfc\xdb\xaaL2\xe3A\x1e@\
\x1d\xce\xb0\xd5\xb8\x9d\x06\xcf\xffs\xb5#\xf9\x962\xff\
o\xd5\x8e\xe4\xef\xd4\x8e\x94\xffZ\xedH\xfe\xde\xdaQ\
[\x0d\xe8\xdf_;\x92\xff\x85\xda\xd1\x0f\xc1\xfd\xf7\xd6\
\x8e|\x9e\xf5\xfb#\xcaw+>\xf2O\xa8\xf8\xb4\xaf\
\xd2\xfc\x92\x15\x1f\xf9gU|\xbe\xbbf\xfbi\x15\x1f\
\xb9]\xc5\xe7\x87\xea\x0e\xbfD\x85\xa6\xea;\xf0]\xa8\
\xad\xd2 \xb3y\xe8]\x22BC\xd8\x06-\xbaU\x8d\
nvk\xdd\x1f\xa7t\xae,*R&\x17M\xf3\xcc\
\x8cOT~\xc4\xc6\xb6De\xe8\xb4\xd9\xe5%\x95J\
\xe9\xf4rOEUQ\xa1R\x5c\xe1\x99\xae\xa4U\x14\
\xcd\xf0n\x02\xf3\xcd\xc16\xd2Uk\x1b\xe9\xdaO#\
\xcbm\xb3\xe7\x15U\xb8\x15\x0d\xb5\xd6\xddxr\xb7\x1f\
\xfc\x91\xbf\xbbo\xefGo\xf9Sn\x9a\xb9\xb4Rv\
+U\x15\xee\xc2\xa2\xe9\xee\x8a{\x15O\xf1\xcdPd\
9\xbb\xa8bzi%\xdb4WZ\xa9\x94\x14U\x14\
\xc1\x5cS*\xdce@z\x02\xd0\x0ed\xc10\xe0X\
\xc5\x94\xa2\x04\xa5\xca\xa3\xb8\xcbf+\xe5E\x15\x950\
\xc03\xb9\x0a8V\x0a,p+\x05\x80\xb4\x0c=\xab\
J\x8a||*(\xf0L/\x87\xee\xb4CU\x09@\
\x07.\x17\x95U\x02\xf7\xa2\x18K\xa2\xe2\x01X\xa1\xe2\
\xae\xac\xf4\x14\x94\xbaa>\xb9\xd0SP=\xbd\xa8\xac\
\xca]E\xf1).\x9d\x06B\xeaL!\xb2\x01\xca\x18\
Oq\xd5L`\x7fT<\xc3\xa4\xa2\xa8\xbc\xc2SX\
]P\xc4\xc0\x14\x96\x02a\xa5\x93\xab\xab\x8a(\x0er\
\x87\x01\x09 \xe6\x82i\xd5\x85\x14\x93\x99\xa5U%\x9e\
\xea*@fz\xa9w\x22:C\x85\xc6J\x00[]\
\x09\xfd)9\x09\xca\xf4\x22J\xb5\xcc\x14\xa4\xb2$\xa1\
\xdd\x1c\x09t\xce$O\x85RY\x04r\x80\xde\xa5\x80\
\xaa\x97\xfc\x9b\xa6\xa6\xc8\x01\xd8r\xca\xe8*Yc\x1d\
\x9bhf\x09(\xd6w\x06P1\x14WW\x94\xc1\x84\
El`\xa1G\xa9\xf4$(\x95\xd5\x93\xa7\x16\x15T\
\xd1\x16J_\xb1g\x1a(\x1b%\xa8\xc0SVXJ\
\xe9\xa8\xec+\xcb\xb9\x00\xce=\xd93\xa3\x88Q\xa0i\
\x11C\xa0U\x09\xca<U \x86J\xad\x95J\xa5\xbc\
M\x03\xb4gJe\x89{\xda4yr\x91\x97k\x80\
\x06X\x89\xbb\x03\x9d\x9e2\xd0\x8b\x0ae\xba\xa7\xa2\xe8\
\x96d+U\xb3\xcb\x8b\x8a\xdd0Q\xa2\x86T\xc7\xa7\
\xd3\xdd\xb3\xc1Z`xaiq)U4\xf7\xb4*\
P=\xb8\x00\xa0\xee\xc2BF\xb9\xc6:j\xa0\xee\x0a\
\xc0\xabz\x9a\xbbB\xa6\x13\x15\x16U\x96N)ch\
L\xd1l\x15\x06Q\x0du\x17\x00\x90J:\xc2\x87O\
\xe5\xcd3Q\x902L\xc0\x18\xe6\x9evk\x00\xde1\
><\xda\xa0\x01ze\xd3f+\xa5\xed\xd4\x5c\xa6\xe4\
T\x14\xd1\xff\xda\x95\xf5\xa5\x17\x95\x94\x91T.>\xf3\
(\x02\x9d+\xaa`\x83fz*\x0a+\x95\xa8V;\
\x8c\xa2s\xfb\x1e\xc8Q\xd4l\xa3\x18\xcb@2Y^\
{\x99\x5c\x04\x96D\xa1V\x83\x0c(OfxJ[\
\x11+\x9aU\x05\x16\xa3\xb8\xcb\xcb\xc1\xbc\xdc\x93\xa7\x15\
\xd1\x07\x1a\xed\x00\x99^\xc8mB)qW)%\xee\
J\x80XT\xd6\x81'T\xeb\xda\xb4\xbbP\xa9.+\
\xf4\x22\xdc\x86\xaa\xcc\x90\xd3(\xfc!\xa9Vz\xa6Q\
\xabfb\xa3Br+\xd3\xa8\xf7\x00[\xf1u,w\
\x17\xdc\xeb\x9e\x02\x84\x81\x1d\x96yd\xaa\xaa\xff\x9aR\
u\x98\x0a\x1c\x16\xa0X4\xad\x98\x225,C\x192\
zT\xae2f\xf4\x90\xdcqi9\x19J\xe6\x18%\
;gt^\xe6\xe0\x8c\xc1JT\xda\x18\xb8\x8fJP\
\xc6e\xe6\x0e\x1b=6W\x81\x1e9i\xa3r'(\
\xa3\x87(i\xa3&(#2G\x0dNP2\xc6g\
\xe7d\x8c\x19#\x8f\xceQ2Gfgef@[\
\xe6\xa8AYc\x07g\x8e\x1a\xaa\xa4\xc3\xb8Q\xa3s\
\x95\xac\xcc\x91\x99\xb9\x004w4\x1b\xea\x05\x95\x991\
\x86\x02\x1b\x99\x913h\x18\xdc\xa6\xa5gfe\xe6N\
H\x90\x87d\xe6\x8e\x02\x98\x80\x5c\x8e\x92\xa6d\xa7\xe5\
\xe4f\x0e\x1a\x9b\x95\x96\xa3d\x8f\xcd\xc9\x1e=&\x03\
`\x0c\x06\xb0\xa32G\x0d\xc9\x81Y2Ff\x00\x11\
\x00h\xd0\xe8\xec\x099\x99C\x87\xe5&\xc0\xa0\x5ch\
L\x90ss\xd2\x06g\x8cL\xcb\x19\x91\xa0\x00\xb0\xd1\
@r\x8e\xc2\xba$\x02\x96\x00C\xc9\xc8\xa3\x83\xc7\x0c\
K\xcb\xcaR\xd23s\xc7\xe4\xe6d\xa4\x8d\xa4})\
w\x86\x8e\x1a=2C\x1e2z\xec\xa8\xc1i\xb9\x99\
\xa3G)\xe9\x19@JZzV\x86\x86\x1b\x902(\
+-sd\x8228md\xdaPJ\x8eo\x12\xda\
M#\xa7\x8d\x1d2\x1d04cTFNZV\x82\
2&;cP&\xbd\x00>f\xe6d\x0c\xcae=\
\x81\xf7\xc0\x89,\x86\xee\xa0\xd1\xa3\xc6d\xdc1\x16\x1a\
\xa0\x9fo\x8a\x04y\xdc\xb0\x0c6\x05\x10\x90\x06\xff\x06\
1\xcc\x18\xf9\xa3\x80\x5c\x0a'wtNn+*\xe3\
2\xc7d$(i9\x99c\xa8D\x86\xe4\x8c\x06t\
\xa9<G\x0fa\x1a0\x16\xf8I\x857\xca\x8b/\x95\
\x11m\xfb\xaev@/:\xdaK\xe0\xe0\x8c\xb4,\x00\
8\x86\xa2\x01\x0dr\x87\xbe\xa0]\x19\xb3\x0a\x8a\xca\xab\
\xa8n{\x8d[s\x8d\xcc\x8dj\xbe3\x81i\xad\xe6\
\x04@\x85\x87\x96\x81\xe1jm\xec\x12\xc2\x12X\x16\x8b\
:\x9awk\x0b\xd84\x1c'h\xae\x97\xb9\x0f\xd0n\
\x88D\x9a\xeb-\x9cQ\x04\x1e\xb0\x92\xba\x12O\x85\xec\
\xa1\xcedfi%\xb3t\x08\x81\xd3=Z\xccS*\
\xdd\xd3`2\x18E\xad\x88\xf5\x02_\xe9\x9e\x06\xc3*\
[\xd1\xec`P\xb2/\x18\x96W\x94\xc2\x90\x99\x15\xa5\
U\xe0L\x14w5\xb4V\x94\xce\xf1\x86\xe1\x0ao\x98\
b\x14(m\x14\xd0Y\xda\x9c\x83\x86\x7fEQe9\
D\xa9\xd2\x19E\xd3f'B\xdf\x0a\x1a\xcb\x18&\xa5\
e\xc5\x9e\x8a\xe9^\xd2\x19\xfb\x0a\xaa\xfa\xfaR\x85*\
e\x0a\x03^\xe8\xa9\x92=\x15S\x12\x15Yf\x19\xd7\
\xcfN\x9d~\xec\xaf<\xfc2y\x90\xac\xe5A\xcaO\
\xc9\x83\xe4\xb6<H\xf9\x89y\x90\xfc\xdd<\xc8\xeb\xe4\
\x0b\x18\xa4J_\xcc\xb8E\x82\xda\x96\xb0\xc8?'W\
R|\xb9\x92\xfc\xbf\x91+\xc9\x9a\x1c\xfem\xb9\x92\xac\
\x19\xec\xcf\xca\x95\xe4_0W\x92\xdbr%\xe5'\xe6\
Jr\x87\xbc\xe0'\xe4J\xf2\xf7\xe5J\xca\x8f\xcf\x95\
\xe4v\xb9R{\xf3\xed\x90.A<\x07'\xf1K\xa5\
K\xb27]R~V\xba$w@\x97\xad\x1b\x7f\xe9\
\x94I.\xf3(?;e\x92\x7f\xd1\x94I\xf6\xa6L\
\xcaOO\x99\xe4\x9bS&\xe5\xa7\xa4L\xf2-S&\
\xe5_I\x99\xe4\xdc\xb4\xbc\x91\xc3GS\xb4\xd3\x86\xfd\
\xa4\xecHn\xa3\xfc\xe7dG\xb2/;R~Nv\
$\xb7\xcf\x8e\x94\x9f\x94\x1d\xc9\xb7\xcc\x8e\x94\x9f\x93\x1d\
Qe\xed`(\xad\x89\x8f\xfc\xbd\x89\x8f\xf2/$>\
\xf2\x0f'>\xca\x8fH|d\x96\xf8t\xcc\x1d\xfey\
BS\xe5\xeb\xefbI\x83\x9c\x08\xa7\xc4\x9f\xf3;\x83\
I\xacnw/\x1cI\xacvV\xc8\xde\xea%\xb2\xf7\
\xab\xe5\xd0\xd6\xf1m\xe1\x0f\xff\x86a\xd2\xcc\xd2{K\
\x93J\xc1Y\xcdJ,/)O\xf2z\xcc\x9f\xf4\xbb\
\x9cD\xfb\x05\xe8\x1b\xbfB\x13\xd1-~\x1a\xb9\x05\xae\
\x1b\xd7Ur\xcdA\xbe\x8d%WS\xc87k\xc9?\
\xcc\xe4\xef*\xb9\xa2\x92\xff\x8b%_\x9b\xc9\xdf\xd6\x92\
\xcb\xb1\xe4\xab\x07\xd3\x84\xafTri-\xf9r-\xb9\
x\x8d|q\x8d\xfcU%\x9f\xf7%\x9f\xa5\x93\x0b*\
\xf94\x85|r~\x8c\xf0\xc9Zr\x1e:\x9e\x1fC\
\xce}\x9c$\x9c\xbbF>N\x22\x1f\xa9\xe4/*\xf9\
0\x85\xfc\xd9A>XK\xce\xaa\xe4\x8c\x9d\xfci\x1e\
9\xfd\x22\xf9\xa3J~\x0f\xdd\x7f?\x8f\x9c:9T\
85\x8f\x9c\x1cJN\xfc.D8\xa1\x92\xdf\x85\x90\
\xf7U\xf2\x9eJ~\xab\x92\xdf\xa8\xe4\xf8Z\xf2\xee\xb1\
p\xe1]\x95\x1c\x0b'\xef\xa4\x90\xb7U\xf2\xe6\x12\x9b\
\xf0f(y\xc3\x9f4\xa9\xe4u\x95\xbc\xa6\x92WU\
rD%\xaf\xa8\xe4e\x95\xbc\xa4\x92\xc3*yQ%\
\x87l\xe4`M\xacpP%\x8d/\xbc(4\xaa\xe4\
\x85\x03\x93\x84\x17^$/,\xe0\x0f\xfc:V80\
\xc9u\x83\x1cp\xf1\xbf\x8e%\xfbU\xf2\xfcZ\xb2O\
%\xcf\xa9d\xafJ\x9eU\xc9\x9eB\xf2\x8c\x99\xec~\
:V\xd8]H\x9e\xdee\x17\x9e\x8e%\xbb\xecd'\
 \xbd\xf3\x1a\xd9\xa1\x92\xa7T\xb2]%\xdb\xecd\xab\
J\x9e\xdcb\x16\x9eL![\xcc\xe4\x89B\xd2\x00]\
\x1a\xd6\x92\xcd*\xd9\xf4\xb8Q\xd8\xa4\x92\xc7\x8dd\xe3\
cA\xc2\xc6B\xf2\xd8\x06\xab\xf0X\x10\xd9`%\xeb\
e\xf2\xa8J\xd6\xad5\x09\xebT\xb2\xd6D\xeaaP\
\xfdZ\xb2f\xb5YX\xd3\x99\xac6\x93G\xae\x91U\
+_\x14V\xa9de\xdd$a\xe5\x8bd\xe5\x02\xbe\
\xee\xe1X\xa1n\x12\xa9s\xf1\x0f\xc7\x92\x87T\xb2b\
y\xa2\xb0B%\xcb\x13\xc9\x83@\xe6\x83id\xd9R\
\x83\xb0\xccA\x96\x1aH-4\xd4\x16\x92\x1a\xe0TM\
,Yb#\x0f\xa8d\xf1\x22\x9b\xb0X%\x8bld\
\xa1J\x16\xa8d\xbeJ\x5c7~5o\x9e\xf0+\x95\
\xcc\x9bG\xee/$ss\x9d\xc2\xdcX2G%\xb3\
U2\xcbLf\x1a\xc9\x0c\x99T\xab\xa4\xea\x1a\xa9\xbc\
F*\xae\x91\xfb\xae\x91r\x95xTR\xa6\x92i\x91\
\xe4^\x95L\xb5\xa5\x0bS\xc7\x90R\x95\x94\xcc#S\
\xe0\xa6X%E*)TI\x81J&\xab\xc4\xdd\x97\
\xe4_#w\x1b\xc9$\x95\xdc\xa9\x92\x89*\x990^\
\x16&\x5c#\xe3e2\xce?H\x18\x97B\xf2T2\
\x16f\x1e\x9bNr\x9dd\x0c\xb6\x0ac\x02I\x8e\x83\
\xdc1\xdcO\xb8C%\xd9\x062Z%\xa3FZ\x85\
Q*\x19i%Y*\x19\x01OF\xa8dx\xa6U\
\x18\xeeG2\xc3LB\xa6\x95\x0c3\x91\xa1*\x19\xb2\
\x96d\xac%\x83U2\x88\xeb&\x0c\xbaF\xd2_$\
i#\x88K%\x03U2\xe0v\xbb0\xc0An\xef\
o\x11n\xb7\x93\xfe\xfdLB\x7f\xd7\x0d\x0b\xe9g\x22\
}U\xd2G%\xbd{9\x84\xde\xd7H\xaf\x9eV\xa1\
\x97\x83\xf4\xeca\x10zZI\x0f\x03\xe9\x1eNRM\
$\xe56\x83\x90\xa2\x92\xdb\x0c$9\xc9 $\x9bH\
\x92\x81$v\xd3\x0b\x89V\xd2MO\x12RH\xd7.\
\xb1B\xd7B\xd2%\xde.t\x89%\xf1v\xd29.\
V\xe8\x9cF\xe2bI\xa7X\x83\xd0\xc9Bb\x0d$\
F%\xd1*\x89\xb2\x90H\xa03\xd2N\x94B\x12q\
\x8d\x84\x03\x09\xe1\x85$\xccDB\x81\x83\xa1*\x09\xb9\
F\x82\xd3I\x10\xdc\x04\xa9$\xb0\x90\x04\x00\xa7\x02T\
\xe2\x0f\x83\xfc\x83\x88S%\x0e\x95\xf8\xa9\xc4\x0e\x1d\xec\
*\xb1\x01\xad\xb6tb\x9dG,\x85\xc4\xac\x12\x93\xd1\
_0\xa9\xc4\x08\xbd\x8d\xfe\xc4\xa0\x12\xd9J\xf4*\x91\
\xa0\x9b\xa4\x12\x9d\x83\x88\x85\x84\x87\x87<h\x80\x93@\
+Q\x09\x07\xf7\x5c7\x82\xad\x04\xa9\x047\xe2\xc2%\
\x0f\xe1\xae\xff/\xfc\xa0\xff6\x02?\xf8\x13\xf6\xff\x01\
\xfe\xac{\xb6endstream\x0aen\
dobj\x0a21 0 obj\x0a<<\
\x0a/Ascent 759.765\
6 /CapHeight 759\
.7656 /Descent -\
240.2344 /Flags \
4 /FontBBox [ -1\
020.508 -415.039\
1 1680.664 1166.\
504 ] /FontFile2\
 20 0 R \x0a  /Font\
Name /AAAAAA+Dej\
aVuSans /ItalicA\
ngle 0 /MissingW\
idth 600.0977 /S\
temV 87 /Type /F\
ontDescriptor\x0a>>\
\x0aendobj\x0a22 0 obj\
\x0a<<\x0a/BaseFont /A\
AAAAA+DejaVuSans\
 /FirstChar 0 /F\
ontDescriptor 21\
 0 R /LastChar 1\
27 /Name /F2+0 /\
Subtype /TrueTyp\
e \x0a  /ToUnicode \
19 0 R /Type /Fo\
nt /Widths [ 600\
.0977 589.8438 1\
000 600.0977 600\
.0977 600.0977 6\
00.0977 600.0977\
 600.0977 600.09\
77 \x0a  600.0977 6\
00.0977 600.0977\
 600.0977 600.09\
77 600.0977 600.\
0977 600.0977 60\
0.0977 600.0977 \
\x0a  600.0977 600.\
0977 600.0977 60\
0.0977 600.0977 \
600.0977 600.097\
7 600.0977 600.0\
977 600.0977 \x0a  \
600.0977 600.097\
7 317.8711 400.8\
789 459.9609 837\
.8906 636.2305 9\
50.1953 779.7852\
 274.9023 \x0a  390\
.1367 390.1367 5\
00 837.8906 317.\
8711 360.8398 31\
7.8711 336.9141 \
636.2305 636.230\
5 \x0a  636.2305 63\
6.2305 636.2305 \
636.2305 636.230\
5 636.2305 636.2\
305 636.2305 336\
.9141 336.9141 \x0a\
  837.8906 837.8\
906 837.8906 530\
.7617 1000 684.0\
82 686.0352 698.\
2422 770.0195 63\
1.8359 \x0a  575.19\
53 774.9023 751.\
9531 294.9219 29\
4.9219 655.7617 \
557.1289 862.793\
 748.0469 787.10\
94 \x0a  603.0273 7\
87.1094 694.8242\
 634.7656 610.83\
98 731.9336 684.\
082 988.7695 685\
.0586 610.8398 \x0a\
  685.0586 390.1\
367 336.9141 390\
.1367 837.8906 5\
00 500 612.793 6\
34.7656 549.8047\
 \x0a  634.7656 615\
.2344 352.0508 6\
34.7656 633.7891\
 277.832 277.832\
 579.1016 277.83\
2 974.1211 \x0a  63\
3.7891 611.8164 \
634.7656 634.765\
6 411.1328 520.9\
961 392.0898 633\
.7891 591.7969 8\
17.8711 \x0a  591.7\
969 591.7969 524\
.9023 636.2305 3\
36.9141 636.2305\
 837.8906 600.09\
77 ]\x0a>>\x0aendobj\x0a2\
3 0 obj\x0a<<\x0a/Outl\
ines 25 0 R /Pag\
eMode /UseNone /\
Pages 56 0 R /Ty\
pe /Catalog\x0a>>\x0ae\
ndobj\x0a24 0 obj\x0a<\
<\x0a/Author (\x5c(ano\
nymous\x5c)) /Creat\
ionDate (D:20260\
711173418+05'00'\
) /Creator (\x5c(un\
specified\x5c)) /Ke\
ywords () /ModDa\
te (D:2026071117\
3418+05'00') /Pr\
oducer (ReportLa\
b PDF Library - \
\x5c(opensource\x5c)) \
\x0a  /Subject (\x5c(u\
nspecified\x5c)) /T\
itle (\x5c(anonymou\
s\x5c)) /Trapped /F\
alse\x0a>>\x0aendobj\x0a2\
5 0 obj\x0a<<\x0a/Coun\
t 38 /First 26 0\
 R /Last 53 0 R \
/Type /Outlines\x0a\
>>\x0aendobj\x0a26 0 o\
bj\x0a<<\x0a/Count 2 /\
Dest [ 5 0 R /Fi\
t ] /First 27 0 \
R /Last 28 0 R /\
Next 29 0 R /Par\
ent 25 0 R \x0a  /T\
itle (Welcome)\x0a>\
>\x0aendobj\x0a27 0 ob\
j\x0a<<\x0a/Dest [ 5 0\
 R /Fit ] /Next \
28 0 R /Parent 2\
6 0 R /Title (Ab\
out Cash Flow Pl\
anner)\x0a>>\x0aendobj\
\x0a28 0 obj\x0a<<\x0a/De\
st [ 5 0 R /Fit \
] /Parent 26 0 R\
 /Prev 27 0 R /T\
itle (Who this m\
anual is for)\x0a>>\
\x0aendobj\x0a29 0 obj\
\x0a<<\x0a/Count 3 /De\
st [ 6 0 R /Fit \
] /First 30 0 R \
/Last 32 0 R /Ne\
xt 33 0 R /Paren\
t 25 0 R \x0a  /Pre\
v 26 0 R /Title \
(Getting started\
)\x0a>>\x0aendobj\x0a30 0\
 obj\x0a<<\x0a/Dest [ \
6 0 R /Fit ] /Ne\
xt 31 0 R /Paren\
t 29 0 R /Title \
(First launch)\x0a>\
>\x0aendobj\x0a31 0 ob\
j\x0a<<\x0a/Dest [ 6 0\
 R /Fit ] /Next \
32 0 R /Parent 2\
9 0 R /Prev 30 0\
 R /Title (Creat\
e a forecast)\x0a>>\
\x0aendobj\x0a32 0 obj\
\x0a<<\x0a/Dest [ 6 0 \
R /Fit ] /Parent\
 29 0 R /Prev 31\
 0 R /Title (Sta\
rt from a templa\
te)\x0a>>\x0aendobj\x0a33\
 0 obj\x0a<<\x0a/Count\
 3 /Dest [ 8 0 R\
 /Fit ] /First 3\
4 0 R /Last 36 0\
 R /Next 37 0 R \
/Parent 25 0 R \x0a\
  /Prev 29 0 R /\
Title (Cash flow\
s)\x0a>>\x0aendobj\x0a34 \
0 obj\x0a<<\x0a/Dest [\
 8 0 R /Fit ] /N\
ext 35 0 R /Pare\
nt 33 0 R /Title\
 (Add income and\
 expenses)\x0a>>\x0aen\
dobj\x0a35 0 obj\x0a<<\
\x0a/Dest [ 8 0 R /\
Fit ] /Next 36 0\
 R /Parent 33 0 \
R /Prev 34 0 R /\
Title (Date patt\
erns)\x0a>>\x0aendobj\x0a\
36 0 obj\x0a<<\x0a/Des\
t [ 8 0 R /Fit ]\
 /Parent 33 0 R \
/Prev 35 0 R /Ti\
tle (Edit and de\
lete)\x0a>>\x0aendobj\x0a\
37 0 obj\x0a<<\x0a/Cou\
nt 4 /Dest [ 10 \
0 R /Fit ] /Firs\
t 38 0 R /Last 4\
1 0 R /Next 42 0\
 R /Parent 25 0 \
R \x0a  /Prev 33 0 \
R /Title (Runnin\
g a projection)\x0a\
>>\x0aendobj\x0a38 0 o\
bj\x0a<<\x0a/Dest [ 10\
 0 R /Fit ] /Nex\
t 39 0 R /Parent\
 37 0 R /Title (\
Set horizon and \
opening balance)\
\x0a>>\x0aendobj\x0a39 0 \
obj\x0a<<\x0a/Dest [ 1\
0 0 R /Fit ] /Ne\
xt 40 0 R /Paren\
t 37 0 R /Prev 3\
8 0 R /Title (Re\
ad the monthly t\
able)\x0a>>\x0aendobj\x0a\
40 0 obj\x0a<<\x0a/Des\
t [ 10 0 R /Fit \
] /Next 41 0 R /\
Parent 37 0 R /P\
rev 39 0 R /Titl\
e (Balance chart\
)\x0a>>\x0aendobj\x0a41 0\
 obj\x0a<<\x0a/Dest [ \
11 0 R /Fit ] /P\
arent 37 0 R /Pr\
ev 40 0 R /Title\
 (Cash shortfall\
 alert)\x0a>>\x0aendob\
j\x0a42 0 obj\x0a<<\x0a/C\
ount 2 /Dest [ 1\
2 0 R /Fit ] /Fi\
rst 43 0 R /Last\
 44 0 R /Next 45\
 0 R /Parent 25 \
0 R \x0a  /Prev 37 \
0 R /Title (What\
-if scenarios)\x0a>\
>\x0aendobj\x0a43 0 ob\
j\x0a<<\x0a/Dest [ 12 \
0 R /Fit ] /Next\
 44 0 R /Parent \
42 0 R /Title (E\
nable overrides)\
\x0a>>\x0aendobj\x0a44 0 \
obj\x0a<<\x0a/Dest [ 1\
2 0 R /Fit ] /Pa\
rent 42 0 R /Pre\
v 43 0 R /Title \
(Compare with ba\
seline)\x0a>>\x0aendob\
j\x0a45 0 obj\x0a<<\x0a/C\
ount 3 /Dest [ 1\
3 0 R /Fit ] /Fi\
rst 46 0 R /Last\
 48 0 R /Next 49\
 0 R /Parent 25 \
0 R \x0a  /Prev 42 \
0 R /Title (Impo\
rt & export)\x0a>>\x0a\
endobj\x0a46 0 obj\x0a\
<<\x0a/Dest [ 13 0 \
R /Fit ] /Next 4\
7 0 R /Parent 45\
 0 R /Title (Imp\
ort CSV/Excel)\x0a>\
>\x0aendobj\x0a47 0 ob\
j\x0a<<\x0a/Dest [ 13 \
0 R /Fit ] /Next\
 48 0 R /Parent \
45 0 R /Prev 46 \
0 R /Title (Expo\
rt executive PDF\
)\x0a>>\x0aendobj\x0a48 0\
 obj\x0a<<\x0a/Dest [ \
13 0 R /Fit ] /P\
arent 45 0 R /Pr\
ev 47 0 R /Title\
 (Share .ftplan \
files)\x0a>>\x0aendobj\
\x0a49 0 obj\x0a<<\x0a/Co\
unt 3 /Dest [ 15\
 0 R /Fit ] /Fir\
st 50 0 R /Last \
52 0 R /Next 53 \
0 R /Parent 25 0\
 R \x0a  /Prev 45 0\
 R /Title (Setti\
ngs & preference\
s)\x0a>>\x0aendobj\x0a50 \
0 obj\x0a<<\x0a/Dest [\
 15 0 R /Fit ] /\
Next 51 0 R /Par\
ent 49 0 R /Titl\
e (Theme and lan\
guage)\x0a>>\x0aendobj\
\x0a51 0 obj\x0a<<\x0a/De\
st [ 15 0 R /Fit\
 ] /Next 52 0 R \
/Parent 49 0 R /\
Prev 50 0 R /Tit\
le (Exchange rat\
es)\x0a>>\x0aendobj\x0a52\
 0 obj\x0a<<\x0a/Dest \
[ 15 0 R /Fit ] \
/Parent 49 0 R /\
Prev 51 0 R /Tit\
le (Methodology)\
\x0a>>\x0aendobj\x0a53 0 \
obj\x0a<<\x0a/Count 2 \
/Dest [ 18 0 R /\
Fit ] /First 54 \
0 R /Last 55 0 R\
 /Parent 25 0 R \
/Prev 49 0 R \x0a  \
/Title (Quick re\
ference)\x0a>>\x0aendo\
bj\x0a54 0 obj\x0a<<\x0a/\
Dest [ 18 0 R /F\
it ] /Next 55 0 \
R /Parent 53 0 R\
 /Title (Date pa\
ttern cheat shee\
t)\x0a>>\x0aendobj\x0a55 \
0 obj\x0a<<\x0a/Dest [\
 18 0 R /Fit ] /\
Parent 53 0 R /P\
rev 54 0 R /Titl\
e (Tips and shor\
tcuts)\x0a>>\x0aendobj\
\x0a56 0 obj\x0a<<\x0a/Co\
unt 15 /Kids [ 3\
 0 R 4 0 R 5 0 R\
 6 0 R 7 0 R 8 0\
 R 9 0 R 10 0 R \
11 0 R 12 0 R \x0a \
 13 0 R 14 0 R 1\
5 0 R 16 0 R 18 \
0 R ] /Type /Pag\
es\x0a>>\x0aendobj\x0a57 \
0 obj\x0a<<\x0a/Filter\
 [ /ASCII85Decod\
e /FlateDecode ]\
 /Length 215\x0a>>\x0a\
stream\x0aGatn]b6l*\
?&-^F/^>^bn@*D?n\
eoiL@)dO0K\x22%At5[\
aP$IIa]cPM!gdaJU\
oo,+]N,uF'A]eLZs\
tpL>.>]>.?F*:=Om\
aA?9@4lBI*@.ZI%;\
mR7%3@%oh]$`T>X2\
2!el6!?%#,;]W;T!\
EPW\x5c2\x22on337KV>/O\
`H<;5C2LMs?999k'\
+%H1'$UXke3+Rl\x22V\
Q*5R6h#&dW<]ZhNA\
3t_f+J-=b8*^~>en\
dstream\x0aendobj\x0a5\
8 0 obj\x0a<<\x0a/Filt\
er [ /ASCII85Dec\
ode /FlateDecode\
 ] /Length 1286\x0a\
>>\x0astream\x0aGb!l`>\
Ar7S'Z],&.F-D(DA\
Z#E'Lb3gDDDXQJ>P\
'PB1>(jeB4L9dCnn\
qO-5YMKkN*,2Fg1Z\
_6>)>Q_2V\x22T8OO_J\
$@lfhZ:Al_t-M*N5\
N4,-A[3Fmr5NqH[j\
%Qn!'>5br(-4AgF&\
fo?[6U,Z0FH.JP9H\
(+Ic@g?k:MNd[>3O\
1\x22SSo:PqVeW8%%5P\
k30gscV<J<ask2Qh\
B2laO+tZ(Ld5++^u\
!&gY/]qoB6FFfNL$\
dGaZ+SmctffH-Z$N\
^BbPnX4_sQPlJjM/\
:t`h-bG2q$PY4&3/\
@2g]KD[c\x22+S^n7m_\
OkARTMm1+nKK\x22O7,\
Cl3iO8VG62(rneHV\
h8uBK\x5ctsK6A/0o.i\
nYu?Z,5H_9-jG>h8\
Tn]W+]T?lMOu#1+W\
Yk`i=UU%pA*]I>GB\
ZKbh1RY.TUIk,=TN\
gG>(*6Ler<4WW\x22&i\
75a=*1T[[a7%`3o!\
,;YUPQ*P:R;N0?[<\
9N9T<@F'5oAKA%<6\
]So,h3b1\x22gRg_NU]\
MB#O2Od^)`Z^`+SM\
3!nMZV$&J9XNd45s\
.6aCdE!le\x5c\x5c8B^O*\
oEOacT*`SA!RX?oB\
>L&J)+\x5cib9:3BDXa\
cm'(-)!F59/2eY,T\
[Q-2]J]a5)fTlC]H\
]eZ0<sfKh]*+9mB.\
HP&d#k!S5G#D\x22bk/\
CmuiI6r+D/722#d>\
V;c(HnI=B)pDuJ29\
+`)\x5cLW'Ab5P9_1Ne\
AtWT6On'URF,VWm[\
j\x228gZ``S=J%M3:C3\
,^b\x22e'49iaXfWR/n\
VATH%SGJVJ(\x5cG<$g\
Z?>B6.R1I?;JY,RG\
@0'$Gp\x5cP[:-<q\x22au\
!k6q'jrX>s5kbE+L\
'[AW\x5c_6[:X(bH!`d\
cWPD7\x22#k]@QuCg.T\
9.1<l%_\x5cc@u.kVXr\
[,$<,PaCA\x5c<%;?uK\
@Pcuu+iaAZYp_]RV\
SgfZr\x5cLO8qYq^*,U\
CiuR&.M+9U5MV:*X\
LsAn[]TBLEEa;X%b\
_Bj#d<4:r7O!b5jF\
Ab0'/GVFC8^\x5c^C__\
%dU-OMD;#[7b3_BM\
9U.<hfa@M.e#f4*S\
@m#0GS!3(eL-#?BH\
7:o5Jc]KsSAioD-A\
'*:#!n)/=FpP,b@t\
V\x22n7J#$^UEKDE>`*\
tVbl]Ss-.hj`_4Qb\
CV)_X2bD\x22%?51\x22dn\
gFq^U!U<s^7:))h4\
@b4XBlm_$:#>:d!I\
TARUZck)%&]$]kG#\
O<\x22@>;P,,[Kj-uL*\
@@]CTukFAi:g9\x5ctq\
oLcl*_0)`aai371^\
1AJ\x5c)4)?#,hZl<6(\
mH8`7F4lCD3`Bdr%\
TWK<^5,H>W=,@1RR\
juVk//nls/qpW$Yh\
NDf8ka8\x22>>::a[(5\
2UNO!5#5K8hCS/`P\
']s-ii9YB/:khF~>\
endstream\x0aendobj\
\x0a59 0 obj\x0a<<\x0a/Fi\
lter [ /ASCII85D\
ecode /FlateDeco\
de ] /Length 168\
0\x0a>>\x0astream\x0aGau0\
CgN)%,&:O:Sls&;q\
ApG%Yjt4]nSS$SiP\
Gj]09OAnT']Dl=!e\
=1uYO>Uj2^aLM))p\
T</V:e+igei2l\x5c&a\
F,iNs\x5c,^MJGT5P?7\
;OY\x22XjAA[Yhrsb\x22i\
mU?%gKC=L;5I8Zds\
)L:nMJ'B]T0;'9X>\
&a6r`93\x5c15TQ/mp:\
lG^unBXJ\x5c;%Pf@N(\
%G!0saM'Q*q'4.%C\
%dM!]uA;8O2Wq;ob\
^K_'(4a/:9&o?Ur]\
HREM(u2&(`:`gD=o\
eG^:Z@7lS-7d%A\x22u\
>1uK\x22;<1T\x22$tDUCm\
!3XaQ\x22?(QJO\x22q4`r\
Uo?R25G_QO=g-/1E\
61W(?In%m@W+VZ#T\
*IN2[DH)W?GhrDCZ\
IVQe!E3lb97*:Y=A\
D4In>$e\x5c\x5c3_qVV?+\
7JI2-/_Y/%m(1>4n\
m2?5_#RUi`B_WYn4\
N-CR(YQYn8KT&tZX\
60G&%k\x5ci7R,?m:j&\
/34`8Uau;m:>]Um*\
/gu*Ajn\x22\x5cWo%aEFd\
W+;,H'd-hY;CB<:s\
]kc8+2b-dBOCr0?\x22\
ER\x22`j<_N\x22SnDlX_V\
+i<pRpf)pZ+f<2QX\
WUbXp5n/bj;-M4S%\
*D'PD\x5c0UJa#5Bm9[\
IHY@Eb;ZoR#l;$Ps\
,V-M1\x5c5ndaf\x5cTGCC\
.,c>N4@11\x5c%a@FW=\
`I\x5c\x22b6_/>;I8I1hQ\
KKJ9s.uBd9'hOu]>\
X^ns\x222aF+tkAMQg+\
[2H?d,,Z4Q=ohe<>\
T4.3#;\x5c@7K*a+mYN\
_1>!up*ICt1Hh)hU\
?2m+]$FMES-,oX&)\
-FHT_(O\x22*jN;uA6,\
Bpgd(>UO5SGu]l9E\
fC<WhEJQh71cC?+=\
pGua:jl^dEPtJR'J\
!tm<_b:dXn=bl>ib\
&cT.,)^mh^lbj;0.\
\x223bUa7NNc>#2LNiH\
&31S\x22f\x223T_H17g3,\
;MI)-b]IWrgCHIiM\
MPJ9ljo/YiftO[D1\
,,;PH*D6+^;`+?+n\
!Lpc?SAdKA-RUl$J\
@<\x5c.KV\x5crF(Y'R9+F\
AbYTDo/UUgT.TIVE\
+gS<XW&rTfUI'A>\x5c\
N>)/.V%&naY!QW$G\
-'YC+\x5ci3!_8!X'?<\
P0BHh^@OAl9Obu:^\
A8>eurJ1,Y5=o5V5\
iRJjL`(/D\x22J;`Fqc\
U2o^<ZLUURS!_Rhj\
d>@pJ2Z9((J:*BeK\
CIr#d'4h`r._jDCj\
:9lqp62d-^qnMBIG\
sO#9`cF53>uc-/Z!\
!A^gRqrd\x22Ie-O9TE\
nt_dfhpgQ:h&C75n\
m7>^XgM&]ra?tiq^\
+dE-)&;4f30\x5cVro*\
(ARm2(R/Xj(fG`>I\
.mUk*8LVbKrpR1/9\
)s'/Q3$bQkasq:dO\
R6A'<dl\x228LJI[UC!\
S5bTZ,nE&7$J2(IH\
gJ<OY7!F=]+t`]hV\
$K\x5cl^dBI1+<@\x22mWH\
9ANthQBlKI9>CQXi\
AbRXEdEKh6edt%B_\
ddc8bsQ\x22ffd6p5B3\
4?bH[<P_.g#SP,eV\
5h$)p4_X:GJT7_$-\
!:2#i6F2&-OBMMR+\
Fc>0llhCV*GcRP!3\
*g0jONgCSdE>q%+L\
mGL'6M-4/mQpTQ0f\
\x225i6uE:N<%F\x22m':/\
O2Khr:c+Mt4=O&HR\
$Wkj1dqR43E!q?c]\
29_[BRf`6WNUaa;)\
i_ZWK.6#X:FZUtKI\
$pCA+u[JT&W\x22oWpM\
o*_nEXKuM@\x229eW^\x5c\
R!V@UqLY7btrZ\x5cg%\
0f*Jm4&\x5cW(Em#q\x5cm\
rCI-?:?!oiiapZCb\
D5eYm(Gr9d!6Rn&;\
p3t$e><iY'%UlS2<\
pc+Vs\x22`dlDVkf50`\
($tbX2go9hTSlI7'\
fgrr?1Rm;2~>ends\
tream\x0aendobj\x0a60 \
0 obj\x0a<<\x0a/Filter\
 [ /ASCII85Decod\
e /FlateDecode ]\
 /Length 1877\x0a>>\
\x0astream\x0aGau`SgN)\
%,&:O:Sm%^'(/FOC\
iV+I1KVN[mbB)9pl\
LkJ1K]G1DulgK0#?\
:;b-U=>CV)I\x22NpmU\
GqWT!Rq-`Q,<7o:\x22\
mp(&`1?Olt2.6XJu\
0[/,d=XNpf*o>['#\
n&1WdH'Gh$'=`mSp\
[HfAdaSdO_Ac5c7W\
+NTgn)?P2g^(W)V4\
kZ?1M92hm_1_hf>h\
fZR)H9e@bR5<k#G^\
@D)SjcP)o1,ZoA9,\
IiJ42flY`-HD%^`/\
VOmh@\x221FWHE\x5cBUs`\
5I^<+P3I)hqE*dgJ\
b_j^=4:7B1OK((Qa\
mb/Y*?4t_ZDpK>;U\
8BW(S_+<u>Z>h:=o\
7((^2\x22g?)G/l'mi`\
P\x22>]\x22:R#j8CS2mdN\
#0d:q_<(Y\x5cA];(E%\
CDng>dn8%7Vi;-jM\
je#*lg%UBS11S=@p\
;\x5cp&[+:0GA)\x5ccXQu\
bESEH%kbnVt5g72/\
B0[80B@8X5_RV@>B\
eXhHMLSV(^)EqqHU\
V\x5cf=g?-hrK:PsFQP\
ZH$]AoD=ZO^7KZtn\
co.1K/+]F]$cm@CF\
j'ZJDBTaA5@fRLg,\
`R\x5cpo<6;1umPs[b,\
#_/E0pZ\x5c$l!EkM6b\
dgFi+Ap%72sq22S3\
2=j;a`3@1i5+OBF%\
n6R#(1`/<:jW8K#R\
ZR3`aV>uq,[Psk\x5c3\
AS^3CfqGVpD1p)qI\
\x5cO>k>N,7;lYl#c,o\
l3bYYs?mmRPs@lHt\
HP<2^].,?RMLDmnF\
0D;YrEKjd&*O`?bJ\
UBd(\x5c<RPANe$V.\x22%\
2\x22VY3SRqX`ib/k2\x22\
/IN0#n9%/>YHMJdT\
(UV:(kGt3!]%#Ogt\
8sEFcJ;%RhCM_X(P\
prXdnP_II%Hk5Yji\
]O93#@S:El.lCh\x5cE\
TX.rin-9'Ud$hL^P\
K!?jEF)6t)^@PSW/\
JgD`^Y^)`Ei(6VZ`\
';*a0L(:h1=sRX++\
T(JmL%G(1b_,#RU=\
ISN@dcE7=uk\x5c;l7u\
\x5cLFQB,2Ed=lU&j*&\
U?)nP=YOIe!9J;&M\
9C6PN9tTnaWh!E\x22D\
\x22[LJBDA13YddF:r5\
24iXq<N(BhRei;&9\
&C?TKOO$b.ASao*3\
EkLih90okjruWZ^L\
0$LhoRZJnW2A!&ef\
BNP&u`NZ[ij9a1iL\
L@aE$=>$0Z!^AdqM\
JHUN,^D<m/oObS*H\
G[M'UVtICb$f\x5c%qE\
PLE]Q_MrBD:#uD_R\
s\x5chQrk'[_7VAK]U+\
d?q>S6/NoJcId=V*\
e2<RGJf;pagI=bQ)\
r\x5cHA-Eao0UC4JbjU\
jV$;_)2mk<@5>oJI\
JeQE^\x5c\x22\x22l=q.I2Ad\
\x22T\x22auX&/RYl-&DOS\
h9,AoA#/6qso2d5/\
Q;`Y.D'd2SQUNV3D\
2h5fNme/9gDr/EBI\
\x22E;*aBOqLJ`bV]Wh\
EFJ)'En/c0/-#:Be\
GIoNBHT:l\x22?B:K1`\
+D;icIV2T'<+JP%j\
I71mPn>I=%8!!Wo5\
g.C@Cr;<QS9,e1tB\
[-;q`7tO47W@Z+W$\
K&s,']-MJKcegp>M\
J&hl!V:@dlbY5>=r\
IrT'WueM;!+-WKSm\
a@H).u/<`]+!QSd=\
Ag\x5cne-SNP;,GOLdd\
u!]/4<*\x22?##G8to<\
2RLnVW,6A*Zj7G!#\
T#HQg@,]-@ge;14k\
!&=I<nd4!?1h83Q$\
=qKF2u6P&D.++68]\
88Jo,lQkqkl(iQJU\
fIAupr7<CK9-Yh^N\
oK7+9Dd$qZ]3CSD%\
@(cI+(+783.!0*6<\
S8fRZ<7bn[6Fc-j#\
fS\x22]sObbK+.@^&k*\
$PY!F4jCOf.WZ*#c\
/c;k^!Dr^j:.<Zi[\
#(L[O<e';9lWG\x22+t\
BlS>\x22`S<:Ei?W\x5cr[\
3+4M%Ug2=_$9HW_+\
1jRV]eHni.T]g\x226<\
(`?e2,#6M,-mnoqk\
.-cZ71Qci:.\x5c23W_\
N+,T'aQ@kTd8Wj$$\
kR00^Ne/T+G6iLJh\
QnR/5)$K?pJR*nu?\
rr'mDup2,LADDu0*\
EQ.iqC/CmTiuo*&F\
2\x5cQu/;C`.i5qQ8%l\
#2sK[9_Vs2c~>end\
stream\x0aendobj\x0a61\
 0 obj\x0a<<\x0a/Filte\
r [ /ASCII85Deco\
de /FlateDecode \
] /Length 566\x0a>>\
\x0astream\x0aGauI16''\
JK&;BTK(%8X`XK`G\
Z8U:L?!c]ZY$V-C?\
Xc$Zoa//(9B::^a\x22\
@@H%QK+)jDeAXU#]\
NsVq0\x22\x22PWl</j![:\
,r5Y*6LI`.^6qj*(\
CAuV/4njYmp'e=MT\
84V\x22-a\x5c1<;2,,^GM\
GD-k=sEAi:GS>*2D\
nEbJd:#W@(=PX;Na\
r/Y'fK&s3[%5l>%?\
]'L,)'$LJ,8Gbq41\
p]OH!ZtiqsRQotNg\
#_J$[F5>^)(2>GRA\
\x22=-gDfN6KS\x5cR$\x22<D\
jTG8hIj]/:rQh<cp\
co.X;09TMrpHOMNs\
?9n7?j.)d_E:dj6$\
I@'?d,%]>)WbkdM5\
9<RN0nHCl=>MpOmg\
[:B9IhPSgL*5oDq-\
$G[l'.(*NdgZn<\x5cQ\
TRFlu=*Z)bYj1Lqa\
ih9@n`a=+EEZW0(p\
@7-4>,X\x5c?b+;L(N+\
h$eZoaL:*QU)s+-,\
#<<snC7dU(5Kp]5C\
)nb$_0G>I?U`2YkN\
_I*qk<enXh(_CZ]/\
,9*Uf0%rcO?Gfj%a\
rCHgQ$3(n<<_j8.Y\
afl8j^V4-f\x5c4cg@`\
1^gaA5e6jVj:as>(\
agtplH*\x22)^/?Cp->\
lek)6t?3QfbU~>en\
dstream\x0aendobj\x0a6\
2 0 obj\x0a<<\x0a/Filt\
er [ /ASCII85Dec\
ode /FlateDecode\
 ] /Length 1864\x0a\
>>\x0astream\x0aGau`S?\
$G$]%\x226I*^gkrlRO\
Ch7e[M^)HIB-\x5cG4k\
R9(Ij!.[M#Q:PTBf\
$!L3991elGrh;Vp+\
1.`%i!:D-9K_,oV1\
Tph.>f.(:$P3oO2^\
%*&L@m3=\x5cN]oR9H7\
]B;35Be-=@]<_'3+\
k>\x22?KH@^V(/$.+PP\
Mj#i!J_co[3AKqe[\
VE)hI31ciZMhjK5C\
Xj2&iQ$.\x5c)5$u*NY\
n&L2Z9ua/8*A1#Ff\
]BNNnBbX.Gg&;W/L\
L?X+JMqFY<j`c/['\
VKPcC':LD^mbONM[\
sePNJ#dB7KRq*oBI\
l/XjUlS+CoTncm'^\
P15.r!SnW,;L3Ssf\
WJDdFW8R&5m>JORc\
k#\x22te3_Nre%%eogA\
(9eaaU.OJ:roeR*4\
(Vj0_utm_G(n'BJ*\
4FT>JbJ,oC%79Y@:\
[18)qRI_15Br/`4!\
3Lg)l\x22IecQ9UTtXs\
.AQF2nN+!Oe9C3<n\
t#R:e/irc&nVOA>'\
-\x5c;/;!1)d;WkNL),\
0RP9T3%ZV]gnP<B*\
O-l<,beB=f):=>OI\
*u61%lpAYLX4a8gC\
9Xa=(O'/2%\x222UIc*\
*4JFBBdqO\x22\x5cT!_Gk\
HQ(3lCJj8M$U;`R)\
O_*=i=(]fA3pO*0#\
n31/FF5?Tp\x22#0!PJ\
dOp10r&.\x5cLR%ANSl\
(qET>,Z_6DLDj7C&\
_DX'PkUIi^S3#$>*\
C]$4nA`kRiOoKP^V\
`kV=ZFSeK$pA=SB4\
nAf?u#X(d0o`^r[J\
_EA._An)3;_[8Gl6\
nhA?iO8\x22`/l`+i]F\
mR#J;K(V3\x5cW3W8$F\
'HO`gRfP]`!bPp$s\
HMlD&5Dl/6/9G;I=\
7,gM50Z:H66qG+ri\
.V?G`n;-6%<1`QMd\
[N\x22,oAntG?>R7kYi\
OT&)Z\x220uDfYu38/V\
NT\x5c&Bg?\x22SNrR]QUM\
@_W/o;U%>[,T#\x22(-\
6U7'+1BO8=X&)u,R\
=ntt=S!#Lij%-ZQ0\
X9CA=^.SCcAYoEg'\
\x5c%*<6K#O)p3uj9#&\
Q7\x5cO4j/X(jB;JjU7\
hFqooF3Z7E2Lak8_\
dVBX<G8T\x22rJm,&KI\
%sV=n[(f?MR]*@a^\
i6>Wh\x22uXPB@WYmAc\
fo^8:^B&eQb$g^YF\
l?Yu-KH^ub:f\x5cCSh\
#8+G^uZ'n@?s'pp/\
@ONPq+ke9\x5ckePS^9\
8,)9F7+S_4!A4bm>\
-6L@b\x22ag('TF'51h\
-lY<\x5c\x22Ru8DSEFUE7\
/&8^$&tsB,bh.].f\
#\x5c=,qsgI&K?^*SK\x5c\
]c*R/E6>YLl?cq`H\
%dlU\x5c]hLh=N<TV=1\
YY_LS*Mr`0(cY9:W\
Y>nU/a[Q-#$s[nJ.\
GJ37JL!?De.['kQR\
[F$A9N-pi=9mUjs/\
B:/=OZhi>2T\x22=QT<\
dV'8HMgi<oMha_V@\
e6Y-H.a:ST,ND\x5clD\
I9g.9m\x22=acH\x22O]a@\
h7-O$rh<K/Ab:)Cs\
O^^tZB`8_mQ50&4;\
Q!-U;?:ju=l.C/Id\
2rU8,iRr4OoIWY(.\
#<dQ7MJC,^d!C6jJ\
)hA)7k`>,/QSV*_`\
rH2):5CM%c&k%KWC\
bm[9)):RJ)9=8c;9\
\x5c_#8'JbER2a-[miI\
**+?\x5cNNu=:q=RA$t\
5Zk--CqB\x5cn4MV'(X\
ramt!KqTV!Ik4AIE\
a-Y4Gddg9orYjPc&\
?%a_\x5cWZ``QC<'B2[\
M&L+I1m'*f<#k$Eh\
#VU:*I3gj`;t7H).\
uo!:b<,5TFL'0VIi\
j+PI2hB`c5-^''\x22/\
r-'r8!/ZOre@^+`8\
(>.d-k-r/1u3jlr#\
2/e&Tah>\x22lM0=r^b\
R^/*_p*far+D$o:K\
(F9mTe=3\x5c(YQ`pt$\
r*e&CD*JXbOg!,hm\
2nA8c[37(2DDV*Aa\
j2EUFll1[S]7ojm%\
MDKtN.M?g*311Bgl\
lot3_nfIT$;VpR<h\
ZHi/F+cYl[FsLFY^\
B?n2g%HD/uM7#_Xi\
bj5(2XkH6t/FZ[+n\
*ogEau=rn%*ku2!O\
QM#uY^d0I)Y-+U$3\
*pcHT`Sm,!c-QK3<\
~>endstream\x0aendo\
bj\x0a63 0 obj\x0a<<\x0a/\
Filter [ /ASCII8\
5Decode /FlateDe\
code ] /Length 5\
89\x0a>>\x0astream\x0aGau\
I2c#V8e'SZ:1MR*_\
&&<^kQG*bI&?s$7j\
(Jl-_;9\x22`MX<uE*k\
=YQDKu.rNG\x5c$-\x5c3^\
3:\x22Z2gdqjSQ.^hXu\
-j;*[\x5cE,=KL#oNuU\
g(I&7HHrEV63nXfr\
U1P]i\x22RVsqSsR?#5\
mlU&>-](FL*YkrRc\
%nEA<Z6:<_qEY#/a\
&gLg\x5c6E$kX$L5%)g\
dbRmJg21(%+NW(,i\
\x5c>JSYO]icb..u3ul\
XX:D?sP-Kh9]*jVQ\
H\x22;8)#MMWb\x5c\x228e9O\
D5(lT8,biePBp*p\x22\
iSu15ZB:b>:<2u+(\
X_^P7ha<WBlUgeTI\
oafeMr&>)n\x5cOE4g)\
X0$NQF3`)pJT:[Q`\
n_V[)#'f%hLP$uQ:\
0B[1+gSXJDAT)BH&\
R^h$-e@2Yl,'[S:P\
F$uIUpJZ*,'me(_/\
0$%l.YnPh_3L1\x22lk\
K_WPP#*d$iR'/+NR\
:;.6)*Ebl4V-f!e-\
cc79R8+DCgW@I-@Y\
S<2ar^S`,Q(jPVHs\
&:u'E(J7/oe;+EB^\
(FYNHY?am\x5cDO>*Hj\
,n&uDK'/l)3Mo;\x22p\
k9E+c?j8baG0]Ka:\
j+/g]/9+dJkYITs!\
s]$_'WX@CV_u-/Xm\
R>F8h5c:eVl#\x5cLp_\
V\x22>\x5cg98H~>endstr\
eam\x0aendobj\x0a64 0 \
obj\x0a<<\x0a/Filter [\
 /ASCII85Decode \
/FlateDecode ] /\
Length 1902\x0a>>\x0as\
tream\x0aGau`S9lo&I\
&A@sBm*SCAQ67VK9\
M\x5cB[m3L/(;F`OVj8\
r2?KFCF+!,,I0omI\
3s89,^)W@+Z.Z:,C\
2m(Tt+Fs/9RY6]X$\
RcrjrIf*3-88,OWO\
[U->J#?Y>B-5I<YV\
K\x22K]LWAqo6;%InQb\
!84H@k/,\x22ZF#2khL\
c`PmGqp'g*%Zib-p\
Yb(b(;\x5cHG8,Zm:Gl\
C(1$>E[K>o0JXJS)\
tS?5LAs]DuCK$n(9\
grVoRQ41[L19j!#7\
-:6EW(H(<dTK?-B<\
Mr;K7j_8A/raZq1c\
'h>,Jkmn\x22aei$uE$\
ru+`PJ)_h-eKsZY6\
VbP<!#\x22J4LZa&Rq?\
\x5ceSf(p0MtcWaJ3!N\
#qd]RpI4u=fR=e]h\
[V7Rf_5qabZC8FB8\
Ebn[,cFghG,bgQRh\
W]9%.VK[^.FdD``J\
7)e2ksSWE!bc5<Ir\
Ws=C#H\x22fFDV,nHX4\
Qd&io,W.,5+q`Nfg\
W+_G-H*C14fo\x22]+O\
\x22XQ?\x5c!]hO;TLlok$\
=-*uR6dh](@_TTBi\
p?Xal.Q_EGj!TW8s\
6*n2B)*)PI;>*hK^\
:kg%$/n&/]XopQ/.\
W,<7e,\x5cFAnSHgopu\
9Z.f:,/\x22<ZPi4-&+\
%mb-3lp'r+/%'D-Y\
gZW'l,M)nrJ5ILFt\
bCSH[iT[?fE/[ELb\
,_rOp\x5c1!D^)FHtu6\
`@=#C&eOA,+eToJ/\
n&u4X_55mBlX\x22uWh\
,uq9H]kR0Oj(*4fj\
?\x2262TPh[ShDjRS#Z\
P\x22T,!9u#VPX5)K).\
=0G62kBEg!9/OdOY\
7DI(RG9U\x5c^U*LJ*$\
+h@CnuJP=M:5ii4?\
?j7p'\x22a$9*XG[Cq9\
)Ydb](Fm[16]UOYu\
81Yf?f#1pkLQUa&U\
L9%CRD?MP'B?gTf4\
-Yh:9_W$4hZ`BdHp\
0gTTHkDNADUfV$^/\
P&P!NnR2$mrV3cZT\
(ffV9'-KQ<bVBSd>\
mX&n.MpnaU*llBp`\
iBpJH@l@-l=6`o>+\
[\x22aWEX0$OQ:iD14'\
MRiTNc.*Sr:s,qUQ\
]NI;nhM-R7]FlDHE\
PSQ(W%neMhPii\x5c98\
q!V-%'4j5pE%N!Ud\
S?LMt2F]],.:-[,C\
2^mRkSBJ/W17@ia\x5c\
'Hrr)/A/:#?f](=a\
*8/)2OL*V'K)ANO`\
;65mEq+FF+;>Htj\x5c\
dBNb?b.4`U?iW$dq\
-LJ,[Si?/7c$pT6&\
Z\x22`q7(X)>%WcO(J5\
0IVS<r:$i)I)0.pT\
rs>9f&UP/T52n5:k\
T>4mSkbWY=f!s5t[\
RtkO)`Hh*i#m(flB\
.pb'^Af<OO):=dKr\
<3DCE]B-DZ/*18%,\
a@md6LO6&Ik\x5c5X_k\
\x22+3pi%a&g&OZ6X2*\
I;APMY0Ne<l[8T$R\
TB[MC4kI!Du?kf\x221\
YoGVX>&fmo5bhXOV\
g!I!X75Y\x5c]g9$qaL\
0#D]h!^C>%P*EpAt\
Bf?p_$LYL'[)lV5F\
^*ms>;PK`tIRp?WD\
$h4tVmM/1q`Z,0B<\
7ut>V=%L(^u:Meo\x22\
^b!'b^tV\x5c<9O\x5c0)O\
Am\x5cn:H?ZK9pj:Bf9\
kBQ(H_T1n?XR\x22>M\x5c\
^4!1X6ubVR!'lGn'\
s(9*-83(@-R)h1H2\
]cu?Ipb_7bPN^j)?\
YRrVSO1Qtp5j45LD\
[o1=A'YaPc,=iGR\x5c\
3>5o3j#MO;b\x22FsNC\
02I6EG`7!*fBIhgh\
RZr9IIZ$Xk,_rpCK\
8/40ZZ4\x22aUmP:?Q!\
A',,%TEF2KUo3tnm\
oUbhu^`Z<]%kFEBM\
^\x5cIWX\x5c^:`pA]d9Eb\
_\x5c9A\x22pCucEJ5@gIH\
kU6ci4*)s5a9c(GZ\
3jN:^LZo@2+)V+VW\
XsM)aQ0h?kBN[R)G\
4]YEb:+4<6?$n=\x5cJ\
H5-p\x22!lQ9?lb7AV^\
-M`gT*QH^LB$%S54\
*Fki<*dF`d=io19(\
m<U`&)r:#2!8$om(\
*@qBEKBlsa7B@L4,\
mC:JeIcC2jd0:-ql\
:@1];,4%nAEc.^.T\
UMOdM$]OkoNiM[ne\
FYcg@L^V,<VQ7SO<\
]@iOZQ7-&d86+p`3\
d\x5cpi&:!]BQWr$I7W\
Md~>endstream\x0aen\
dobj\x0a65 0 obj\x0a<<\
\x0a/Filter [ /ASCI\
I85Decode /Flate\
Decode ] /Length\
 1136\x0a>>\x0astream\x0a\
Gaua<hileO&BE]\x22=\
7\x22sEY!R.Cs!UZ>$<\
*fX:`>')?5-V(Fi]\
`.A9-;:Ss=-4acV?\
6b`p4/EMVEUp@DRl\
(f:.7oNh1khsTI(m\
hr><p+7sn3:,P=S,\
MKq%@\x5cqn3Q\x5c>'@ZZ\
o[g!YJG+&8\x22Lg[PV\
A<FouJi,;AKP(Pi6\
%(bs;GZBosiQFlAS\
:pUTL8L&GZE-[IWn\
BVf`1_3T\x22teMRb:J\
Es%u`3^[i'L_J8M(\
M&f614?d^6:R_%7S\
i>):U-%o#[h$Fl?f\
V?B7%SeKqBtUo%FS\
Z;q3,&+LV:fVM4+$\
N0<3OM#3@Fu=EqoJ\
=fK[1N\x22g3hh\x5cViX#\
!;NhfKi9'>3nb^`-\
]99_q&VaTdi\x5c+*fF\
XKa\x22lB>0-Cd0//'A\
?Mq-h2\x22PYb9A-_MA\
A,j4n<T^qG#%OGp,\
kI(CEcN^=S>)!-Q'\
kLATK]Tk>q5hh5S4\
DKn<M$.TM<\x5cm8]84\
I\x5c<bMq/9,DL,pj<V\
,MWF(EG*l_!5fs]_\
+G5PP-,iSYS?X9!&\
/G8YbbnpEB+-`Yn&\
iiKQdrNVZt6c8RM:\
b]g6<SSoiif=\x5cq@=\
\x22Z4>\x22qBU*9o%Q36[\
.Mi+T*^rnT@=`+X@\
oXM%(8dDld7j@BH*\
:Zle5qSE3d1g;%+_\
!e\x22t:OH%]KM^*Pf,\
Jp#gI?/11L;!uTG+\
>/JB^3?Klp2^1d(V\
MUN\x22-04)/NLtFAC4\
!g#>c5T9Fm:Xbfg#\
rea\x22X]$`VCM?p-40\
-VJ2Rm&`gOr_\x5c7jg\
@It]uS.CuU0YJK$n\
C%jn]O#XJOTmRYRV\
8WnD0nZgh)T8/8Z,\
DKoq@ZU:S<D-(o`W\
M\x22Gtq'8=Lie4NQ)_\
97!lg6Kri^2!>6n2\
p%CQ9KJ`>T42M&LJ\
FN7`^Yd3/.)qM#0(\
V&&TusBOcMI_)GlX\
'C[RQHI`k7C_p.?5\
XS).b_Ie$Z9\x22nm,U\
gWf=X3]19?W(]?3G\
4u:G2Muqjsj&L\x22[A\
F-=YY=mUK*K9\x5cpL6\
5RP9$BEqGP)JThCN\
X]?L3d4Op84:g&gp\
Ys7$Qh1<<E)@l6#N\
7A&^00Z@(S5Ou7#,\
\x5c,[RJ-H/O$]SY<qd\
=ZGZWZG9j/FN;fk.\
o$(YIO0&Pc;V#>mE\
0D+]g8Mq8&Y:9*7D\
]kVnRR\x5cAq\x22o:ap\x221\
f>c#)uSVf\x5cop:T`+\
OnV?J4DP[.<2^IRN\
nFI(qS%etn@qYZ~>\
endstream\x0aendobj\
\x0a66 0 obj\x0a<<\x0a/Fi\
lter [ /ASCII85D\
ecode /FlateDeco\
de ] /Length 147\
6\x0a>>\x0astream\x0aGau`\
SgN)%,'R\x5cM6S4=r,\
=FtbnX`^101S%:q.\
$J;\x22KLEBca9&/KrI\
#I>9sbq]W@+Z&Z:k\
Tf#M<>K_Mha4R/NQ\
rLjn4-O)GmjO#B(/\
JJ6DmGIlY4r`ud;A\
E5aJlD9GK2fsF+Ap\
=em4+<?;IRn_#8V>\
Aa'2n]Bb-@oJC)p.\
,qnXT)2>'+:rSh>'\
gGe5SF=&87AZ]=ek\
(Ydt:#E_THDGa!qr\
bZK&C&VT9jO&SjKL\
%gh<:gEYeVkFYnOX\
5Hs6oWDhV)#/tUNV\
$CkYp+4:a2hQ<:nM\
7aZJUfbBIO^K`#kj\
Mk[dZujhO@2j^!Y6\
(^^&MnsG$a(6?f,4\
Mcd6lBODD\x22BG%\x22M$\
V@`BK^loZh77FV[(\
3fdXoo7&HdTl>p<M\
J#cW]Li;9iW]0a+9\
5Oi,UJ-*Qtmi]9[]\
l$<>7I#gS.d[j%`/\
l[j:[IFJa4hk<td]\
C[]0R^<VOGZGAGcW\
`\x5c8.0Z!=37u(]k*4\
E%<HY-P=0&;(5Lc5\
lCD8oI!d0b[hUg+a\
ag,8UegVn!>'89h1\
4s$-6A0j2D`Vat7`\
-cm7CfX$iiO>@B=T\
oVP@dF1MHH>J@!HG\
49BhOHWL<PnEfXkq\
eMg3&Jq6L[TWgJF+\
t1Iu6J(.VhguS1Td\
&<e5sDdBAC\x22^KP(*\
YDVYZT9,D+7Z'h0E\
Q$UHhQ(Bu>LSU)iG\
nJSlW&fCP*bTZBs9\
mW)>_&K-&]j<s?/]\
LtE0q*FnK3Lq)AjH\
WZ$l.\x22V>Vi\x22sOdL&\
.*Qq2'frBM9$-MCn\
5%lZ4Mc\x22\x228J4rfY/\
[*\x22Cc@?9&3Ac(D5X\
9,&AA^LbhppO`B<#\
c!6X+!'2.2K,\x5cRm<\
-+tm..n<RiujZ.AN\
(q/o&^4C(9.fu),g\
k-JJ(GfA0^eRA6Y]\
,UtnL-7\x5cm%%\x22k^d\x5c\
t3ba8p^M:1k1MX*\x5c\
SHR:>Z*L^0>>dg!*\
7Elb6R$\x5cStUu#LpR\
+:m5-s].1l?lY]b,\
Q@:K7G7\x22P7&heG\x22P\
s35uM'7V!88@#$h<\
fr08C3!3@8,S\x22e#@\
Jgb`8JYL0iq#3,.j\
`u#L*uY6VFkC]%?a\
dng$Q\x5cpM6d:\x5c<li.\
dEh'%CHYe$1Rl\x5c?6\
;A5Ch<YiD5`aHltr\
\x5c`FQmR<\x5ckbW*7UQD\
o?tq>WG3@/tgT4Y9\
9J.!%3<`##n;5-$3\
333/q9Qbc-BOlEi=\
k-QB92%=u[5SW3SM\
PR,2V$2aW@SU*i5A\
U$Ead!Y;9k^G?[24\
OfRG*?b%:1Tp?==*\
;sbkrH(]35\x22F?MB5\
5?etiJM+(rTLK*I.\
Bjk7BAmm5Jgf0?t&\
<g`\x22!!)@Br?G&;[T\
-n9@CY]%#eBTYiK,\
eE*g;*=n`19i1/;b\
]a8[sE6KYm2r/+>*\
eGK2rLjHPr\x22gpMdT\
9)8kY09b=QWpXHli\
V%'AuCk#8mR=&BqK\
##I/Ej4i-jcFpu]W\
,9^6p@pDjP/*R)EL\
ApXE,SU=\x2214dnfRN\
a/LPGVtmb/m;R^p4\
/,a[E:@p,D&(.gcm\
a$NB&P@LFHWCE>6t\
7!qHXa*rZQ@eOel=\
7FEWaB_;],f\x22_^~>\
endstream\x0aendobj\
\x0a67 0 obj\x0a<<\x0a/Fi\
lter [ /ASCII85D\
ecode /FlateDeco\
de ] /Length 190\
0\x0a>>\x0astream\x0aGau`\
S9lo&I&A@sBm&B$@\
1;e$e\x5c[?/\x228L?5fA\
$r4>+;-NiO8oB5QI\
T@\x22#EYZk=%Spl8]D\
uZ-Ga!I^\x22rDu&V^\x22\
:r9pp9qK5M.?:5LH\
[&tiMK9Xrjl1t2:_\
au\x5cebi9g!iZb+.Qj\
$'kN:7g)j2#DhKr6\
thrNeeq>/a'&L_LP\
;()AFK(W[3g*)[cf\
/E==jQX-f%V4WQN]\
.]4YI7`bF0))\x2253K\
cU6-3s@!0LI$0$&^\
JeEXJO'?%tA&*I5%\
II?aS&Xq&oF49,3\x22\
oBVRKpW/u)_<N@s7\
U)s>FV:cVH+_(M$g\
]bC]8iUs:2bVHOZl\
0'kpd57.#mam9BRC\
V+!&?3rU%5/8L!6/\
fhgo3X8U&BV*?6YL\
=7qj)QI#L2.YBP6&\
)k]ZnuXP.T/DO=,Q\
NG-!73#!d`EGAN2C\
L$7S[j(TKpIpY_Rm\
>'72NK;MOhrF!/_-\
7e@`n(6N54*8o\x5c/<\
Y.'6*+\x22;ZjX1OT$t\
;M+n6Or_8/1!L;/)\
BR\x22L`Xem+NQKo]@k\
bGf+i3FqW)G-_$sk\
e5CA9(8qf#5dY17G\
;1[iO.*OB<i;a',!\
RDFk=+>2C.>uCIPX\
\x5c:ZHWL$\x22L2u2#f68\
c)VfQ\x22E,eX%+-nUa\
<QC9%SeLA\x22G#)f\x5cH\
0>h+7V`Y<a?3TqH$\
!_'@?POQJ@jRBZCo\
W]K$.r.KfqO/s,8L\
]mRp55]e\x22Oe!@JTO\
2ICIHT5pY@o1*H>+\
i6\x5c36IQ^Rto0elL8\
pBNl\x22PLeQCdCpgAU\
Ej'*4BM=JjZK]\x5c<1\
i6pnHVF7ti.LM%a7\
d&6H92X]?h8c'hoO\
7^#e$\x5cD3&r>lp`hq\
@X<Mna1:2GJK,E1a\
4:5):L<cIHleasj.\
%K.@4G@;=aeEl-$h\
-6CaIQ!in4B8>\x22C)\
N=?#;gQqg8<[LMQ:\
')%-L^e>XH,s)(@s\
`3<G[q2054K6<<fk\
iM#'X`_i2QAUHaA\x22\
D1\x5cK&igO*;0h\x5c[(l\
FM&cL/g$W'X23VgC\
]raVo\x5cWUKM*sNacD\
Zq@2X7PY,p_;H_U9\
/OP`kC[gSWXVI\x22gg\
H5qN7@X)GWZZlD;q\
@YG1noDgRAmUq(;?\
p/0*!h3hOBs:OO?6\
!nqigq$^,%,n8LU=\
mTgNWn8bbmMUS'P?\
@6':dl7`0Ds1oWnh\
C&EW:DULo,,NA*[I\
hdfBNud-Bqbslb`[\
<HW4$DUVjd5QTHjB\
[<9;3f?RRP/=O7e\x22\
_=?JOSLdm%F\x5cYIf?\
G9HcIEC>b)aeQmY^\
^SUIB=A?1c_$*Gnp\
%,V$,g%\x22%#OY)L>R\
4QG&'+n7h\x22PXQlCi\
3n216ZZF.:-mfeaM\
Meh.KsJA\x5c[u*Iiqa\
][R)BM'r+/U\x22j:V`\
+;Rk^)qr=GcZ-jf.\
nA(&O)mg52f>>HQG\
jsS]_eqfV(GfNM0L\
V;%lYtl+f=-_X*Hu\
tTd9MO>G,jo,NDX>\
l5gP0nPX1oHHe.#C\
,4KJO9XM8a9^I+Om\
[6RL+8Q!\x5cB'g(7E\x22\
==TDjBf&Fi$8$OtU\
gl\x5c&4$>Yo-q6f8N*\
Y.a0<R;nZsQ]<TbB\
dpDA,bkd43/[D-`]\
8CG>-ric-[K\x22kM?o\
J=Dr\x22.0^d\x5co^'?gN\
#Qh`,hE$Je]sYsFF\
\x22GsE,@!.uU_Ri793\
*UH%D`jAL9Ltj^Ia\
BF3b(AA(kHW%N_6I\
n%V_WC&Epg+@0.R)\
s@;3B'1*q\x22C<NK^6\
4[MT:G+.CI;75A%X\
62D%-01l`7J,N74`\
Dd;dX4W\x22`/\x22<\x22@.@\
I>0ND_bcidB&]Zk,\
sq0dPPis.Gtt8@(p\
+#$J?]FLgZ.-7oo!\
pi\x5c&(0Hu6kQ7WTD[\
)o-)Nb1Y\x22VE.(ob.\
A,WB+ZldABa.XfXJ\
af[).:O+>Q;E1)1R\
3%HUra&uJNIhNBo(\
YJ[Gp7C_$$,Yis_E\
plB^<foDl`6EIZRC\
!X)f>4JlnL^gS&N?\
e=mnOU%V;Ep[3e3D\
'[p'?gh]JPCjtq1)\
s0U#9n\x5cKGo0F.IW%\
!1TtQEuL#hh@(crW\
U2QcpI~>endstrea\
m\x0aendobj\x0a68 0 ob\
j\x0a<<\x0a/Filter [ /\
ASCII85Decode /F\
lateDecode ] /Le\
ngth 530\x0a>>\x0astre\
am\x0aGauI1bAQ)X'Sc\
@2MLV%k$3:RfcE^>\
Oos1\x22:bAJ.9:Rp.k\
`OO%&I?-PO-rM_@.\
RLo_r9(rm&E#C`\x5cl\
Lu`Y/L![!?k;u&;h\
p$?Z93r58/$;C;W^\
g$NZH(/EN9B5ItH\x5c\
e>`L!$7U'd]AZnq&\
.XOE2^P/TS/FW4(!\
Y[`>UFh-8WkYU?aI\
m>Emdg68jc5@<3e2\
+HUt$A;OZqWLii1C\
i_iVKQ>^3`X,F8(D\
t)Gj&[dV$#&E5N=c\
^7uIa$i*]k[hPY-[\
*FW6?]F\x5cVbHAr;kA\
tj\x22R5PF`>n#b6=!l\
D!5%=hOqMOGtE:\x5cN\
/JuOAZ(?mJTn8?2;\
89+YT8_bEM$q$-]B\
\x224.1MT63iKU7F,@(\
B&qu+KHQ<!`LE4+2\
cF^j^;#2%?5mVLr$\
:R#g0u[q$@)<c+Z^\
6gLfT/CUf#J_oGO>\
cjH]66GmGQAeR!j*\
irIHq*7o9`oBOeYm\
]/C_FF\x22ZXtKr`3o$\
_>T2>rQ2t8\x22:e'K8\
B1XDBBYq[^6\x22<3Ib\
OR(Kia8Vj=45Mr>M\
`_+A\x5cpc>[q5P2F!l\
gHY~>endstream\x0ae\
ndobj\x0a69 0 obj\x0a<\
<\x0a/Filter [ /ASC\
II85Decode /Flat\
eDecode ] /Lengt\
h 1981\x0a>>\x0astream\
\x0aGau`S9lo&I&A@sB\
m&<]`RjCU_,1BJZf\
U695BpuQ@?=4B[Oc\
Y5_J<n_mhm]7H8WF\
h'EBG8&X:GAjh7(#\
b/Hge&'E3L/')d8S\
^Rb`E&Y2uKOs$Ii2\
fs@po_D$o<i/`Uk#\
!aE*mT?sS.\x22]$@r)\
jC/aR4$np?!KbG'5\
NYS?0?/Bfp8(H<Z9\
-);sM;oWrU4t,T9\x5c\
$5K,/ULKs??Lt-5L\
K9s3rbURp_/-9\x5c<5\
(s4Z@t3L@]@bR\x22lk\
].1g2K%o]!DK863<\
,4VpMhM^u/[>JKr;\
Brfm+;a;a*i)Ahm6\
$c`$>Wri\x22^.-\x5cF$u\
TEkg5)<`&smj098/\
4U89,.K2a*.^,5K@\
<r6@`Icqk\x5cO!b]&G\
8F/uh^T]dK)/uV3h\
#Q?HIJ%X'eP[:8Je\
6Kh>&/RE_3[%V<S0\
ZX2>l>>;!0O+qr#X\
b[SsJH6N/]e=(CZk\
(tm)=5\x22BH>q!0[33\
1Gbg3FB*?L8S/)\x5cB\
f]U'@e\x22W(&:1\x5cntH\
HV,PX-@&'UE:p6sa\
]pnB_lLUZq<<dZF@\
[91h.X(@,-M%@R>]\
1O6A\x22BIFDLi>k0qE\
;uir/g`Xd7ctI9=Y\
;5N.E*WkOa(!5'7N\
0]F@U8@CC0&04TT%\
0F![HIY$/LdX5Q=-\
DOn?-s',mr)2bfOF\
tVNEOp('Qpf?^\x22[)\
@o'0LA@*VADYuU;>\
FLT.G9=M,G<*55PZ\
Qr&Sk)l%UnXbL,/7\
BO/DGdN-SrI<.Jeu\
)&IQi;9'8URDVNGZ\
dJY04e(dk*j1'7)_\
Rcee,+qaG'XkbF1h\
J>=:8hZfW=\x5cl/WqQ\
!<9L#&_7HL,K#;*\x22\
::`RtGNP[\x22Ba$bb'\
*h\x22%X>'1lB%jE*+5\
ZJXXVZ5ZRX;ohGa\x22\
QF405([e$jU'Xg5,\
't,%)cGCJ-`TSmW%\
\x22Tpl.:)ZIrOo\x22CTQ\
==>4S7$Yd>/5K``Y\
a-Z5sJ'@-6NVKQ?+\
dAOE\x5cndHL=d-:)SR\
K/oBP;)kMsp9>f`9\
@N/I18+g'g-0l;AF\
*\x22*[[jL_l[=coNk;\
k?jqk,]5qm,)0V<b\
Vn\x5cA]HBeD\x22V6r^e#\
Nr(p\x22\x5cMMo2ZK:JTs\
QhM<E!PrPK1Y,9;d\
IpdOlef^UXH6>I1C\
%TQ?RU+mHJjb\x22A0(\
Xbl'q=C<CddVsp'q\
g(PYEmC@DuJ7D\x5c(%\
*kW/<-!1-IoG*84?\
c(=`o;e<c&bq?#Z*\
0-ocW8%OctPW^(d=\
`.OSr?;+lHh3@[):\
d=Li,'d6=kI\x22YeX2\
UT<c:ef\x5cuhY`Mnl/\
uhA@eJoB\x5cLR3W$@\x5c\
SEU=4RXo1,Ts4]Xg\
HALdNqTgN%B=R)aU\
:Z2R:6bG(nWIt/Bt\
21N%?oM3P(I\x22J4HX\
YK&&`&%?t$3R(5JE\
;otVa5o>K)/3F`k9\
;rjo.\x5cLG\x22p%i.e?i\
g@iM['A-?YV1ol\x22:\
7Ylhk^j5F+id5d)Y\
f]iFcGkO-i^H!>,'\
nmfF_RqU(e<H,j9o\
7H=\x22ofX:FM-@/+pg\
l0.^D096..8=1d6W\
QcT+WP?PXb1mOMLU\
j_T9)Ur0Zr4&-<3P\
V/4kdIRmk)_+^P!C\
Pbcf\x5cO7&]l<[QMlH\
V9Q_c-V0n@S/!L6F\
;B9:YVKU):ks?<1q\
Y`Q(Z.#Xk7P8Tqk%\
lm_\x22<Z@i^jq>\x5cPDm\
=>;-+WP:I=21gdA-\
W2CfOhfIGLSG,[d%\
%7pi5-Y;!!_<QmBG\
!R,4!kM6A,m<W4j1\
'mVVfGds-T<N\x5c6V_\
=5(NRnH2)9C!fPWJ\
L<9J)^uJ0-X2IItq\
I^kjB+)l#12J=,pb\
dm(s0kf3h]tV!cU;\
OK7Oq>\x5c>Tmmk=`Oi\
giK90^Wo=ROc4<CC\
\x22Ff2`SN<.-GBi'.W\
Y(NTt.le8,<]53?i\
%d`ae@b,*!uU`6KW\
PP*5ZK%&q5@\x222O#?\
TF_XUk[qB9\x22#g[-B\
K$2/#FDY>^%<WLA]\
R,j#37j4k+IFBUD!\
aER!bX+>Kr+E1eri\
G8)Q+.G#rmSD]B/!\
-o'Y^Nk40kD0u*\x22r\
CF.GJ1VZH5/bKI!+\
r>$BP9M:H>Elr33J\
VqiHdpS%B\x5c%(jEUJ\
.4gilWNWi--hFhTI\
o<[g-8<7DaqMJZ#-\
S,\x228,iWJkg6\x22~>en\
dstream\x0aendobj\x0a7\
0 0 obj\x0a<<\x0a/Filt\
er [ /ASCII85Dec\
ode /FlateDecode\
 ] /Length 372\x0a>\
>\x0astream\x0aGar>Bb>\
,r/&A7ljk#dKp?Is\
1+N_\x22\x5cRi)&\x5c\x5c.&kr\
H,]QCS7Jo='[&K/6\
C@0P8B(eMe/2Y(d\x22\
$Cnb58-T*Da?i2pb\
t<\x5cnL`sfR940oFp+\
;2EhQCj3Y\x22f\x5c'B:4\
+e!-[+>Ere)h+k=^\
Ai,IiUa7qe=M'+N>\
c86t;^PO&ZKcq0m)\
mU1S4V=uahfuuatP\
`C\x22))[(SR<=6hl7!\
*%*a11J&&'dEs$h&\
n/hEMDIOW15M3/`!\
CPNVaQkUgr;j05B@\
jVd4('H\x5ceqYmmEPT\
;H<QP%m[V1`Hk:+W\
*2t.R[S>j&_)<Ygr\
H.^3[bl]P#:.)_#<\
^J::;j0JDkKP;&aY\
Jj:(L]\x22V>>o4\x5c];r\
1TMjJp:@eKC(9%)f\
29*+PjYJ>(P~>end\
stream\x0aendobj\x0a71\
 0 obj\x0a<<\x0a/Filte\
r [ /ASCII85Deco\
de /FlateDecode \
] /Length 1720\x0a>\
>\x0astream\x0aGau`TbA\
u>q']&(*mSZVf('*\
76Y%c<UVOkea2P%q\
o+X)aM+\x22@S\x22;80aL\
i7!^^Yk=e4NGOdYm\
do4\x5c&'Tmh_sPdG+S\
oYD5JQ3r\x22g'`%4ia\
>jn+:Y6phR^XSUka\
3=N$^rjuY1'3R2'd\
EMH(752h/.HTm?4W\
c&[b`s3'8<C\x22.jM3\
218^9H%P2u>0%9XW\
TQ>*Xqj6L.FSIVQ7\
Hi,_5+&@tfbb_Kr3\
AMN4b5Rn=;O9M!#F\
3hE6=nTO%X_9)i<c\
q!U<_6$1<[g2LNkf\
_1d12cYf^i_66r>'\
nKH`l\x22R#M@6@6j:1\
>Ei/V6!b6b!VZ^<E\
dE49^5+-,R9b:*'b\
@!^FGuWcNHGf8XcL\
*1[>*0IRHXQ>Z@RY\
YTqnb8]iF^5pV\x22`D\
7Hr11Q<BfE\x5c!0q)T\
u*tl/U#:mY)g`r:?\
G]:cp?<heFF!h1:;\
-AP-iDD<aOmn]\x5cUb\
87B($b3nro#.VW7e\
Wj[44REAGhCpRBoZ\
.bC61[U]l\x5cfZ#knH\
/_a<%N&AZ4)1(ig.\
(n?&GG)+cn@WU4DX\
q\x22=hZAI$!)+iX?Bk\
f`6S]LqG]^JT(bqf\
8.PtR<XaJ)^e.&8%\
4gj672t4%LPF:Ms(\
$6CF)X7Ir^!]PTu'\
u=[@3QL=gLkkC0X\x5c\
VXP6:I!MXT,8,6s&\
'G[^5(7`s<aA,m4J\
[Ab\x22<M3#0iRoT0<V\
?RDc+AO>Ig9gm0,.\
JnLqTF*TkZ:A#B/;\
If-0Uh7CFN\x5cs@JZa\
c545?3hm0ms?fc`<\
f'6.+OU.$8ls[cKK\
Y.n#(jQ`W6GlE['*\
O1!8:s:\x22N&D4$i_g\
:lN*(4IRuZ9TOXRh\
0[Bn)^ek8#i]Mgdj\
7-M9Ar&$iHW?Ydfh\
l,$R1rji2Kun?JNQ\
P=>;r1<nqeZ\x5cN/F/\
Kfbj/Z1,FD9f*X@&\
+SD-dHd8Ne;h3Vhm\
SlsmTXqd($5DY)OS\
`1IcuO'V=ajF`#S0\
`hJ]!'4*.aa1[=:J\
R(`AdRHAQjD6=5P7\
N^0XJrQXboqA[dp,\
O/JZ?UW:Yt(>I4f4\
UOA6JTP)n*pHD$TA\
jc`O9I2;Fme@5<*F\
9jnu?h[UY/6Ee:7M\
^VBV9@Ys8`T'KiQ_\
KZ_grLEm4J&Ss\x5c4o\
aUC7X_aKdf,d&-`X\
EJLo%\x5c;u('0#f\x22=+\
>%V>J-h?t6.JWZFi\
(.A\x5crWT`BEk8B7l+\
9V0XS_IOesOeng5_\
mQ2uHf\x220\x5c\x5cWX#8.E\
-2.V44\x5cnnYd8nc\x5c1\
>u>[aFCJXV%n`,Z6\
8i'%jBumVH<XIC<+\
<r&asqbC\x22cn;_XO.\
bpke8e,ciR9t*9+^\
9D78o5*E='UB<!cm\
XYotQ0H%dL]^LXG6\
52X<`[>3L);^3o(f\
<.=]in96m!tK=BQ3\
k'\x5c5r\x22THQSIi=;$a\
@]TH^*9a\x22ZF;7\x5c8N\
J4D]'IJ#1jfN1N\x22j\
,,UoME+-1m.!Q*+;\
g)SPQhW`m&NEA]e?\
:&8lR8*XD7V,cEYi\
X*cL4<$._GYY!B#a\
Mha#6C!g.SX3-;,V\
70H.jjia<A_LpZqb\
=Vfq=h'54ITIN57S\
nki#G^+r\x5c/YR9]8T\
%-<+k:01]58>dR`X\
,K%A/oh3D_c`1jb7\
nqOBgl4^[P.@U#mD\
JZG&jgHl2]A5X-HY\
*arF$pa9T1pt^Dse\
?4I;OlNmn4%J!-!<\
$=*(r=ZLbElW]\x5cO)\
85L=L+;8Y7Z2.\x5ck]\
_bTNZA'b+e#PVCX_\
o1hj(`9UP\x22uhF01o\
$Ihllbbje!<:6m@g\
7=r!=.S]VV\x22rHr#;\
'YNPC<ZR/Uiepm*:\
XhI/46Mpn=L@!>fJ\
LDHf@;K^B+&AJ?8~\
>endstream\x0aendob\
j\x0axref\x0a0 72\x0a0000\
000000 65535 f \x0a\
0000000061 00000\
 n \x0a0000000116 0\
0000 n \x0a00000002\
23 00000 n \x0a0000\
000418 00000 n \x0a\
0000000613 00000\
 n \x0a0000000808 0\
0000 n \x0a00000010\
03 00000 n \x0a0000\
001198 00000 n \x0a\
0000001393 00000\
 n \x0a0000001588 0\
0000 n \x0a00000017\
84 00000 n \x0a0000\
001980 00000 n \x0a\
0000002176 00000\
 n \x0a0000002372 0\
0000 n \x0a00000025\
68 00000 n \x0a0000\
002764 00000 n \x0a\
0000002960 00000\
 n \x0a0000003066 0\
0000 n \x0a00000032\
62 00000 n \x0a0000\
004019 00000 n \x0a\
0000022806 00000\
 n \x0a0000023065 0\
0000 n \x0a00000244\
00 00000 n \x0a0000\
024487 00000 n \x0a\
0000024768 00000\
 n \x0a0000024843 0\
0000 n \x0a00000249\
70 00000 n \x0a0000\
025074 00000 n \x0a\
0000025177 00000\
 n \x0a0000025325 0\
0000 n \x0a00000254\
18 00000 n \x0a0000\
025529 00000 n \x0a\
0000025631 00000\
 n \x0a0000025774 0\
0000 n \x0a00000258\
78 00000 n \x0a0000\
025985 00000 n \x0a\
0000026081 00000\
 n \x0a0000026235 0\
0000 n \x0a00000263\
48 00000 n \x0a0000\
026465 00000 n \x0a\
0000026573 00000\
 n \x0a0000026675 0\
0000 n \x0a00000268\
26 00000 n \x0a0000\
026924 00000 n \x0a\
0000027027 00000\
 n \x0a0000027176 0\
0000 n \x0a00000272\
74 00000 n \x0a0000\
027389 00000 n \x0a\
0000027490 00000\
 n \x0a0000027646 0\
0000 n \x0a00000277\
46 00000 n \x0a0000\
027855 00000 n \x0a\
0000027948 00000\
 n \x0a0000028084 0\
0000 n \x0a00000281\
90 00000 n \x0a0000\
028290 00000 n \x0a\
0000028446 00000\
 n \x0a0000028752 0\
0000 n \x0a00000301\
30 00000 n \x0a0000\
031902 00000 n \x0a\
0000033871 00000\
 n \x0a0000034528 0\
0000 n \x0a00000364\
84 00000 n \x0a0000\
037164 00000 n \x0a\
0000039158 00000\
 n \x0a0000040386 0\
0000 n \x0a00000419\
54 00000 n \x0a0000\
043946 00000 n \x0a\
0000044567 00000\
 n \x0a0000046640 0\
0000 n \x0a00000471\
03 00000 n \x0atrai\
ler\x0a<<\x0a/ID \x0a[<a0\
a7385f0efc993e58\
42000812bb0242><\
a0a7385f0efc993e\
5842000812bb0242\
>]\x0a% ReportLab g\
enerated PDF doc\
ument -- digest \
(opensource)\x0a\x0a/I\
nfo 24 0 R\x0a/Root\
 23 0 R\x0a/Size 72\
\x0a>>\x0astartxref\x0a48\
915\x0a%%EOF\x0a\
\x00\x00\xd2)\
%\
PDF-1.4\x0a%\x93\x8c\x8b\x9e Re\
portLab Generate\
d PDF document (\
opensource)\x0a1 0 \
obj\x0a<<\x0a/F1 2 0 R\
 /F2+0 22 0 R /F\
3 17 0 R\x0a>>\x0aendo\
bj\x0a2 0 obj\x0a<<\x0a/B\
aseFont /Helveti\
ca /Encoding /Wi\
nAnsiEncoding /N\
ame /F1 /Subtype\
 /Type1 /Type /F\
ont\x0a>>\x0aendobj\x0a3 \
0 obj\x0a<<\x0a/Conten\
ts 57 0 R /Media\
Box [ 0 0 612 79\
2 ] /Parent 56 0\
 R /Resources <<\
\x0a/Font 1 0 R /Pr\
ocSet [ /PDF /Te\
xt /ImageB /Imag\
eC /ImageI ]\x0a>> \
/Rotate 0 /Trans\
 <<\x0a\x0a>> \x0a  /Type\
 /Page\x0a>>\x0aendobj\
\x0a4 0 obj\x0a<<\x0a/Con\
tents 58 0 R /Me\
diaBox [ 0 0 612\
 792 ] /Parent 5\
6 0 R /Resources\
 <<\x0a/Font 1 0 R \
/ProcSet [ /PDF \
/Text /ImageB /I\
mageC /ImageI ]\x0a\
>> /Rotate 0 /Tr\
ans <<\x0a\x0a>> \x0a  /T\
ype /Page\x0a>>\x0aend\
obj\x0a5 0 obj\x0a<<\x0a/\
Contents 59 0 R \
/MediaBox [ 0 0 \
612 792 ] /Paren\
t 56 0 R /Resour\
ces <<\x0a/Font 1 0\
 R /ProcSet [ /P\
DF /Text /ImageB\
 /ImageC /ImageI\
 ]\x0a>> /Rotate 0 \
/Trans <<\x0a\x0a>> \x0a \
 /Type /Page\x0a>>\x0a\
endobj\x0a6 0 obj\x0a<\
<\x0a/Contents 60 0\
 R /MediaBox [ 0\
 0 612 792 ] /Pa\
rent 56 0 R /Res\
ources <<\x0a/Font \
1 0 R /ProcSet [\
 /PDF /Text /Ima\
geB /ImageC /Ima\
geI ]\x0a>> /Rotate\
 0 /Trans <<\x0a\x0a>>\
 \x0a  /Type /Page\x0a\
>>\x0aendobj\x0a7 0 ob\
j\x0a<<\x0a/Contents 6\
1 0 R /MediaBox \
[ 0 0 612 792 ] \
/Parent 56 0 R /\
Resources <<\x0a/Fo\
nt 1 0 R /ProcSe\
t [ /PDF /Text /\
ImageB /ImageC /\
ImageI ]\x0a>> /Rot\
ate 0 /Trans <<\x0a\
\x0a>> \x0a  /Type /Pa\
ge\x0a>>\x0aendobj\x0a8 0\
 obj\x0a<<\x0a/Content\
s 62 0 R /MediaB\
ox [ 0 0 612 792\
 ] /Parent 56 0 \
R /Resources <<\x0a\
/Font 1 0 R /Pro\
cSet [ /PDF /Tex\
t /ImageB /Image\
C /ImageI ]\x0a>> /\
Rotate 0 /Trans \
<<\x0a\x0a>> \x0a  /Type \
/Page\x0a>>\x0aendobj\x0a\
9 0 obj\x0a<<\x0a/Cont\
ents 63 0 R /Med\
iaBox [ 0 0 612 \
792 ] /Parent 56\
 0 R /Resources \
<<\x0a/Font 1 0 R /\
ProcSet [ /PDF /\
Text /ImageB /Im\
ageC /ImageI ]\x0a>\
> /Rotate 0 /Tra\
ns <<\x0a\x0a>> \x0a  /Ty\
pe /Page\x0a>>\x0aendo\
bj\x0a10 0 obj\x0a<<\x0a/\
Contents 64 0 R \
/MediaBox [ 0 0 \
612 792 ] /Paren\
t 56 0 R /Resour\
ces <<\x0a/Font 1 0\
 R /ProcSet [ /P\
DF /Text /ImageB\
 /ImageC /ImageI\
 ]\x0a>> /Rotate 0 \
/Trans <<\x0a\x0a>> \x0a \
 /Type /Page\x0a>>\x0a\
endobj\x0a11 0 obj\x0a\
<<\x0a/Contents 65 \
0 R /MediaBox [ \
0 0 612 792 ] /P\
arent 56 0 R /Re\
sources <<\x0a/Font\
 1 0 R /ProcSet \
[ /PDF /Text /Im\
ageB /ImageC /Im\
ageI ]\x0a>> /Rotat\
e 0 /Trans <<\x0a\x0a>\
> \x0a  /Type /Page\
\x0a>>\x0aendobj\x0a12 0 \
obj\x0a<<\x0a/Contents\
 66 0 R /MediaBo\
x [ 0 0 612 792 \
] /Parent 56 0 R\
 /Resources <<\x0a/\
Font 1 0 R /Proc\
Set [ /PDF /Text\
 /ImageB /ImageC\
 /ImageI ]\x0a>> /R\
otate 0 /Trans <\
<\x0a\x0a>> \x0a  /Type /\
Page\x0a>>\x0aendobj\x0a1\
3 0 obj\x0a<<\x0a/Cont\
ents 67 0 R /Med\
iaBox [ 0 0 612 \
792 ] /Parent 56\
 0 R /Resources \
<<\x0a/Font 1 0 R /\
ProcSet [ /PDF /\
Text /ImageB /Im\
ageC /ImageI ]\x0a>\
> /Rotate 0 /Tra\
ns <<\x0a\x0a>> \x0a  /Ty\
pe /Page\x0a>>\x0aendo\
bj\x0a14 0 obj\x0a<<\x0a/\
Contents 68 0 R \
/MediaBox [ 0 0 \
612 792 ] /Paren\
t 56 0 R /Resour\
ces <<\x0a/Font 1 0\
 R /ProcSet [ /P\
DF /Text /ImageB\
 /ImageC /ImageI\
 ]\x0a>> /Rotate 0 \
/Trans <<\x0a\x0a>> \x0a \
 /Type /Page\x0a>>\x0a\
endobj\x0a15 0 obj\x0a\
<<\x0a/Contents 69 \
0 R /MediaBox [ \
0 0 612 792 ] /P\
arent 56 0 R /Re\
sources <<\x0a/Font\
 1 0 R /ProcSet \
[ /PDF /Text /Im\
ageB /ImageC /Im\
ageI ]\x0a>> /Rotat\
e 0 /Trans <<\x0a\x0a>\
> \x0a  /Type /Page\
\x0a>>\x0aendobj\x0a16 0 \
obj\x0a<<\x0a/Contents\
 70 0 R /MediaBo\
x [ 0 0 612 792 \
] /Parent 56 0 R\
 /Resources <<\x0a/\
Font 1 0 R /Proc\
Set [ /PDF /Text\
 /ImageB /ImageC\
 /ImageI ]\x0a>> /R\
otate 0 /Trans <\
<\x0a\x0a>> \x0a  /Type /\
Page\x0a>>\x0aendobj\x0a1\
7 0 obj\x0a<<\x0a/Base\
Font /Courier /E\
ncoding /WinAnsi\
Encoding /Name /\
F3 /Subtype /Typ\
e1 /Type /Font\x0a>\
>\x0aendobj\x0a18 0 ob\
j\x0a<<\x0a/Contents 7\
1 0 R /MediaBox \
[ 0 0 612 792 ] \
/Parent 56 0 R /\
Resources <<\x0a/Fo\
nt 1 0 R /ProcSe\
t [ /PDF /Text /\
ImageB /ImageC /\
ImageI ]\x0a>> /Rot\
ate 0 /Trans <<\x0a\
\x0a>> \x0a  /Type /Pa\
ge\x0a>>\x0aendobj\x0a19 \
0 obj\x0a<<\x0a/Filter\
 [ /FlateDecode \
] /Length 696\x0a>>\
\x0astream\x0ax\x9cm\xd5\xcbn\xdaP\
\x14\x85\xe19O\xe1a\xab\x0e\xc0g\xdf\x12\x09!\xa5\
\x10\xa4\x0czQ\xa9:'pH\xa9\x8aA\x06\x06y\
\xfb\x9e\xe5\x15%Gm\x91`\xff`\x1b>\x99\xc1\x1e\
\xcf\x1f\x16\x0f\xdd\xfe\xd2\x8c\xbf\xf6\xc7\xcd*_\x9a\xdd\
\xbe\xdb\xf6\xf9|\xbc\xf6\x9b\xdc<\xe6\xa7}7jS\
\xb3\xddo./\xef\x86\xd7\xcda}\x1a\x8d\xcb\xc5\xab\
\xe7\xf3%\x1f\x1e\xba\xddq4\x9d6\xe3o\xe5\xe0\xf9\
\xd2?7\xef\xee\x86\xc7\x87E\xfe\xb5\xfeq]\xad\xbb\
\xf3\xfb\xd1\xf8K\xbf\xcd\xfd\xbe{\xfa\xff\xd1\xd5\xf5t\
\xfa\x9d\x0f\xb9\xbb4\x93\xd1l\xd6l\xf3\xae\xfc\xc4\xa7\
\xf5\xe9\xf3\xfa\x90\x9b\xf1?\x97\xbc\x9d\xf0\xfd\xf9\x94\x9b\
4\xbco\xa9\xdc\x1c\xb7\xf9|Zor\xbf\xee\x9e\xf2\
h:\x99\xcc\x9ai,g\xa3\xdcm\xff:\xd6\xa6\x1b\
^\xf3\xb8\xdb\xfc\x5c\xf7/\xe7N\xcacV\xba\x1dz\
1G\xa7\xa1\x97C\x0b\xdb\xd1:\xf4\xbd\xa2\xadt\x9a\
\xb4C\xfb\xd0)\xa1\x83\xdf3\x9c\x7f3\xf4|8\xe7\
\x96\x9f/\xd1w\xd5\xef~\xacz^\xf5\xa2\xea\xfb\xaa\
\x97o\xddV\xfe\xb6\xad:U-Uk\xd5V\xb5W\
\x1dU\xdfT}[u\xe5o+\x7f[\xf9\xdb\xca\xdf\
V\xfe\xb6\xf2'\xfa\xd3\xd0\xf4\x97Q\x9a\xfe\xe1~&\
\xfa\xcb(M\x7f\xc2\xfdL\xf4\x97Q\x9a\xfe\x84{\x9e\
\xe8/\xa34\xfde\x94\xa6\xbf\x8c\xd2\xf4\x97Q\x9a\xfe\
2J\xd3\x9f\xf0\xbf'\xfa\xcb(M\x7f\x19\xa5\xe9O\
\xf8\x1f\x85~\x81_\xe8\x17\xf8\x85~\x81_\xe8\x17\xf8\
\x85~\x81_\xe8\x17\xf8\x85~\x81_\xe8\x17\xf8\x85~\
\x81_\xe8\x17\xf8\x85~\x81_\xe8\x17\xf8\x85~\x81_\
\xe8\x17\xf8\x85~\x81_\xe8\x17\xf8\x95~\x85_\xe9W\
\xf8\x95~\x85_\xe9W\xf8\x95~\x85_\xe9W\xf8\x95\
~\x85_\xe9W\xf8\x95~\x85_\xe9W\xf8\x95~\x85\
_\xe9W\xf8\x95~\x85_\xe9W\xf8\x95~\x85_\xe9\
W\xf8\x8d~\x83\xdf\xe87\xf8\x8d~\x83\xdf\xe87\xf8\
\x8d~\x83\xdf\xe87\xf8\x8d~\x83\xdf\xe87\xf8\x8d~\
\x83\xdf\xe87\xf8\x8d~\x83\xdf\xe87\xf8\x8d~\x83\xdf\
\xe87\xf8\x8d~\x83\xdf\xe87\xf8\x9d~\x87\xdf\xe9w\
\xf8\x9d~\x87\xdf\xe9w\xf8\x9d~\x87\xdf\xe9w\xf8\x9d\
~\x87\xdf\xe9w\xf8\x9d~\x87\xdf\xe9w\xf8\x9d~\x87\
\xdf\xe9w\xf8\x9d~\x87\xdf\xe9w\xf8\x9d~\x87\xdf\xe9\
w\xf8\x83\xfe\x80?\xe8\x0f\xf8\x83\xfe\x80?\xe8\x0f\xf8\
\x83\xfe\x80?\xe8\x0f\xf8\x83\xfe\x80?\xe8\x0f\xf8\x83\xfe\
\x80?\xe8\x0f\xf8\x83\xfe\x80?\xe8\x0f\xf8\x83\xfe\x80?\
\xe8\x0f\xf8\x83\xfe\x80?\xe8\x7f\xd9\x10/\x9b\x00\xbb\x02\
{\xeeu\x07m\xae}_\xd6\xd3\xb0\x0c\x87\xc5\x83\x95\
\xb3\xef\xf2\xeb\xbe<\x1dO\xb8\x0a\xcf?\x8f\x09\x9f\x8c\
endstream\x0aendobj\
\x0a20 0 obj\x0a<<\x0a/Fi\
lter [ /FlateDec\
ode ] /Length 19\
373 /Length1 366\
20\x0a>>\x0astream\x0ax\x9c\xec\
\xbd\x09|\x14E\xf68^\xd5\xd5\xdd\xd3\xd3sOf\
r\x1f\x9d;\x81\x90\x84\x84\xc3\x00\xc2$\x90@ $\
1\x84p(\x9a\x90\x83\x04!\x099@@\x96K\x08\
\x08\x1a\x10\x12\x04\x11\xa2\x02\x02\x22\x22\xb2\x18\x0e\xefx\
Fv\xd7\x05T\x16\xfc\xba*^+\x22\xbb_vU\
H\x9a\xdf\xab\xea\x99\x1c\x88\xae\xeb\x1e\xdf\xfd\x7f>\x7f\
\xc6N_U\xaf\xde\xfd^\xbd\xaa\x19\x11F\x08\x99\xd0\
\x12DPn\xce\x84\x84\xa4)\xfd\xe6\xf6\x83'\xe7\xe0\
((\x9e]Tm\xf01\x9cE\x08\x0f\x80\xc3\xbbx\
n\x9d\x82*\x82R\x10\xe2\xb2\xe0^-\xab\x9e1{\
\xce\x80\xb93\x11\xe2\xe1\x1e=1c\xd6\xfc\xb2c\xfc\
\xf2cp\xff\x1dB\xa3\xee)/-*AWn\xa9\
D(\xf3nx?\xa8\x1c\x1e\x18[\xc5\xe3p\x7f\x08\
\xee#\xcag\xd7\xdd\x85>\x1d\xfc\x1c\xdc\xbf\x0f\xf0\xf6\
\xcd\xaa*.\x1a6#+\x0e\xa1q\xf7\xc0\xfb\xf7g\
\x17\xddU\xcd\xbf/\xceA(\xeb6\xb8W*\x8bf\
\x97\x86\xcc\x1a\xdf\x02\xf7\x00\xeff\xa9\xba\xaa\xb6\xee\xda\
R4\x15\xa1\xd5\xb4\xbdR]SZ=T\xf7g\xb8\
\x5c\xbd\x03!\xa1\x1ca\xde\x8c\xd7!\x01\xae\x93\x85\xcd\
0B\xb0v&\xef\xa12\xce\x0eT\x18DB$\x9e\
\xe3\xf8\xcfQ\xe5\xb5\xdf\xa3\xcekrDa,\x8f\x14\
cnYz\x09r!\xe5\xda5\xd1\xa1:\xf0\x16\xdd\
l\xfcI!\xc2\xd7>\xbc\x86\xb4\x7f\x18av6\x22\
\x11\xcb\xecj\x09{\xca\x01\x1fy\x18QD:$!\
=\xfaG\xfe\xc9\xc8\x00\xf0L\xc8\x8c,\xc8\x8al\xc8\
\x8e\xbc\x90\x039\x917\xf2A\xbe\xc8\x0f\xf9\xa3\x00\x14\
\x88\x82P0\x0aA\x0a\x0aEa(\x1cE\xa0H\x14\
\x85\xa2Q\x0c\x8aE}P_\x14\x87\xfa\xa1x\x94\x80\
\x12Q\x7f\x94\x84\x92\xd1\x004\x10\x0dB\x83\xd1M(\
\x05\x0dAC\xd10t3\x1a\x8eF\x00m\xa9(\x0d\
\x8dD\xa3P:\xca@\xa3\xd1\x18\x94\x89\xc6\xa2q(\
\x0b\x8dG\xd9(\x07\xe5\xa2[P\x1e\x9a\x80\xf2\xd1D\
T\x80&\xa1\xc9h\x0a\xf0\xf9Vt\x1b\x9a\x86nG\
w\xa0BT\x84\xa6\xa3bT\x82JQ\x19\x9a\x81\xca\
\x19S\x06\xa2V\xd4\x0e\x9f\x97\xd0^\xb4\x15\xef\x82\xbb\
2x<\x07\x9e\xb4p\x07\xd1\x0aT\x0fO^\xc1\xed\
x5\xd7\x0f\x9e\xedB\x97\xd0Ih\xd9\x80\xda\xc9^\
\x1e\xe1\xb1\x80o;\xb4?#p\xe82\xceG\x87\x00\
F\x0av\xe0\x14\x9d\xc8#>\x9b?\xc4\xe7\xf1\xad\xfc\
\xe7\xfc\x094\x98\xaf\xe5O\xf0\x85|-N&\x8f\x0a\
\x05\xc2.8R\xc8\xab \xd37\x817\xad\xf8CT\
\x8b\x8e\x92/I29\xce\x8f\xe2\xcd\xe8Cr\x82\xec\
E\x9f\xc2(<\xc0oG\x8dh\x07Z\x08\xb88p\
\x15Z\xcc-\xe4\xf2\xe0\xc9\xeb\xc2\x09\xb4\x05>U\xf0\
\xfe\x04\xde\x86O\x02vG\xf1rt\x1a=Hxn\
\x0c\xda\x86O\x03]\xed\xe8oh9\xc9\xe7\x16\x83\x16\
%se\x80\xff\xeb\x00\xeb\x04\xf4\xdf\x82jA\xf0\xa7\
A\x1bT\xae/<\x03\xeca\xac\xe9\xeco\x10\xe9'\
\x9cf\x9fKh1\x8c\x9c\x8fv\x88\xad\xa2C\x17\x0e\
\xa3P\x8e\xed\xc2\xaf\xe0\x0b\xe2\x06\xd4\x82N\x92\xdb\xc8\
\x1cr\x16\xaf\xe0\xc3\xf9\xdd\xfc\x18\xd4\xa8q\x80\x14\xa2\
F\x80\xbd\x85\xf6\x11\xcb\xf0|\xa0\x9d~\x16R\xe8\xdc\
<\xbe\x10\xefE_\xf2\x85\xba\xe9\x00\xfbUJ\x11\x8c\
y\x88\xcb\x03\x8a\xca\xd0q8\xe6\x89V\xa0i(^\
AV\x03\xa6\xf4m\x10:\xa1\x1b\xcb'@\x7f\x80\xa0\
[\x04T#TE\x06\xa2\x99p\xb5\x10\xedG\x07Q\
?\xd2\x8c\x1a\x01\x12\xa3W\x1c,\xfc\x0dzn\xe5?\
\x02\x9a\x1b\xf1}\xdc\xdf\xd0\x092\x0at\xae\x8c\xbf\x08\
\xbc\x065E\xcd\x08=\xab\x13\x05\x9ep\x18\xc5)\xd6\
\x03\x5cdf\xc9\x01\xd7-\x93\x957\xa6\x84\xf6\x8b\xbb\
\xeeV\xb1\xea\x94\x03(\xf7\x80i\xbe\xd2z\xedZ\xee\
d>@\x98r@\x08<@\x22\xa5\x03|d\xf8G\
?\xf6\xf2\xa3~q\xe3r'+\x07:\xd3G\xb9\xa1\
\xa6\x17\x8e\x82g\x13&\xc3%\xbd\x83\xc7\xf0<}\x14\
{G\x07= D\xc2\x7f\x99\x85\x07\x94\xe2r\xe5^\
\xeb\xbd\xe1C\xee\xb5\x96\x0e\x01\x17\xc7\xa12\xb5\x99/\
\x13v\x80\xc5\xea\x90\xbf\xcb\xc8_E\xe2U,\x09\x8b\
9\x1e%\xb4\x9d\xba\xd0\x1fYO]8u!\xd1\xcb\
\x16j\x8b\x0c\xb5\x85\x96\xf1\xa8\xa3\x96\x04t|\xaa6\
\xeb\xcc\xdf\xfd\xa5F\x8c\xbdv\x0d\x1d\xbc\xf6\x89\x10\xab\
\xcb\xb6G\x81M!\x9b\x0eU\xf0\x17q=\x0a<\x84\
\xfd\x1cz]_\x97-\xd7\xef\x0e\x87\xcb/\xc7\xa1\xf8\
%8\xac~!\x0eiZ\x7f\x84\xa0\xdf\xfek\x9f\xf0\
\x93E+\xf4\xbb\x03\xfa\x89h&\x08\xc5\xf7\x10\x17\xe0\
+C/\x93+ \xc771`\x84/\x0a\xb0\xf8\x8a\
\xd3\xfaC\xfb9\xd0\xbe\x9e\xb5\x9f\xa2\xb5\xa7L?D\
B\xfc\xe9(zWH\x8e\x7fb\xc8\x08\x7f\x9e\xb5]\
\x08m\xfb\xb1\xb6\xe3\xb4\xb6y\xe0\x1b\x0f9\xfa\xc5\x18\
\xa0\xadsqLULn\xbf;b\x5c\xfdrb\x12\
\xfb\x8d\x88A\xfd,12`\x85Q\x09\xfeR\xb7\x95\
\x9b\x0f\xfc\xb0\xfc\x9a\xdb\x83x\x8c\x12\xdefLH\xf4\
\x0au\x86\x96\xe8n\xfa\xee\x0dn\xfe:f\xe88\x19\
\xbfCV\xf0\xa1\xe0\xb1\xec\xcf\xea_'F\xf16d\
\xb4\xbay\x96\x88\x07\x0cJN\xf2v:\xc4\xf0\xb0(\
\x9c\xfc\xe4\xaf\xee~b\xdf\xa2E\xfb\xb8+w?\xf1\
\xc4\xdd\x8b\xf6\xed\xa3\xf4\xd7\x02\xdf\xce0\xbe\xa5h|\
\x13\xa2\x81o\xbd)\xb2\x86\x84P\x8a\x18\xbf\xac\xd4\x9f\
\xb3\xf6}\xdd|>\xce\xda\xcbv\x93@\xdb'\xdaG\
\x98\x90\xddbb\xed\x81\x96\xa3\xc0\x83}\xa2\x03<\xe1\
\x16Wb\xbf\xe8P#/\x9a\x14\xc4\xf7\xf1^\xe9\xe3\
\x7f\xc4\xab\xcf\x11\xb2\xc9km\xbcQo\x0aRB\xa3\
\xf5RD\xb4$\x06I\x11V\xef~\x92\x15e$Z\
;\xda:\xde\xb6\xbev\xf1\xd4E\xebE[J\x8a\x1d\
>\xfdQ\xc2y\xf5\xa2U=}\xd1\xee\x93\xe2\x93\x92\
\xe8rY\x04\x8bh\xd1Y\xa2-1\xf7\x1a\xef5\xe9\
dQ\xd6\xc9\x06\xd9(\x9b\xe4\x10\x93\x22\x87\x1a\xc3\xf8\
(?\x93_\x88\x9f2D\x19\x12:>d\xbc\x92\x19\
\x9a\x1963d\xa6\xb2S\xdc\xa9\xdb\xa5\xf8N\xc3\xd3\
\xbc\x18\x9f|\xcc\xd8\xe9\xf0\x0e\xc1\xc1X\xe3X\xf4\xc0\
`\x9c\x9c4h\xe0\x80\xa8\x04\x1c\x8f\x07\x0e\x1848\
\x1e\x87\x87\x89N[\xf8\xd1o\xfe\xf0\xbb\xb3d\xd3\xee\
!\xa9)\xbb\x0a?:\xe9Z\x95\x99\xbb6\xb5\xee\xae\
\xa1\xa5\xb7\x15Nz|\x93\xb4|\xce\xb2U\xc7\xf89\
o\x9c\xfd\xe2\x8fRma\xc2-}\x22g\xde_\xb2\
\xefY?\xdf\x1d\xc1Aw\xdc:\x22\x7f\xf8\xe0\xa1\x0d\
\xb7.\xde\x174\xa3z\xcd\xf2\xab\x1b\xa8\x1c9\xf0\xd8\
`\x08\xc2i\x90\xb9\x1e\x0dtYth9\xbf\x94\x93\
t\x02&\xe0)ek\xc7\xb8\x03\x86\xfc\xc9G@\x04\
/\xde4e\xd8\x85\xa4\x14\xc6\x88\x8e\xb7\x13\xf1ad\
P\x0c\xb9\x062-2\xd9\x19nK\xb6\x91p\x82\x07\
\xb6\xb7\xb7;\x1eu\xaa\xaap\xbas\x8e\xfa\x10.e\
c\xa0W\xc9^\xeeK6\x86\x0e\xa5\x01\xdf\xf0=<\
Z*\xf1\x82\x88\x04\x8e\x97\xe8\x18\xf6\xfcq\x07\xbc\xf2\
o\x85\x818:P\xc79\xaaH\x97a\xbcD\xec\xb2\
$\xea]\xfa\x5c}\xa1\xbeZ\xdf\xa2\x7fA\xaf\x9b\x86\
m\xe1`\x91\xe16\x5c\xb5\x97\x8b\xd8\x0bC\x9d\xe6\xfa\
\xd2\x83\x8d\xb5\x0d!\xd1Gx\x1e\xc6\x0aA\x85\xae\xfe\
\x01\x06\xd4\xa0\xe3\x83\xf4\x82\x9f\x89k\xf0\xf1\xb28m\
!\xc1\x81\x01\xfe>\xa0\x9c^v\x9b\xd5l2\xea%\
\x8f\xd3\xf2\x97}E\xc5\xda\xf1\xb6\x0f\xa5q\xd8\xa9a\
\xc3:\x86\xd1\xbfmI\x17\x92\x92\x12]6\x036p\
\x06\xa3\xc1\xe4\xe0\xfdm\xfevG\x88\x84\xa7\xe1P\x12\
j\xc0\xa1^\xc9\x04\xec\x83\x1d\xe1^\xec\x18\x18\xca\x0e\
\xdeG\xfd \x1fG\x8e*\xc7\x11\x15-3\xf0M\xea\
#yx\xb8\xfaPy\xcb\x0c\xf5\xec\x8cG\xca\xd5W\
qa\xbe\xfa<\xae(#+\xd4\x83\xa4A-\xc2\xdb\
\xd5\xa2-\xea\xc1\xcd\xeat\xbc\x8d\x1e\x9bq\xf6\x16\xbc\
\x1dB\x0d\xda\xab\x9e\xe4g\x83>\x87B\xa4O@\xcf\
\xb9&\x86q\xa0m\xd18*\x863\x18\xe4 \x1c\x1c\
\xc8%\xc4&\x04p\xb1\xb1\x09i^6k\x98\x1c\x10\
\xcb\xfb\x88\xfa>\xa1\x02\xe7\xb3\xd2[\x5c)\xd8\xc2\xfd\
\xef\xf5^mE}\xee\x15 \xfaJ\xder\xb0.\xd6\
\xdf\x0eb\x0f\xb3\xea\x09\xd6EI&AL\xa4\xb2\xd0\
Sy\x0bT\x0c\xe3\x0e\x18A.\xd6\xfc[\xc7\x1d\xb0\
0\xe1\x08\xc8E\xb5\xe0\xb2\xcf\xb0\x0e\x9fa\x97\xcf_\
\xa0\xbap\xa1\xed\xd4\xf9\x0bImVj*\xf6\x14[\
\x8a\x0d\xec\x03.\x12\xc1%\xeb\xac\xfc\xd7:\xab\xf9k\
\x9bOJ\xd7\x89\xffzJ\x18\x0e'\xf1\x98j\xb9\x8f\
M\xd3\xef\x81\xc9N\xb8q\xc2C\x1b3\x02\x1d\xb11\
\x9b\xf0\xb1\x0d\x87\xf7Q\xdc\xa1\x12\x5c\xf1\xfb\x99e\xef\
T}\xf0\xe6\x1f\xde.\x99\xb6\x7f\xc2\x84\xa7n\xfb\xe4\
\xddO\xde-\xa9[0\xe7\xa3\xc5K\x17\xaa'q?\
\xae_\xbfC\xaeT\x8c\xdf\x88\xd8\xd7\xfc\xd8q\xf3W\
_\xf0!\x01O\xf5\x89\xe7\xd5\x89\xe1\x87\xb6\xeey\xc5\
B\x10\xdeb\x9a9\xb9\xa0\xf0\xb4\x9ac\xab\x9c:\x99\
%,\x02\xf5\xab\xbaX\x88\xca\x06\xc8\xb1\xc2!\x8fJ\
F\xab]\x83\x22,\x91Q\x91Q\x96\xe8\x88\xe84\xf4\
\x801\xf8\x81\xf8\xfb|\x1f\x88\x10\x1f0\xde\x17e_\
\x1b\x13\xb1~@th@\xa4\x9e\x98\x9cf\xbd\xc9\x12\
j\xeak\x0e0Y\xfa\x1b\x06h\xcc\xa3\x06s+\xe5\
\x1c\xfcq\xd0?f\xfa\xc7\xc4\xf8\xd7\x9fr\xb5\xed\xc2\
\xe5\x0b\xd6\x8b\x7f\xbbHY\x05\x9af=\x9fty\xd8\
y\xf6\xc4zQ\xe3\x9a\xf05=\x80O`\xf4\x0eo\
\xcd\x15D{\xfc)\xf0\xab\xe7\xf3\xc8d\x1c\xee\xd5\xe3\
\x9d\xf0\xce\xa4\xe2\xe2I\x13\x8b\x8b'n;z\xec\xe1\
\x96\xa3\xc7:6\x15\x14O\x9f4\xa9\xb8\x84\xf4o\xe9\
\x98\xda\x12\xb2\xed\xf8\xb1\xed\xdb\x8f\x1c\xe5\xd6o\xbcg\
YS\xd3\xb2\xe5M\x8b\xcf\x1d;v\xf6\xec\xb1\xe3g\
\xb9\xa2\xa6e\xf7l\xdcx\xcf\xd2\xe6\xc5\xdf\xff\xafh\
:{\xec\xb9?\x9c=~\xf4\x9cf\xc3K\xc1_\xab\
\xc0'=J\xc4'\x5c\xcd&l6\xae\xb4\xd9m\x86\
\x95\xb2\xc1n\xb7\xe9W\x22\xbd\xd3\xdb\xa9\xc3\xa2\xb4\xd2\
\xdb\xdb\xc9a\x82W\x06\x05\x07\xa1\x95z\x14\x1c\x1c\xa4\
\x84p\xa1\xc16\xd9K\x06\xb3#\xbe\x0e\x9b\x97\xac\x93\
8Qo\xf3\xf2\x929\xcc\x11\xa4\xbd\xe2|\x9d\xf0\xc6\
A\x9f\xa6\xd9\x0dz\x22\x229\x98\xc48\xcdbL\xb4\
\xd8\xe4\xdb\xb7)zc\xc4z\xdf\xb5f/9\xde`\
\xd6\xa3x\xbb3\xda\x1cL\xe2\xed\xd1\xa1f\x9b\x05\xac\
\xce\x1e`\xedo\xed\x00m<u\x01<7c.h\
#UHj\xce\xaf\x9d\xff\xdbg\xc0_\xebkTG\
}\xe8\x7f]\xac\x164\xc5\xecu\xea\xfdL\xfa\x81\x16\
\xd3']O\xa7\x84\x1d\xb4$a<\xcduPg\x10\
\xc2\xf4\xb1\x81(\x10\x87p>\x86>\xa8\x0f\x8e\xb2\x0f\
A\x03\xec\xa3\x0c\xb7\xa3)x\xaa<\xd1>\xd5\x7fj\
\xc8\x94\xc4\x19\xc1\x0b\xd1Ch\x0b\xde\xccm\x92\x9a\x0c\
\x1b\x9cM\xdeMa\x9b\xfb\x85\xe8\x0dz\xa3d3F\
\x1bc|\xb9\x00\xbd\x9f\xc1\xcf\xe8g\x0bt\x04:\xbd\
\x83B\x92\xa2Q4\x8e\xd5\x87\xdb\xfbx\xf5q\xc48\
\x13\x92\x86\xea\x07\xd8S\xbcF$\x8d\xd5g9\xc69\
3\xfcr\x92\x0a\xf0T\xfd\x14\xe3D\xfb\x14\xaf\xdbB\
\xeeH\x9ai\xac\xb0\x15&\xd5\xe3\xf9\xc6\x05\xb6\x0dh\
\x03\xde\xc45\x09[u[\xa5\xed\xd2\x16\xfdC\x86-\
\xc6uI-I\x07\x92R\xa6\xa1i\x98\x99\x1ah\xd3\
`=\x1e\x8e\x07'\x8b\x9c\x0e\x87G\x9b!\xe4 -\
\xf6\x0c\xd4\xa2\x94S\x8bB\x0eo\xfc\x97['\x9ej\
\xb9cW\xa6\xba\x10w\x0cM\x13\x8f\x1a\xcb\xa7a\x9f\
\x8e\xc6\xf2\xf3\xcb\xff\xac\xfef\xe5\xca\xc4\xa4\xffi\x9d\
\xb0s\xe2\xa4m\xa3*\x96\x0f%\xe1\xb7<2\xf9\x81\
\x97G\xb8\xb8\xc6\xce\xef\xa6\xb4\xd7\xdc\xa3\xaa\xbfR?\
\xd90e\x12\xf6zo\xc9G\xc5#\x16\x0d{\xf4\xd5\
\x88\x88\xc3\x09\xfd\xab&'\xcf\x80\xb8\x0d\xb1\x02W\xb1\
X1\xd8%\xe3{\xd0R\x9e\x06\x09\xfe\x06A\x82\x85\
\x08\xc85 [\x12r\x85B\xa1ZX'\xb4\x08\x22\
\x0b\x0f\x10\x1a\xb4\xb8\xc0r\x81\x03\xea_\xb8\x85\xa2\x1d\
fV\x83]\x16\xf1A\xb4\xc9l\xd2!b\x17\x91\x97\
l\xb6\x9e\xa3@\x01\xa6\xacy<\x0b\xbb\xa6~\xee|\
\xd2\x05\x1b\x0dw\xa0T\x89X\xe4\x9c\x0e\xbbOx\x14\
7p\x80}0\xb7p\xe5\xb2\xe5+Z\x9a\x9b6n\
\x12\xed\x9f\xa9\xc3?\xff\x5c\x1d\xfa\xe9W\xf8\xb5?~\
\x88\xdb.\xc0x;`\xbc*6^\x08DT:\x9e\
\x0e#\x83\x9d\xf7\x92\x10\x8c7\xecr7\x5c\xafdo\
\xbb\xd3\xc1\xe9\xc2\x07\xd9\x07\x0e\xe0v\x00\xc8\xa6\xe6\x96\
\x15\xcb\x97\x8b\xf6\x0b\xea\xb0\x0f\xff\xa8\x0e\xf9\xeaS\xfc\
\xea\xe7\x9f\xe3\x97\x19\x1d7sc\xc9+`\x836\x94\
\xed\x8a\xb3\x9a\x0c\x887\xeau<\x84P\xb2Y\xb0\x19\
7\xcb\xd8\xbc\xde.\x19e\xa2\x17m\x04\x13\x0e9,\
\xbcA\xef0\x89v\xeb\xa9a\xe7\x93\xce\xc1\xe1\xc3\xdc\
3e\xdc)\x08\xaem\x17\xe0\x01\xdc'b\x13\xd6E\
\x02\xdb\x84\xe8~x\xb0\x00\xc1<\x92\xbc\xa2n\xc63\
\x86\xa8\x07j\xd4\x03C\xf0\x0cu\xf3\x10\x9c[\x83s\
\xf9\x0f_~ez\xbb\xda\x80\xe7\xb7O\x7f\xe5\xe5\xe2\
v<_mhg\xb8\x9d\x01gzV\xe0\xc1\x8f\x86\
\xbblH\x8f\xb7\xea\x88\xc09y\xe4#\x8bN\xc9h\
=\xd7\x01\xd1\x94\xc6\x8bSpnK\xc46\x08\x964\
\x8c\x0f\x0c\xb5\x91\xfd\x5c\xbf\xce\x93\xbb;Or\xfd\x04\
\xbe\xf3\xe4^z\xb1\x17\xe6\x87\x18m\xbbf\xc7\xaf \
\x15\xbc\xb4\x9f\xcbH\xb6\xa1\xe5\x22\xe1\xb1\x1f\xf2\x15\x81\
u\xa7\xde\xd6888\xd9\x09\x01\xf7\xd2\xc9\x1dK\xf3\
\xd4}\xea\x8b\xd8\xc5\xf2\xd8\x0f\xb9\xc5\xdcr\xd0!\xdb\
a\xb4\x95\x83<\x96\xb7\x9e\xeb\x99\xc9r\x01\x9d\x9fr\
\xcbwP\xbcimc?\x8c\x01m\x9fE\xcb9\x0a\
\x1e\x94\x8db\xca`\x87\x9f=yRU\xe9\x5c\xffZ\
\x1aw\x90\xe9e?\x97\x03\xf9cp\x5c\xfe\x04\x914\
n;\xa8(\x870IhcB\x05\x8d\xec\xed\xc3\xc1\
?s\xd2\xde\xce\xef@!\xbf\x9f\xad\xf9\xd2\x06\xc8M\
\x1b=1\xc7\xe5%\xb6\xd8Q\x8bq\xbd}\xad\xaf>\
\xd0\x12L\x02\x9d\x01\xbe\x80\xc1e\xaa\xdf\xe7i\xa8H\
\xc4a\x9c\xcdjON\x82\x84\x85\x8bNB6+\x02\
\xdb\x84\xbf\xdc\x9a\xad\x0f?\x0c\xff=\xfc\xf0U\xacW\
\xbf\xbdzU\xfd\x16\xeb\x85\x5c\xf5\x84\xfa6\x1c'`\
\xe8d<\x00'\xb7\xa8\xb5\xeaJ\xb5A\xad\xc5\xf7\xe1\
\xf9x\x01\xbe\x8f\xd2\xfd\x11B\xfcT\xa0\x07T\xdd\xe5\
L#-<\xd7\x22,\xd5\xa1\x16\xbd\x14\x22\x06B\xf2\
\x84\x0d\xd6Snk\xc0\xd4\x1a.\xb4iLI\xbaL\
\xa7D@\x22\x90v\xc8B,<7mp\xa8M\x18\
\x18\x99LE\xaa\xe2\xb1\xa07\xa5o\xe1\xb1\x1d;\xf6\
\xf2\xb5cZ\xc7\x5c9\xbd\x97\xe9\x07\xcc\x0e\xf9\xb1@\
s \xda\xe6\x8a\xf6\xf3\x0f \xbe\x816P\x17\x9b \
\xf0i\xd6Gl\x1bM-\x8e\xf5<j\xe1\x90\x15b\
\x82\x1c\xe8c%b\x105z'\x18\xbd\xb7;\x96\x02\
.\x84E\xd0S\x17^|\x91\x05O\x86O\x0f\x96\x0b\
_\xe3\x03\x81V\xe6\x93\xb1+i\x22_ \x14\xe8\x16\
\xf0\x0b\x84\xb9\x01\x0d~:\x1e\xf1~\xbc?L&\x03\
\xeb\xd0\x5c\xb1\xde\xbf6\xa0.p\x19Z\xe9\xb7\xcc\x7f\
Y\xc0\xb2\xc0\xddhw\x80\x0d\xdca$\x901p\x10\
\x1a\xcc2\x0fpx\xba\x81\xc3!\x1b\xe7iV\x22\x22\
\xbc\x9a{\xa9#\x0b\x18\x99\x5c4\xfe\xf1\x95w\x9c\xbc\
k\xc1\xa9\xc9_`G\xfa\xad~\xea\xe5\xbd{\xf7\xce\
\xc3\xeb\x87\xcc\xde\x949\xaf9m\xe4\xdb\xfd\x93\xbex\
\xf9\xb6\x9d\xd5A\xeaW\x8c\xfe\xad \xf3Z\xa0?\x06\
U\xbb\xe2\x91\xd3K^\xa9\x0fY\xa9x\xb58M-\
\xfa\x0db`\x8b\xb2!|\xbd\xb8\xd6\xf9X\xacw\xa0\
\x17\x22\x0e\xbf\xc0(\xc5\x1aH\x1c!z1\x96\xb2\xc1\
;\xdf\xc3\x01=\xe3\x00\xb0\x00\xdc\x88\x0fS\xb9\x0b\xe7\
!\x15\xb3\xb2\xf0\xa6%a\xe0\x13\xf5%\xc1E!E\
JI(\x0f\x0e\x9e\xe6T|h\xcf\x89E_<P\
\xbb\xe8E \x19\xb1\xfe1\xf5w\xea\x17\xb7\xbf>3\
\xff\x8d\xd9\xcf\xbf~d\xe7\xfe\xc3M\xdb\x1e{p\xc2\
\xf35\xb5oN\xf9\x0c\x1b\xef'\x91!m\xeb>\xf8\
Kd\xe4+\xfd\x93\x9a\x1b\xefi\xda5\xaf\xbava\
D\xd4!Ey\xe7\xe0\xddOP\xdd.\x019\xef\x00\
\xbd\xe2\xc0\xfb-u\x05a\x131!BLi\x88\x18\
t-0\xabX\xaa\xc7F\x19\x05\x8a\x12od\xbe\xd7\
\x90\xefI\x8e\x8c\x94\xb0S\xc3\xc0)\xb1\x88}\x9ez\
\xa8\xae<\xf2M\x10\xef\x9bT\xa8}\x0c\xa8\x0f\x1a\x03\
\x93\xe0\x0a4\x0f\xdd\x8bt\xde\xb8/\x8a\xc2}\xc9 \
\x9c\x8ds\x8c9\xa6\x02\x5c\x86\xeb\xf1\x02\xb2\x02\x9b@\
\x98z\xc8\xd0\x93mt\x82B}\x0d\x11U\x0e\xab\x03\
\xd5\xd3\xa7\xdf\xec\xbc]\x88\xec\xf8\x84\x9c\xe8H\xde\xad\
\xb6\xe0\xc2W\x98\x8c\xb6\x81\x8cJ\x00\xf7 t\xbb+\
\x9c\xf7\xd7\xd9VZ\x83\xfc[t\x8e\x16\xebj\x13\xd7\
\x82\x96\x9a\xd6\xeav\x04\xfb\x04b\x99\x04\xc2\xd4H\x0c\
\xb6v\xe0\x9e\x92\xb1\xf6\x88 Vj3 $k\xdb\
Ej\xc6\xd4\x8eA@j\x9b&\x1f\xea\x84l\x94\xeb\
\xc8\x09\x19}O\xc1Py|@\xfc:[\xe2&\xc7\
]\xc1\x11\xea)\xf5\x9b\xdb_)\x9f\xfa\xe2\x9dO\xbe\
\xf5\xd6\x93\xb7<\x92/\x9c\xde\xab>`\xb1\xa8\x17\xff\
\xf4g\xf5\xaf\x8a\xd2\xde?\xf1\xf0\xd6\xad\x87#\xa2\x98\
_i\x04\xfc\x9b\x99_\x89@\x93]\x11^\x222\xad\
4\xa2\x16o\xb1%\xd0{\xa7\xb5\xc5\xb8:l}\xe0\
\xdaHc\x98>\xd0/\xd8+\x90\x84\x86\x04D\x82\xa3\
\x01E:\xcf\x5c\xcd\xf9\x8e\xf3\xdd*\xe4r\xb4\xa3v\
|\x82;AN\xf0\xedB\xbb\x08\x94\x1f\x0c\xe6`\xce\
\xda3\xf9\xc4,'\xe0\x88\x87\x94p\x85\xba\xa5\xd0$\
on\xc7\xaa\xed\xdbW\xc1\x81\xf5Y\x0fe\xbdq\xd2\
2\xf4\xe0\x9d\x1faA\xbd\xf4\xb1\xda\xa9^\xc4\xb98\
 \xeb!2\xf4\xe8\xa3\x8f\x1c;\xf6\xc8\xa3G\xb9\xf9\
\xad\x11Q\xea_\xd4o&MS\xbf\xf9\xea3\xf5O\
\xccQM\xc7;\x83\xb5J\xebn\xd0\xa9r\x90\x8b\x88\
\x8a]\xbe\x82\x8d#\x1c\xb1\xf1\xe07\x04\x90\x09\x11\x08\
\x06\x07/\xea`\xe2\xd6\xc6\xe2j\xc2\x0f\x5c0\x15\xd2\
\xe4\xe7`\xf2I\x83\x83\x0e\xe9@N\xb6\xc17Mq\
\xd9'sX$\xfeB\x8a0F\x98A\x0e\xa0\x03\xa2\
\x0et\x06\x84\x83\xc3q\xe8n\xf2b\xe7\xc7'\xb1\xda\
\x99,\x9c.\xb8\xb2T\xa0\xa9\x04x\xff5\xc0\xe35\
\x8c\xc7\xe10\x0f\x1b\xe9\x8a\xf4\x05\x0eG\x8b-\xc1\xfd\
Z\xec\xeb\x83\xd7F?\x96\xe8k\x8c\xe8\x13\xe8\x8c\x08\
\xb4\xe8\xc1\x93\x83;\xb7\x84\x06\xd0\x82\xc2\x85\xcbm\x17\
\xacZ=A\xb3Yv\x97\x02\xc6\xda3\x9b\xa7\xd9V\
\x84V;\xd11\xb3\x0d\x0f\x8b\x80\xfc\xcb\xcb\xd3\x00\xf4\
\x83[\xb3n\xe7\xceu\xebv\xedTw.[\x8f\xae\
\xfd\xcf\x87\xea\xfa\xa5\x0f<\xa6~\xfb\xed\xb7\xea\xb7;\
\xc6\xac_\xbel\xc3\x86e\xcb\xd7s\xafnih\xd8\
\xf2\xd0\xca\x86-\x05\xca\xc1%\xcf\xfc\xeew\xcf,9\
\xa8\x84\xbd\xd6x\xe6\x8b/\xce4\xbe\x86\x8b\xea\x96-\
\xab\x83\xc3\x93\xdb\xf3\x0d@\x93/\xd3\x9bp]\x88\x1f\
^\x89\xfcZ\xe4\x9d|\x0bZ\xed\x1d\xd2b]\xef\xbd\
6R\x17\x18\x18\xea\x15\x8c\xc2\xc2\x02MLm\x80\x00\
O\x84\xfaL\xfd\xabGk\xbc\xdb\xfc^\xf6\x7f1\xe0\
\xc5\xc0\x17\x83^\x0en\x0b\xd1\xed\xb5\x1f\xb7\x7fi'\
\xa07\x83\x99\x8e\xdb\xbd\xdc\x89%J\xd6t%,\x0a\
{\x08\x03.|\x94\xb5u\x1ch\xcb\x90\x83\xb3\xfe\xa8\
^\xc5\xd6\x8fa\x1eaS\x9fV?\xcd\xda\x8a\x87\xbb\
5*\x04t\x05\xf2\x15{\xc1m\xd8\xf2\xd5g\xd8\x9b\
\x05\xb7\xed\xea\xad\xc1\xdc&\x8f>Q\x9a.\x81\xe2\xbc\
\xc2\x87\xb3\x9aC\xa0\xcb,.\xe7wAxge\x0d\
_\xc9\x0a\xb9H\x12\x8d\x1e\x97\xb5 O=\xc4\xa5\x93\
'i\xa8\xe7\xc3U\xad\x8e@s\x0f\xd6_\x8f\x22]\
^\x90M\xe8\xb6\xf1\xcb\xd1.\x98\xba\x08\xd8\x0f\x80\xc8\
\x0c\x08KC\xcew\xd0(\xed\xa5\x01b\xd9\xc8I\x9a\
\x8f\x00\xa8\xce3\x9e\x9c\xe4\x0c\xba]8\x0b8\x88h\
\xbc\xab\x0f\xb7\x95\xf0\x04oE\x98\xa7'\x0e\x0b\xa2\x80\
\xb6\x8aB\x9a\xc0s\x18\x09d\xb7\xf8\xb8\x0es(\x82\
\x0f\x07\xad\xbe\x90\xa4\xa5\x15\xee\x19\x0b\xffu\xf7\xec\x83\
\xce\xa5\xf5\x9c\x13\x0f\xc4\xc2\xd9\xab\xdf\xf1\xd2\x15U\xe0\
\xc8%u\xbd\xba\xe10~g\x17~\x87\xd2q\x06\x17\
\x0ag\xc9\xa3n>\x98 \x1d\x12\xb7\xf2@\x02\x8f\xc2\
)\x1b\xda\x92\xba\xaa\x9c\xe0\x93\xe8\xe7\x8c\xc0Q8W\
T\xf2\xe8\xeeK{\xdd\xb9\x9d\x07\xf7\x1cW_q+\
\x824\x8c\x08[\x01w\xb4\x15\xf2 q\xab r\x1c\
N\x13\x05H9\x05~7~\x5c'r\x11\x00_G\
9\xd4\x0by7\xd6\xda!\x01\xf6^\x031E\x9f\x8d\
\xc9\x8b\xe4\xd2a5a\x97\x9ap\x18\xcff2\xd8\x00\
\x06w\x00\xf4\x92\x80^\x96\xba\xfaF\x04\xebE^\x0e\
\xf2\xe2\x91c\xa5\xd7*k\x93\xcfz\x90h\x90\xbfI\
/\xf0r06\x05\xfa\xf3\x81 _\x14\xe5\xef\x15I\
#\x8b\x91\xfaa/\x16-!]\xbc\xc0,\x8f\xce\xfe\
X\xdep\xf1o\xea\xe5\x8b\xd6\x13\xf0\x88\xa6\xbf\x87\xe7\
\xeb\x17\xc8\x0b\x14\xad\x96\xe5\x15\x0e\x067\x02\xf7\x8e\xff\
\xd4 -0S\xd2\xc1d\x097\xb4\xb7\xbf\xfa\xc2M\
S\xa7\xa6$/\x9f\x95\xf3L\xd1\xed/\xcdh\xfdp\
\xcc\xd4\xc9\x09\xd1\x92(\xaa*^\xbf\xa5tY\xc1\x94\
\x81\xb7\xf7\x9fR\x991\xf2x\xcaM/o\xcfZ]\
P\x900\xd0\xcf9l\x80\x96\xff\xa9[us\x84G\
\xc1\x87d\xa1&W\x92\xaf\x91\xe8\xf7\xf89\x03\xc8\x9e\
,\xcb\x80d\xcb\xbe\xc4=\x83\x9d\xfb\x22\xf6\x0c\x1e9\
>y@\xb0?\x8a\xb1\x8b\xbe\xc6\x18\xff\xbe\xc11\x99\
\xf6\xbe}b2\xe3n\x1eo=w\x01T\x0e\x5c\xe9\
\xb0\xd7\x98\xddQ&\x9fj\xa3\x8f\xbe>\xf5\x9a\xf5\xd5\
\x8bI\x10v\x80\xb4D\xa4\x15$X-\x82\x95q\xbc\
<\x99\xd4sh\xfc\xb5\x17A\xb4\xe3\xe1\xe3\xd2\xbc\xa1\
\xde\x92\x1d\x92\x9d\x90=\x22\x9b\x07'\xdf\xc3\xdf`j\
\xb1Q\xeeI\xe0\xc0d\xad$\x13\x1d\x15Ay\xa3M\
\x8b\xbcy:{\xf4\x11\xa9\xb3\x8a\xd6\xa6H\x83\xc0\x89\
\xf1>\xe0\xc1\xac0}\xbbr\xff\xdd\x0b\xef[\xb7`\
~#\x17:\xec\xa1\x19\xfb\xde{\xff\x89\x19[\x876\
>\xb0s\x84\xab\x5c=}`\xe1\xc7\x85\x0f?];\
\xbb\x02;\x1e^\xfa}\xf9\xd4E\xea\x99\x07\x8f\xa8\xad\
K\x96\xac\x5c\xf5\xab\xa58\xef\xb9S\xf8\xce\x85\xe3r\
\xd4\x97\xd5/8\xbf\xc6\xc7v\xdc\xbfv\xe7\x0eu\xcc\
\xf8\xcc\xef\xdfx\xe3\xca\xb8\xac\xe5\x9d\x8a\xf7\x87O\xdf\
y<w\xf9\x9aTW\x99\xfa\xeb\x97\xb6\xab\x7f\x9aY\
>{\xd2-UE3\x96/Z\x843\x9f;\x8c\xc7\
.Z\xdc\xb0\xbfe\xfag\x0b\xd5\xef\xd5\xdf\x89\x94\xff\
\xac\x96\xccr\x14\x19\xbd\xecJE6\x98 \x80\xe9\xd1\
\x5c\x14\xdbd\x22#\x1b\x079\x8b\xac\x83\x04U\xa4\x0f\
\xf56\x22K\xf4\x05d1\xba&\x9a\xc3\x08\xb4j\xc8\
\x8a\x86zA\x86L\xb9M\xab\x19\x9e?u\xc1\xde\xb3\
\xb0\xd0u\x92\xbe\xf6\x84#M\xef\x0f*FZ0H\
\xb3`\x0bg\xd1Y$\x0b\x9a\x8c\xe6\xa2j\xb4\x16\xe9\
uX\xe2D\xa2\xe7\xbd\xb1\x1fW\x80's\xb9\xc6\x19\
\xb8\x9c\xbb\x0b\xcf\xe5\xee&5\xfc<\xdd]R\x03^\
\xc5-1>\xc8m&\xcd\xbc\x8f\x96\xe4\xd0Y\x06\x09\
%\xe1\xdcq\xf5\x22\x17\xa9.\xfc\x94K\xf9\xfd\xaa\xce\
;V\x9d\x16\xcc\x9d~d\xff\x95\xbex\xb1\xba\x94\xc5\
\xaf7!\x96^\x00\xda%\x98E*\x10\xbf\xc2\xfdP\
\x93\xaco\xb2/\xc5M\xf2\x93!6\x83\xc4y\xf9\x85\
\x08\xc8\x1c\xe8-\xf8\x05\xc6\xebQ\xa0\x9d\x0f\xa5N\x88\
\x9a\x10\xcd7Y\xd2\xcd*X)\x89\x07-a@\x05\
\xcc\xe54U\xe9\xba\x88\x0c\xed\x19\xc0B\xf1\x06<\xea\
\xb1\x87\x1f~L=\x8e\xfbn\x5c\xbf~\xa3j\xe0\xf8\
\xcf\xaf,\xb9\xbbi\xa7z\xe9j\xe7\x17\xdc\x9b\x9d\x1f\
4\xacY\xbb\x82+S\x87W\xd5\xcc\xa9\xde\xf5\xe2\xd3\
\xab\x1fu(\xed\x0f\xbe\xf1\x07PP\xbaN\x10\x0d>\
\xc0\x0f\x0dr\xf9\x9b\x1e1\xef\x97\x9bl\xf8\x11\xb4\x9f\
\x07\xf3\xb7\xad\xf5\xd7\xf9\x99P\xa2\xc3\xeaOQt\x87\
#\xad\xba\x96x\xc8\x12\x10\x12\xc0\x01z4Gq\xe7\
%\x83\x06;\xcd]7\xdeBt\xd9\xe7\xcb\xae!\xf5\
\x12\xb6b\xb4\xec\xf3\xb2\x99_\xdf\xa3>\xa9.\xc0+\
\xf1\x84\x95_\x0b\xd3O\xdfq\xbb\xfa\xba\xfa\xbezF\
}\xfd\xf6;N\x8e\x19\x83\xb7c\x90\x04\xde>\x9a\xd9\
0\xf0Q8\xe0\xe6c\xbc\xcb\x89\x9a\xf4\xc0A\xab\xc4\
Ye$\xf8\x99\x92P\xa0\x9e\xb7\xb3Y\x1c\xd8\xa1\xc6\
4\x885\x07\x0b\xbd\x18\xc3\xdc\xb1/2\x94\x9dc1\
\xdep\x19\xbc`\x88\xfa\x91\xda\xae\xa6\xc18\x07q\xb3\
Z\xae\xe6\xaaEB\xc2\xd5y\xd8\x17\xc7\xe38\xec\xb3\
K\xdd\xa4.Q\x7f\xa563\x9fL\xe5\xb8\x06\xc67\
\xd0\xd1\xc5&\x9ekBK\xa5&\xfeIY\xc0z\x1d\
\xe4\xa7\xbc\x91\xb2\xe4T[[\x97\xbc\x12\x0f\x86\x98`\
t\x96{\xba\x8f7\xc9\x81N\x7f\xee\xf5\xce\x14\xee\xbb\
\x8e\xe14\xb5\xcc\xd8\xdb\xf9\xc9\xde.\xf8\xe1\x00_\x8f\
b]v7|\xfeI\x08\x1c\x0c\xb8\xac\x01\xd7\xc8\xa2\
\xa0-\x86\x9e\xa0\xc3\xdf$S;\xab\xb9\xdc\xce\x03o\
Q\xa8c\xf6v\x0eFnY\xd2\xdc)\x08\xa5\xb8\x14\
$\x04\xe0&\x12\xd0$\xd9\x1f\xb1\xedw6\x99\xd7K\
k\x839\x14h\x1b\xc0'\xfb\xfa\x19\xac\x90\x5c_\xe8\
8\xdf\xd1\xd6%S\xf5\x14si\x91\xacf\x00\xae\xc6\
-E\xde\xa7\xa7|\xf9W\xd4\xc3\x9c\xbd^\xfd\xacE\
}T\xad\xc7k\xf0\xed\x0f`]Uu\xc7\x1a\xf5\xa2\
\xfa5\xf6\xc2\xf6;w\x9f\xc6\xebwu.\x9e0\x11\
o\xc6\xb3q%\xde<&\xe3\xbd;\x0a\xd5\xdf\xa8\xef\
\xa8\xbfW\x7f\x13\xe9\xa1]\x18\xcax\x1b\xe7rHM\
\xdc\x93<Z*\x8b@\xb8p\x93\x1e{X\xdb\xc12\
\x88a\xe7\xe1\x22\xf1`.\xe3,L\x81m\xc9\xda\xe2\
\xc4\x9boq\xff\xf3\xd6[\x9da@\x7f\xe7V\xae\xe4\
J_\xcae7l\xbc\x81\xd5\x11\xe2\x9fEOq\x14\
\x1c+nY\xd9*\x0b\x9bi\xb3\xda\x03v\x99\x12\x05\
\xad\xb0\xd5(l\x17D\x0a\x1d\xa0\x02\xbc+\x90\x89\xe2\
k\xcdj\x19\x83c@i./\x03\x87tM\xc2\x01\
\xb4\xd4(Hb\x8a\x1b\xc5^0\xcf\xb3\x18\x01\x89\x0a\
\xe5!\x85mr\x99rM\x85\xa6F\xd3v\x13\x83m\
\x15\xdds\xc27\xdf:\xf1\xc9\xf8\x11++a\xa0\x0d\
\xea_.\xefm~\xb9\x8b'3Y\xbd\xe0\x1bW\x8c\
d\x83\x8cEg\x13!\xe4\xdb<\x9e3M\x82\xe4\x83\
\xa0\xa7\xf4\x22$\x17\xa2D\x910hZ\xc2\xa6s\xc3\
h\xad\xa9{Q\xc0\xe3\x0ci\x0asP\x22\xd4\x19>\
\xe0\xe00\xcf\xe9%o.F\x88\x91\x06s\x83\x84\x01\
\xd2h.C\x18)M\xe4fps\xb9y\xc2rn\
\x95\xd0(m\xe4\x1e\x92>\xe7\x9c\xe0#\x05\xbd\x18@\
\xfct\x02xf\x9d/\x89\x11\xfa\x8a}t\x83\xf8A\
\xc2 q\xa0.\xd1\x98J\x5c|\xba\xe0\x12]:\x97\
q:)\x84\x19\xc4\x0c\xdd<\xa1\xda\xb8\x86\xac\x11\xee\
\x17\x1bu\x8d\xc6-\xe4a\xf1a\xdda\xf2k\xdd\xab\
\xe4U\xdd{\xe4]\xdd\x17\xe4K\xfe\x0b\xe1O\xe2\xb7\
\xe4;\xe1{1n\xda\x1c4m\x0e0\x07\x87R\x1f\
\xcb\xa4\xba\x0d\xf3\x9d\x01\xc4_\xfd[g2\x95\xedj\
n^\xe7\x98\x8eO\xb8\xdfv\xf6G]vC\xf9$\
@\xd6hdF\x83\x03\xc9\x10\xc4\xd3\x9a\x95\xb6^\x92\
\xe8\xd2'\xearuK\xc8\x12\x9e\xd7\x94\x06\x0c\xf1-\
\xee\xbd\x8e;\x80\xe5\xa7\xf7j0\xc4\x10\x80aD/\
\xb8\x06\x10\x9bN\xd2q6\xccI\xf4D8\xbd\xac\x87\
 %\xeb\xd3d\x1dG$`\xb8d\x80h\x04\xa1H\
\x90\xc5@~\xb8\x0c|7Q\xdb\xa1\xde\x9a\xf2\x9d\xce\
\xa7{T\xbb\xbb\x92G:3:Xm\xa6\x9c/ \
4\x04\xe99\xd9\xc99t^r\x14\x17\xa5StQ\
\xb2\x22\x0f\xd0\x0d\x94+\xb8\xbb\xb9\x85\xba\xf9\xf2\x12n\
\x99n\x99\xbc\x8e\xf3\xe6\xb1\x81x\xe1\x00\x12\x8e\xe3H\
\xb4\x14\xa3\x1f\x80\x87\x91\x02i\x8a\xbeT\x9a\xa9\x9f+\
\xcd\x07?x\x1fi\xc2\x0f\x11\x07\x9bK\x01\xe3h=\
6\x9cr\x0f\xf7\xc3\x8b\xf0b\xdc\xefUuq\xbb\xba\
\xb8M8\xdd!\x91\xef\xae\xf4\x15B:\x10\x8f\xae|\
\xd4\xa5g\xc9\xcc\xef\xccw\x05\xebl\xb4\xcef\x83<\
#\x0d\x88\x05R\x05\x11\xeb\xb8@~\x90\xce\xed\x83:\
\xb4Rj\x02[\x99\xec\xd6.\xa6U!\xd4%\xb9\x12\
\x07q7\xe9\xc6p\xa3u\x15\x5c\x99n\x09\xa7\x13\xb1\
^tb\x7f1\x03g\x8a\x93\xf0d\xb1\x14W\x88\xf3\
\xc5\x15\xf8^\xb1\x09o\x11\xb7\x1b\xac\x0ckp\xd16\
&pl\xe5\x9a\xdb\xd4K\x9d3\x01\xdb\xab!\xfcG\
W\xfa\xf2\x1f]\x0d\x01\xff\xcf\xd6\xaf{\xd4\xf0\x9a\xec\
\xa8I\xab\xe1\xf9Y\x92\x89\x9f\xd3\xea\xcb\xd0\xebQ\xc3\
\xa3.*\x99U\xef\xa25w\xc5\xfe\x92\xe8sj'\
&\xe7\xcea\xac^;\x87\x87\xe0\xbb\xd4U\xeak\xea\
\xab\xb4\xc6*d\xa9\xad\xea\xa7\xeagj+\x1e\x83\xfd\
q\x00\x1e\xb3C\xbdU\xddFg;x\x07\xcc\x8fa\
\x86\xec\x89E\xfc},\x16y\xa1!._\x88C4\
\x1c\xd9\xad\xb2\xc4\xf14\x1a\x8d\xb0\xd1p\xe4\xd0\xbc\x96\
\xa6\x16\xac\x8a\xe72X\x9c!\xce\x11\xce;\x9cO9\
\x05\x16\x97\xba\xe27\x0f\x91\xbb/0\x00oP\xef\xdb\
\xb2\xe5>\xf5&\xfc\xc6U\x8a\xe1U\xf5-!\xa1\xf3\
\xb7\x0f4\xac|`\xd7'g?\xf8\xb8s7\xe5\x85\
\xfa\x9d\x9b\x17A(\xcf\xd5\xc7f\xe5,\xd8h2\x9a\
\xb1\xc9dL\xb3\x04\x1b\x19s|\x819\xa6`S\x80\
\x05\xb2]\xbf\x00\xc6\xa2`\x8f\x04\xa9\x87\xb0\xb61F\
\xa5\xf4H\xa0\xe0`\x95\xbc\x1e\xac\xf3\xd2\x96&\xba\x19\
\xc8\xf5b\xe0\x08,_\xfe 4\xdc\xaa\xf1\x0f\x0f\xa5\
\xfc|\xe7\x87l\xbc\xf2[\xf5\x83o`\xce\xb2\x13\x17\
Q&2\xa6v\xa8\xf7{\xe2z>\xf0\xd2\x0b\x05\xa2\
\xa7]\x03!\xcf#\xb2h\xa3\x13\x1e\x1bLx\xd2D\
\x1e9\x09\xefl\xd2;\x9aLK\x0d\xbc \x12\x1b\xe4\
H\xdefA\xf6\xf3\xe3m#\x1cr\xa0\x91\x0fb\x8c\
n\xa3\x9c\xb6i\xb1\x7f\x18e\xb7\x9d\xed#\xe8I\x9c\
\xb6v\xe4\x0af\xa9\xe0\x02/, \x01\x0b\x90\xfc\xe9\
x'rb\x07\xe7M|\xf8H\x14\x89#\xb9(\x12\
-F\xe9\xa2\xa4(\xbd\x12<\x08\x0f\xe22p\x06W\
.\xd4\xf3\xf5\xc2<\xafU\xe2*\xdd\x83\xe2\x83\xba\x90\
i\xac\xd4\xe7\xe3EWW\xfb\xb2Er\x85\xa6a]\
b%\xf7\xa5.\x1c~\xe2\xcc\x0bc\xd7\xdcu\xee-\
\xfc\x06F\x1d\xcb;W\xab\x0f45=\xc0\x1d\xf7^\
\xf7+\xb5\x1c/n\x9e\xde\xb9Z8\xfd\xee\xfb\xf7\x1d\
\xe5r:/6,_\xbe\x82\xda$\xadW?\x0a\xf2\
\x8dF\xbfr\x0d3\x199\xb3\x81\x0b\x0e\x09\x96\xf4\x9c\
N\xe6BB\x82\xd3dCp\x08\xef\xc4\xc8\xf9\x88c\
\xa3o\x93\x8doB\x1b#!9\x8b\x09\x96\x0d!\x01\
:\x14\x16\xe0g\xee\xa7\xf3s\x84\xc5X\xcf\xb5\x81\xc0\
\xcf\xd3\x19\x8b\x16\x8f.\xbb\x17>_\xebrQ=\xd7\
\xd9\xe8\xc2\x1a$G\xd3\x0e\x87\xc4&\xc4\xe6\xc4\x12-\
\x97c\x85\x82\x90\x1b\x145\xb5\xdd\x12\xb4z\xc2\x8f\xa9\
}\xfb\x8e\x9d\xcf\xcc\xdb\xb5\xe0\xe3\xf7\xd4\x0f\xd4\xcfg\
~\xb3d\xe1\x85\x9a'\x8f7lY\xf8\xf1[\xd8\xe7\
\xaf\x15\x7f\x10v\xbc:x\xd0\x92\xb9\xc5\xa5!~}\
\xcf\x1c>\xf3\xc7\xc4\x84\xdf\xa5g\xac\xfaU\xe5\xdd!\
\xbe\xfd^|\xe2\xb5\xf3Q4\xc6^\x01\xbb\xa2\xfb\x16\
th\xac\xcb,j\xce\xdc\x05\xe9\x8fK\x90\xac\xa7\xce\
w\x9cgv\x94\x94\x88\xc7\x1d\x90i}Ib\xf5%\
\x09I\x9e\xfa\x92\x17\xd2\x87 +\xb8\x90\x10\x9dU\xef\
\xd2W\xeb\xb7\xeb\xf5\xd3\x88{\xe5C\xe4\xbf\xe9\xbc\xd8\
\xdey\x11\x12\xa4+\xa7iu\x09k{\x89`<\x1b\
r\xb9\xbc%\xcef@B\x93y\xad\x1e-\xb5K\x81\
\xf2M\x10QS\xed\xdda\x9d-\x81i\x0e&\xc9\x9d\
e\xc2D6\xc4\xab\xd1k\xbb\x17\xa1aE\x9b\xc2\x81\
#\xd3,\xe5`\xfb\xfeW^\xde\xdf\xae~\x08\x86\xf0\
\xa9\xfa!8\xdf\xfaK'O^\x22k:nS\xcf\
\xa9\xef\xe2>8\x82\xe2\xe0\x99\x1b\x89\xe8YW4O\
\xe3<\xb1qD\x8b\xf4\x84\xeeo\xb4a\x8c\xd2\x08\x8f\
\x9fBt\x02\x84\x04\xc8\x08=\xf3\x1fp\xc2?\x12g\
r%\xaa\xe3\xd3\x11\xe9CF\xf3\xa3\x85\xa9d\x11Y\
Nt\x22\xd2q\x12O\xfd\xb1\x83\xf3\xe7\xfd\x85>(\
\x0aGq\xb1|\xac\x10)*\xd2M(\x19's\xc3\
\xf8a\xc2`q\x0cJ\xc7\xe9\x5c&\x9f)\x8c\x16\xa7\
\xa0\x02\xb1\x8c\xab\xe0+\x84\x05h.L\x8b\xe6\xf3\xf3\
\x85zq\x89\xf4 \xda$\xc6\x82\x0d\xc0dH\x0f\xf3\
!nl\xe7k'\xf1\x19\xfc\x87\xdfw\xbe\x0e\xbe\xdb\
\x87\xff\x12\x12'\x8cF!\xa4\xdbEc+^\xe8\xca\
\x14\xfcE\x01\xe2)\xef/\xeb\x89\xbfl\x909\x7fL\
wS\x884\xe4\x82\xbd\x0b\xee\x90k\x84\xd66\x84\x8c\
i2\xa48\x22\xc4!\x83d4\xc8zI\xdb7b\
\xd0!\x93\xf5\x94{\xd7\xc8\x85\xa4\xa4\x1b\x07\xdb\xaes\
\xd7\x14\x10\xb1\xd8\xfb\x17\x91\x13\x05N\x86\xbcJ\xb6\xcb\
1B\x04D\xdd\xe1\xdcpa\x80\x9c(gq\xe3\x85\
4\xd9%O\xe1frw\x0a3\xe4By!\xb7\x98\
\xbb[X,,\x91\x9b\xb9&!H\x87\xf4\x1cd\x00\
\xbc(\xd0\x0d\xa7X\xc7\x83\xee\xe9\xf4H\xcf\xcb\xb2\x11\
\x99\xfd\x89\x93wJ~F\xabY\xe1C\x05ETt\
\x8a\x14\xae\x8f\x90#\x0d\x8aY1\x0f\xe3\x86\x90\x81|\
\xb2\x90(\x0d\xd2\xa7\x18F\x18\x13\xcd\x19(\x03\x8f\xe5\
X\xce$\xa4A\xc0M\x93\x5c\x92K?J\x1eot\
\x99]\xe6\xc9\x1c\xc4xc\xae\xb9\x8c\x9bA\x8a\xf8\xe9\
B\xa1X\xa8+\x94J\xf4%r\x89a\x1e\xc8a!\
w\x17\x99\xc7\xd7\x09\xf3\xc5\xf9\xbayR\xb5t\x97q\
\xb1q\xb1y%\xd7@V\xf1\xab\x85\x15\xfa{\x0d\x8d\
\xe6M\xfcv\xf3S\xe6[i\x84\xa5\x22\xa2R\x0a\xd7\
\xe3\xf0Qo\x83\x9bN\xf9\x84\xfe9\xa1\xaeV\xc1w\
\xbf\xac\x82\xc4\xec\xfcEz@~`\xbdrI[\xff\
\xec\xca\xcb\xcb\x5c\xa2\x89\x17\x91l\x04\xd5;\x07s\x9c\
CK\xd0b\x99\x9b\x06\x96\xc92P*\x87\xc4q\x07\
\xd2r'\xbb\x1c,M\xd5\xdb@\xba,W\x05A\x82\
Y\xe9\xac\x17\xba\xfes9\xe0\x95\x0eIz^\x87\x04\
=/bN&\x22\xb6\xc0\xbf)n4)\x92x\xe9\
\x19\x5c\x8b\xeb\xcf\xa8\x0a\x87\xce\xa8\xb7\xa9S\xfe\xc09\
\xdd[\x8f\x92;\xbe\xe3\x16v\xae A\xd4gt\x80\
\xcf\xf8\x9c\xc5\xe2\x8d\xae\x18wv\x8c9\x81\x9e\x08\x07\
\xf2\xa1\x8a$\xa5\xd1dF\xe4t\xbcK\x00o\xa2\xd3\
3ob\xffi\x13B2U\x97a\x02\xe7\xe0\x06r\
\x89\x5c\x22H.\x83sq.\xc1%\xdd\xc2\xdd\x22\xdc\
\x22\x95r\xf7p\x1b8\xab7\xf6'!r\x14\x8e%\
\x83\xf1M\xc4%\xc3\x9c\x95\xdcE\xaa\xe5\xed2]\x10\
!\x8c\xeb\xe0\x7f\xf83x\x1b~\xe8L\xe7\xa5v\xa0\
b\x0bW\xd6\xf1\x17\x98\x05\xbe\xae\xe5\xb0\xb7\x01\x9fC\
X\x0e\xb6\xce\x15\xc0\xf2O\x89\x16\xdd\xd3$\xf0\x80\xa4\
I\x00\x95\xc3i<\x12eZe\xa3\xf5%\x99-\x7f\
\x88\xda\xd2\xdcy[\xd7t\xb7w\x15\xde\xe5\x02=\xd7\
\xf9\xeab!\xbd\xd4R\xb21\x92^ \x06\x09\x19\xbc\
\x89\xbfd5$\x18\x06\x92\x14i\x84a4\x19+\xe5\
\x18&\x92)R\x19\xa9\x90\xaa\x0c\xf3\xc8]\xd2b\xc3\
v\x83\xb7\xbb8O\x17\xe8ph-\xdf\xd4\x91K^\
\xbfz39\xd01C8\xbd\xe5j\xd5\xde-\xfc\xfa\
\xae\xf5\xfe\xc9\xa2\x03\xfc\xf6P\x97\x85\xdf#\x1e\xe4\xf6\
\xa0\xa7a\xeaJF\x22\xa9\xab2\xc8\xe6E=7\x15\
0\x8f\xda\xf1v\x12[W\xbe\xcc\x0a\xa2\xb4\x9e\x1bz\
\x00\xef\xbetI\x05x\x8d\xdfw42\xf8\xbd\xd6\x82\
\xc1g\xc0\x13\x7f\x02\xfc\xc1\x7fg-\x18\x92\x17\xbc\x97\
-\x06\xd3\xb5`q\x03\x85\xf5:\xdb+@qMt\
Y\xc9\x1e|P\xa0\xb8\xa2\x91\xbc\xe8\xde\x1ag\xd1\xb6\
`\xd1]\x0fl\xf7\x15\xdb\x1a\xc7\x10\xc40\x15\x86I\
\xe1@\xaeJ\x9d\xfc\xcd7\xa2\xe3\xbb\xffi\x14\xf9F\
Z\xaf%\xbb\x85\xb3\xcc\x87\xfb\xbadp\xd5h\xa9\x8e\
`\xd0\xf9so3\xac\xde\x06\x1ds+59\xce\x85\
\xbc\xa9\x8eQ\xc7\xbc\xc9\x81\xc0;O\xe25j=\xd7\
\x8f\xea\xf1\x055\x88w\xa8\xfb\xd8^P\xb4\x07\xfc>\
o\xa5\xb5\x04\xba\xb9\x13\xd8\xcf;\xae\xbe\xaf\xeekl\
\xd4\xf4e/\x7f\x89[-\x96A\xdb\xfe.=>\x84\
\x9e\xe1\xc9(\xcc[\xcf\xb9wh\xb8\xab\x90fVv\
\xe4Y\xd9\x91\x87\x8fVv\xa4X\xe0*\xec\xbfY=\
*\x96\xa9\xf7\xe2\xb9@&\xdb\xbf\xca/\x04\x9f\x18\x89\
\x8e\xbb\xa2\xfdB\x0c>z3\xda\xe3#\x1e1\xdb\x94\
\x95!G\x03\x8f\x84\xb7\xda\xd6\xfa\x18\x91\x0f\xf15\xe9\
%C\x08\x91\x1c\xe9Q\xc0\x94\xb7O\x81\xff\xd5\xf4\x0f\
\xb2\xc9\x8e\xcbt'\x10\xad\xfb\xdah\xe2\xe5\xaaL\x0c\
J\x0cN\x0cIT\x12C\x13\xc3FD\xbb\x82\x5c\xc1\
\xae\x10\x97\xe2\x0au\x85\xe5\x06\xe5\x06\xe7\x86\xe4*\xb9\
\xa1\xb9a\xb9\xd1\xd5\xd1+\x82\x1a\x82\x1bB\x1a\x94\x86\
\xd0\x15a\xeb\xa2[\xa2/E\x07{\xbaz:y:\
\x14\x06\x17\x86\x14*\x85\xa1\xd5\xc1\xd5!\xd5Ju\xe8\
\x92\xe0%!K\x94%\xa1\xbe=\xd7\xcan\xc6\x83A\
P]\x85\xd4\xd0^\xa5e\xee\xf9\x0f\xf7-\xad\xda|\
\xa4\xb5u\xc4\xf1U\xfb\xda;\xafb\xee\xf1M\x85\x87\
\xf3K\x9f\x9f\xfa\xbf\x97\xb8\xe4\xb2\x85\xd3k\xcf\x1c\x8a\
\xcd\xea\x5c\xba\xb7\xac\xe8\xa5G\x9f{\xd1\xbexM|\
\xfc\xde\xe8\xe8\x0e\x9a\xaf\xd2}\xae;@\x7f\x0c\x90\xaf\
\xde\xe4\xf2#G\x8c\x16\xfd\x11_\xe7ZKk\xc0&\
?d\xb7\x8f\xf65\x8a\x92\x7f\x06\xcbI\x93.\xb3\xda\
\xc2y\xba\x12\xf5\xda\xc5\xc4\xc3\x85\xc1K\x82[\x82\x09\
\xe0\xe9Y\x7f\x01T1[\xcc\x83\xc4\x9a\xeeD\xa5\x16\
@>}\xfc\x81\x07\x1e\xa7G\xe7\xfdC\x9e^\xf86\
\xbav\xed\xed\x85O\x0f9r\x84Kh\xff\xfc\xf3v\
8\xb8\xbc\x92\x22\xf5\xb8\xfa\x1d|\x8e\x17\x95\xec\x06l\
0\xddWG>\x07\x19\xfa\xa1\x11\xae\x00\xb4\x12\xaf\xe2\
\xcd+M\xab\xe4#6\xfe\x88O+-\xdc\xd9Mh\
\x8c#\xdd\xdf\xdaq\xdeS\xb8\xb3\xd2\x92\xfc_/\xd2\
iI\x805`I\xc0\xba\x80\x96\x00\x01\xf7H\xfa\x92\
\xdd\x05\xbc0w\x01\x8f|\x9e\xfdp\xee3\xaf\xbd\xf6\
L\xee\xc3\xd9\xe3wN\xeb\x84,\xa6\x1f\x16'>\xca\
\x0f\xdc\xd7\xb7\xef''N|\xd2\xb7\xef\xde\x88\x08 \
\xc8\x8c\xedxH8\x9b+\xd1}\xd4S\x01C\xab\xc6\
/\xff#\xc8\xec8\x22Hk\xcd\xadx\x13\xa4\xdbH\
\xe2F\xdb\xec\x86\xf4 fbII]\xfcj\xeb\xc5\
/Z\xe6a\xe2\xe4\xd8\xcc\xc4\xbbg\xbd\x9c<\xda\xda\
:\xe4\xe9\xbb\xdb\xaf\xa1k\xedw?\xdd\xf9:pn\
\xf7n\xe0\x1e9\xcc\xdd\xfe\xfd\x85\xdd%Ex\x14\x96\
\xe03\xaaHu\xba\x19\xe8\xc6k1\xf0\xcb\x81\x02P\
\xb5+\x02\xf2\x7f\xfdJi\x95\xe0\xdc\x83\x85#F|\
\xcc\xf7\x88\xbd\xd5\xb860\xc0\xc9IN\x09\x8d\xe3\xec\
\x96\xf4@\x86b\x9b{\x13\xe1\xe5\x0b\xda\xe2\xedem\
\x1d.vDPuPK\xd0\xef\x82.\x05\x09#\xd0\
\x08<\x82\x1b\xe1\x1c\x11 \xc4\xe9\x12\xa4\x04}\x9c\x5c\
\x85\xaap\x15W\xe5\xac\x0a\xd0O\x9bCY\x1c\xca\x92\
\xe8\xee\xf2(\xa8\x80\x8e\xb1]\xc7/\xee8h<\xf1\
\xec\xcc\xd7\xa7\x17\xff\xeeN\xf5\xb2\xfa:\x8e\xed\xf8\x18\
\xebZ\xb9\x9d\xab\xb6\x1c1s\xb7O}\xfe\xf5\x01\x03\
\xf6\xf7\x89\xc37a\x19{\xe1\x91\xea\x07m\x9b\x0e\xed\
\xdfF\xfdB\x020\xfc;\xe0\xb5\x17\x9a\xe2\x0a\x14\xac\
\xd8(\xed\x11q\x03\xdad\x16\x8f\xcb\x9c\x97\x0e\xe9\xf4\
\x82d\xb2\x18\xb2\x1c\xd4\xcf\xc9\xd4)\x1b4\xa7lf\
\xd7l\xcbq[\xc7\xb0\xb66\xbb\xb6\xed8\x89\xae\xb3\
%\xd9Y\xa2\xebr\xe6:[\x9ctJ\x00H\x06a\
-\xa9\x0e\x1f\x98L\xcd\x8b\xfb\xee@\xf1x\x9c\xa0\xbe\
s\xe4\xc0\x81\xfd\xcf\x89\x8e\xcd\xb9\xe5\xc5\x8d\x1d\x09\xe4\
\x9d\xc6\xeccOP^\xab\x05\xfcT\xe0\xb5\x01\xc5@\
f\x1f\xeeg\x0c\xd2\xdbWzy\x1f\xb1\x90#Q\xe1\
\xad\xd1\xc7\xf5G,\xcf\xf9\x07E\xf9!\xc98Z\xb4\
\xdb\x95\xf4X\xb6~\xab\xa9C\xdbyM!\xd4\xd3l\
\xe5\x05\xb4\xa2\xcf\x92>-}\xae\xb3\x22\x1f+\xd7=\
7\xb9\x19\xbbU\xc5\xae-\xa1\x90Gw6m\xdc\xb9\
sc\xd3\xceVU\xbdR\xb4\xef\x96[\xb6\xe5\xfd\xfa\
P\xca\xc1\xbb\x7f\xd3\xd1\xf1\x9b\xbb\x0f\xa6\xb4r7\xbf\
q\xee\xdc\x1b\xaf\x9f;\xf7\x95\xfa\xb1\xfaeP\xf03\
q}\x9e{\xe1\xd6\xe2\xe9\x90\x22\xd1\xd5\xee!\xd3\x8b\
\xf7\xb2=\xee\x90k\x940\xfe\x0e\x00\xcb\xd7#b\xc6\
b\x83\xd9\xd6j\xdc$c\xc85\xb2\xa9o\xcc`\xd3\
~f\xf8\xc3\xe8\x124\xdd\xff\x95x\xb0\xd0\xc9\xea\xd0\
\xe16\x0de\x1b\xdd\xc0\xcd|\x11_\xd2z\xf7\xddM\
\xfb\x8e\x1cI{\xa6\xfe\xa5\xd7\xb8\x1d\x9d\xb7q\xdb\xb6\
o{~Gg\x83\xe8\xe8\xdcVZ\xf2\x0d\xb5\xa1\x97\
`\xf0\xf90.]S\xec\x0b3\xa3\xe7\xf9\xa7\xd1q\
N\xc0\x12\x8f2\xba\xd6V\xcfw\xd0\x02\x83\xb5k\xef\
\xb6\xc0j]l\xa9\xf5\xa5V\xf8\xc7\x17^m\x11\x1d\
_\x02\xbckg\xd5\x02\x06\xcf\x80,h\x94+\xd0\xc0\
\xe9\x90\xf9y\xa3\xaeAx\x0e\x1d7>m\x95\xac\x82\
\x98c\xc2\x92\x11eX\x19\xf4\xf3l?\xbe{\x0d\x9d\
\x09\x01\x06\xb2\xb9l\xb9\xb6B[\xb5M\x1b\xc8\xe1\xa9\
gj\x03>\xf6\xeb\x8c\xfe\x15Yl\xd4\xb5\xef\xbe\xb8\
\xb5h\xb3\x18\xf3%\xf2\xf0p+\x8c-C\xa4\x89\xfd\
\xf1\xba\xe6q\xb4\xc9S\xd8\x94PF\xef\xc2\xe6\xf9\x1f\
-lZ\xd9*\xcf\x1d<'K\xde\x5c4\x17+\xf4\
\x95\x0a8\xc8\xa0\xa5Zn\x9e\xb0\x8c[-\xdc/m\
\xe0\x9a\x85M\xd2c\x9c\x9dV39\x03\x91u1$\
\x9a\xa7\xb5\xcc\xbe:\x97\xb1\x9c\x14\x1aW\x93\x15\x90A\
\xdf'6\xea\xb6\x90M\xba\xbd\xe4q\xe1\xb0\xeeU\xdd\
\xbb\xbao\xc9%\xf2-\x7f\x89\xf7\xa7UJZ\xa4\xa4\
\x99*\xc8\xf4\xe8\x11.\xf2\xab\xce\xfd\xdc\x9d\x97:_\
?\x22::*\xf0'\x9d\x97;\xf7q\xe1\x9d\x1f\x00\
\xbd\xdd\xb2\x0b{\x16m\xe2(5]\xfb\xdd\x5c&\xab\
\xe0\xd9KyI\x105\x81\x81\xb0D\xc7\xf7\x17\xdc\xbc\
\xd2\x05\x81\xdd\x84\xa1\xa9\xae(\xd1\xae\xf7\xb5 1H\
\xe746\x04)\xa45\xe0\xb8\x9fU\x87l\x16I\x12\
sm\x92%7\xd0\x17\xc2N8+\x85tt\x5c\xd0\
V]\x87\x0d;\x7f\x99\x15$\xa9\x12\xba\xbc\x12#r\
#\xaa#\xd6E\xb4\xc0\xe7\x85\x88\x0f#\xaeE\xe8A\
+\xb5\xe5\xd6\x9e\xba\xd9\xad\xa4NMIc\xd3_\x5c\
\xf6\xd4\xf3Gj\xea\x1bw\x1d\xa9\x99w\xdf\xae#G\
F\x1c\x98\xbf\xe0\x09\xb2\xfa\xee\xb9\x7f\xfd\x98\xaa\xec#\
[\xa9\xcar\xdb\x1e}\xe8\x85\xc7:\x1b\xf8\xc2\xfd3\
\xa6\xdf\x8d\xba\xe4]\x024x\xa1A\xbdm\xe6\xf8\x8d\
m\xe6\xbc\xc7f\x0e\x15:\x7f\xeb\xe4\xae\xb7\x1a\xe7\xdf\
\xb1\x1a\x18\x9a\x1a\x8d\xe6\xdf\xeb\x99\xcf\xf1\x01\x9f\xe3%\
\x1e\xb1\xa3#\xc6VZ/\xb4[n!vg\xfau\
{\xfe\x5c\xe1#\xfc\x16\xa2\x85\xe2b\xddbi\xb1~\
\xb1\xbc\xd8\xb0\xd0\xb8\xd8\xb4\xd8\xbc\xd8\xb2\xd8\xba\xd8\xb6\
\xd0\xde\xe2w\xc9\xcf\xd6{7N\xaf\xad\x81\xb5\x1b\xf7\
=\xd1\xb4a\xdf\xbe\x0d\x97\xb0]\xbdx\xe9\xcf\xea7\
\xd8F>\xfc\xfc\xcd7?\xff\xe2\x8d\xd7\xbf\xdc\xaa\xbe\
\xa1^P\xbf\x06g\x9e\x02>\xdb\x81ob\xb1\xf1(\
\xf8\xc5\x1d\x80#\x8d\x8d\xc3]\x01\x9e\xd8\xd8j^\x8b\
\x9f#\xc7\x83 .\x8ef\x11\xb2G6a=\x7f\xde\
\x13\x1e]z->\xfe1\x98\xc7\xd3\x22\xbb\x98\xe3N\
%z\xa5\x18\xb5G\x8etg\x12\xdcM\x9e\xfcbw\
\xe7~Q\xde\xdb#\x97\xc0_y\x02\xa4\x16\xbb\xbb\xfc\
6\xc3\xcf\x93\xeb\xb4Z\xd6\x06<\xe7w<\x88e:\
\xa3!\xe7\xe9\x11\xbd=\xf8\xbdv\x1d~?X\xe0v\
\x07r\xba\xc0\x1d\x8e\x13<1\x9b\xab\xed\x8e\xe4CZ\
[\xbb2\x9e\xce\xfd=\xc2x\xc9\xde\xef\xff\xe6\xd1-\
2\x16\xf0\xb3A.\xef\x10\x0d`\x0d\x06\xd2`n\xd5\
\x1f\xd7\xc9\x22L\xfd2\xec4\x8c0\xdf\x08q\xfb\xd4\
\xdb4P\x1f\xca\xf5\xda\xeeE\xb5\xca\xf3\x15\x1f\x8fJ\
\xf9\x90\xb1!\x99q[\x1f\x07N\x1d]\xe1\x15\x1fH\
\x0e\xd9m\xed\xcfw\x1e\x04\x85*+\x16\x046^\x15\
\xe4X\xaf\xc3x\xd1\xe8sw]n\x82\xbb,7\xa1\
\xbb,\x07\xb9\xd7j\xde\xb1\xd2\xb9\xda\x97\xe6^\x91\xad\
\xddu\xb9\xbc\x00\xc9\xac\x93\x1ca\xe91\x14\xafS\xbd\
\xear\x10\xdf\xfeJ\x931{\xef\xba\x9c\xa7,\x87\xa2\
\xa9c\x9b\x1d(\x07\x1a\x02\x8d\xf1\x90P\xc4\x19\xe2\x8c\
C\xf5C\xe5\xa1\x86\xa1F\x83\x82\x14\x1c\xc1\xc5\xc81\
\x86>^\x09\x8e\x04g\x1f\xef\x98\xe0\x98\x90X%6\
4\x22z\xa5\xbc\xd2\xb0\xd2\xb8\xd2d\xa7\x14p\x9c(\
\x8b\x06b$&b&\x16b%~\xc4\x9f\x04\x90@\
>H\x1f\x9d\x10;\x22\xf6\x8e\xd8\xc5\xb1Kb\xd7\xc5\
\xb6\xc4^\x8a\xf5\x85\xd9\xdf\x9c\xeb\x0b\x807\xfc\xba\x14\
p\x8f\xac\xc9\xde=u\xf5\xea\xe9\x1bG\xb4\xed\xfc\xf6\
\xfd\xa9\xaf\xcc*{\xadh\xd9\xda\xd2'\x5cO<\xf8\
\xc7\xdf\x94\x1d\xe2G\xec\x8f\x89\xc9\xcfwe\x86\x9a\xfb\
l^\xbd\xf5px\xf8\xf3\x03\x07N\xb9e\x5cn\xa4\
%\xa2i\xd9\xb6}\xee}g\x83A\xe9\xfe\x22l\x03\
_\x01\x99\xa2Y\x90,d\x0f\xb2\xe1\xe3R\x83l\x00\
.\x83%X\xedf\xea+X\x92\x92\xe4\x9e\xf6j\x1b\
\x18!\xc6>\xa5\xc5X\x9a\x998\xbc\x87\xd2<%j\
 \xcdPlx\x1e^\xa8\xae\x18W\xfb\xdcs\xa7\x1f\
mh\x10\xb6\xa9/7v\xb6\xac\xce\xde\xb2\xfd\xf7\x5c\
a#\x1e\xae\xe9:\xfb~ \xf3S\x0e\x98\xc5\x06v\
{\xaa\xb52>\xeeh5\x82\x9fr\x18\xb2\xc1ce\
8\xa9\xb2\xa7hzu>\xa9\xcb]U9_\xa4\xee\
\xca\xcb\xd6\xa3\x12\xe8\x9e\x82\xe0\xfd\xd4]=\xd9\xda:\
\xf2\xe9\xfa\x97\xde\xc0\xbf\xc5G\xb9]\x9dE\xdb\xb7?\
\xbf\x83[x\xb5e_Y\xf1%\xb2\xdb]o\x81\x9c\
\xb4\x10\xe6\x91W]\xd1\xd7\xd72D$\xd2Z\x86H\
k\x19/\xd02!\x87\x05\x1e\xe9\xe8\xaea\xb9\xc7\xfc\
\xda\x91O\xf7\xf0v\xcd\xaf\xffN\xa1\x10\xbb\xee\x1f\xc3\
\xcd\xe4h\x9dk%\xb7\x84[\xcf\xed\xe0$:\x90\x9e\
\xe8YM\xdc\x9f\xf8\xf3Q\x88\x167byE\x1a\x88\
\x06\xe2!d\x08\x9f(\xd1\xdaU&\xc9\xe43\x841\
\xa2K*@\x05x\x0a\x99\xc2\xe7Je\xa8\x0cW\x90\
\x0a~\x86P.\x16J\xf5\xa8\x0e/$\x0b\xf9za\
\x81\xb8\x02\xad\xc0\xab\xc9j\x88\xac+\xc5f\xd4\x8c7\
q[\xc8\x83\xfc\x83\xc2&q\xb7\xf0\xb8x@zQ\
\xfaP\xba&\x0d\xf7\xd4\xaap\xf8\xcd\xaf\xe0\xdb\xf1\xed\
\xaf\xa8\xb7]\xe1\x0b;\xf2\xc9\xbe\xab-LG\x0a\x80\
\x05\x03\x81GF\xfc\x95+S\x98\xa8\xd5\x13'\xcaz\
2\x91\xd6\x13'\xfe\xacz\xe2\x0b7\xa8'R.\x8e\
;`\xa3\xfbu\xec];w\x0c\x1a#)g\xb1\xf6\
\xe5,\x93{k\x8f\x87\xbf\xffp\x19\x12\xbb\xae\x09\x9c\
7\xe7-\x84\xc9\x03\xe5L.S\xc8\x90]\xf2\xad\xdc\
\xad\xc2D9W\xae\xe4*\x852y>Hc\xbe\xb0\
Xh\xe06s\x0f\x0a\x1b\xe5\xe3\xdcq\xe17\xdc\xeb\
\xe4\xb7B\x90\xc0\xe9\x89\xc8\x1b\x04Y2\xe8\xe1dt\
r~\xc4\x9b\xf7\x17\x02\xa4\x00\xbd\xc3\xe04\xd2\xd5\x8b\
p.\x9a\x84\xf2\x91B\x98\x18\xa6\x8b\x94\xa2\xf5\x11r\
\xa8!\xdc\x98B\x06\xf1\x83\xa4\x14Zw\xe4\xc6\x90\x0c\
\xde\xc5\xa7ik\xb5\xd2(\xfd(y\x94\x81\xd6\x1c\xa9\
\x1c\x0b\xb8\x5c\xfe\x16!O\xcc\xd3\xe5J\x13\xf4\xf9\xf2\
DC1*\xc1\xa5\xdcLR\xca\xcf\x14f\x8a3u\
\x95\xfa\x22\xc3\x0cc\x95\xb9\x1e\xd5\xe3\xf9\xdc\x22r\x17\
\xbf\x08\xe4\xbbX\x5c\xa0[\xac\xbbK\x9a\xaf_\xac_\
(\xcf5,26\xd0\xd5c\xf3&\xb4\x09o\xe46\
\x90\xad\xfcC\x02]5\xd9,\xb9\x12\x9a\x8d\xdb\xcd\xbb\
\xd0.\xbc\x83\xdbA\x9e\xe0\x9f\x10\xf6\x88{tOH\
;\x8cO\x99\x7f\xcd=M\x9e\xe3\x8f\x09\xad\xfa\x17\xcc\
m\xdc+\xe4m\xfe-a>\xd3\x89\x00L\xff\xc3\xe1\
\x06\x1c^\xd0\xfa\xd9\xa7g>\xfb\xb4U={\xe6\xcf\
\x7f9\x03\xda\xd1Lf\xd2\xe3j\x0bi\xee\x98\x09:\
2\x14\xech>\xe8\x88\x01\x8fte\x08t9\x93\xb7\
\x11^GO\x02\x8f9Ll\x1c\x88\xdd\x06-e\x9b\
^\xc6\xf4d\x90Ae\xf46P\x984Y\xc7c^\
\x02\x1b\xe3\xdcW`\x12F\x8f\x82X\xba\xb6v\xd9\xb4\
\x22\x9c\xc7\xea\xba\x0brm6\x9f\xeb\x16\xe0\xafW\x89\
\x1fZ\xe1\x832\xcf\xcb\xfe\xbcS\x8e\x92o\xe6\xfb\xcb\
\x13\xf9I\xba\xc9r\x99<\x17/\xe0\xe7\xea\xea\xe4\xfb\
\xf8e\xf2f~;\xbfI\xf7\x80\xbcN\xde\x85\xf7\xf0\
O\xf1;u\x8f\xc9-r\xa0Lx\x01l\xc0\xe0O\
\x9c\x82S\xefo\x88%QB\xa4\xbe\x8fA1\x0d\xc1\
)d\xb00@G\xeb\xcd\x89\xa6L\x92!\xa4\xeb\xc7\
\x1a\x5c\xa6)\xd4Z\xb9)d\x92P N\xd1\x15H\
\x05\xfa)\x86\x5cS\x95\xe9.\xbc\xd8\xf4\x10\xde\xa8{\
\x02\xef\xd0\x1d0\xfd\xd6\xf4\xa1\xe9\x9a)\x81nw\xe2\
\xc2Y\xf5\x0a\xcc\x92/Q\xef\xc4{\xcf\xa8G\xd5\xa3\
g\xf03j\xcd\x19\x1c\x8bc\xf9\xc2\xce\x0f;_\xc2\
\xad\xea\x18n,\xe7\xad\xce\xc1\x8d\xcc\x97A\xee@}\
\x99\x05\xafq\x8d\xd4I\x9c\xde\x86,\x94\xcd\x08Y\xcc\
6\x0b\xb2\x98lF\x13\xa2'\xb3\x89~\x8b\xd7\x06f\
\x9bf2\xe8\xad\xc8 4\x90\xe7\xcc\x86\xe3\xf4\xbb\xa2\
\xb2\x1e\xacU\xb2\xf0\x16\x83\xd5#\x00\x89\xb1\xdd\xd0\x83\
\xed\x06m\x83>\xe3\xba{m\xc6\xd6k\xe1\xef:k\
\x14\xbe\xf6I\xa2<\xbf$\x22A\x12\xf5\xc4\xe4-\xfb\
\x98\xac\xa6p\xd3@S\xa6\x9c#g\x9b\xa6\xea\xa7\xca\
3\xe5\x06\xd3\x12\xd3\x06\x93]F\x80\x04X\x9a\xc1l\
\xb0\xf8`'g\xe5\xad\x82\x8f\xec08\x8c\xfef\x7f\
K4\x8a\x80\xc8\xab\xf0\x8a\x10+\xc5\xe8#\xe5\x08C\
\x841\xda\xd4\xc7\xdc\xc7\xa2\xd8\x06\x83\xb7\x1c\xc8%\xf2\
\x89\xc2M\xf2 \xc3 \xe3M\xa6\x14s\x8a%\xd1\x96\
\x8a\x5c\xd8\xc5\xb9\x88\x8bw\xb9-0M\x9f.\x8f6\
e\x9a3-.[>\xba\x05\xdf\xc2M$\xb9|.\
\xc8g\x22\xc8g\x92~\x12X\xe1D\xe3\x14\xf3\x14K\
\xae\xad\x0c\x97q\xe5r\x85\xb9\xc2Rh[(\xdde\
\xbe\xcb\xb2\x1a\xdd\xab_aXa\x5cmZm^m\
\xd9\xaco24\x19\xb7\x98\xb7Xv\x18v\x18\x9f0\
?a9`\xfb\xad\xedC\xdb5[)\xc8R0c\
m\x9a6\x02\xb3\xf5\x00nC\xf6\xc6\xbb7\xcc\xca\xca\
O\x0eU\x87j\x0e\xb7\xfc\x8d\x05[\xc6\xac\xcc\xe7\xb3\
;6\x92YZ\x5c\x9e\x0cy\xd6Y\x90\xa5\x1e=\xec\
\xf2\x97\xb4\xfd\xe0`.i\xd2\x1et\x9c\xec\x11$\x82\
\x11\x8f\xb5\xf2\xb4A\xdb\xfe\xe8\xb1\x06\xf7w\xbd\x98\x95\
\xb4%\xb5\xfdh\xa9:\x8d\xfa\xc4(n4\x97\xa9\x13\
\x0c\x92\xc5\xe0K\x02\xa4\xbe\x92b\x18DR\xa4D\x03\
\xe5W:\xe3\xd7Hi\x12\x99\x22\xdda(\xc4\x85\x5c\
\x19)\xe4\x0b\x85\xe9\xd2b\xc3\x12\xc3S\x86\x80^\xc5\
\xea9dfg\x16w\xa8c\x11w\xa8\xb3\x94/\xdc\
\xddqv\xc3n\x12I\xbfG\x8f\xd4\x83\xbc\x0f\xcc\xc7\
\x22\xd0<\xd7\x00?\x8b\xd3 F\xea\xfd\xad\xce \x83\
\xa0\x84\x12d\xd8\xa3G{\xf0\x8bz\xe7\x1e\xaf\xa7#\
\x8dzY\x88\xf0\xf6CA\xb2\xe0\xc59\x90\xe27R\
\xb6\x08\x91T\x11YA[\xfbr\xae;\x15\xd16\xba\
\xa6\xb8\xf7\x86v\x5ch\xa3\x93\x0a\xc8\x0b\xec)]\xbb\
`S\x12\xf1A\x08\xa5\xd3\x04\x9a\x99\xdc\x8c=_\x0a\
\x81\xabAC\xddU\x15\xb6\x87/\x88\xe6\xca\xbc\xcf\xf0\
\xef\xf7\xcc\xba\xff\xe6\x9b\x1b\xef\xdc\xf3\xfd\xf0Q\xf7\x15\
\xdcZY5\xb5\xe0\xbe\xe7\xd7m\xfc\xe0\x9bMu\x8d\
\xb5M\x97>\xd8\xd08\xf9\xbe\xef\x1e\xbe\xdf/\xe0\xfe\
\xad\xdf\xdd7\x99\xd2\xc6\xabAx\xbf\x18\x04sM\xfb\
\xb3\x18=\xcd\xbe\xc9\xa7\xfdF\x00\xfd\x029\xdd\x16\xb2\
\x7f\xaf\x18\xf4\x1d\x92\x90\xf6\x9b\x02\xdd\xbchp\x0d\x0a\
\x89\x0c\xf06Z\xa4\x00\x83\xd3\xcf\xc2\x0b\x0aA~{\
\x02\xd0\x9e\xf0\x17\x03,{lOG\x06\xfa\xf9;-\
\x18R0\x7fg\xb8\x9dG\xfe!\xce\x91`\xaa|d\
W\xfa\xc1k\xe2f\x95$^\xe3L\x12\xb0\xc6\xcd\x94\
\x1b\xf2F\xfb\xc6\xa8\xc6\x1f\x0fo\xdc\x0c\x19\x1c\x8f\xbb\
8\xe4M\x19\xd2\xcd\xa1\xbe\x80w\xc6\xda\x89S\xab\xaa\
\xa6N\x5c\x9b1\xe2\xfb\xc7g\xdd?|\xf8\xfd\xb3\x1e\
\xff~\xc4\xf3\x05\x8d\xdfm\xbd?\xc0\xef\xfe\x87\xbf\xbb\
\x7fR\xe3\x86\x0f.5\xd56\xd6m\xfa\xe6\x83\x8dl\
O5>)\x9c%\xfdQ\x10\x0awY\xb15\xc0\x88\
\xbc\xf8\xad\x01^[\x8d\xc1\xc8\x12l\xa5[\xeb\xac\xa7\
:N]\xb0\xbe\xa8I\x8a\x95=\xa3\xa3\xe8\xa7\xabp\
\xec\xe3M?\x80\xa1p\xb6\xe2\x99\xa2\xca\x07\x0c\x82\xce\
\xf2\xd0\xed\x93\xf7M\xa7w\x1bdA2?t{\xc1\
\x1e\xd2\xff`\xce\xa8\xa1<G\x84\xe1\xe3'\x1c\xccI\
\x1f\xc6.\xb3 \xc7\xecxO0_\x8b\x15\xce\xb0:\
\xceN\x97\x89G\xbf\x119\x09\x97 \xa1\x84\x97`t\
V\xbf\xa7\xdf\xc2\xa1\x15|\xb3\x96\x8d\xdc`\x99\x1bk\
/Y&\xe2\xa3\xb5`5~\x89\xb6\xf4\xb4\xb0A\x0b\
\xbf\x1bv\x07\xd8\xbe\xf97\xe8\xe4\xb2Q\xa3*\x14\x0a\
\xc5j\x5c\xcdU\x0b\xd5\x22\xfd\xc2}\xb23\x9c\xee\xd1\
VoooW\xe7\xb7\xb7\x0bg\xda\xdb\xdbY\xbe\xfc\
\x9e\x90AbE+\xa3\xe5\x01\xbaZ\xff\x1b\x1e\x9d\xe8\
\x22\xe6\x5c\x87\xa6vnbd\xf7\x97\x8enHLW\
Ze\xfeI\x8a,?J\xd1\x0d0\xefB\x9cs#\
.Z\xdfz\xeb-\xb6\x96\x84\xb8I\xf2_O\xae\xf8\
\xe4\x0e\xcb\xb0\xbf\xa2\x10\xcd\x14~3\xe2\xbd\x83\x9e\xf3\
\xb7\xefv\xec7\xd5\xe8'\xc2\xad\xd4\xf5KA\xd0O\
7[\x0dB\xc8\xf4\xf1\xb7\xef^\xb9\xc5T\xe3\xfe5\
\xa2\xee\x7fw\xf2'P\x99p\x16\x1d\x14\xech?\xff\
)\x9a\xc3\x7f\x8e\x16\x02\x80\x12\xbe\x15'\x8bY\xa8V\
\x98\x8f\xac\x82\x8c\x8erk\xc0\x9bBd \xfb\xd1\xab\
\xe2!\xb4M\xf0A{u[\xd0\x1c\xf1f\xb4\x94K\
F\xaf\x92\x10t\x00\x8e\x1d<B7\xc3\xfb3\xd0~\
\x1b\xf7\x09*\x81\xf3Y\x0e\xb0\x84\xf6\x0dp|\x04G\
3\x1c[\xe1(\x81\x83\xc2i\x84c7\x1ck\xe0X\
\x0am/\xc1\xb1\x8d\xc2\xf0\x1c\xfc\x08\xb4\x01pj`\
\xb8,Bo\x0a\xcd\xa8V\x8c\x85\xb3\x19\xbd\xc9oA\
o\x8a\xc9p\xcf\xa37\xb9\xdb\xe8q\xadY\x18\x01\xcf\
\xeb\xe1\xf9\xe7\xd0\xa6\x03\xce@\x07\x7fR;\x0b\x8d\xf0\
\xcc\x81\x1a\xf8O\xae]at\x03L\xdd\x97h\x94\xb0\
\x10\xdd\x0c\xcf:\xe0|\x1b\xa5\x85\xe2\x0c\xe7\xd7\xd9\xf8\
\xe8\xda\x05\xa0k/\xe5\x0d\xf4=\xca\x97\xa19p\x9e\
\xc3_@s\xb8wP\x02\xbd\x06\xfe\x1d\xe5R\xd0K\
\x5c\xca\xb5\xb3\xfc\xa3\xda\xb5\xae\x1d\x1d\xa5\xcf)_i\
?\xda\x8e\x8c\x85\xfb\xbe\xa8\x8a\x84\xa3\xc1\x8c\xe7\xc7\x81\
_kP\x01\x9c\x87\xd2k>\x19M\x16|0\xe2\x0e\
b\x9e\x9e\xe9\xf8\x08u\xbc\x07\xe3\xbf\x07\xf2\x0aC\xc3\
a.1\x0b\xadB\xdb\xd0\xf3\xe8]t\x11/\x83\xcf\
!\xfc'\xae\x00\xc2[3\xff\x16\x7fY\x88\x13&\x0b\
\xbb\x84\xdf\x09\x17DN\xf4\x16\x87\x89\xbf\x12\x0f\xeb\x06\
\xe9\xf6J\x92T.\x9d\xd2\xfb\xeb\xef\xd1_\x94\xcd\xf2\
 \xb9F\xde(\xff\xce0\xcc\xd0a\x5c`\xfc\xbd)\
\xd8t\xbb\xe9~S\xab\xd9h\x1eb\xbe\xdd\xdcl\xe9\
c\xc9\xb2\xbce\x0d\xb6\x96Xw\xd8d\xdbF\xbb\xd5\
>\xc6~\xaf\xfd\x8a\xd7\xfb\x8e>\x8e\xb5\x8e\x0b\xce@\
g\x9as\x96\xf3~\xe7\x0e\xe7\xdb\xde\xd3\xbd\xf7{_\
\xf1\xc9\xf09\xe0\xd3\xe1[\xe8\xbb\xd5\xb7\xcd\x8f\xf3[\
\xe0\xf7\xa0\xdf\x15\xffA\xfe\xab\xfc\xdf\x0f\x88\x09(\x0c\
\xb4\x06f\x07\xae\x0b\x0a\x0b\x1e\x10\xfc\xb7\x90sJ\x9a\
r@y#tx\xe8\x92\xd0\xcf\xc2\xd2\x98V\xdeI\
\xf2Q_T\x8e\x8cl\xe7\xfdf\xaa\xc5\xbc\x93\xf3\x86\
3\xfd-&\x7f\x98\xf0zt\xf7A\x9c\xe4\xbe\xc6\x90\
+\x7f\xe2\xbe\xe6 \x98\x7f\xef\xbe\x86\x88\x08=\xb5k\
\x1e\xae\x87\xb8\xaf\x05d\xe4\x0a\xdd\xd7\x22\x92\xb9\xe5\xee\
k\x09\xd9@\xde\xda\xb5\x01\x05\x11\xe4\xbe6\xd9\x1f\x8e\
\x99\xea\xbe6\xa3\x01C\xa7\xbb\xaf!\x86\x0c}\xca}\
mC\xfc\xd0WaD\xcc\xeb\xa1[\x22\x1b\x9d^c\
\xe4\x8d\xdb\xdd\xd7\x1c\x92\xf07\xeek\x02\xcfU\xf75\
\x8f\xbc\xb90\xf7\xb5\x80|\xb9\x0c\xf7\xb5\x88\x1c\xdcl\
\xf7\xb5\x84\xc2\xb8\xfb\xdd\xd7\x064\x84ks_\x9b\x22\
\x87\x90`\xf7\xb5\x19\x95\x0f\xf9\xce}mE\xdeC7\
\xb9\xafmH\x1az\x0c\x8dDU\xa8\x1a\xcdG5\xa8\
\x82\xfd\x02W\x1dRP\x0c*F\xb1pNB\x89\xf0\
I\x86\xab\xe9\xd0BAi\xd0\xa6\x0e\xd5\xc2Q\x83J\
Q\x11\x9a\x8d\xe2\xe0i&\xaa\x84\xf6\xf1p\x95\x0a\xba\
7\x0b\xcey]\xb0j\xd9])\x9cK\xa1\xcf\x5c\xf8\
[\x02-\xe5\x9f1\xea\xa0\xaeQ\xf3a\xa4\xb90\x16\
\xfdU\xa9JhM\xf1(\x82>\xff\xd8\x88\xa3\xe0j\
&\xf4+@\xf5\xd0\xa2\x18\xda\x161h\xa5\xacG\x11\
\xa3H\x01(\x95\xf0\xb7\x1a\xdaL\x07\xb8\x15\xd0N\x81\
\xfeU0z\x11{\x07\xa9\xfe\xc8\xaa\xea\xf95\x153\
\xca\xeb\x94\x98\xe2X%)11Y\x99>_I\xab\
\xa8\xab\xad\xab)-\x9a\x1d\xa7dV\x16\xc7+\xa9\xb3\
f)y\xb4U\xad\x92WZ[Z3\xb7\xb4$^\
\xfeA\xd7A\xb4k~\xd1\xdc\xd93\xab*g(i\
E\xe5?\xd2qT\xe9\xcc\xa2\x82z\xa5\xb8\xbc\xa8r\
Fi\xadRTS\xaaTT*\xd5\xf5\xd3gU\x14\
+%U\xb3\x8b**\x01\xb3\xde$N`\x04\xd6\xc2\
c\xad\xf3\x84\xa2J\xb8I\x03b\xaa\xd0\x9dpQU\
u\xe7\xcf\xeb\xf2s\xda\x140n\xd7\x02\x8f\xaa\x18\x07\
\x93\x80\xe7\xf4w\xe3PAiMmEU\xa5\x92\x14\
\x9f<\xa07\xa8\xeb\x00\xddh\xac2\x06M\x93i\x9d\
[\xe3<\xe3\x96UU\x02\x8b\xea\x80\xe3\x88\xc9\xbd\x0e\
\xa46\x04%\xc0\xa7\xc4\x0dc.\xc0\x88\x87\xbeUp\
\xae\x01I\x962x5L\xe6\xf1\x00\xb7\x14\xfa\xa0\xf2\
\xba\xba\xea!\x09\x09%\x00tn}|mU}M\
qiYU\xcd\x8c\xd2\xf8\xcaRx\x9d\xd1\x03\x03\x8f\
\x8ex\xf4\xf4\x87\xd6@\xdfQ\xbd+e\xba[\x0a\x1a\
T\x85\xe6A[\xaa\xa9\xff\x1a\xfd\xa3\x90F\xc3\x9b\xf9\
\xd0\xa6\x9c\xf5\xac\x80w\xd5\x8c\xae:\xa6\xeb\x94k5\
\xac\x07\xb5\x0e\x0au\xeeu\x9c\xbc\x9e\x8en\xfb\xaa\xef\
e_?F\x0d\xddgv#\xda5\x1d(\x82\xab\x9e\
\x5c\xfb\xa1\xa5\xcb\xa8\xdf?\xf1\x91\x7f\x96\xf7\xf8\xd7\xfb\
\xac\x1b\xcb\xbb\x9b\xe6\x0ax#\xb3\xab:\xf6\x84j\xe1\
l\xc6\xeb;\xe1Y\x15H\xe0\xef\xe1B)\xcbe\xf0\
f3h\xdd\xd6T\xc1p*g\xefJ\xddt\xcd`\
\xa3T\xba\xa5\x1e\xe7\x96\xbb&-m4M\xc74}\
\x8fcxU1\xe9W\xb2\xfe\xd5n\x8b\xd5F\xa8\x02\
\xa8un\x1d\xabpkA\x11\x83\xa1qZv\xc3\xac\
cX\x5c\xafO\xc5\xac\x1d\xd5C\x0d\xba\x07\x02m\xad\
\xe1\xae\xe9r)3xM\xf7\xc2zhI\x18\x93\x1c\
\xed[\xc2\xce\xb5\x0c\xafb\xe8S\xe4\xa6OfVP\
\x0c\x1a:\x9bA\xa9co<\xfc)\x83\xabYnK\
\x8a\xe9\xc2\xb1{\x04\xea\xb5(\xfeu\xa0\xbf\x9a\xf6\xd3\
\x11\xbbyB\x9fT3\xab)\x81\x11\x8aYo\x0f6\
%\x8c\x82:\xa6k\xd3\xe1m\x1d{\xab\x8d!\xff\xc4\
\x08qnk.\x06\xcc\xea\x19\x14\x8d'\xf3\x98\x0e\x94\
3\xafT\xe7\xe6\xccl\xf6\xac'E\x1e\x1ajzi\
\xa5\x86m=\xe3a\x5c\x0f\xe9\xd0\xeb\xd9L\x9e\x9a\xac\
\xe5\x1e\x1e\xa4\x16z\xc7\xfd\x08\x1dq]t&0\x0f\
\xa20\xc8\x9a=h\xb0+\xdc\x5c\xed-\xfd\x9f\xa6\xda\
\xc39\x0d\xdb\xea.\x8d\xaecxuk]7E\xf3\
\x18?f\xff\xac\x11<\xd6P\xc6\xbcz\xa5\x9b\xc2\xd2\
\x1e#\x96\xb0\xbft\x8c8v\xa6\x9c\x98\x09-\x8a\x19\
<\xad\x8dG~T\x8fg\xb9=\x9bGB\xc5l\xec\
\x12\x86q\x85\x1b\xd3!\xcc:\xf3\xdd\xd8\xd1_-\xad\
b\x9e\xa1[\x06=}Q7\x07~\xe8\x09*\xa1}\
\x9d\xdb\x1aj{\xb5\xf5\xd8J7\xc7z\xfa\x80\x9e\xfd\
\x14Fs\x11\xc3\x5cf\xbe\xb9\xb7\xaei\xdc\xd0bI\
\xd1O\xc8\xb3\x8aEA\xc5-\xfb\xd9\xec\xdc\xed?~\
\x8e,\xeaX$\xa2\x91\xb5\xc8MQ|/N\xfdT\
_\xca\x93\xf9\xee\xd8\xa2\x8dNy^\xc6p,qk\
\xd2,\xa6\xa75]O4L)OKz\xc8\xbc\xa7\
\xd6y\x22h\x11\x8b\x88\x15\xccg\xccbwr\x17E\
%\x0cS*\xaf\xca\x1e\xdc\x98\xd1+\xaej#y|\
h\x11\xd3\x1eMw=c\x5c\xcf\x9f\xda\xbfK\x93\x07\
K\xd9MA\xb7\x86\x151\x19\xfd|\x0cz\x8fs=\
?n\x84[\x9c[\xde\xb3X\xbf\x8a\x1f\xf1\xe6r\x97\
tj\x98\x9f-b~\xa5\x1b\xae\xe7Im\x97Fz\
\xec\xe5\xfa\xe8Q\xea\xf6s\xa5\x8c\x0a\xcfH\xf3\x18U\
%\xac\x7f\xd8\x0d\xe2aX\x17\xdd\xd7\xf7\x90\xe1\x9d'\
\xda\x86\xf5\xd02\xcdf\xb2\xae\x8b/\xd3\x99\xbdW\xf5\
\xc0\xb5\xdem\x07\x1e=\x99\x0bo+n\xc0\xb1Rt\
\x17\xe3s\xa5\xdb\x92\xab\xe1\xa3E\xaf\x22\xe6QK\xbb\
z\xf4\x94\xbb\x86\xb3\xe7\x89|CK)g\x1e^a\
\xe7Z7\x8e\xa5L\x93~LO<\xbe\xeeF\xbe\xbb\
\x84E\x82J&\xf7\x9e\xfc\xba\x11W\xe5\x1e\x9c\xeb)\
\xc3_j\xab\xb5\xcckzbu\xb7\xb5y,\x89f\
\x0e\xb3\xbar\x8f\x1aw\x8f\xde\x10\xab\x99F\xdf\x09\x7f\
g\xb8%\xa6\xc5C\xaaUr\x97W\xfdwz\xaa\x1f\
\xa7j\xba\xdbF\xea\xdc\xf1\xb0\xac\x8bScP:\x1b\
'\x07e\xc3\x1d\x1d'\x07\xee\xf2\xd1$\xc8#\xf3\xd8\
\xbbLx\xa6@\x1e\x97\x07o\x0a\xe0\x8e\xfe6\xf6(\
&\x97T\xf6\x86\xbe\x0fc\xd68\x09\xae)\xc4\x1c4\
\x91\xc1\xd2`\xe4\xc1_\x0a{\x0a<\xa1\xb0\x15vO\
\xef\xc6A\xfbl\x80E\xfb\xa6\xa3\xc9l\x8ct\x806\
\x010\xcb\x81k\x0a{<<\xcd\x82s\xba\xbb\x1d\xed\
1\x12\x9eL\x84{z=\x1a\xd1,T\x1b\x8f\xfeB\
w>\xb3\x1d\xda\x8f\xe2\xa2a\x9a\x0f\xcf\xbbG\xed\x8d\
U&\x1b\xd1\x83\xd9x\xb8\xcb\x03\xf8c\xdco\xe9\xaf\
\x81g2x\x14\xff8\x96\x1f\xd1\xebl7\x9e\x1a\xe7\
\xf2\x18t\xca#\x0a\x99\xc2\x1c\x09\x18e\xb1;\xfat\
\x22\x9cs\xa1\xdd\x04\xc6\xcfTF\xb3\x86m6\xa3!\
\x03\xdek\xb4\xa43\x0c4Ih\x18\x8dd\xbf:>\
\x85\xb5\xa0\xbfG\x9e\xcf\xb8@G\xcaw\xb7\x8ccr\
\xa4\xf4\x8cb\xfd\xe9\xa8\xe3X+\x0d\xb3\x1c\xb7\x94\xe9\
u7\x94x7/5<(\xff\x0b\xbaF\x9e\xc0\xe8\
\xcf\x82\x8f\xc2\xe8\xcfg\xbfxNe\x93\x0a\xf0=p\
=\xba3\x9aA\xa0x\xcb\x8c\x1b\x13\x19}\xa9\x8c\x0f\
9l\x844\xd6\x8er\x91\xf23\xabK\xe3\xf2zH\
e$\xe3\x17\x95\x1b\xc5|\x14\x1b)\x95qd\xc2\x0d\
)\xf1@\xeb)\x9d\x1bi\x87\xdc5\xc2hF_:\
\xe3T\x16k=\x01\xf8\x98\x0e\xed3\xbb\x9eh\xfa\x98\
\xc9h\x1d\xe9\xe6\xb5\x06S\xd3{M'\xb2zpw\
$\xa3\x91J\xf6\x16\x185\xdd\xadS\xa9\x8cw\xbd\xa9\
\xa0r\x9a\xc4\xf0\xef\xa6B\x93@\xaa\xfb\xef\xc8\x1e<\
\xeb\x96~\xb6[\xba\x1e|\xf2\xd9\xc8\xf97\xe0\xca$\
f\x8b\xe9\xacU*\x93\xf5\x84.\x1b\xc9`\xf6;\xde\
\x8d\xf9\xc4.\x0d\xeb\xf6\x01\x13\xdd\xfa\x99\xd3\x85Yo\
\xfez\xec\xc8\xd3\xee\xe7\xf8\x0e\x0d\x96g\xec\xde\x12\x1c\
\xc5\xf4)\xcb\x8d\xe1\x84.nh-\xe4\x9f\x80\xab\xf9\
\xaet\x88k\xc5l\x9eS\xd7\xe5\xb7{G\xee\x9eY\
cw6\xda3\xef\x8c\xeb\xe1k{f\x02\x9a\x17\x1e\
\xcd\xda\xce\xbe\xae]\xf7Sm\xb6\xa4\xc5\xac\xee\xb9N\
\xcf\xdc\xedF3l\xcf\xecX\xcb\xe5=Yow\xf6\
\xa1\xf9nmN\xd43\xeb-a\xf9\xb9\x96\x03\xd6v\
e%U,\x0f\xac\xea\xcaL\xe6\xb1\xb7\xdd1\xbd\xda\
];\xa9\xea5\xcf\xa3#\x17\xb1\xd8\x1f\xd75\x96'\
\x16u\xc3\xd2\xf2\xca\x22\x96-\xd0\xd1jo\xc0\xcd\x1f\
\x8fP\xf2\x0ff\x86\xd5,\xdek\xa3\xccc\xd7u\xee\
\xcc\x84\xd2W\xefnK\x9f/\xb8n6\xec\xa9\xff\xfc\
P\x06\xca\x0de\xe0\xa1\xe5F\x99CO\xfe\xd70y\
W\xbb\xe7R\x15\x8c\xc34\x9f\x8cw\xc3\xadA\x9ey\
Y7O(\x07\xb4\xba\xdb\xec\xeb\xa4\xde\xad}\x14\xda\
\x10t}U\x81\xf2`F\x0f\xccK\x18\xafe\xa4\xd5\
\xf0\xe8\x982\xf3W\x9e\x1a\xd7\xff}\xd5\xe9_]\xb3\
\xfeo\xaa\x07\xc9\xbd\xeaA\xd7g^\xff\xbez\x90|\
\xc3z\x90\xf2\x1f\xae\x07\xc9?\xab\x1e\xd4;\x93/\xee\
\x81Sw\xad\xc3\xd3\xf2\xe7UPoTa\x91\xff\xcf\
\xeaJ\xca\x0f\xeaJ\xf2\xff_W\xeaQW\xea\xae0\
\xfc\x7f\xb3\xae$\xf7\x8a\xb0\xffwu%\xf9\x06\xb3\xb5\
\xff\x86\xba\x92|\xc3\xbaR7E\xff\x99\xba\x92\xfc\x13\
\xf5\x82\xffL]IF\xffh]\xa9{\xd5\xe9_Y\
W\xea\xb6\xb7\xdeu\xa5\x1f\x8b\xbe?^]\xd2\xe6\xe7\
Z&\xf1\xdfV]\x92Q\xef\xea\xd2\x8d\xab\x1b\xff\x99\
\xea\x92\xfc\x13\xdcUzp\xf0\xbf\xbb\xca$3\x1d\xfb\
a6\xf3\x9f\xaf2\xc9\xff\xc5U&\xf9\xba*S\xf7\
\x5c\xf7?Ye\x92\xffn\x95I\xf9\x8fU\x99\xe4\x7f\
\xa0\xca\xa4\xfc\xdb\xaaL2\xe3A\x01@\x1d\xcb\xb0\xd5\
\xb8\x9d\x0a\xef\xffs\xb5#\xf9\x862\xff\xbf\xaa\x1d\xc9\
?\xa8\x1d)\xffg\xb5#\xf9GkG\xdd5\xa0\x7f\
\x7f\xedH\xfe\x07jG?\x05\xf7\xdf[;\xf2x\xd6\
\x1f\x8f(?\xac\xf8\xc8\xbf\xa0\xe2\xd3\xb3J\xf3\xaf\xac\
\xf8\xc8\xffT\xc5\xe7\x87s\xb6_V\xf1\x91{T|\
~\xaa\xee\xf0\xaf\xa8\xd0\xd4\xfd\x00\xbe\x0buW\x1ad\
6\x0e\xbd\x8bG(\x83m\xd0\xa2[\xd5\xe8f\xb7\xae\
\xfdqJLmi\xa92\xbdtV\xd5\xbc\xd8x\xe5\
gll\x8bWF\xcf\x9a_]^\xabT\xcc\xae\xae\
\xaa\xa9+-Q\xcaj\xaaf+\xa95\xa5s\xdd\x9b\
\xc0<c\xb0\x8dt\xf5\xdaF\xba\x9e\xc3\xc8r\xf7\xe8\
\x05\xa55E\x8a\x86Z\xd7n<\xb9\xdfO\xfe\x93\x7f\
\xb8o\xefgo\xf9S\xae\x1b\xb9\xa2V.R\xeaj\
\x8aJJg\x17\xd5\xdc\xa9T\x95]\x0fE\x96sK\
kfW\xd4\xb2Ms\x15\xb5JyiM)\x8c5\
\xa3\xa6\xa8\x12H\x8f\x03\xda\x81,\xe8\x06\x1c\xab\x99Q\
\x1a\xa7\xd4U)E\x95\xf3\x95\xea\xd2\x9aZ\xe8P5\
\xbd\x0e8V\x01,(R\x8a\x01i\x19Z\xd6\x95\x97\
z\xf8T\x5c\x5c5\xbb\x1a\x9a\xd3\x06u\xe5\x00\x1d\xb8\
\x5cZY\x0b\xdc\x0bc,\x09\x8b\x05`%JQm\
mUqE\x11\x8c'\x97T\x15\xd7\xcf.\xad\xac+\
\xaa\xa3\xf8\x94U\xcc\x02!\xc5P\x88\xac\x832\xa1\xaa\
\xacn\x1e\xb0?,\x96aRSZ]SUR_\
\x5c\xca\xc0\x94T\x00a\x15\xd3\xeb\xebJ)\x0er\xaf\
\x0eq \xe6\xe2Y\xf5%\x14\x93y\x15u\xe5U\xf5\
u\x80\xcc\xec\x0a\xf7@t\x84\x1a\x8d\x95\x00\xb6\xbe\x16\
\xdaSr\xe2\x94\xd9\xa5\x94j\x99)Hmy\x5c\x8f\
1\xe2\xe8\x98\x09U5Jm)\xc8\x01ZW\x00\xaa\
n\xf2\xaf\x1b\x9a\x22\x07`\xab)\xa3\xebd\x8dul\
\xa0y\xe5\xa0X?\xe8@\xc5PV_S\x09\x03\x96\
\xb2\x8e%UJmU\x9cR[?}fiq\x1d\
}B\xe9+\xab\x9a\x05\xcaF\x09*\xae\xaa,\xa9\xa0\
t\xd4\x0e\x91\xe5|\x00W4\xbdjn)\xa3@\xd3\
\x22\x86@\x97\x12TV\xd5\x81\x18j\xb5\xa7T*\xd5\
\xdd\x1a\xa0\xbdSj\xcb\x8bf\xcd\x92\xa7\x97\xba\xb9\x06\
h\x80\x95\x14\xf5\xa2\xb3\xaa\x12\xf4\xa2F\x99]US\
zC\xb2\x95\xba\xf9\xd5\xa5eE0P\xbc\x86T\xef\
\xb7\xb3\x8b\xe6\x83\xb5@\xf7\x92\x8a\xb2\x0a\xaahE\xb3\
\xea@\xf5\xe0\x02\x80\x16\x95\x940\xca5\xd6Q\x03-\
\xaa\x01\xbc\xeag\x15\xd5\xc8t\xa0\x92\xd2\xda\x8a\x19\x95\
\x0c\x8d\x19\x9a\xadB'\xaa\xa1E\xc5\x00\xa4\x96\xf6\xf0\
\xe0S{\xfdH\x14\xa4\x0c\x030\x86\x15\xcd\xba1\x00\
w\x1f\x0f\x1e\xdd\xd0\x00\xbd\xcaY\xf3\x95\x8a\x1ej.\
SrjJ\xe9\xff\xe6\x99\xb5\xa5\x17\xb5\x94\x91T.\
\x1e\xf3(\x05\x9d+\xada\x9d\xe6U\xd5\x94\xd4*a\
]v\x18F\xc7\xf6\xbc\x90\xc3\xa8\xd9\x861\x96\x81d\
\xb2\xdc\xf62\xbd\x14,\x89B\xad\x07\x19P\x9e\xcc\xad\
\xaa\xe8B\xac\xf4\xae:\xb0\x18\xa5\xa8\xba\x1a\xcc\xabh\
\xfa\xacR\xfaB\xa3\x1d \xd3\x0b\xb9[(\xe5Eu\
JyQ-@,\xad\xec\xc5\x13\xaau\xdd\xda]\xa2\
\xd4W\x96\xb8\x11\xeeFUf\xc8i\x14\xfe\x94Tk\
\xabfQ\xabfb\xa3B*RfQ\xef\x01\xb6\xe2\
iX]T|g\xd1\x0c \x0c\xec\xb0\xb2J\xa6\xaa\
\xfa\x8f)U\xaf\xa1\xc0a\x01\x8a\xa5\xb3\xca(Rc\
\xd2\x95\x8c\x9c\xec|eBNF\xfe\xa4\xd4\xbct%\
s\x82\x92\x9b\x97S\x909*}\x94\x12\x96:\x01\xee\
\xc3\xe2\x94I\x99\xf9cr&\xe6+\xd0\x22/5;\
\x7f\x8a\x92\x93\xa1\xa4fOQ\xc6ef\x8f\x8aS\xd2\
'\xe7\xe6\xa5O\x98 \xe7\xe4)\x99\xe3s\xb32\xd3\
\xe1Yf\xf6\xc8\xac\x89\xa32\xb3G+i\xd0/;\
'_\xc9\xca\x1c\x9f\x99\x0f@\xf3sXW7\xa8\xcc\
\xf4\x09\x14\xd8\xf8\xf4\xbc\x91c\xe065-3+3\
\x7fJ\x9c\x9c\x91\x99\x9f\x0d0\x01\xb9<%U\xc9M\
\xcd\xcb\xcf\x1c91+5O\xc9\x9d\x98\x97\x9b3!\
\x1d`\x8c\x02\xb0\xd9\x99\xd9\x19y0J\xfa\xf8t \
\x02\x00\x8d\xcc\xc9\x9d\x92\x979zL~\x1ct\xca\x87\
\x87qr~^\xea\xa8\xf4\xf1\xa9y\xe3\xe2\x14\x00\x96\
\x03$\xe7)\xacI<`\x090\x94\xf4\x02\xday\xc2\
\x98\xd4\xac,%-3\x7fB~^z\xeax\xda\x96\
rgtv\xce\xf8t9#gb\xf6\xa8\xd4\xfc\xcc\
\x9cl%-\x1dHIM\xcbJ\xd7p\x03RFf\
\xa5f\x8e\x8fSF\xa5\x8eO\x1dM\xc9\xf1\x0cB\x9b\
i\xe4t\xb3C\xa6\x1dF\xa7g\xa7\xe7\xa5f\xc5)\
\x13r\xd3Gf\xd2\x0b\xe0cf^\xfa\xc8|\xd6\x12\
x\x0f\x9c\xc8b\xe8\x8e\xcc\xc9\x9e\x90~\xcbDx\x00\
\xed<C\xc4\xc9\x93\xc6\xa4\xb3!\x80\x80T\xf8o$\
\xc3\x8c\x91\x9f\x0d\xe4R8\xf99y\xf9]\xa8L\xca\
\x9c\x90\x1e\xa7\xa4\xe6eN\xa0\x12\xc9\xc8\xcb\x01t\xa9\
<s2\x98\x06L\x04~R\xe1e\xbb\xf1\xa52\xa2\
\xcf~\xa8\x1d\xd0\x8a\xf6v\x138*=5\x0b\x00N\
\xa0h\xc0\x03\xb9W[\xd0\xae\xf4\xbb\x8aK\xab\xeb\xa8\
n\xbb\x8d[s\x8d\xcc\x8dj\xbe3\x8ei\xad\xe6\x04\
@\x85GW\x82\xe1j\xcf\xd8%\x84%\xb0,\x16u\
4\xef\xd6\x1d\xb0i8\x8e\xd3\x5c/s\x1f\xa0\xdd\x10\
\x894\xd7[2\xb7\x14<`-u%U5r\x15\
u&\xf3*j\x99\xa5C\x08\x9c]\xa5\xc5<\xa5\xb6\
h\x16\x0c\x06\xbd\xa8\x15\xb1V\xe0+\x8bfA\xb7\xda\
.4{\x19\x94\xec\x09\x86\xd55\x15\xd0e^ME\
\x1d8\x13\xa5\xa8\x1e\x9e\xd6T,p\x87\xe1\x1aw\x98\
b\x14(\xdd\x14\xd0Q\xba\x9d\x83\x86\x7fMim5\
D\xa9\x8a\xb9\xa5\xb3\xe6\xc7C\xdb\x1a\x1a\xcb\x18&\x15\
\x95eU5\xb3\xdd\xa43\xf6\x15\xd7\x0d\xf1\xa4\x0au\
\xca\x0c\x06\xbc\xa4\xaaN\xae\xaa\x99\x11\xaf\xc82\xcb\xb8\
\xfe\xe9\xd4\xe9\xe7~\xe5\xe1_\x93\x07\xc9Z\x1e\xa4\xfc\
\x92<H\xee\xce\x83\x94_\x98\x07\xc9?\xcc\x83\xdcN\
\xbe\x98A\xaa\xf5\xc4\x8c\x1b$\xa8\xdd\x09\x8b\xfc\xcf\xe4\
J\x8a'W\x92\xff;r%Y\x93\xc3\xbf-W\x92\
5\x83\xfd\xa7r%\xf9_\x98+\xc9\xdd\xb9\x92\xf2\x0b\
s%\xb9W^\xf0\x0br%\xf9\xc7r%\xe5\xe7\xe7\
Jr\x8f\x5c\xa9\xa7\xf9\xf6J\x97 \x9e\x83\x93\xf8W\
\xa5K\xb2;]R\xfe\xa9tI\xee\x85.\x9b7\xfe\
\xabS&\xb9\xb2J\xf9\xa7S&\xf9_\x9a2\xc9\xee\
\x94I\xf9\xe5)\x93|}\xca\xa4\xfc\x92\x94I\xbea\
\xca\xa4\xfc#)\x93\x9c\x9fZ0~l\x0eE;u\
\xcc/\xca\x8e\xe4n\xca\xff\x99\xecH\xf6dG\xca?\
\x93\x1d\xc9=\xb3#\xe5\x17eG\xf2\x0d\xb3#\xe5\x9f\
\xc9\x8e\xa8\xb2\xf62\x94\xae\xc4G\xfe\xd1\xc4G\xf9\x07\
\x12\x1f\xf9\xa7\x13\x1f\xe5g$>2K|z\xe7\x0e\
\x7f?\xa1\xa9\xf3\xb4w\xb1\xa4A\x8e\x87S\xfc?\xf3\
\x9d\xc1\x04V\xb7\xbb\x13\x8e\x04V;+a\xabz\xf1\
l}\xb5\x1a\x9e\xf5^-\xfc\xe9o\x18&\xcc\xab\xb8\
\xb3\x22\xa1\x02\x9c\xd5]\xf1\xd5\xe5\xd5\x09n\x8f\xf9\x8b\
\xbe\xcbI\xb4/@_\xfb\x15\x9a\x8an\xf0\xaf\x95[\
\xe2\xbavU%W\x1c\xe4\xfbH\xf2]\x12\xf9\xb6\x99\
\xfc\xcdL\xfe\xaa\x92\xcb*\xf9\xdfH\xf2\x173\xf9s\
3\xb9\x14I\xbe\xb97U\xf8F%\x17\x9b\xc9\xd7\xcd\
\xe4\xc2\x15\xf2\xd5\x15\xf2'\x95|9\x84|\x91F>\
W\xc9gI\xe4\xd3\xf3\x13\x84O\x9b\xc9yhx~\
\x02\xf9\xe4\xe3\x04\xe1\x93+\xe4\xe3\x04\xf2\x91J\xfe\xa8\
\x92\x0f\x93\xc8\xff8\xc8\x07\xcd\xe4\x9cJ\xce\xda\xc9\x1f\
\x16\x913\xc7\xc8\xfb*y\x17\x9a\xbf\xbb\x88\x9c>5\
Z8\xbd\x88\x9c\x1aMN\xfe>@8\xa9\x92\xdf\x07\
\x90wT\xf2;\x95\xfcV%\xbfQ\xc9\x89f\xf2v\
{\xb0\xf0\xb6J\xda\x83\xc9[I\xe4M\x95\xbc\xb6\xc2\
&\xbc\x16H^\xf5&m*yE%/\xab\xe4%\
\x95\xbc\xa8\x92\x17T\xf2\xbcJ\x9eS\xc9q\x95\x1cS\
\xc9Q\x1b9\xb22R8\xa2\x92\xd6g\x8f\x09\xad*\
y\xf6\xf04\xe1\xd9c\xe4\xd9%\xfc\xe1_G\x0a\x87\
\xa7\xb9\xae\x91\xc3.\xfe\xd7\x91\xe4\x90J\x9ei&\x07\
U\xf2\xb4J\x0e\xa8\xe4)\x95\xec/!O\x9a\xc9\xbe\
'\x22\x85}%\xe4\x89\xbdv\xe1\x89H\xb2\xd7N\xf6\
\x00\xd2{\xae\x90\xdd*y\x5c%\xbbT\xb2\xd3Nv\
\xa8\xe4\xb1G\xcd\xc2cI\xe4Q3y\xa4\x84\xb4@\
\x93\x96f\xb2]%\xdb\x1e6\x0a\xdbT\xf2\xb0\x91l\
}\xc8O\xd8ZB\x1e\xdab\x15\x1e\xf2#[\xacd\
\xb3L\x1eT\xc9\xa6f\x93\xb0I%\xcd&\xd2\x04\x9d\
\x9a\x9a\xc9\xc6\x0dfac\x0c\xd9`&\x0f\x5c!\xeb\
\xd7\x1d\x13\xd6\xabd]\xe34a\xdd1\xb2n\x09\xdf\
x\x7f\xa4\xd08\x8d4\xba\xf8\xfb#\xc9}*Y\xbb\
&^X\xab\x925\xf1\xe4^ \xf3\xdeT\xb2z\x95\
AX\xed \xab\x0c\xa4\x01\x1e4\x94\x90\x95\xc0\xa9\x95\
\x91d\x85\x8d\xdc\xa3\x92\xe5\xcbl\xc2r\x95,\xb3\x91\
\xa5*Y\xa2\x92\xc5*q]\xfb\xd5\xa2E\xc2\xafT\
\xb2h\x11\xb9\xbb\x84,\xccw\x0a\x0b#\xc9\x02\x95\xcc\
W\xc9]f2\xcfH\xe6\xca\xa4^%uWH\xed\
\x15Rs\x85\xcc\xb9B\xaaUR\xa5\x92J\x95\xcc\x0a\
%w\xaad\xa6-M\x989\x81T\xa8\xa4|\x11\x99\
\x017e*)UI\x89J\x8aU2]%EC\
H\xe1\x15r\xbb\x91LS\xc9\xad*\x99\xaa\x92)\x93\
ea\xca\x152Y&\x93\xbc\xfd\x84II\xa4@%\
\x13a\xe4\x89i$\xdfI&`\xab0\xc1\x97\xe49\
\xc8-c\xbd\x84[T\x92k 9*\xc9\x1eo\x15\
\xb2U2\xdeJ\xb2T2\x0e\xde\x8cS\xc9\xd8L\xab\
0\xd6\x8bd\x06\x99\x84L+\x19c\x22\xa3U\x92\xd1\
L\xd2\x9b\xc9(\x95\x8c\xe4\xfa\x09#\xaf\x90\xb4c$\
u\x1cq\xa9d\x84J\x86\xdfl\x17\x86;\xc8\xcd\xc3\
,\xc2\xcdv2l\xa8I\x18\xe6\xbaf!CMd\
\x88JRTr\xd3`\x87p\xd3\x152x\x90U\x18\
\xec \x83\x06\x1a\x84AV2\xd0@\x06\x04\x93d\x13\
I\xeao\x10\x92T\xd2\xdf@\x12\x13\x0cB\xa2\x89$\
\x18H|?\xbd\x10o%\xfd\xf4$.\x89\xf4\xed\x13\
)\xf4-!}b\xedB\x9fH\x12k'1\xd1\x91\
BL*\x89\x8e$Q\x91\x06!\xcaB\x22\x0d$B\
%\xe1*\x09\xb3\xfc\xbfj\xc9\x1e\x09A(\x88\xc1<\
>TTP@~D\x01\xa5v\xbc\x04gy\xd7\xb0\
\xb4\xf4>\x9e\x8d\x22\xe3\x9e\xc0\xd61]6\xd9\x99M\
f\x19-\xe7Xp\xf5\x5cf\x06\x8b0x\xfa\x94\xce\
\x1a\xec\xc4y\xe64\xd1\x1ai\xc5\xd1\xd3XS\x8d\xa8\
m\xa9n\xa9D)\x0e\xa20C!r\xcb\x9aOd\
\x0f\xf6\x9e\x9dH\x93z\x91\x8a\xc4\xdcI\xcdVl2\
\xd6\x226[,V%KOdbd\x1fPaS\
Dh<\xbc\xe32\x02\xe1\xde\xce?_\xee\xf6\x0f\x08\
~}\xc0W\xf4\x1f\x89\xea\x86\xfcendstr\
eam\x0aendobj\x0a21 0 \
obj\x0a<<\x0a/Ascent 7\
59.7656 /CapHeig\
ht 759.7656 /Des\
cent -240.2344 /\
Flags 4 /FontBBo\
x [ -1020.508 -4\
15.0391 1680.664\
 1166.504 ] /Fon\
tFile2 20 0 R \x0a \
 /FontName /AAAA\
AA+DejaVuSans /I\
talicAngle 0 /Mi\
ssingWidth 600.0\
977 /StemV 87 /T\
ype /FontDescrip\
tor\x0a>>\x0aendobj\x0a22\
 0 obj\x0a<<\x0a/BaseF\
ont /AAAAAA+Deja\
VuSans /FirstCha\
r 0 /FontDescrip\
tor 21 0 R /Last\
Char 127 /Name /\
F2+0 /Subtype /T\
rueType \x0a  /ToUn\
icode 19 0 R /Ty\
pe /Font /Widths\
 [ 600.0977 731.\
9336 633.7891 61\
1.8164 612.793 1\
000 589.8438 787\
.1094 684.082 62\
9.8828 \x0a  600.09\
77 600.0977 600.\
0977 600.0977 60\
0.0977 600.0977 \
600.0977 600.097\
7 600.0977 600.0\
977 \x0a  600.0977 \
600.0977 600.097\
7 600.0977 600.0\
977 600.0977 600\
.0977 600.0977 6\
00.0977 600.0977\
 \x0a  600.0977 600\
.0977 317.8711 4\
00.8789 459.9609\
 837.8906 636.23\
05 950.1953 779.\
7852 274.9023 \x0a \
 390.1367 390.13\
67 500 837.8906 \
317.8711 360.839\
8 317.8711 336.9\
141 636.2305 636\
.2305 \x0a  636.230\
5 636.2305 636.2\
305 636.2305 636\
.2305 636.2305 6\
36.2305 636.2305\
 336.9141 336.91\
41 \x0a  837.8906 8\
37.8906 837.8906\
 530.7617 1000 6\
84.082 686.0352 \
698.2422 770.019\
5 631.8359 \x0a  57\
5.1953 774.9023 \
751.9531 294.921\
9 294.9219 655.7\
617 557.1289 862\
.793 748.0469 78\
7.1094 \x0a  603.02\
73 787.1094 694.\
8242 634.7656 61\
0.8398 731.9336 \
684.082 988.7695\
 685.0586 610.83\
98 \x0a  685.0586 3\
90.1367 336.9141\
 390.1367 837.89\
06 500 500 612.7\
93 634.7656 549.\
8047 \x0a  634.7656\
 615.2344 352.05\
08 634.7656 633.\
7891 277.832 277\
.832 579.1016 27\
7.832 974.1211 \x0a\
  633.7891 611.8\
164 634.7656 634\
.7656 411.1328 5\
20.9961 392.0898\
 633.7891 591.79\
69 817.8711 \x0a  5\
91.7969 591.7969\
 524.9023 636.23\
05 336.9141 636.\
2305 837.8906 60\
0.0977 ]\x0a>>\x0aendo\
bj\x0a23 0 obj\x0a<<\x0a/\
Outlines 25 0 R \
/PageMode /UseNo\
ne /Pages 56 0 R\
 /Type /Catalog\x0a\
>>\x0aendobj\x0a24 0 o\
bj\x0a<<\x0a/Author (\x5c\
(anonymous\x5c)) /C\
reationDate (D:2\
0260711173419+05\
'00') /Creator (\
\x5c(unspecified\x5c))\
 /Keywords () /M\
odDate (D:202607\
11173419+05'00')\
 /Producer (Repo\
rtLab PDF Librar\
y - \x5c(opensource\
\x5c)) \x0a  /Subject \
(\x5c(unspecified\x5c)\
) /Title (\x5c(anon\
ymous\x5c)) /Trappe\
d /False\x0a>>\x0aendo\
bj\x0a25 0 obj\x0a<<\x0a/\
Count 38 /First \
26 0 R /Last 53 \
0 R /Type /Outli\
nes\x0a>>\x0aendobj\x0a26\
 0 obj\x0a<<\x0a/Count\
 2 /Dest [ 5 0 R\
 /Fit ] /First 2\
7 0 R /Last 28 0\
 R /Next 29 0 R \
/Parent 25 0 R \x0a\
  /Title (Willko\
mmen)\x0a>>\x0aendobj\x0a\
27 0 obj\x0a<<\x0a/Des\
t [ 5 0 R /Fit ]\
 /Next 28 0 R /P\
arent 26 0 R /Ti\
tle (\x5c334ber Cas\
h Flow Planner)\x0a\
>>\x0aendobj\x0a28 0 o\
bj\x0a<<\x0a/Dest [ 5 \
0 R /Fit ] /Pare\
nt 26 0 R /Prev \
27 0 R /Title (F\
\x5c374r wen dieses\
 Handbuch gedach\
t ist)\x0a>>\x0aendobj\
\x0a29 0 obj\x0a<<\x0a/Co\
unt 3 /Dest [ 6 \
0 R /Fit ] /Firs\
t 30 0 R /Last 3\
2 0 R /Next 33 0\
 R /Parent 25 0 \
R \x0a  /Prev 26 0 \
R /Title (Erste \
Schritte)\x0a>>\x0aend\
obj\x0a30 0 obj\x0a<<\x0a\
/Dest [ 6 0 R /F\
it ] /Next 31 0 \
R /Parent 29 0 R\
 /Title (Erster \
Start)\x0a>>\x0aendobj\
\x0a31 0 obj\x0a<<\x0a/De\
st [ 6 0 R /Fit \
] /Next 32 0 R /\
Parent 29 0 R /P\
rev 30 0 R /Titl\
e (Prognose erst\
ellen)\x0a>>\x0aendobj\
\x0a32 0 obj\x0a<<\x0a/De\
st [ 6 0 R /Fit \
] /Parent 29 0 R\
 /Prev 31 0 R /T\
itle (Mit einer \
Vorlage beginnen\
)\x0a>>\x0aendobj\x0a33 0\
 obj\x0a<<\x0a/Count 3\
 /Dest [ 8 0 R /\
Fit ] /First 34 \
0 R /Last 36 0 R\
 /Next 37 0 R /P\
arent 25 0 R \x0a  \
/Prev 29 0 R /Ti\
tle (Cashflows)\x0a\
>>\x0aendobj\x0a34 0 o\
bj\x0a<<\x0a/Dest [ 8 \
0 R /Fit ] /Next\
 35 0 R /Parent \
33 0 R /Title (E\
innahmen und Aus\
gaben hinzuf\x5c374\
gen)\x0a>>\x0aendobj\x0a3\
5 0 obj\x0a<<\x0a/Dest\
 [ 8 0 R /Fit ] \
/Next 36 0 R /Pa\
rent 33 0 R /Pre\
v 34 0 R /Title \
(Datumsmuster)\x0a>\
>\x0aendobj\x0a36 0 ob\
j\x0a<<\x0a/Dest [ 8 0\
 R /Fit ] /Paren\
t 33 0 R /Prev 3\
5 0 R /Title (Be\
arbeiten und l\x5c3\
66schen)\x0a>>\x0aendo\
bj\x0a37 0 obj\x0a<<\x0a/\
Count 4 /Dest [ \
10 0 R /Fit ] /F\
irst 38 0 R /Las\
t 41 0 R /Next 4\
2 0 R /Parent 25\
 0 R \x0a  /Prev 33\
 0 R /Title (Pro\
jektion ausf\x5c374\
hren)\x0a>>\x0aendobj\x0a\
38 0 obj\x0a<<\x0a/Des\
t [ 10 0 R /Fit \
] /Next 39 0 R /\
Parent 37 0 R /T\
itle (Horizont u\
nd Anfangssaldo \
festlegen)\x0a>>\x0aen\
dobj\x0a39 0 obj\x0a<<\
\x0a/Dest [ 10 0 R \
/Fit ] /Next 40 \
0 R /Parent 37 0\
 R /Prev 38 0 R \
/Title (Monatsta\
belle lesen)\x0a>>\x0a\
endobj\x0a40 0 obj\x0a\
<<\x0a/Dest [ 10 0 \
R /Fit ] /Next 4\
1 0 R /Parent 37\
 0 R /Prev 39 0 \
R /Title (Saldo-\
Diagramm)\x0a>>\x0aend\
obj\x0a41 0 obj\x0a<<\x0a\
/Dest [ 11 0 R /\
Fit ] /Parent 37\
 0 R /Prev 40 0 \
R /Title (Liquid\
it\x5c344tsengpass-\
Warnung)\x0a>>\x0aendo\
bj\x0a42 0 obj\x0a<<\x0a/\
Count 2 /Dest [ \
12 0 R /Fit ] /F\
irst 43 0 R /Las\
t 44 0 R /Next 4\
5 0 R /Parent 25\
 0 R \x0a  /Prev 37\
 0 R /Title (Sze\
narien)\x0a>>\x0aendob\
j\x0a43 0 obj\x0a<<\x0a/D\
est [ 12 0 R /Fi\
t ] /Next 44 0 R\
 /Parent 42 0 R \
/Title (\x5c334bers\
chreibungen akti\
vieren)\x0a>>\x0aendob\
j\x0a44 0 obj\x0a<<\x0a/D\
est [ 12 0 R /Fi\
t ] /Parent 42 0\
 R /Prev 43 0 R \
/Title (Mit der \
Basis vergleiche\
n)\x0a>>\x0aendobj\x0a45 \
0 obj\x0a<<\x0a/Count \
3 /Dest [ 13 0 R\
 /Fit ] /First 4\
6 0 R /Last 48 0\
 R /Next 49 0 R \
/Parent 25 0 R \x0a\
  /Prev 42 0 R /\
Title (Import un\
d Export)\x0a>>\x0aend\
obj\x0a46 0 obj\x0a<<\x0a\
/Dest [ 13 0 R /\
Fit ] /Next 47 0\
 R /Parent 45 0 \
R /Title (CSV/Ex\
cel importieren)\
\x0a>>\x0aendobj\x0a47 0 \
obj\x0a<<\x0a/Dest [ 1\
3 0 R /Fit ] /Ne\
xt 48 0 R /Paren\
t 45 0 R /Prev 4\
6 0 R /Title (Ex\
ecutive-PDF expo\
rtieren)\x0a>>\x0aendo\
bj\x0a48 0 obj\x0a<<\x0a/\
Dest [ 13 0 R /F\
it ] /Parent 45 \
0 R /Prev 47 0 R\
 /Title (.ftplan\
-Dateien teilen)\
\x0a>>\x0aendobj\x0a49 0 \
obj\x0a<<\x0a/Count 3 \
/Dest [ 15 0 R /\
Fit ] /First 50 \
0 R /Last 52 0 R\
 /Next 53 0 R /P\
arent 25 0 R \x0a  \
/Prev 45 0 R /Ti\
tle (Einstellung\
en und Voreinste\
llungen)\x0a>>\x0aendo\
bj\x0a50 0 obj\x0a<<\x0a/\
Dest [ 15 0 R /F\
it ] /Next 51 0 \
R /Parent 49 0 R\
 /Title (Design \
und Sprache)\x0a>>\x0a\
endobj\x0a51 0 obj\x0a\
<<\x0a/Dest [ 15 0 \
R /Fit ] /Next 5\
2 0 R /Parent 49\
 0 R /Prev 50 0 \
R /Title (Wechse\
lkurse)\x0a>>\x0aendob\
j\x0a52 0 obj\x0a<<\x0a/D\
est [ 15 0 R /Fi\
t ] /Parent 49 0\
 R /Prev 51 0 R \
/Title (Methodik\
)\x0a>>\x0aendobj\x0a53 0\
 obj\x0a<<\x0a/Count 2\
 /Dest [ 18 0 R \
/Fit ] /First 54\
 0 R /Last 55 0 \
R /Parent 25 0 R\
 /Prev 49 0 R \x0a \
 /Title (Kurzref\
erenz)\x0a>>\x0aendobj\
\x0a54 0 obj\x0a<<\x0a/De\
st [ 18 0 R /Fit\
 ] /Next 55 0 R \
/Parent 53 0 R /\
Title (Spickzett\
el f\x5c374r Datums\
muster)\x0a>>\x0aendob\
j\x0a55 0 obj\x0a<<\x0a/D\
est [ 18 0 R /Fi\
t ] /Parent 53 0\
 R /Prev 54 0 R \
/Title (Tipps un\
d Tastenk\x5c374rze\
l)\x0a>>\x0aendobj\x0a56 \
0 obj\x0a<<\x0a/Count \
15 /Kids [ 3 0 R\
 4 0 R 5 0 R 6 0\
 R 7 0 R 8 0 R 9\
 0 R 10 0 R 11 0\
 R 12 0 R \x0a  13 \
0 R 14 0 R 15 0 \
R 16 0 R 18 0 R \
] /Type /Pages\x0a>\
>\x0aendobj\x0a57 0 ob\
j\x0a<<\x0a/Filter [ /\
ASCII85Decode /F\
lateDecode ] /Le\
ngth 215\x0a>>\x0astre\
am\x0aGatn]b6l*?&-^\
F/^>^bn@*D?neoiL\
@)dO0K\x22%At5[aP$I\
Ia]cPM!gdaJUoo,+\
]N,uF'A]eLZstpL>\
.>]>.?F*:=OmaA?9\
@4lBI*@.ZI%;mR7%\
3@%oh]$`T>X22!el\
6!?%#,;]W;T!EPW\x5c\
2\x22on337KV>/O`H<;\
5C2LMs?999k'+%H1\
'$UXke3+Rl\x22VQ*5R\
6h#&dW<]ZhNA3t_f\
+J-=b8*^~>endstr\
eam\x0aendobj\x0a58 0 \
obj\x0a<<\x0a/Filter [\
 /ASCII85Decode \
/FlateDecode ] /\
Length 1407\x0a>>\x0as\
tream\x0aGb!l`>Ap8r\
'Z],..F)FI=7t2MN\
-X481om0>*@5H-p;\
KTCiX(0p%5V!Jr>q\
W&m0o>W@O=BEJYE^\
kfY<sJ58P/5gfX50\
hZ-nViS?'f`aQF]j\
qAi6+5gaWpA'Y1?R\
[rH&W[c^1aF+O);^\
.HM'jVD!l-lgj9IN\
)@,j$_NdZ6UNjZ^N\
q&ai0bOISG7mEWG=\
e['D_Guoa3mHK!0`\
;.'hok23`3&.S6M_\
sPIWia8j`qcpPG?[\
mH9TmMBXKtZ=<*#;\
$L<%F9g+`Z(JK/J$\
=3p`=itrec@NcNG4\
-0B->\x22UIfsFP_3d(\
F8P%:,#2EIrEC?:F\
7_BocT#ndE#[GuLc\
p38:&H/NFQ+FY8kH\
F!3.pCF*:VCc%%[t\
<?[q[3(S8lKSRq#j\
DUS9]eboL+'2F1=X\
Mgqm-`_STua*P>J<\
@TL]S&F5%=YAu<Lm\
tH?Sn08VbOba2m)N\
PF)\x22!-UF\x5cm3-`^9T\
*3FY=9Vj:Oj,oR,N\
3j&Acq0Vu\x5c3WPW1S\
Ot5:&1k*r-`)oQ@.\
-29h%0gllZT-4\x22#$\
hj6P(\x22SJ_\x5cP@c+I%\
6P=RZ_gEbBF>\x22sk'\
,17P4E_bA)T27O`&\
i&/l;OAI;&E'//>m\
p_sRPeh'jZ,uY?nX\
;^<)jECLr<=!&.o7\
`i<hMu\x22n7U]h28b'\
38U&.Z$s<$@)duGd\
OX-*I5`E[1IK?lmP\
ntCK.7sp7_rF0[4Q\
B-,\x22s^\x5c.b0IB9T1p\
b#j71oPeSdY.9:>A\
lT7D_oG*pU\x5c,Xr7X\
'T>ANoK\x22p6$EA'1/\
$8.Z(dSf>V]H0/ko\
rt0L;V9qI:g_6ld&\
aAd\x5cTQGk>\x5cb.@&[G\
'kWSe%GqB4Uip:51\
YIc>c\x5c][j(0lqmKl\
\x5c'^NXG%1M\x22B46=(k\
$H'*K4Z0Ra8s\x5c;6a\
,j9coq3A'pqo!YPX\
''T[f?1mGrao=6O_\
PG>ke3SI*<<R+l4.\
[q2fgl\x22Wic.\x5c!ea[\
:A`jo&V#FJ'7BFui\
XSo_T6pRlHds=A*r\
\x5cmAXT!8f*+=2dnB_\
>A[tc)]5FeL8Q[om\
tjZ,[ug,),/e.MR,\
N;4!bm5IdA:m'_&$\
tK7%8VH$`>R>4=5l\
WZpS,ZkX(4;FIU$'\
gW\x5c5WqrXmUg4t:%[\
WWuDJK.m]mc&8sX^\
\x22RAhVC<=FTSF,[+B\
qtBRqrp%iS.'k\x223l\
,e.[7MIsh_$kqFml\
s2Srs1>aE.]ti&n@\
k[u^gs_^$]\x5c/b5/0\
[AJO48Yf6XPT'R'c\
.peH)StP(sGJd&S7\
8!RR.h*+sp/I!j1m\
/lln(.VNJSRaP_^'\
o&>E33pXQil(S>5*\
\x22.d(I<Aso9IeH]!/\
=RO(dMb*g'bO7uZU\
YEk9`q.U/9_Im::8\
3f+NO!.97dr8g-W_\
*AJ+]<FAtQXq`%oq\
ld^Xh+%%!$)d1:c3\
19I(duh.PE@==-3`\
30jE'B8m#4PSK,jL\
,W%C5XfLN,WXqb5X\
si[ZdU_sSg>M=)E1\
iZJ~>endstream\x0ae\
ndobj\x0a59 0 obj\x0a<\
<\x0a/Filter [ /ASC\
II85Decode /Flat\
eDecode ] /Lengt\
h 1884\x0a>>\x0astream\
\x0aGau`SbAu>q']&X:\
ma=g@QJbD8G)d7!j\
\x5cCtB9fCfm-7C#?5n\
sO)N5*(3TL__\x5cr9,\
DsNlSS!K(jEU\x5c`\x5ci\
IL`bdZ?I_Fsk4ICg\
,8S\x5c>,aJQ>bqJ;2r\
93So[QU$I5rOX5N2\
C#%`8Qs>4Zj564HJ\
Kdn4#*)dVtM9=WYC\
!)a1u;%I;EF+[r*2\
+*m1m?_gS\x22;qFA96\
M%B;J*%`\x22_Tr7\x5cfe\
hQ.)Q*!2O5VX#Z]\x22\
sO-.=Ppa>6J:B\x22@[\
6<uA5s0Qb=h'qMC;\
6Q[&p>*pZ?OsNDC)\
b<R?S9];mjEVM8;2\
,r<&GfQa2U1HHf14\
PaW%#ip+Cdur$UpE\
Vg(2(Aqk8Le-`n)3\
OkE<^`*&<[RW!p;6\
hdPOkp\x22M:$'K*V$)\
n(cAZ>2!Um)(mgqa\
Wd:-P+YWLHq-]b.j\
>oTDgG.l-`hl5QGJ\
_R,:<RQ=^_`<r15j\
%=U'IqgKm(+Z$rd%\
qFULf.t:%,QOAc/\x22\
QspH\x22jgm?0,A2)oM\
%]sF!7D2Da*oMnjk\
HEZb9\x224\x22I*ZkOJ78\
63mmi_<qD9qs<1Y4\
^r/`gnaPW'@D/LPl\
5+0\x22EI##pL>Y5/%V\
LBd^8ROkarfOFMJ[\
OOi*oXjG6KDd/S]X\
V&i_KnI5%h3+XrUD\
^BZc%?\x22f.OAcD6r-\
:Bq@p]#X&UZLeX9I\
b7MqJ^C+?AWp/r?G\
r,a*a3-iUXon)MPj\
Y1<F(6u&eXJsel:d\
[D#[?+H?@;J1^J_f\
R:9`PGfLb7mZPq1+\
+'H,H%4PZjG(<X+C\
MoX]oXV\x5cV`B#RCnk\
\x5c]2lp0*i;oPHIZY.\
dVhDE:*s=b1[CD`J\
MM]!34B06N]mV;<F\
l0T4@i\x22rbc2Q;6s7\
$`A:0C@C?l&gjrtB\
B';INM,jq*^\x22lgqI\
/JTich./\x5c+8D#*fq\
po0JX'5,_8gSK#R0\
6_=!,`2sVP+cfP!`\
3>fg^6n\x22-`Vr8;,d\
VE9=!tkkr+jj1<,h\
c:o&KJ3s[rl1scRm\
YIn-skI.6uO,gt@q\
h1i:V4KY+8I\x22hihq\
<OY.khfnkoMG];BQ\
=-pkqgt\x5cooX_T!@.\
Xo7c'NO>C'W]h0XP\
`V@6c)6@cdk@!6Sm\
U124=P$ncu=1==;h\
'*WZG7o\x22H'K$<!''\
pi_5r2r`?6=L;S/I\
-N5S!mR7JiRqMR]\x5c\
W\x5coIN=u#P;/dc$&G\
EZ%kc0V%Cu*__NoS\
(K4*Amia+H)P0*MV\
;o_6;k/DYh04K5l!\
n%-B\x22W'5\x5cE>orlo2\
_Z=U8_cBRQ7R>P,D\
;!?h0%6Z<'04M;+e\
TK35U3!b]bTPi^QH\
m$YQ\x22$\x5cF-kIkK$2H\
35pJiRbZ/f#I`YnR\
AV>$35+O3d83]u^1\
?[?'?Ya8WtkIo%4n\
I[?Tk>I_sph$i51c\
AdnsbcXp^9QnCc>m\
T1LKBO5&jTH@1EH_\
>Th:;5Z(W)j0E2XU\
Xbj]@\x5cp@#HpC0(3n\
5`5eaXi.]NOreMQi\
suOT_/?f&:UQ[\x22@U\
'`-$G'Jn9n:^=0,M\
fIZ/Wp7r@2e17>X:\
g=5WM4njc490'\x5cc!\
rC$)XkJlnDqt0u=;\
n!?(:)AMr1o>;Md8\
DIk\x22J(TVoI,ai\x22#.\
T=7^#8^*9fT:ot&Q\
Cg@W6ap-iXH2g0PX\
Q?K>'''UtWk(e<U\x5c\
Ug2#`T-JYZgc#qru\
GMse]X'_C*NoAXFq\
8V6?o\x223A'Gb(hcXJ\
pm&j\x22.<Ho*#Y,g<g\
CE6#C#X!O*5]$:!j\
QFFPiT&eL3/c(48N\
q<nU@n5=S*,6/\x5cS\x22\
p4T[U(`/?3<k%BYc\
d#u`4/InDYN0jE>)\
b8[-8\x5ccR3:)7m0=m\
6Uhbfl#I#S=^;c6S\
KuObBK`[rt[7U0qC\
dRrbiQ*m3qG'_.s:\
PgNTj1HJQnD]AQL^\
RYu)\x22K<H^mgUb*!9\
A>T!f@[SLS`7X\x22Oa\
XVXcJ3=*PC(#J\x5c/*\
i9eF_2q\x22Lj]REO0K\
X3'S=,bq6Y)EI8LJ\
8@<q`B,g`09bSr1+\
PLr0%i0n<D#~>end\
stream\x0aendobj\x0a60\
 0 obj\x0a<<\x0a/Filte\
r [ /ASCII85Deco\
de /FlateDecode \
] /Length 1936\x0a>\
>\x0astream\x0aGauHKgN\
)%,&:O:Si6b81Q?S\
43EuLt$V/@3PbtKK\
<O9q)+5YqVTC[/+l\
=cf@'7s1?58N`:`!\
nbK[ff`sc0HWN1qn\
-e`Ha[<H]EhUNZ:2\
lefSeGB%D,`4r,iX\
244DPLo.U\x5cWjsOKr\
B*$:dfo,\x22a0M30WG\
^5hSq4*l<\x22Qk<X\x22)\
Kj!*e*RacmS^aZ[R\
4/Ca[lcF_t[@M=9*\
V,?m8RVn_3RLuU=M\
p)X#:4N\x224lqa$f/0\
1b-I:[dlr`%JXscF\
[Ld*B2dVI&F5.ht^\
%\x22#('[IGk62!Ar&W\
@i4_iM&7d5:pX=tB\
-5mZG;_JU>&76-`q\
H*R1^4\x22ljhi/lgi-\
,ur:Z\x22b\x5c'Z,,BAA\x5c\
PhUkb>i9rls.gt(h\
GC,bL]i`[R5Bff?d\
Ug6M:s/fuch--=G6\
5YbHa3+4(4W%(39$\
AaQ]=-[h[+@/K;@B\
AU'j#uMkA[rlHH\x22h\
A>]59JH<o3U*k/!h\
O\x22Y:$:\x5caCiZ8Kmcf\
s]hiZ7@qDIVN(<FY\
IQqW,S6V#N(S]?gW\
7_RO!;ll6tkgH,&c\
(^QB7_7,jN,`YDt5\
mA5Uh4/A0X/$J9aA\
(Zs0V5BKp`eDnpCI\
eGs?nGV-E5Xekq'W\
ARiPjL#hp&H,9PRU\
9a6RnSh?p7#N:dWI\
?!c,R0r8k=<P`ueY\
cG1jGfmP1mFOn#cn\
eqsVDST]UeD<G9t/\
t'H!_n^FIUC),4tF\
[M0\x22o'*X52j^T!jM\
@nJ><2@;Ljk<igQi\
>8*/-O8=KI,b!n=Q\
L$^i6cpkF+@2N&k]\
Z/(<%.qCfh7rdB2(\
.5A/LuSM'\x22\x22.=3_N\
CFdnb_t.3<KPK58[\
g1#B\x5cdos!CD??9kc\
O.eJmtb<D6eQ#`$q\
oa>hAl\x5c6q]t6iQt\x5c\
L4]g'(J`B]B9Z\x5c5n\
/CCZjq[o%rZA?=4f\
oXn*;&GEa$pN>WL<\
JtM.ZWL&BAikd&cE\
sBao)eJ^&^QoLJf8\
gI1Sf5D'oT64lB7t\
,fBKl8T0.6&n&?SK\
L?V[oScW+8g1C@d$\
9^9cLD0t*r+:$8/r\
h\x5cj!\x22C.&)\x22>j2Sp$\
C#ZGfp*Ue^pUe_0]\
T`@fO'W6eSNW:*W&\
4P'&a%P*`c2N\x22>N5\
NRA^7q8hBs;7M3%N\
%k4fnRQ\x5cu\x5cpW\x5c\x22ZO\
i88Y:FF'$:Bl>L>Q\
=)GoK_lI[pg8-mga\
Nj%9EC.--cn9N8;+\
XY*erjUBEIY>bnOg\
#)@Aoj'erVM8qT7=\
s@ear@1V12*-'im1\
a?T'DK(RX2i6\x22l4A\
LE=f/pW(FXO#O2$C\
P)Y)7S$(NsodV\x22[%\
&Q??9\x22)H(jPpl]S%\
.cUdb&W;bHb=%1;)\
1sH,U1sE;H6$<R'F\
k=8[>F$QQN(>-_Ju\
$2j5np'R;N5/N&1W\
X#+G*56BXRsk$iP/\
SE#Y%4ObJj*jb0'8\
n\x5cG``^dD81^e1:_7\
X1r<I&=5KkmX?8AG\
j4lX!Ml=RGR9<$_H\
`J\x220O5L5nm.O#Z)>\
DTcPPNDYr7Ke%'uM\
TYk1Pn+YtX3h.IB/\
<;Ia&'Ka=e)<7mdc\
>s)5NqT&diPQ!gR>\
,^7P!`',=12)1mYk\
JG0[PVd13e9$sN1O\
r'<.oA2SHq5j>b)0\
NkC[bA?&m:8Tte'\x5c\
'hZ<&\x224KE9CZS<T5\
u7XEnB3^-.^M_`=H\
0.bGs@3ne1Q-N:gM\
?L\x5cQsE3D5&eAFD/!\
b,o/8\x22+o8ooHd3J`\
-hL`lhuMd`gK0AZs\
JP]A=[SHd.mpdaj\x5c\
bnG^6UHUF#`1U%o<\
HREaC.tuAg<87*6J\
B4lcW,;:u*smM_hQ\
V$nC_W>oh;]Qt``>\
GBn\x5c7*V)4?Mj0:rK\
$Gmm!PB-%>AE8'gV\
H/P#\x5cm'[80't;MI!\
+>KZY;d?ZcFfeLkI\
7j5N',.*^PraWT;1\
`p%LSDoc7k]^@gA/\
7:MI3/L=^0LBW4'j\
)57FM]co%6j(/:!2\
gZ`hL3ILHQ3+8)@m\
Rd.s$Hqc;@,-h/*/\
VGG??Y)eBOT/:i52\
le%-^P)uAO$P8q48\
<Wd(FUiQq''^,S'4\
)\x22X.X-T2LgUh%?:A\
t:gjjZK~>endstre\
am\x0aendobj\x0a61 0 o\
bj\x0a<<\x0a/Filter [ \
/ASCII85Decode /\
FlateDecode ] /L\
ength 827\x0a>>\x0astr\
eam\x0aGauI39i'Ou&;\
KZN/*=@<i7du:2e\x5c\
ldo`IfcUoG5dGS<H\
qg\x22Kb5mB>u;ZWTPd\
MGk7$f,;oIRERHs!\
?<a)IW(MP`tc6K'd\
+^!(*F6U5kPFYWnF\
SDfQq-AbK?d%738e\
&k5s[_Rtkk8c;6gn\
7$Ek3:b>O#HA`P6:\
S^X`o.T[3K;5j/aK\
>cENO&&%Ye=ifXA&\
f;b5%[\x22-XO8tdfp$\
^(NsK:i09?sAK3,a\
]]shSn\x22o@.Zl_2ET\
Xohl&*=\x5cA1aLaf[>\
PC'$P\x5cRK`rB@ZGLJ\
!#dDj6;\x22V61eVUWa\
,T1F'TRL\x5c`jbMZV_\
l9Tl<g?ZR?h()cXo\
]Z0,?dn3SC*d`!['\
-;01oA`g)/pL$5p$\
2!oc9l<s5<)-_]@E\
RnsC&eAqSq\x5cm^$U4\
=^9tZ^a%)N*mnI=X\
GkT'\x22BLhN89=^TG[\
;Wua:O[DP-SJ`^r6\
?2<l&86$,b*n4OAt\
Wo`1G<nMO*UMi:a[\
E5qK3NtCsg6qkF\x5cn\
?*:RDV1CZH?K!Z*M\
lsRMM/+*)^Y@n(Li\
U=^7'A0[aCs87&4@\
#T^NTs^-sl5-qRsI\
-GjGb&FN?ej-8)A-\
(WeF*\x5c/>TN*Re?S9\
7qk/+(qD^dSWR7#q\
g4[E9=q0KY>O%@OI\
a]n.=upWC-:koB0H\
)<4ka-Rl9I`00\x5cu-\
mJH[EL+Be+Q9OE_=\
V[]JmX2$(?,p:JR\x22\
*Y`d)$H3@k+7?^?p\
*O0dHc4^5&nl_X-,\
n,Y%`rI!,N8m1IgK\
*3c2'8b#_]UJq+i:\
@lM)b5sh:;[\x5c`l40\
QUi)KBo;lXW>e/lp\
<)EL6@$V?qK7g)DD\
e#D]K3,Rg]98BPL(\
ru3eq5ZgK:<,1eR+\
R#%SAFPFmW3J'~>e\
ndstream\x0aendobj\x0a\
62 0 obj\x0a<<\x0a/Fil\
ter [ /ASCII85De\
code /FlateDecod\
e ] /Length 1979\
\x0a>>\x0astream\x0aGauHL\
>BeOc&:Vs/R)bHFW\
`E2Z2ZeO3JO?[QSA\
XU73a0WE9.P34`RM\
Z:1TPjV:0L!+a[Oe\
Kbg(Slh_toF)o%d9\
H(>%BXPgRS%%%-t\x22\
INhIYe#G0e_+;BXB\
c]'<Y.8'K@'<Df+&\
\x5cd_q13d=?*Go\x5cAO1\
dhi8JFdk`i$H4O[>\
8*eI(2E3VJGDu4dk\
IfRq=g9W0J^k42Sr\
g]OnEYnV+EYXfD',\
=C6T_SV'S+.(0=6@\
1NgXM]>8YDI;CT?%\
Kn<LIn>n6@^;bqf<\
/3O1e$bfHW!AhAn>\
sTJ-6Mrkk09=%=9M\
BT$&L>P[`Jkd@/qB\
VSLJ%m#B(2V!V7:Y\
aC+gLqmJYnDk#A97\
-LE'+\x5c8)o&ecgNM3\
3H_U+imL'Hj1an3I\
ki.S=+Nhr=cVPI9j\
hr;J*B=]Rk-\x5cZQ)-\
pfPmUCed((grsV%+\
N1)DiOhhD]\x5c`p?Tj\
tI$MFn8Q.c>H4MMs\
Ys1Pg<//*$FuSRdu\
XZ9?gGp$doEbfP2o\
Cuak+PLj\x22M3oRS>_\
%rBL$<LC\x228a*ianL\
1?tonI+E1$Mt^L9R\
P\x22c_/QtH0=@<.:a`\
(-KqsYW.A3@Cg-S\x22\
L@5=2#2O%uZ-Y0b_\
Z[+['PeB<(EkT^ir\
]I%CS:a`2T+l[D85\
8E(diLrJY;LsE]Y4\
C2F[2i4R-+H#*)=D\
G0MO^_5fUMo9sF4J\
f!YM;kZk.D`tiHpf\
kq;_JQuM>2_f,,_q\
^1Mh,fIRNqf0kR'q\
-]kKW>Fi5V5%\x22f$R\
/e12\x5cA#shk=)_@\x5cC\
BI$fJQ@G)YSLe=[O\
R\x5c?lJVbG1%/GMgs]\
OEN;@%_I\x5cA]BN\x22)B\
A22)</T#Cku;UZ<o\
&Y]X`U%<8XJ,cHRj\
S\x5cdMO7_\x5c=cl+]9H$\
l]WLA,c@]dKAZo':\
[)BYtu\x5cCCCngg=Pt\
K_BgKj?[ca9iUZ<B\
a=*:3a!XXM#MmMhE\
6RU0j*MAYGiUPC`8\
:UDSO]@bQhrs5Z=p\
1aNXo;YnmiB8d8Zl\
dUo\x5cbS'gGkYDC0XK\
,\x22dc+fjVra7Wc[Ug\
=t<J1M4k\x22=6D*EHO\
?rMVc0a9\x22SH\x22qFG<\
%hRrR7>JKd#D8I]R\
U[ZZ=oKgqY1ZD6?F\
QP75YX^JsHf5U2Dr\
2Z-gCt]?O2r,V`cS\
%9OS#0*;,@)0$&gA\
_\x5cBKRK^TE\x5cfU$g^k\
bgdBH*LSC#TJ@brF\
9o[E3Tnna%n/M;>_\
)VL\x5cejHDG)jG_+(Q\
d'k.)qh3)OrjZ4^P\
7hZpBWGd04ElkSO0\
lpb?C.qch/OClA81\
0uJj\x22Oo><Q<Gr$5=\
^PulWFI(EVQ.gJ>N\
@m,I5)ItN`9Ue<kL\
2'%jFr)qS)&/eVB0\
1eTCGWmT%D]GE%`V\
k.qaARZSH2+>4G4g\
:qPEJMBq0+eYkU74\
91(?\x22tP3VY4N&d;i\
ihOM!1F<YbYg`,nM\
M/d0d*aX!(ZBJ:c5\
S!i]\x5cO(bQ7Wj.oab\
QhPjW`:ek'Wc#sQN\
AD]&!/B`],rqtSUg\
)/gN4f3-D#g#=^^A\
7D3tE^Su4AJhgaFZ\
'R3A+n?$W^m]^P!Z\
WZ637eDg,9SSR>P@\
H[?[umPF*g%'r.%9\
L0a]m.&(.,0nH))B\
-RWKl5<mVC[ofa])\
K5>64ojXgZe\x5cIk2H\
(LXs%!j@1PKl->\x22k\
[C=']A`G8-')(4rU\
bUa,^.Q'RV71V;/L\
ZQgh(%B^-3:G_9S=\
e!0lC1aX<8jM%bF.\
8:a!&LP\x5c#^DbJr/h\
o3l>>t`(:F4[`*['\
:$q,hdj6BbPM%J2(\
kL[?hna4Pikeb:Dp\
](D'Y1U8$+pHJZC=\
DesFNr(Lqh\x5cR%$kR\
1_6>JA\x22K-\x5cJn95%p\
'do$i6Em?3^`BPe'\
jEttnElV.]1714p/\
4I'B&FiD_7gn6e>P\
fk(RW=GXh#P/Z?Le\
*+FYk[qCs%j\x5c]#%P\
_^d4*UW3139tVRdd\
T\x5c$pgt%_>ba&\x22.$t\
*E_/oP[GJsd6'>^#\
qflL#qfRB=#?[j>I\
k`6megg]B%brhYGa\
.dqsO*:M=(,ALhV<\
Up[ki(*n#fp+R3]f\
-cSB=9nJA#JP4^d^\
I$(3U$Ssp`$f2Zcl\
Cr7V>Cd[4!;>l5=C\
M<AH~>endstream\x0a\
endobj\x0a63 0 obj\x0a\
<<\x0a/Filter [ /AS\
CII85Decode /Fla\
teDecode ] /Leng\
th 889\x0a>>\x0astream\
\x0aGauI3968Q9&BF88\
'RL67&X)0eDj1<%B\
P6&=!uER^]Q'1gEf\
afedne<4EC'^QoYc\
\x22PPkO)7rHAEa3^e1\
_f)Sl4]_N[8\x22HY9%\
KIhfS(>e5,mfUu+M\
usi.5pd]d&Y&8XO<\
#qEDV:6VnfSE;-S0\
k^-C;PaqS<'!GO(e\
09=,X;o-G<qi!Q$;\
jTrSLj#gS8<n$YGC\
E4=,FTHF4:AqCl]%\
4`e[S4%t%C2uFjP%\
#I;HAo%fV0fkZWE6\
l+M[E&5LApono5rS\
R=#jBao2[:/SYUs;\
h]2VF0bEk)O,u.ZC\
[e2W%1j>%jPb'5ik\
qqoYV/R>T0!'p/Xq\
RZk;.d]3J=[(7s6.\
p-[>IJVMAcHmXb8Q\
Bq+gXO%3_6>:$GLr\
r/0\x22s1&An]Y/TLN%\
1#'iO!/m2%3P0OO]\
l*rJr&NU+7nW\x5cZ&G\
@hF+8er?>a[;p6<B\
^+k^CLpeH?:\x5ci\x5c*g\
q:-KsV)/;csj[pfb\
efcq_*EN.Lo\x22oeEV\
G^MXd_D)VepXNk42\
i]SW;N/;+3'P>.d/\
.bZFpR!=BkdbDg.t\
B<H=Y/cF9IE89>b%\
JSPg):G_&p7c:['L\
UM$QN9,nMkqAXX2,\
/Vo7mh>9@6UN>0A%\
<JqfKPQfYZm<i/_H\
m4]hcSD@q9a:PAnX\
d^fbDfJq23&]$+2U\
i);e)H(!(RW275(R\
pK7q)`d1$ITR3Ms,\
i#R#[?he'%r%S<K`\
hFkeFa6*:NW`DN5n\
3s7_k0mi?KD?B`O2\
9#9doqU3!8WV6=:\x5c\
)*a$6MR\x22IcK#jeIK\
Go\x5cmOE'tY#`^q*P=\
b=#J2d.u0huJ-H/)\
kXip956enFs;[Jg\x22\
HL+Sjj>W=qWHln_C\
Dk03WR=PV.`(H+*B\
V$&?ZZD7i>.g=UB2\
J<H6Ihp1'Gr2!<0*\
BO4A=$K$CL$[4q(i\
g'3Q]p+T~>endstr\
eam\x0aendobj\x0a64 0 \
obj\x0a<<\x0a/Filter [\
 /ASCII85Decode \
/FlateDecode ] /\
Length 1987\x0a>>\x0as\
tream\x0aGau`S?$Fae\
&:Mm.Qq*gSWg+m`U\
/.RV$8c^*m$;]P]W\
CL_['?tnX&X2/?f.\
:%LZLcfJ3r;V,l6/\
]fsrp5c3j(*,M_a1\
$#m2'T?d[s!1#'ic\
jO9-!GBTN%nE@@1C\
h&W#nd7p5Ot]N9[G\
hHlqQ[7?lB'Jn<,K\
rP<##sLs1^l\x225,0G\
HLR+/J^=#lBDp4\x22V\
Rj^J<L!dAeEM>;%s\
!=!0e=tdq1QH]8Y8\
dH&C766#lKKF+SU?\
EM^/L&`8Sq$mgDL9\
DOY\x5c``q.?ORn?muo\
ELoO<9gQfA[/3W`S\
))p4Xd*co]H%4,.O\
Lo?64C`GoY$V3sd4\
QG:=/6(;lX!NjLT>\
69(%>=G-]\x5c'X5*r^\
@.-LqsNuE)iVl,IZ\
H[\x22V/EKDbI<_m0J?\
8?66U1/qZ\x5ciV>;TP\
u/A`He@q\x5cJ\x22V;8gY\
=#Iih\x225?GG.Vju0K\
#jdGDUt-*C9Pt0/M\
@K\x5c4E3$Hl-2\x5c$1;#\
n/nceK;oY5nB?<g@\
Qfn`X2+6u,jO#hM4\
^WJT5Ms>Vo@%]VAF\
l'?ri!M#4dtXk;Ea\
>NeirTtOb-7OP_,Z\
q4]-+Sk_4hclkkA?\
/;Xa4e8(77fE&fcq\
c$J,]G\x22?nF=pN%nG\
-S%tqV1HZGi9\x22aNL\
Y$0CUuj?c3]qJ5Eq\
(*(=(@=_/aVa&2K7\
-oIB5XiC)7shEU3Y\
C'/1mS&XAIf,a3_)\
>eMYRGg$'RN?Lh:i\
e<#'Wqt,a0#!,XUM\
5#NAH(#a:s$*8aS7\
fTZX?oA[0N0gseJj\
kIBCS]7gp\x22f/Z&fW\
BT[%$HtF$h(V9;#8\
9&LW'-=e$570o,S8\
@^rl4qR*\x5cqWgPgkS\
!12hM[6=5A,4un/E\
0r8A8k0$sk8[miaR\
tDmr0pb/`#pDX-<a\
C?Fo%Msg:`[i_Hh;\
!NG#.)0kJa-7#ADI\
tCb1e50ke,C2d!YX\
q?iqND^k]cbhL.aq\
phRGQ9JY>LU$$W$o\
tYITWsU%'pm-6QHI\
(-0\x22=ImrhiA#7[>@\
oblb!JeS<#(,8ab8\
pQ?A^82);)S@*X'*\
+Lc2L;]9=&\x5c?3\x5c'_\
lAV_ZQ&rVYn?%RSZ\
JmO20'LB-O'@*X(B\
das,f\x22H\x22\x227!#d1Ni\
PhgppP^jT:F%kt-m\
<3[1)Ott'Gluef1A\
GYi9o6iD4-Y8Q%T.\
>D2PNn?Sa:BLT.*J\
c?PI@tk=SZ[16,FL\
l@o@S=('iadlf+.X\
Rm#lE1kBn3qM>@_,\
%g2_aXKq8c,P\x5c91q\
tDaqkDd+!TgqAEJa\
;.-4F7,Ptgk)1Rd]\
[B+j+GpEu)Ak:I_J\
XInr\x5c)43A]*G>U$X\
P4#]mP(/fK%%rmS@\
E=gi!/FWLBm=EW*_\
<F:@UV8(RdTGmr#\x22\
qhr;2CUCNBMl*ZS@\
A%L\x5cqZJM:?^N##`n\
lfT)G@'3EsCgUY_[\
A*O.APu1pa$ROh\x5c`\
'WGK2FUG#Z=Rc(*W\
;-+X`>.p('C8Ej\x22O\
SE5_H+^$6*kYb#.5\
e38a=>28hWKDI_.`\
+gLm36G/.0hCDGlT\
c%2\x5c:sUGf+mM?o,V\
8!(6;LGJB0eTc=)P\
IJ?<nP,;PB^0Von/\
T\x5cQATD#f&+mNk%33\
=DjUR9M\x5c3AX=0_\x5cW\
ogk0/j*dB((Jn<aq\
dK<H-32lKL:N]#X&\
j_a-?_Fu[UWHcWFS\
s4dNRF!/0s-=lk8`\
]*V$W,o@E`$.<fZL\
l>+?QDLI=j\x5c8mY'[\
/M'o$F>g\x5cn7_i&tH\
+DEVO;m3@@Fjh=!h\
.iX^Xe91N3Eruf0#\
Q1VEI7!:4CQo7'ZX\
<LV`\x5cYgf;?,G<C#G\
JSo)a-Hh\x5c]-OVMMF\
^A5=+*g@l9hqKrh.\
<QSqsh0aZH4,qPgi\
0cHau;gco'DKFS%H\
dURpMBWpEit:jfd+\
/NLHKd&p.ma7S8Z[\
#f6ocG!P1\x22n>]8TD\
\x22.5$nm\x22?p:<W,Un8\
De:U;78HJs(4h8G`\
UPHUj'Y*d+$EH1O=\
`ki*BT\x5chp6N=T\x5cIR\
E`?pRu.d%^p#3Bfr\
\x5cWBlA%g5eaf8.,o7\
4PfIP&`m>1]W\x5c0eY\
%O19DcSsp2R5GJ+&\
n2G1#*?R\x2292p1jW7\
hX0T,FHR)&F8bLWn\
kI_4\x22[-a@!]Ik\x5cT%\
0oPq`98~>endstre\
am\x0aendobj\x0a65 0 o\
bj\x0a<<\x0a/Filter [ \
/ASCII85Decode /\
FlateDecode ] /L\
ength 1421\x0a>>\x0ast\
ream\x0aGau`RgQL8[&\
:NH>kXWYo7JBIG'O\
l*&D,U'oQ)df3)5*\
+(O[aS-[(,hqdle=\
1)mdXe*h8ri!_mmb\
SC?XX!Vl9ogul*H=\
KLJnT*#?c=RRDh]b\
o>0Y[$(5\x5cd=+VC$;\
B^=O9d6H'+^&'M\x224\
4pK3b@PT^m-7Y-oA\
\x5ctPYQ\x5c+GU)h`*9%I\
C6j(QDe1;&U&9p'4\
m\x22=55K`<U$GGjGU#\
YV7FTJRCB11tGX--\
-6.?1Tb'Iu@W?fbo\
\x5c>$c`>8`@a)d)\x228q\
DGp3,O!me;[3]$g:\
7V!ennVqH%\x5cXjTEU\
RJT<1MpCLPQ>WO>4\
4.n'b24a)n!1Zd#!\
!u7*/Z`sR5?=54IE\
nLoWEJEkS'WO\x22ZfY\
IcOPtaX)k88gB4hW\
J0-KuDrBF:_?KLoF\
!<to))A9:QE/<:ZY\
7:C0AEKPT^5W<b1C\
P;ZP-T!e,I0Y#l\x22c\
`.QhNrLS=HG:DTpO\
kLPZ-'<Jr!p_Gt02\
e>5.72=rtG65<A[d\
k&Nd.+^bGFhP%V->\
(:IUYf;P0ejL^5Q2\
E4aYdS2CI,4l=BV[\
,/0Lf?)H8?]\x22BDR2\
$,,Y3aHXVke<TcuG\
CL9I./\x5cUUk4?j:]2\
ut\x5cuThbM2VdnW_EY\
H@4_<aP<K3cC;\x22i%\
gPKuj\x22?J[h`g&u$k\
c0^Hm\x22i;&'K'Ie8m\
)J=NqKm_m:G%-5Om\
L[-uT/sNHQ93r$UR\
\x22D2pABQiW`/#cD0F\
T+??k^G1C5(e!V,`\
Nclb\x22L^W:iW>nI<-\
Q80@k,iUrR43er<\x5c\
<]@Jk5Pt;n,WbS_)\
pK0j2&l=S]+6bjAo\
/\x5c$7d4&JYh(g?Fs,\
&d*;X!fiGK6EX:$?\
/b,SX\x22<4&^N5E8gi\
BhLI6+`ggU>*;?]d\
%fdX6>2_G.Jn/QA5\
+,W\x22=/,Q*iTK?OdA\
q#/a4+@qSF!<&O\x5cI\
Qtg!;VjXS.<:;f+4\
5P_J`bN?H=:+l;Di\
B4e=n8bHa%6g:go%\
<5rQpDu).0Oc1MF<\
(I5oFZ(u`It(c9q:\
p(t)?L9\x5c[00KYoX4\
Opi9S/'Q_QDA@pZ\x22\
>LXId:7+O71LQ\x5c19\
<NTk-<8-PY-J)ps,\
<30_c9EdcZ/VWN*&\
+%`]XdpPY$5.'$\x5cg\
X(:C^XhTWI5Nq'`4\
PjeR)+WkE&9DlUM?\
p,!AkRjR*=F*cqG@\
=-u>a_$#UUte-\x5c9!\
,j(:\x22\x5c@NQ/eNY`N:\
5Cm\x221*)HGo/I(ZX#\
)'LibJsXfLqDbN*e\
OaIVXtG[R++<&_`e\
%ccm)'HtKmg6>A=.\
GYJ_'8a7=\x5cfO.GE-\
I.Wh0ku*i9ai@5To\
S+8<68OmoLqC.K\x5cH\
B)OP@p0_5#AoEmL'\
8>-?:T3>cAI0RjC/\
]$&4.$2GurnZWijN\
:LXs^]3&QO1^k\x22&)\
Y-HatGt8Rj<PN/kT\
r\x5c.92\x22+I)^$Djud\x22\
DAuM7m0/ONq-#Sqm\
VOg[Vi>9,/.?[dir\
BIXaq%&'sp:momJ5\
o5_Tipnn;:])acpq\
7(`T*VHS%eqVPSB>\
~>endstream\x0aendo\
bj\x0a66 0 obj\x0a<<\x0a/\
Filter [ /ASCII8\
5Decode /FlateDe\
code ] /Length 1\
682\x0a>>\x0astream\x0aGa\
u`S>uTKK&:EYBbTi\
Il3j$+IjXhJ5.OgP\
?K'Q=\x22b0(]amD[M2\
BI02>Y>=W0P3'Unk\
<<o_J<?[rg$Y9rYo\
k.G_Yq2#Ls@C?gIj\
gVTZN]lj@(o9U<C[\
#V\x5c?>K1C:]>$Sk\x22X\
5P@En/FXY9p;/Wq_\
O0hGQUS0OV,T$A&5\
Mj8&?A(gi)cNPho6\
13o[B9=CKW+;^X2&\
%-I6MB5Oj.EB/0sP\
3W0ddOjMF%OX9(F,\
T?R%;i*s(%[O]E++\
7Ki\x5cMCY;MUf)]$e?\
S)[<bYS*E>fHH0MK\
#R+Ae1onf$48MC>_\
),TfC*^Yf!HM>I:F\
s.3Md_ndH']>URDB\
=f+qh+[XHi';=`Q5\
YQSo=Xu]49iN(XgY\
Gh/[Th2<Q6S3R,(.\
GJ$bLk%Z3CRd%C5m\
hdE*2<@(L18^of`U\
mK*dFqp*GdM(b7j!\
0<CHV($l4?!FQj-X\
b)3mk>Zs[t$l?:9-\
o^C3ZkBXTrZt[U9Z\
B&d^/upi['VJa+)(\
Kb4Sl&G5*RD6,K)6\
P>V,=D26Ik];F\x22!C\
p<u0'NAl-l8f9KSP\
lCo(QP,W$K(fH%sg\
i/j;lmn\x226VWi.=?F\
':=:OF.3T9rG;6-Q\
_nL>.oudWi1%<ba*\
94#>ad@=K)A@$U=$\
YgStZ*2'nI:H8Uq\x5c\
hlP-6uu:RFJ4H]Ra\
Is<fN;O&`Wq#^8DR\
5cLkok.S5>[YZg3Z\
9d47>j:O-$b,L*[_\
LdjUJeb)?/3:Lq9!\
P^Q*?5CIVLAAsn&W\
cH@n],?SRBUael&)\
dR*O??,;!%W.*a)8\
&S.\x5cu<qb$$j.;dQ#\
d4,c%C@$dR\x22NWH'P\
6gQ^?/2#i(Y69B3`\
5Xtl\x22s@;[X@b\x22kF2\
?IBjd.f%fA-Z+IDe\
u!HqkIRC3QE/K</^\
KC&fj+m%G[:1$[fX\
gqhF]-43mnITEW%q\
X9MaLO.Mgipt9=]S\
H_Ig=a,21Fs9YE6!\
p3]:kaNh+s/)2k/0\
SWl.-3tXPF=qmk:d\
KFeeUJP&u\x22Dpa(1\x5c\
gO80_2@2+%+Y\x5cikD\
L/WU&_/nN8WUCT_8\
m>QCqTAB1@s[JjPV\
4M&Di+eEQHh^@khA\
4JY_jGG+jJe)SV##\
dRQ3o)Q-YM7aD?#?\
#F,N_o-D[-K6j&HF\
.\x22Y\x5cj0BSLjsN+1`l\
>D<[G+L;!$J*u'0h\
uFOdp:ucO7IEu3_Q\
r.=T(igJ4,h13pj^\
2ehoa\x5cbCKRUEZNjU\
hTcSL'!*jSIMj(]W\
P#:[!iD$:_D2c]0<\
F7/bW+8cLbGoO(I\x5c\
f4cC8P_ra>ILXE=\x5c\
BS9iRf_#'?\x5ca8,@\x22\
VGF,tgE*4c;Wg.Q+\
!2!HV\x5cBd1D*KPemX\
uCd0k11SYX6[(ZXm\
QU=Pp882L;,r0V_I\
VD<gj3d(.(YS4j(T\
nm/&n.l/;$8%1W74\
nh]/]G$c,XF+lF%m\
a1>.F-o2kCfSIqqi\
\x22S,dbT:X]\x5cGNWMqf\
>]Df[/$#c(I+',5p\
FF!pYs`Z$=\x5cSUJ;G\
Y>F*\x5c<e:UH[;*+IS\
JP,YVs%0T*N\x22j]\x22f\
\x22C'aVJa,knn=Kp0.\
Lro4G3B\x22Bh2kJ2[Q\
i#GWO9&6TsaH\x22eh2\
DQ,?p!@DC#I*:HVB\
a=O?j`=eo*LMnHf`\
eh5_J0tZQKVb!nj1\
Y&?#'r>)/dMuBYUY\
FAU]1,IKEaK4I;^.\
_W09p>Lr_B0$rndT\
FF_=D;21^SJ5PLPq\
!mCDk@t16Q3#oq/u\
qqq^Bo+2>#F6Ycf7\
e)>r?OGKk;(BKmCu\
\x5cL'F)ijU\x22tJ(T#MF\
=caKQVP6p4aU4<~>\
endstream\x0aendobj\
\x0a67 0 obj\x0a<<\x0a/Fi\
lter [ /ASCII85D\
ecode /FlateDeco\
de ] /Length 208\
6\x0a>>\x0astream\x0aGau`\
TgN)%,&:O:Si6b7F\
L6*g@bZc&K]hFo8,\
1W+'p][sh'I\x22/h6-\
rC)ofW[h/9r5UBmL\
YX@u2ISJTH\x22\x5c=[n8\
[5LTRY<=3`O'[L,Z\
+X^`e#oNo/=T0YmQ\
:HEGamR8q'#a#[Q!\
tf[Jn[32=GPYI1eB\
%CRD=\x5c&NFlUf#b)n\
ZS/a:,<f-%(+%%ah\
3W?re5Q7M7<S!#HX\
Mrj?rqM+JIMBt<SG\
+Ua*loAJVu+$B)3Q\
4aR\x22dAU73LW(*la7\
X5Xta'M;Q+L`PqGT\
:KLL$mC/h3P'Onki\
[@@c2DGk(GimVQ+A\
(S7*(Zk*+nT_E3KM\
.kT8nj@;2QcYK31S\
VHn!\x22nMt,nXr6X?8\
J#'&3hRc^?r%7N<_\
ms)3R95XfmjQeq,J\
-t,Oa*_f9ib4P[CE\
aU_e;u1&IV=-V-tX\
<&rTHXFfeY@jl3]\x5c\
G]oNeL.i`HpZm-aN\
d3d%KA_ZGZ)BX]#B\
Y?n*,0Cu+l:4:.:-\
$9Y/+.$gQc'60\x22HJ\
7hPnBN_AcM'BS_('\
cDl7;QCiB\x5co(YltU\
GaF+8R=;tY#]Z?_l\
2=SD+sA-,@FI$A]*\
]Np4KQt3Lb_0Kfb_\
d!r%:)h.bI8]kqf\x5c\
#NQPH+O)TI=4S%*6\
FGk@3h>kk[II<O.U\
-7s<\x22nnbQ[3>!E>X\
B!1ea%r7N>nMQ;7j\
ha()m]6^edQN0kG/\
n2r5ne])0\x22XSM8n=\
h^>'aVVba=s<mLh7\
!h.`L9rn;hdKd[^&\
rs^*D>7*u[<XG(9t\
Clr79N_j7@@pu49>\
=]OOKOIQ*!FLg]ej\
$pe#lp,G`I9eR$kI\
/N-<Kl'K_t[ejb1q\
E5]NO$R([dJ'Um\x22r\
GU@ZfiSB^R_%d-F%\
CiTcTn\x22MXQ)fUaC9\
-S_+5e*.G02X9RpB\
2%oOuCQNBulYL\x227;\
I&;3WbXElr1p\x5c3nO\
9Yl<5D;X[qb(]]lf\
.VFTQ/irF>[PB^!Y\
46_jk$USX`._ZCk1\
Z8=HPWXeDLh7#N@V\
l'Jf<Z\x22#!libh7su\
0!CR\x5cR'#1El<TAaf\
hMSToaq^Mk5B^9Q:\
^p-tK57bO^<RcDk?\
%S1KIfIq,7*8@ARj\
k6RWU<9<;'MZq<1i\
J6#NH#ZH''MSOkZ'\
/?E5<:B(]*O[#8Sd\
F237PuARpU(^DOea\
]7'U'HA*\x5cu$eNYjT\
&W\x22=PU@lNE#bX=NV\
NR1=L\x22gu9OZ>&*7P\
kV+5WCr+&AEpbtA7\
YpeH+*CP**<Pm&.=\
mZaiT^9^>R_kqc\x22%\
B0>Wr\x2289SWkehmq&\
sd8f6!23#pX?OQ`&\
%IO[(%ckCghU?/P(\
]SF+aW#B1nYU'35!\
IEGC\x22VXrGFms/o0Y\
sV'_X6ml660LV\x22ZL\
?f+2E/Ji[O%b.,b8\
d9GC.[Mk/<JF\x22jRP\
p,^rhSd!a`bjAP$K\
lUp`8?agY5@aGea&\
aFS\x5cgA6_M'JjebE+\
Ego@Y\x22+muamT8[,9\
Q_BY@@Y)^%;/jE49\
3I\x22E%ggnN3?oN*gn\
n9@mJ*O2.$Hm3lmM\
&Lfm.\x5cJ>%hGRglbN\
8=(@b-G,e5^eX7Yd\
]cN$419J7!ZRmm!B\
H:-+d_&u&XBgb/E'\
f<1X8]%:.;GMD-A,\
?okomuYDFEOKIB\x5c;\
pkBVt=k#Cf^&R,J1\
7);UkcuXZRUbN;]I\
W4UrLg'%9a'/UY@Y\
<qtTslF]<:LipL$c\
AG[Slf*:-CW$MuV>\
,PA(q1^VQlc:0G%b\
iXN3L(tc4u<m#SA?\
J3`^O'1e^L>b^+(i\
!1+n&bBr6#^gbQiC\
;nI9RQo[[E2IVOWO\
aPl)UYh$Ms+jSs#,\
GeHf6kqr?Nf0/f_G\
$c-c#fQ,p3n<HYj-\
C!4^09K+Jdpf8OIR\
8A1pr4\x5c,ErT[_m\x5cr\
T%+s'[Ciln&4A0tm\
/<sXrBB`Z`Z7A0%r\
<FZ#+`?OS-7n31nA\
+dfE0.V9ThP?d#;F\
rLSFU5#7`,JY^Z`H\
]hnAgBnc%=d?XGET\
X>Jd7SG7n#GduJA>\
7ZUqB>_Ep%a#0qXP\
paZ<Oil.HKT$9r,*\
d+a_%%0hi.;([a-[\
_lR<msO^ZUr\x22*;tg\
BVQbu:+Loa@?9j`:\
.*\x22/J\x5c(TEIa5(%dY\
2RG9:oUbF33'hl!r\
Yoq'4g(*\x224S)E-qT\
e1X%NHnF$Bp7J(IH\
VO'C-oQ/JIA[W6\x5c1\
mcGpfV1sjkr8^/]<\
(#dAk\x220B;pV3\x22@-#\
(EOPN8m*;p'=:e9m\
~>endstream\x0aendo\
bj\x0a68 0 obj\x0a<<\x0a/\
Filter [ /ASCII8\
5Decode /FlateDe\
code ] /Length 6\
75\x0a>>\x0astream\x0aGau\
I39lldX&4#^^MESO\
bUIkRjjAra(V]U\x5ck\
Tsn:2]jSf%W$LA_I\
si-dZ/]PqP>d5;,d\
\x22GTh?*n\x223^gJ14+M\
S_Da+R?'$;+\x5c_@e9\
3_0$XoMSrr#P\x22ZUr\
&<Ma5`B4g@Nl!o3D\
%fbNED.:W'ZuG6b1\
AJcVr!Y]8ik^D[9K\
f]_#(hb7ZZ+c^Hr=\
?Z%E[39+fYX*P<=s\
;jkW7UY0ksSbDQ\x5cD\
d.&)YZFZX6[:DOGX\
KNNbZ#V*<9e1cXH7\
-o!%SC*dZ!UOB6c8\
_D.m&r+XqH/\x22>qgr\
Zj??Dg\x22$3E*d/_,6\
:4-9r\x5c8$sKUN`3&Z\
9VL5e.%1:J2eY*pJ\
?Z+Z(_BE!:=<<bk>\
FDDf;2nf\x22W#@'q*1\
b$<5mj^oJP4S0C-g\
YZuoB^3phGropABP\
I0R#SC$Gr<A)B!]?\
fZ<OR@0`i!9X'4e'\
/*TqI&[,^V`DbTU2\
[Mm6mNU93uOaoZSq\
[8th&`ZJq8I@$'o1\
aM!k7W5kMA\x22PG[N)\
kAi>-=Kiob1#pk^R\
gK(:1a(PYYu<:PH+\
V4j+iM>H!:^%IZ\x5c=\
7AMJjBUFkC**l\x22U.\
)cbUqtGogC<4`Tj-\
o@GN)mA\x5c=44Y)U/@\
Z]nC^_\x221;$GHF`a-\
b2Tt;3UVtQAhUZrk\
j'rND`ZB9r^5,a.=\
f0oJUa%LHkHRK=ue\
93!oiRc.ZaT7,nq!\
tPrB:CIfMrN,an~>\
endstream\x0aendobj\
\x0a69 0 obj\x0a<<\x0a/Fi\
lter [ /ASCII85D\
ecode /FlateDeco\
de ] /Length 200\
1\x0a>>\x0astream\x0aGau`\
T?$\x22aY&:F5U\x5c48Kc\
=b7hH12fa$BCa_4<\
goFO?Q^#H@$.)`Jl\
\x5cpZh`[(tni4)49G2\
]::aC!>m,%,]()5b\
0pj]J^U?<3dj[,&b\
BMt\x22LK:\x22!(k^7FCq\
+(o=djRcY-l4]MP@\
,)b\x22m4c`0Zp\x5c7PRq\
F0H(9P57Wrs.E+6E\
\x5c@b$8Ur>\x5c]LEr=!K\
5<d\x5crFfMH&1K0#h;\
pZVG<Vn_)U<,8eSo\
>mgj7eREdd_!8R4p\
oba<\x5ctsOf&nL1`hG\
:I2Rmoml9nVSZ,Z9\
qG])6<aO&$,;MgM+\
PUIhcjF8h*<fT37U\
tA>\x22-V#`,K)R<%ki\
s%%oH8qV*QTj#[]'\
mr*k&Y+$]CYDsq<a\
YjQC%+b)$@f!)-g_\
JibG\x22qY-V7>IPr=Y\
s-E$JEk\x22Ec.s0:+u\
XHVbKV6:k:!tRq9-\
2\x5cl&QW1_)IiD$sUU\
6%F-YX($_.0lG1W%\
Ek8aAtc69.CthVq?\
.mDY;FQ^1ro0ep*^\
^o`n(=^l],$2C>Pu\
5\x22E^NMk[P,I1e7k0\
dS*`&g88\x5cfULnBX]\
i/5&UijMkA0pJAJr\
-:XdK#/1T2;A(mHE\
?L.c0+j?!(glJ9KH\
9h`l5ME-8^UL9LO;\
cW'(HICRa=?+Z9kM\
L[Cr*ia1s;le^-;1\
T^!Wg0tjoGd4a'ct\
CXN19!F?>0SU7&@0\
6>@i%sH\x5c+[se]\x5c`2\
]Nsn%mj1dm`<a<-Y\
NAlPb[Aa[BUF*,h3\
tfe<;0sWPB;HH6+I\
2FPf,S>5EA2f`rBa\
4c=2NuRfK9,k?6[E\
Vta@_jc]dI]I%pK?\
tHpG8@XrXb8g\x22!;J\
&]-0n+/e>*0ZlgeH\
QUYs,7=F?IsoVf^%\
/1\x22:-Hjk6DT6;r$U\
=T<'3*;T]g^H]=im\
1I8R]2fq5l3%9,%%\
Z\x22nP\x22@s'faVO:VfL\
\x22o,$=/Qc2>7hY%5N\
#=\x22%HfmK3.u51blS\
a@Qe')>Aq6?KtWf@\
OTMk;EUfq0tEL?GT\
?,@,=\x22g9Ns+b^(eX\
Dg6VS8P1jL?(05F$\
Z)Y]J>c*t'=DQ0]m\
CKbFV:t7,X+BjMk)\
6crA664\x5cbaf_G+Es\
og0TmQue8.N4GWR*\
QgDD<#r(lB0gi$sB\
4!5R\x22Wd8Xr$-r,sK\
*N6Jp^hC(qnFbr;W\
E7Y>LW4dF.H;f_`&\
G'2;*<]nJ%$%<q)q\
?_^E#/%A_q'\x221IW%\
#hPe_q)ibZ*R-M66\
C)\x22a_\x225\x5c\x22_Tpp7Z+\
.q;QdYQ7#_8/1%dD\
e9%HR[>Y<`RT4)`B\
@piOOWmYI5t@%ThF\
d\x22chKpAnIKtI8HDU\
\x5c*d?H+s,@?h]g3B8\
NZ#B@\x22Lc2W+PK(/R\
eL`=ub?*[R*!`IJ$\
sJ@W.*1ANMQGB#VB\
q5d_E?FK!bE&2_1/\
WFP2EfH#,<[DHg@E\
Z;]=Y+4sEg!68EY-\
'Wo%@BAsFJE[E+Ot\
IP&(T\x221h]'hbmMU;\
FDq+\x22P/TPU<EZde'\
>fSl8i`MT2m*Qqsh\
,Uc5kjrsRmpN*Ha(\
!lL,esGo4W@=6$*N\
]uR@ZEOosA5Q!F>$\
-P%L`Q\x22$fQik99$=\
KdjZFmWR-f?Z#mMW\
&]kk(lsM5_I.cQ=n\
#9aM!`q!mX1s-YqX\
_\x223e&^5`o^[OeuE2\
]UCuGq_+E7>1EHV#\
-q*`C\x5c%[p,X[PXQI\
D10#Kh\x22ECL%/Z$_H\
SuLV3<lmh(\x22`BIIj\
2+qd\x5c.`O?:]M[qhn\
X\x5cQ_6TZ2;:I`9[OO\
\x22;A?-'>90#Hl>A2O\
37T&\x2226hZcWjDV;W\
)IGVr,D=75\x22;dqB:\
S7#>#Vf/GmbJIaH\x22\
hjkh-?Ed>h(47qBi\
:bM9E\x22$N2,E(43#V\
=Wtr8C45P:-=g>G/\
Js%&gF%Cm%@WN_9$\
fWnN6NZJ.C`9q7T>\
;G/2`,rEJCG9q`@6\
$ab^[62V2*I[kKS0\
`U#7^m2.WcDd.3IN\
qHeY:FH*/A3Xkrc8\
.5!JWP&IPc0'CTE0\
&XUpV3OtP[V4)_9t\
@==M6fOHE^p@IOo'\
DX0>Su_LCrnQa)4\x22\
mWgo@[$Mlidc1#Y*\
h?dFE)npX244<lUF\
(W,_-\x22JoITlohad!\
I+Bmm&r!#cO!GK?X\
g3@843km]9@F#^RO\
DW/#&fi:Z]C&pe\x5c5\
>=FS%66'BI=~>end\
stream\x0aendobj\x0a70\
 0 obj\x0a<<\x0a/Filte\
r [ /ASCII85Deco\
de /FlateDecode \
] /Length 589\x0a>>\
\x0astream\x0aGarW69ll\
dX&;KZOMESObX\x5c.T\
b4Z*nN1]<]GCM%V/\
Kpi0UA<@3rBDh)-L\
tHDg)+Lj3[-oWnMZ\
?M=nFt`>i4=H\x22[fV\
59U';47#`9_..Y9m\
9GWM6`QK0g!+A5kY\
;aGQ5c2G(f!`BRGd\
87%aM?@S8pQXXcgS\
?p1/oD@535@D?d@J\
XmV5\x5cp)],&!7SBs6\
rcoN!XA]h94;JUL&\
H.6NM+PcXuX*&n35\
!u.XI\x5cLWT8p/</.Y\
mJcfL'W^$ae/X@nm\
N4dm6\x22ZAoZFkd544\
EY#K^TY^47DkgWsE\
Y&A3EX2g\x22P3Wp@p/\
[[r5m:cc(#0fU3dd\
N*f\x5cJqKHNO5p4AVY\
-+/$pDr>h\x22eRS^d!\
W`m,2\x22F[Ob:fJkmD\
%K?[VEZ%A-YWS6r:\
?e291lE^/L<:\x5cH;4\
b$\x5c:p?a,&aHD5Ap?\
DJa\x22C_e8Z?NDo>3D\
J9VsP,n8Kj<JdA:&\
Zg>Y+YNiS4KmNLs\x22\
Y*6Z[e/O^:%A\x22nO/\
AWb4TU.WBq7P*Al?\
#g)l37\x22n_3\x5c`m%!@\
cE%5)jbahPI/BF6q\
@J_t,Dm]3=j,$I)(\
g&iJMg:h(&q56<+u\
jmh*\x22Fbh%9m2PH1N\
Bo3>51pC]XnA!Bc=\
q@/~>endstream\x0ae\
ndobj\x0a71 0 obj\x0a<\
<\x0a/Filter [ /ASC\
II85Decode /Flat\
eDecode ] /Lengt\
h 1950\x0a>>\x0astream\
\x0aGau`TgN)%,&:O:S\
m%]ce/AO?2Vl\x22X#-\
?\x5cWBR`TZk09EQ8?r\
<R(P#eZfmfK:5b)p\
5s2B@i1JH5FjG5&c\
l)#\x5cFNGHq?r21f1B\
F5S[0B#&i8LXD`52\
*1X/N&N+Of*N*Li=\
N90nQ<`o4kb(l3-M\
t8kRAp0\x22.$ludk_W\
W>7Din8^cF%(q@f2\
GHLN/pQaTKS=rE[G\
m:$*(d0f-5L@^W[:\
/-=eZs_tP\x22q;sSqQ\
%kd#V:R8iQLHDm@h\
U>fk)sK4TlWb\x5ce;>\
2-c$E=r,;]-rK^m-\
hNsSB2/GB3qMd`M;\
usB-l`O^K%ZN1*ej\
+Rc'bj]QJffW'6<!\
,70^Z)np+;#ZeLP3\
o/Q!jq8^]oB)Ntch\
r#=d$micuFU:rFU4\
P6cO:%lW@(6hPg\x22G\
5T9M7XM*;E0#jsea\
Mbac2Be:KjkWM\x5cFc\
S?M$b?HUcK9+q$SC\
'F>UP>d=L\x22SrMD#?\
?Z-:oPnn@b2<)Inl\
u7>2?AYkV:5c;Q8'\
\x22YfMJMnT1+\x5c>\x5cpg\x5c\
_I>hbag!j-.:_NTQ\
gbp\x22WH0md6.j-&&,\
;8(>-(pZ)T4j03cH\
`9)>=eQIr\x22t`Ahq>\
sJ-)p*ck5?#Ee>A\x22\
`o&4aNLUAC^.+JQm\
o]lME9$-,jIPJs2h\
HoPX,_b%(Yp46Msg\
B;f-lk_C$5HOJW:o\
IHc=Zb*+d/NT)R='\
T#)!`n`h1g\x22&-Z9g\
n%;qbT:Yo*E<nCcj\
q[73'k_/?M'J2^l.\
M`Q1O>CEWtPEBt'V\
)nA97]d>PeK?4T8H\
b!4h)5L_2u2g>>S6\
;L@e&UocW/p\x22q.4m\
Am(J0TOo]I;kS]<8\
p]SaYe:m`^NNO@:l\
`YnsnVQ+7pDSf&o!\
jD6oqEn;8Sd`du\x22g\
h\x5cq%hIG+sfK!t?&>\
t94h4j\x22S/)&GnmG8\
0)mKTf%)fF<aTN/\x5c\
aqFM]7@n\x22#^>4J;C\
b_Mt<SgE3DS@F-B:\
_QQ.*^oX7_WYp-.B\
2.r;YmMBC%&c)O.)\
fu90Ee[jt@PpM>83\
Oehfn@]3DiCh:$84\
O6#R0:n`bmn83q8o\
q++$8i20(_+:Bo=k\
)UA\x5cBhR2]NM\x22GB!Z\
diGP-LRMV5k()-bB\
XMIRql0?qRDd_&=Z\
KpDh;7\x5c;@AZ4,]_Q\
tr'^[AaX9GCr[\x5c1W\
u\x5ci(\x22M7Qlo6cioG_\
o'=S(@^,_!RQHq*\x22\
^j;gA@7BAZArToT>\
^+(Zo)$t=j/M%\x22Z@\
.lGGoB7.nM7h0p?2\
<Bnq\x5chYA@>K_Tni4\
Y\x22JOW\x5cWNQtIf(R/K\
n'eh1qE=#V^,%kD*\
-'`%h`3nfb@:]f&'\
:otiW[+%98n*f42)\
?fOID2-^^!\x22cR5En\
Jt(YRHTW*<Q3`lYm\
/XJV_][3S(/EdnnE\
I$Wm[@UMsfiM)Rd'\
WV_[]OdU1\x22_b3=TQ\
8+A2$;mefPj(goat\
,:TXunj;*f*PDF84\
nZ)\x22)L\x5c9<6V[4uk=\
p2nMSKUg6n@7Y2M4\
!CJV6\x22c&.`YR))jD\
pOO;OVsY!:Y'AYXt\
M>]\x5c/61ho\x22frJ'r-\
S4_=@o*-Z[Bm*?&R\
1.0(7:9\x5cRK\x22%$!^i\
#atdQbm\x22*`!m*ddD\
I!.#P,XTRgug,4)]\
0l2oLS]7X(=1XWoD\
oMp`e`!5f9%PdE8S\
YAABdL[k9I5\x5cRn4X\
i6W/aOJkLdW?eQ!I\
UojBi4,H<nCI!o;P\
t'kX),GEaq^<9ukc\
jMUW,0*d19Wrrsg$\
39\x22B;(%_\x22(6(th^g\
7G#e0Q;fEnCL4-<_\
lW$GK%5@4\x22U\x5cXgUg\
,^lSc4:-Tdt5(%nK\
(=NV8Z<4W]2EUcV6\
<ThD%l_P;p(/(BDp\
$I'qd9RL;:E,\x5c5jK\
YAA4AP^0I?0l.6g:\
@R2L,[^:>T[SA+Jb\
/-?\x22q-KaC&P=5Nq\x5c\
/OHE,`O<GM$d'ZkD\
SEaA;c#:I?OKkJ0`\
Bkhl\x22EMTpodOjGJ1\
uXc_jV[\x5cA#B:4N5N\
$<)QR'kch'!@lR5!\
`Jm]]_5>Wb<0Kb%<\
(0OO;<K]_]7-KM8T\
M(&K<@sFW'SmalU:\
$-P+ld>2raHt'\x22Jg\
,R=!**8[=RK`%iO&\
e78m2rWB@,n(%~>e\
ndstream\x0aendobj\x0a\
xref\x0a0 72\x0a000000\
0000 65535 f \x0a00\
00000061 00000 n\
 \x0a0000000116 000\
00 n \x0a0000000223\
 00000 n \x0a000000\
0418 00000 n \x0a00\
00000613 00000 n\
 \x0a0000000808 000\
00 n \x0a0000001003\
 00000 n \x0a000000\
1198 00000 n \x0a00\
00001393 00000 n\
 \x0a0000001588 000\
00 n \x0a0000001784\
 00000 n \x0a000000\
1980 00000 n \x0a00\
00002176 00000 n\
 \x0a0000002372 000\
00 n \x0a0000002568\
 00000 n \x0a000000\
2764 00000 n \x0a00\
00002960 00000 n\
 \x0a0000003066 000\
00 n \x0a0000003262\
 00000 n \x0a000000\
4034 00000 n \x0a00\
00023500 00000 n\
 \x0a0000023759 000\
00 n \x0a0000025092\
 00000 n \x0a000002\
5179 00000 n \x0a00\
00025460 00000 n\
 \x0a0000025535 000\
00 n \x0a0000025665\
 00000 n \x0a000002\
5771 00000 n \x0a00\
00025890 00000 n\
 \x0a0000026037 000\
00 n \x0a0000026130\
 00000 n \x0a000002\
6242 00000 n \x0a00\
00026349 00000 n\
 \x0a0000026491 000\
00 n \x0a0000026608\
 00000 n \x0a000002\
6714 00000 n \x0a00\
00026820 00000 n\
 \x0a0000026977 000\
00 n \x0a0000027094\
 00000 n \x0a000002\
7208 00000 n \x0a00\
00027317 00000 n\
 \x0a0000027428 000\
00 n \x0a0000027571\
 00000 n \x0a000002\
7683 00000 n \x0a00\
00027790 00000 n\
 \x0a0000027941 000\
00 n \x0a0000028044\
 00000 n \x0a000002\
8164 00000 n \x0a00\
00028268 00000 n\
 \x0a0000028436 000\
00 n \x0a0000028536\
 00000 n \x0a000002\
8643 00000 n \x0a00\
00028733 00000 n\
 \x0a0000028866 000\
00 n \x0a0000028979\
 00000 n \x0a000002\
9086 00000 n \x0a00\
00029242 00000 n\
 \x0a0000029548 000\
00 n \x0a0000031047\
 00000 n \x0a000003\
3023 00000 n \x0a00\
00035051 00000 n\
 \x0a0000035969 000\
00 n \x0a0000038040\
 00000 n \x0a000003\
9020 00000 n \x0a00\
00041099 00000 n\
 \x0a0000042612 000\
00 n \x0a0000044386\
 00000 n \x0a000004\
6564 00000 n \x0a00\
00047330 00000 n\
 \x0a0000049423 000\
00 n \x0a0000050103\
 00000 n \x0atraile\
r\x0a<<\x0a/ID \x0a[<e4b5\
1ca2b42dfaf2a361\
7dc64a2ce672><e4\
b51ca2b42dfaf2a3\
617dc64a2ce672>]\
\x0a% ReportLab gen\
erated PDF docum\
ent -- digest (o\
pensource)\x0a\x0a/Inf\
o 24 0 R\x0a/Root 2\
3 0 R\x0a/Size 72\x0a>\
>\x0astartxref\x0a5214\
5\x0a%%EOF\x0a\
\x00\x00\xfe\xbf\
%\
PDF-1.4\x0a%\x93\x8c\x8b\x9e Re\
portLab Generate\
d PDF document (\
opensource)\x0a1 0 \
obj\x0a<<\x0a/F1 2 0 R\
 /F2+0 22 0 R /F\
3 17 0 R\x0a>>\x0aendo\
bj\x0a2 0 obj\x0a<<\x0a/B\
aseFont /Helveti\
ca /Encoding /Wi\
nAnsiEncoding /N\
ame /F1 /Subtype\
 /Type1 /Type /F\
ont\x0a>>\x0aendobj\x0a3 \
0 obj\x0a<<\x0a/Conten\
ts 57 0 R /Media\
Box [ 0 0 612 79\
2 ] /Parent 56 0\
 R /Resources <<\
\x0a/Font 1 0 R /Pr\
ocSet [ /PDF /Te\
xt /ImageB /Imag\
eC /ImageI ]\x0a>> \
/Rotate 0 /Trans\
 <<\x0a\x0a>> \x0a  /Type\
 /Page\x0a>>\x0aendobj\
\x0a4 0 obj\x0a<<\x0a/Con\
tents 58 0 R /Me\
diaBox [ 0 0 612\
 792 ] /Parent 5\
6 0 R /Resources\
 <<\x0a/Font 1 0 R \
/ProcSet [ /PDF \
/Text /ImageB /I\
mageC /ImageI ]\x0a\
>> /Rotate 0 /Tr\
ans <<\x0a\x0a>> \x0a  /T\
ype /Page\x0a>>\x0aend\
obj\x0a5 0 obj\x0a<<\x0a/\
Contents 59 0 R \
/MediaBox [ 0 0 \
612 792 ] /Paren\
t 56 0 R /Resour\
ces <<\x0a/Font 1 0\
 R /ProcSet [ /P\
DF /Text /ImageB\
 /ImageC /ImageI\
 ]\x0a>> /Rotate 0 \
/Trans <<\x0a\x0a>> \x0a \
 /Type /Page\x0a>>\x0a\
endobj\x0a6 0 obj\x0a<\
<\x0a/Contents 60 0\
 R /MediaBox [ 0\
 0 612 792 ] /Pa\
rent 56 0 R /Res\
ources <<\x0a/Font \
1 0 R /ProcSet [\
 /PDF /Text /Ima\
geB /ImageC /Ima\
geI ]\x0a>> /Rotate\
 0 /Trans <<\x0a\x0a>>\
 \x0a  /Type /Page\x0a\
>>\x0aendobj\x0a7 0 ob\
j\x0a<<\x0a/Contents 6\
1 0 R /MediaBox \
[ 0 0 612 792 ] \
/Parent 56 0 R /\
Resources <<\x0a/Fo\
nt 1 0 R /ProcSe\
t [ /PDF /Text /\
ImageB /ImageC /\
ImageI ]\x0a>> /Rot\
ate 0 /Trans <<\x0a\
\x0a>> \x0a  /Type /Pa\
ge\x0a>>\x0aendobj\x0a8 0\
 obj\x0a<<\x0a/Content\
s 62 0 R /MediaB\
ox [ 0 0 612 792\
 ] /Parent 56 0 \
R /Resources <<\x0a\
/Font 1 0 R /Pro\
cSet [ /PDF /Tex\
t /ImageB /Image\
C /ImageI ]\x0a>> /\
Rotate 0 /Trans \
<<\x0a\x0a>> \x0a  /Type \
/Page\x0a>>\x0aendobj\x0a\
9 0 obj\x0a<<\x0a/Cont\
ents 63 0 R /Med\
iaBox [ 0 0 612 \
792 ] /Parent 56\
 0 R /Resources \
<<\x0a/Font 1 0 R /\
ProcSet [ /PDF /\
Text /ImageB /Im\
ageC /ImageI ]\x0a>\
> /Rotate 0 /Tra\
ns <<\x0a\x0a>> \x0a  /Ty\
pe /Page\x0a>>\x0aendo\
bj\x0a10 0 obj\x0a<<\x0a/\
Contents 64 0 R \
/MediaBox [ 0 0 \
612 792 ] /Paren\
t 56 0 R /Resour\
ces <<\x0a/Font 1 0\
 R /ProcSet [ /P\
DF /Text /ImageB\
 /ImageC /ImageI\
 ]\x0a>> /Rotate 0 \
/Trans <<\x0a\x0a>> \x0a \
 /Type /Page\x0a>>\x0a\
endobj\x0a11 0 obj\x0a\
<<\x0a/Contents 65 \
0 R /MediaBox [ \
0 0 612 792 ] /P\
arent 56 0 R /Re\
sources <<\x0a/Font\
 1 0 R /ProcSet \
[ /PDF /Text /Im\
ageB /ImageC /Im\
ageI ]\x0a>> /Rotat\
e 0 /Trans <<\x0a\x0a>\
> \x0a  /Type /Page\
\x0a>>\x0aendobj\x0a12 0 \
obj\x0a<<\x0a/Contents\
 66 0 R /MediaBo\
x [ 0 0 612 792 \
] /Parent 56 0 R\
 /Resources <<\x0a/\
Font 1 0 R /Proc\
Set [ /PDF /Text\
 /ImageB /ImageC\
 /ImageI ]\x0a>> /R\
otate 0 /Trans <\
<\x0a\x0a>> \x0a  /Type /\
Page\x0a>>\x0aendobj\x0a1\
3 0 obj\x0a<<\x0a/Cont\
ents 67 0 R /Med\
iaBox [ 0 0 612 \
792 ] /Parent 56\
 0 R /Resources \
<<\x0a/Font 1 0 R /\
ProcSet [ /PDF /\
Text /ImageB /Im\
ageC /ImageI ]\x0a>\
> /Rotate 0 /Tra\
ns <<\x0a\x0a>> \x0a  /Ty\
pe /Page\x0a>>\x0aendo\
bj\x0a14 0 obj\x0a<<\x0a/\
Contents 68 0 R \
/MediaBox [ 0 0 \
612 792 ] /Paren\
t 56 0 R /Resour\
ces <<\x0a/Font 1 0\
 R /ProcSet [ /P\
DF /Text /ImageB\
 /ImageC /ImageI\
 ]\x0a>> /Rotate 0 \
/Trans <<\x0a\x0a>> \x0a \
 /Type /Page\x0a>>\x0a\
endobj\x0a15 0 obj\x0a\
<<\x0a/Contents 69 \
0 R /MediaBox [ \
0 0 612 792 ] /P\
arent 56 0 R /Re\
sources <<\x0a/Font\
 1 0 R /ProcSet \
[ /PDF /Text /Im\
ageB /ImageC /Im\
ageI ]\x0a>> /Rotat\
e 0 /Trans <<\x0a\x0a>\
> \x0a  /Type /Page\
\x0a>>\x0aendobj\x0a16 0 \
obj\x0a<<\x0a/Contents\
 70 0 R /MediaBo\
x [ 0 0 612 792 \
] /Parent 56 0 R\
 /Resources <<\x0a/\
Font 1 0 R /Proc\
Set [ /PDF /Text\
 /ImageB /ImageC\
 /ImageI ]\x0a>> /R\
otate 0 /Trans <\
<\x0a\x0a>> \x0a  /Type /\
Page\x0a>>\x0aendobj\x0a1\
7 0 obj\x0a<<\x0a/Base\
Font /Courier /E\
ncoding /WinAnsi\
Encoding /Name /\
F3 /Subtype /Typ\
e1 /Type /Font\x0a>\
>\x0aendobj\x0a18 0 ob\
j\x0a<<\x0a/Contents 7\
1 0 R /MediaBox \
[ 0 0 612 792 ] \
/Parent 56 0 R /\
Resources <<\x0a/Fo\
nt 1 0 R /ProcSe\
t [ /PDF /Text /\
ImageB /ImageC /\
ImageI ]\x0a>> /Rot\
ate 0 /Trans <<\x0a\
\x0a>> \x0a  /Type /Pa\
ge\x0a>>\x0aendobj\x0a19 \
0 obj\x0a<<\x0a/Filter\
 [ /FlateDecode \
] /Length 887\x0a>>\
\x0astream\x0ax\x9cm\xd6Mo\xeaF\
\x14\xc6\xf1=\x9f\xc2\xcbV]\xc0\xbc\x9c\x19[\x8a\x90\
HH\xa4,\xfa\xa2\xa6\xea\x9e\x0b\x93\x5c\xae\x1a\x83\x0c\
Y\xe4\xdb\x97\xe7\xfc\xad[\xa9-R\xa2\x07<c\xff\
\xe6\xc5\xc7^><o\x9f\xc7\xe3\xb5[\xfe6\x9d\xf6\
/\xed\xda\xbd\x1e\xc7\xc3\xd4.\xa7\x8fi\xdf\xba/\xed\
\xed8.B\xec\x0e\xc7\xfdu\xfe\xe6\xff\xf7\xef\xbb\xf3\
by\xeb\xfc\xf2y\xb9\xb6\xf7\xe7\xf1\xf5\xb4\xb8\xbb\xeb\
\x96\xbf\xdf\x0e^\xae\xd3g\xf7\xc3\xc6??m\xdb\xb7\
\xdd\x9f\x1f/\xbb\xf1\xf2\xe3b\xf9\xebth\xd3q|\
\xfb\xff\xa3/\x1f\xe7\xf3_\xed\xbd\x8d\xd7n\xb5X\xaf\
\xbbC{\xbd]\xe2\xe7\xdd\xf9\x97\xdd{\xeb\x96\xff\xe9\
\xf2O\x83?>\xcf\xad\x8b\xfe=\xa0\xdc\x9f\x0e\xedr\
\xde\xed\xdb\xb4\x1b\xdf\xda\xe2n\xb5Zww\xc3\xe3z\
\xd1\xc6\xc3\xbf\x8e\x05\x1b\xe8\xf3\xe5u\xffu7\xcdm\
W\xb7\xcf\xfa\x96\x83r\x0eY9zN\x8f\xca\x89\x1c\
\x94\xb3\xe7\xec\xed\x8d\xdf\x9f\x94\x0b\xb9(W\xb2\xb7\xe9\
\xc9\xf7\xca\x039*o8\x8f\xe7{\xf2\x83\xf2\x03\x06\
\xbf\xee\x96\xdf\xfd\xfc\x8f\xf4\xdd(?\x91\xd3-\x87\x15\
\xd9\x94\xf1'\xf9\xc3\xec\xdf*\xcf\xfe\xaa<\xfb=\xe3\
\xcf\xde\x06\x7f\xf6s\xe2\xcf\x1ao\xc0\x1f\xbc\x0d\xfe\xac\
\xb1\x04\xfcA\xb6\x80?\x0d\xca\xf8\xa3\xf7\xc5\x9fze\
\xfc\xd93\xfe,sd\xfe\xa3\xe6*\x06\xb2\xfa\xc6H\
\xd6\xfc\xc4D\x96-f\xb2\xc6\x18\x8d\xec\xe7)d\xcd\
\x7f\xacd\x8d1\xf6d]7\x0ed9\xe3\x86\xac\xf9\
\x8c\xf7d\x8d+>\x90\xb5\x16qK\xd6\xd8\xe3#Y\
\xeb\x12\x9f\xc8\x1a{\xc2\xefk\x9d\xf0\xfb>I\xf8}\
\xad\x13~_\xaf\x84\xdf\xd7(\xe1\xf7\xb5K\xf8}\xff\
$\xfc\xbe^\x09\xbf\xcfa\xc2\xef\xf3\x9c\xf0\xfb~H\
\xf8}\x8f%\xfcI\xfe\x84\xdf\xf7@\xc2\xef\xfb9\xe1\
\xf7}\x9b\xf1\xfb~\xce\xf8}\xdd3~\xdf\x9f\x19\xbf\
\xef\x8d\x8c?\xcb\x9f\xf1\xfb:f\xfcY\xfe\x8c\xdf\xf7\
X\xc6\xef\xeb\x9e\xf1g\xf93\xfe,\x7f\xc6\xef\xfb*\
\xe3\xf7{!\xe3\xf7\xfd\x99\xf1g\xf93~\xbf/\x0c\
\xbf\xc9o\xf8M~\xc3o\xf2\x1b~\x93\xdf\xf0\x9b\xfc\
\x86\xdf\xe47\xfc&\xbf\xe17\xf9\x0d\xbf\xc9o\xf8M\
~\xc3o\xf2\x1b~\x93\xdf\xf0\x9b\xfc\x86\xdf\xe47\xfc\
&\xbf\xe17\xf9\x0b\xfe\x22\x7f\xc1_\xe4/\xf8\x8b\xfc\
\x05\x7f\x91\xbf\xe0/\xf2\x17\xfcE\xfe\x82\xbf\xc8_\xf0\
\x17\xf9\x0b\xfe\x22\x7f\xc1_\xe4/\xf8\x8b\xfc\x05\x7f\x91\
\xbf\xe0/\xf2\x17\xfcE\xfe\x82\xbf\xc8_\xf0\x17\xf9+\
\xfe*\x7f\xc5_\xe5\xaf\xf8\xab\xfc\x15\x7f\x95\xbf\xe2\xaf\
\xf2W\xfcU\xfe\x8a\xbf\xca_\xf1W\xf9+\xfe*\x7f\
\xc5_\xe5\xaf\xf8\xab\xfc\x15\x7f\x95\xbf\xe2\xaf\xf2W\xfc\
U\xfe\x8a\xbf\xca_\xf1W\xf9{\xea\xa7\xd7\x87\x9e\xfa\
\xe9\xb5\xa8\xa7~\x06\x19z\xea\xa7\xef\xed\x9e\xfa\xe9\xb5\
\xa8\xa7~z\x9d\xe9\xe7\xfa\xaf\xeb\xf6\xd4\xcf\xe0m\xa8\
\x9f~\xbf\xf4\xd4\xcf\xa09\xe9\xe7\xfa/OO\xfd\x0c\
n\x98\xeb\xa7\xcc=\xf5\xd3k`O\xfd\x0c\x1aoO\
\xfd\x0c\xba\xd6 \x7f\x5c\xf93k\xc0\xef\xfb\x7f\xc0\xef\
\xf7\xda\xc0\xfco4?\x03\xf3\x7f\xef\xd9\xbc\xaf\x9f\x7f\
\xc0\xef5m\x98\xfdZ\x97a\xae\xff\xde~\xf6k\x1e\
\x86\xb9\xfe\xfb\xb5\xf0{M\x1ef\xbf\xf7\xc5\x1f4\x9f\
\xc3\x5c\xff7\xfeT\x9e\x9f\xbez>\xeb\xdd\xe2\xfbs\
\x7f\xff1M\xb7W\x02\x7f\x01\xf1\x87\xbd\x1e\xf3\xc7\xb1\
}\x7fG9\x9f\xce\xea\xa5\xbf\xbf\x01\xad-\xeaUe\
ndstream\x0aendobj\x0a\
20 0 obj\x0a<<\x0a/Fil\
ter [ /FlateDeco\
de ] /Length 230\
12 /Length1 4246\
8\x0a>>\x0astream\x0ax\x9c\xc4\xbd\
y`\x15E\xb60^U]\xbd\xde}\xcbz\x93\xdc\
\xe4f%@BB\x80@\x846B\x04D\x89\x0a\x11\
P0laQ\xd9wP6I@\xc0\x00!l\xb2\
D\x04$\x111 \x83\x09\x06\xd7 B\xc0q\x86\xa0\
\x83\xe0\xb8\x80\x82cD\x9e\x1f\x8e\x08\xb9\xcdw\xaa\xfb\
&\x04g\xe6\xbd\xf7\xfd\xfe\xf9q\xe9\xdb\xd5}\xbb\xab\
\xea\x9c:{\x9d\xaa \x8c\x10\xb2\xa0E\x88C\xf9\x03\
\x1fM\xcb\x18\xdaaV\x07\xb8s\x01\x8e\x82\xd1\xcf\x8c\
\x9c\x1267\xfcW\x84pg8\x06\x8d\x9e5\xc3\x87\
&De#D\x96\xc3\xb5V4e\xdc3S;\xcf\
\x9a\x88\x10\x85k\xf4\xda\xb8\xa7\xe7\x169#olC\
\x88\x87\xe7\x87^\x18?v\xe4\x18t\xf3\xe1I\x08=\
i\x87\xdf\xbb\x8c\x87\x1b\xe6\x1a\xe1\xbf\xe0\xba/\x5c\xc7\
\x8f\x7ff\xc6\x9cv\xbb\x87|\x0b\xd7OC\x9dK\x9e\
\x9e<z\xe4\xe1\x05'w!4\xf2\x1a\xd4\xdf\xfb\x99\
\x91s\xa6\xf0Va*B\xa3\xa1>\xe4\x9b4\xf2\x99\
\xb11O?X\x01\xd7\x83\x10\xbaG\x9a2y\xfa\x8c\
\xdb\x8b\xd10\x84*\x9e`\xbfO\x996vJ\x0f\x11\
\xaaG\x15\x0b\xa0\x0f\xe3\x11\xa6V\xbc\x06\xf1P\xce\xe4\
7C\x8d\xd1\xc6\x99\xfb\x1c\x15\x11'\xb4h\x128N\
\xa2\x84\xd0\xcbh\xd2\xed\xbf\xa2\xc0m%\xbe0\x85\x22\
\x9f9\xbf\xa8\xcf\x18\xa4\x22\xdf\xed\xdb\x82[s\xe3-\
\xe23\xf8b!\xc2\xb7\xbf\xba\x8d\x8c\x7f\x18a\xfdl\
F\x02\xee\xab\x97v\xe8w\x09\xe0\x91B\x8b\x02\x12\x91\
\x84d\xa4 \x13<cAVdCv\xe4@N\xe4\
Bn\xe4A!(\x14\x85\xa1p\x14\x81\x22\x91\x17E\
\xa1h\x14\x83|(\x16\xc5!?\x8aG\x09(\x11%\
\xa1d\x94\x82\xda\xa1T\xd4\x1eu@\x1dQ\x1aJG\
\x9dP\x06\xcaD\x9dQ\x16\xea\x82\xba\xa2n(\x1bu\
G=P\x0e\xba\x07\xf5D\xbd\xa0\xbf\xf7\xa2\x5ct\x1f\
\xea\x8d\xfa\xa0<t?\xea\x8b\xfa\xa1\xfe\xe8\x014\x00\
=\x88\x1eB\x03Q>z\x18=\x82\x1eE\x83\xd0`\
T\x80\x1eCC\xd0P\xc0\xdd\xe3\xe8\x094\x1c\x8d@\
O\xa2B4\x12\x8dB\xa3\xd1\x184\x16\x15\xa1qh\
<\x9a\x80&\xa2\xa7\xd0\xd3\xe8\x194\x09MFS\xd0\
T4\x0dMG3\xd0L4\x0b\xcdFs\xd0\x5c4\
\x0f\xcdG\x0b\xd0\xb3\xe89\x80~!P\xd1b\xb4\x04\
-E\xcf\xa3e\xa8\x18\x95\xa0\xe5h\x05z\x01\xadD\
\xab\xd0j\xf4\x22*Ek\xd0Z\xb4\x0e\x95\xa1\xf5\xa8\
\x1cm@\x1b\xd1&\xb4\x19mA/\xa1\xadh\x1b\xce\
B5\xa8\x01>\xef\xa3*\xb4\x15\xef\x81\xab\x22\xa8s\
*\xdc\xa9 \x07\xa1\xbe\x99p\xe7C\xdc\x80W\x90\x0e\
po\x0f\xba\x86\xce\xc0\x93%\xa8\x81\xab\xa2\x08\xf7\x07\
\xbc4\xc0\xf3\xe7x\x82\xae\xe3A\xe8\x10\xd4\x91\x8d\xdd\
8[\x14(\xa2\x0f\xd1C\xf4\x11ZC/\xd3\xd3\xa8\
+\x9dNO\xd3B:\x1dgr;\xf9\x02~\x0f\x1c\
\xd9\xdc1\xa0\x87\x130\x065\xf8+\x80\xf0\x08\xf7\x03\
\x97\xc9\xd5\xd1\xde\xd4\x8a\xbe\xe2NsU\xe8;h\x85\
B\xfd\x0d\x00\xc5.\x80\xb9\x06\xb9\xf1d\xb4\x90\xcc'\
\x8f\xc0\x9d\xe3\xfci\x80c\x0b\xe0\xa8\x01\x9d\xc6\xdb\xf1\
\x19\xe8\xdd\x11\xbc\x14\x9dE\x9b8J\xfa\xa2\xed\xf8,\
\xc0\xd5\x80\xfe\x89\x96r\x83\xc8B\xa0\xc0LR\x04\xfd\
?\x0eu\x9d\x86\xf7\xb7\xa0\xe9@4g\xb1\x824\x92\
\x0a\xf7\xa0\xf7\xd0\xd6(\xfd;\x8a\xeb\xc0\x9f\xd5?\xd7\
\x00\xc3\xf3a\xf4v\x095\x82[\xf4C+\x0cc{\
\xf0\x87\xb8I(C\x15\xe8\x0c\xf7\x047\x95;\x8f\x97\
Q?\xddK\xfb\xa2R\x03\x03\x5c!*\x85\xba\xb7\xb0\
w\x84\x22<\x17`g\x9f\xf9\xacv2\x9b\x16\xe2*\
\xf4\x03-\x14GA\xdd\xc7\x18D\xd0\xe6!\xf2\x08@\
T\x84\xea\xe0\x98-\xd8\x01\xa6\x1ex\x19\xb7\x02z\xca\
~\x8dB\xa7\xc5\xfe4\x0d\xde\x87\x1a\xc4g\x01j\x84\
&sY@+\x93\xe1\xf7\xfd\xe8 \xea\xc0m@\xa5\
P\x93\x0e\xaf\xd0\x95\xff'\xbc\xb9\x95~\x030\x97\xe2\
\xd5\xe4\x9f\xe84\xd7\x1bh\xbb\x88^\x05\x5c\x03;\x00\
-\xa0\xb7D\x81\xa7\x1c\xc1\xa8\xbd\xcf^M\x12\xfa\x8d\
\xa9V\x1f\x1e\xe2\xfbxhl\x87\xf6\x7f\xb8\xf4\xd9E\
_5\xca\xaf\xb6\xcc\xf5\xd5\xdc\xbe\x9d?\x84F\xf2C\
\xabyo5\x97 U\xd3\x04\xff7\xff\xe9\xc7o:\
\xb4\x7f \x7f\x88\xaf:\xd0\xa7w\xb0\xd6>\x85\xbd\xe1\
\xde\xa3C\xa0\xc8\xae\xe06\xdc\xef\xd3[\xff\x8d5Z\
\xcd'\xc0\xff~\x85\xd5\xbe\xd1\xe3}/\xd8_\xf0w\
\x7f\xc1>\xb6;\x88G\x82\x8a\xb4\x0d\xb4\x88\xdf\x05\xdc\
.\xa2\x08\xd5Lo!\xe1\x16\x96\xf8\x85\x84\xa2\xb4\xfa\
\xc6\xa6N\xc8\xde\xd8\xd4\xd8\x94\xeer\xc4:\x12b\x1d\
\xb1E\x145O\xe7\x22\x9b\xbf\xd36\x88\xd6\x1b\xbfL\
\x13R\xa0\x8e\xb1\xda\xbb\xfcy\xfe,\xd4\x10\x8a:\xab\
6\xe2\xb5\xba\xca\xc3\xed\xa1\x9c\xd7\xe2.\x0f\x0d\xb3_\
\x80\x0a\xec\x8d\xa7\x9as\xa06\xd5\xc4\x95[\x16;C\
l(\xb4\xdc\x9d\xd6\x94\x91q*\xe3zS:\xab\xd9\
c\xe7\x04\xbeKWg8\x8eud:\xfc\xd0\x9e\xdf\
\x81\xcf\x90\xf5Z\xe4\x94P\xed@q\xe2HnNU\
\xd5\xad\xbfWU\xd1\xc5\x8d\x9aE\xfbS\xef\xd4^s\
pg\x92\x88#n\x9e\xd5<\xf8^\xed]\xfc\xe3\xed\
\xdbh\xea\xed\x8bt&\x9d\xef\x14\xf4\xd1$h\x0a\x5c\
/\x14\xba\xc2X\xa7\xa0\xee\xaa\xd5\xe5N\xed\x93\xe4\xe4\
\x1e\xf6\xc6:\xe5>\xed\xec\xcdM\xd0|Sc=t\
\xcc\x11R\xe9\xd8\xd8.\xbeV\x88\xae\x95\xbd\xa8FX\
\xd5\xce~\xe9zvv\x93\xfd\xaa\x1dz\x883\x90\xc3\
\x8e\xfcq\x88KJ\xcc\xea\xdc\xb5K|B\x97\xae\xa1\
\x82\x0d\x0b\x22|u\x09\x8d\x13<\xee\x90\xcc\x8c.Y\
\x9d\x13\xc9\xb3\xd7\xb0S\xbbz\xed\xbf\xb4\x7f\x02%t\
\x7f\x1c(N\x9a\xd7%\xb3S\x87\x9b\xcf\x0d8\xee\x12\
\x97\x9cY\xbf\xef\xb5\xf2\xb2}\xfb\xe8|\xedc\xadI\
\xfbI;\x8e\xd3\xb1\xf7\xbb\xd9)\x15\xb3j+\x08v\
\xacsc\x87\xdc~\xe6\xe6n\xb3\xb7^>q\xe2\xf2\
\x95\x8f\x8f\xff\x80\x00\xae#Z\x01\xdd\xa5\xc35E\x97\
\xcfG@W-\xa6\x85\x80\xf3\x18\xd5N+\xc5:\x22\
p\x92\x9c\x87\xa8$\xe6I\x00Wc\x13`;-\x87\
u=\x88L\xba\xb86\xf0Z--\xbcU\xc1\x9dn\
\xce\x84W\xf5z\xf2\x10\x12~\x86\x0b\x17\xda\xa4\x9a$\
\x1eSA\xc6\x92\x19\xb9\xed\x17r\x9a2\x1a\xeb\x1d\xd9\
\xd9\x0c7\xb9\x16\xb3\xdd%\xc9<\x91\x9c\x1c\xaa\xb3)\
BZ\x0e\xfc\x9c\x11\x9a\x9d\x0eT\xa7\x86\x88\x0eAr\
\xf02\x15x\xceA\x89\x83\x97d\x99\xc2G\xb4\xe7\xe4\
\xd0\x9f\xec\xfcO\xa2d\xff\x89\xb7\xff4\x14\xab.\x0b\
\x96\xacX\x04\xc4\xd91\xef\xc0\xd4\x899d\xef\xd7\xfd\
\xce\x07\xa9\x92\x8b\xd8y\x8bd\x96\xed9\xc6\x07g:\
p\xa6\x8c\xfdX\x04(\x92\xb0_\xc6\x99\x98\xeb\xf5\x16\
\xfe\xe13m\x12>uL+y\xfb\xad\xb7\xb5\x92c\
\xf8\x946\xe93\x0c\x12 \xf0\x0b\xb1j\x0f\x07\x06\x92\
.'\xb42\xfc\xcc\x89\xc0Ir\x00\xbf\x11\xf8\x051\
<\xce\x07z\xe8\xa0\xe3q\xa4\x0e\xff\x00\xc0\xe3t\x80\
\xdf\x86\xe2U\xc5\x91\xa7H\xa2I\x12\xb0\xdd\xde\xd8h\
\xa0\xf0-S\xa5P\x87+\x91\x9c\x96\xd3\x04\xc8\xcc\xcc\
\xea\xd2\xb5\x8b#\x8b\xe1\x13(V\x14\x06\x1c\xee\xd6\x9b\
\xfcZ\xa3\xcd\x1f2b\xb3\xf7\xb9\x03\xf8\xd8[\x0c\xbd\
\x93\xb5\xfc\x0f\xfe\xcc\xf0\xcb\xe9\xe3\xd4\x13\xea\x97@g\
\xfaP\x9aj\xb1:C\xe2x\xa7\x17\xc9\x923/\x96\
\x11`c\xd3\xa9F\x9d3P\xa5\xe2\x93+\x9d\xd0\x9a\
/\x0d\xda\x02\xc6\x83\xb1\x8b\xd5\x89\xca\x8f\x1d\x06u\xf9\
\x13b3B<nA\x8c\xc6\xf0\xed\x8f\xc5\xd3\xb0\xf0\
\xdc\xf3\xcf?\xa7\xdd\xfce\xfc\xf3\xcf\x8f\xd7\x0a\xf0\xe1\
c\x8dOO\x5c\xb8\xea\xf2gZ6\xa1Z\xe9\x93\xc3\
\x86\x8d\xc0'\xb4\x93\x8f\xf6\xef?\xb0l\xcd\xb2qs\
ma\x9b\xa6m\xd8\xa5\xc3\x9e\x03}{F\xa7!\xef\
a\x19s\x92\x80$\xfb\x85\xc6\xe6\x0b\xa7:\xa1?q\
b%\xaa\xe3\xd3\xae7e\xa4\xbbb=:\xbc9\xb4\
\x93\x96\xfb'-\x97\x16\x965gr\xa7\x91\xce_w\
\xe0s\xa1\x04\xd5\xe4\xe9\x83\x9c6\xde\x04\x94\xe86`\
c(\xa4\x95&\xb9\x8e\xaft\xa55]b0\x01\x14\
\xb1\x0c.\x18W\x03\x18\x7f,7o)\x80\x00\xa0,\
\x0d\xa8\xb5\xd8\xfa\xd9e\xd6}<`\xd8\x08\x00\x80\x9b\
\xa4u}e\xef^\xd6e\x18\xbf\xe9\xb7/\xf2\xe7\xf8\
k0~\x03\xf5\xf6g@\xfbqz\xfb!(G\x95\
\xdd\xbc\x04\xb6\x89l\x09\xb57\xd6\xc3\x00f0\xbc\xe6\
\x0a\x95\xf6:\xd9S\xc9\xb9`\x10A\x14\xc10\x02\xd5\
\xbe\xe5q(!\x0eY\x91y\xd1\xdedo\x1a\x8a\xdd\
!=\x80U\xe2\x80\xfe;\xe2\xac\xce]2\x19\xcc~\
\x8c\xe7-\x9a}\xe3\xc6\xecE\xd0\xbb\x82\x19[>?\
\x87\x0f\xd7~\xa7\x1d\xe6\xa2\x1e\x1d\x81G>\xd1\x5c\x8a\
\x7f\x8cXQ\xba\xf3\xe5[\x15\xf8\x9c\x96\xd4\xc2\x97k\
\xa1?&4\xf4\x0e?\xa1<\xb3\x8e\x8d ;\x99r\
\x19+Q\xe0$\xc6HM\xff\xcfl\xe4j\xc3\x10G\
\xde\x22\xe2\xb7\xda |\xf1\x13m\xfa\xb1\xb7\x82\xc4?\
0\xf00\xc9\xfaX+3\xfa\xc3}\x0a\xfd\xe1Q\xf8\
a\x91P\x09\xe7\x09\xf6f}\x88\x0f\xd1J\x5c\x87\xd2\
\x18Q;\xd8\x08\x1f\xe1B\x02\xaf\xe8c\x8b\x82rt\
\xa1\xce'cu<?\xa5}\xc7GA=\x02\xe0\x99\
\xc9x\xc9\xe2\xac\x0c\xb3\x85p\x92\xd9U\x19\x12\x1a\x94\
\xf1\xf5-2\xbe\xd2\x5c\xe7\xf0XQ\x08\x1b\xf3\xbbd\
\xbc\xc8\x07\xf9\xa7U\xc4\xbfMB\xb4ggi\x7f{\
<y\x14\xf9\xb5\xac\xacyFY\x19\xd7}\x956\xe6\
B\x97\xe4\xc1gpecs\xa6\xf6\x08\x8e\xd4\xbe\xc3\
\xfb\xef\x92{&\x94\xa4\xba\xe5JPSu\xa2\xc9\x92\
'Q\x89\xbf\x83\xe8\x0bM\x19\xba\xf4\xbb\x04\xa5t\xc0\
VksGj\xc9\xe0ZC\x0cj]\xf1\x89[\x15\
\x84\x06\x9a\xf5z\x97\xdd\xbe\xc8}L\x17\x80\xad\xfa\x90\
j\x0aw&\xb6\xb3;9\x8fOI\xb1_\xa8\xafo\
\xe1\xd0\x10_q\xccro\xad\xbf&\xc5]\xe9I\x91\
\x8b\x95\xe5\x96ZaU\x8a\xfdzs\xb5\xf9\x81\x87\x87\
4G^\x1f\xca\xb8\xf6\xae\xebt\xcc8\x95\xfa\xe3\x12\
\x93\xb2\xa2\xb1\xc1\xc4\xa98+\xc8\xcdq\x82\x98\xd5\x13\
\xee2. \x1f,xA\xd3\xae\xe6W\x0e\xbb\xbfj\
\xf8\xc6\xca\x0d+\xd6\xbf4\xa3d\xe5\xec\xfb_\x1e9\
\xaaj@\xfd\xc59\xe4\x89\xb0uO\xbf~\xd8\xeb}\
-!a\xca\xb0!Om\x1a\x9a\xa7>\x11\x11\xf5j\
X\xd8\xb6\xd5\xc3\x173\x18\xc0\xfa\x00\x1b\xb1\x10$M\
\x0f\xd5A*-6\xb1\x0e\xb9\xf2\xb0M\xb2K\x92\xe8\
\xd4\xc7H\xc7\xcb%\xe0\xcbjTM\xfc\xfd\xaa-\xd5\
6\x7f\xbfG\x86\x1c \x96\x9a\xdb\xefU\x93\xd0nC\
\xd3a\x9c\xe2@\xc9\x01\xca\xdc\xa1!\x99\x0cu\x5c_\
\xadrs\xd1\x135\x9d\xb3\xc6\xe3\x94\x1a\xfc\xf9\x93\x05\
5\xd8\xab\xfd:\xb3G\x0f\xfc\xcf[\x15\x86\x1e\x01z\
\xe1.\x83-\x16\x86\x1eTe^r\xba\xfa\x8aV\x14\
\x0eZ\xe4\xd4u\x9d\x0bC\xad\xc5\x96\xe5\xa6\xb0b\xb4\
\x9c\xd4\x86\x88\x95\xc2\xdb\xa6Z{M\xc8\xaapP\xb2\
M\xd7\xaf\xda58~\xbdz@4\xf5;@\x84~\
\xf9C\xde\x14\x05U\xefMW\xa6V\xbb\xc6f\xc5v\
\xc4\xfe81\xabK\xa6\x8f)b\xe8\xe1\xd4\xed\xdb\xca\
\xfe\xea\x0a|L2\xcc;\x8eoyy\xdb\x1e,\xe0\
\x0e\xday\xed\xf6\xd1\xb2\xb3\x05\xaf}Q6\xe1\xab\x82\
}y\xda\x87\xda\x7fi\xbfh\x1f\xf4\xd5e\xc7=\xa0\
C\x17\xd2B\xa0\xe9\xb9(H\xe3\xac\xcfp=Z\xbf\
>\x01\xfeU\x0f\xfe,\x5c\x1b\xcf\x03\xad\xf1/\xd1\xf9\
\xf6$\xb4\x9d\xc6!d\x17\x80\xea\x18\xac\xc1\xe7\x82\xba\
\xb7\x5c\x5cL\x04\x99r^D\xbd\x22\xfd\xf7\xba\x97\xef\
q2\x10w\x92?{3\x95O\xbd\x09&0j\xa9\
\x9f\xce\x15\xdc\xceD\xb0N\x90C\x04\xcfk\xcb\xedS\
\xc8\x7fHT\x9c\x9c\x98Zm}`P\xb5\xfd\x81A\
\x8fW{\xe0k\xc8\xdb\xe0r\xa9H\xb9\xfd^\xb7n\
C;\xdd\x91\x85I\xba,\xbc\xaf\x957\xc0*\x06o\
\xad\x97\xea\xc9\x958Y\xa8#\xbc)O\xa6\x22'!\
Q\x12\xf2\x14\xbds \x84\x82\xdc\x91m\x08\x1e\x85s\
\xc8\xb2$9(\xe5@\x16\x8aL\x182\xce\xf4\xc3\xd0\
c:\xf7\xad\xc0\xa5\xa6\xb7H\xa4n8,m~\x96\
\x166/\xe4\x16\xb7\xb4'l\xd2y1E\xb5X\xf2\
\x88\xc4)\x92\x89\xb5\xc3\x98\xb0\xb1\xd9\x10\xfe\x0a\x11\xea\
\x90T\xc9\x83 \xb8\x9e\x93\xc3\xc4\x80\xc1\x8fpP\x1e\
\x7fQ{3\xae\x16\x9f\xab-\xe3N\xdf\xaa\x80\xaa\x0d\
\xbd\x02\xb0\xf50`\x01\xd8\xe60\xf9\x03^\x15\x08!\
@\x1c\x07\xd0e\xa96\x11-\xa5\x8b\x89$\xf2\x98\x03\
o\x06\xe0z\xa0\xda4hH-\xbc\xfa^\xb7\xa1 \
R\x99\x9cM\xbb\xd4|*\x1d\x1fF&\x9f)\xdf\xc4\
\x0dO\xc8\xf40\x888?\x87\xb3\x1a\x1a\x1a\xdc;=\
\x9a\xc6\x9f\x0dL\xd5^\xc2c\x0d]v\x8c\xab\x22?\
\xe8m\x88(W\xb5\xf1\xf8y\x8a\x16K\x94\x17\x10H\
k\x89\xb5\xe1\x1c\xf4@\xb5\x0b\x06\xa3\x16\x11\xd6P\xf3\
\x05f _\x87\xf6\xd2\xb1jK\x97U9_.\x94\
\xa7\xc8\x15\xf2\xbb\xb28\xbce\xf0\xf1\xe4*\x12_\x05\
M\x9d%\xa9\xec\xd0\xdb\xda\x0e\xb8\x0b\xe5\xdf\x81\xb6b\
P\xa1\xda)\xd2\x84JD\x1a%\xf3\xe1\x16R\x12\xea\
\xb2y\x1c1\xd1\xde\xc8\x88P\x10\x0c.\xa7\xc3n\xb5\
\x98e\xa9\xc5\xb1\x88P\xc2\x04\x9f\xbd\xf9T(\x831\
\xa71'\xa79\x87}\xd7g\x80\xa8MW\x1d&l\
\x22&\xb3\xc9\xe2\xa6\x11\x8e\x08\xa7;F\xc2\xc3q,\
\x17k\xc2\xb1\xaeL\x0e\x04\xbd~\xf8]\xfa\x91\x15\xab\
\x1f4T\xfbr\x10N\xe8=\x1e\xc7O\xa8\x18\x87\xbb\
i/?\x82{j/\x8d\xaf\x18\xa7\x9d\x1f\xf7\xf2x\
\xed\x18.\x1c\xa4\xbd\x83'\x14q\xcb\xb4\x83\x5c\x896\
\x12\xef\xd0Fn\xd1\x0en\xd6F\xe1\xed\xec\xd8\x8c\x1f\
\xda\x82w0{\xa7J;C\x9f\x11\xdc(\x16$i\
\x1a:\xaa\x0e\x8e#\x8aII\xc2\x89\xc9\xc4dR\xa2\
p\xb4\x97\xa4\xa5\xa4E\x92\x94\x94\xb4\x5c\x97\xc3\x1e\xa7\
D\xa6\xd0PAn\x17\xcb\x93\xd0\xe2\x10\xa1\x98w\xf8\
#^\x08YaG\xed^\xe0\xc1C\x96B\x94h1\
%\x02\xacN9\xce.sXL\x94,\xbc\x90\xce\xc6\
Bf\xe3\xcd\xb3ax\xa0\xda\x0c\xe3b\x1f\xf4\xf8\x03\
\xd56}px\xa42*\xb8\x1e\x9a\xd3\x1c\x9as\xfd\
\x92.\xf3\x9a\xea\x1b/5e\xd4\x839\x7f\xd5\xe1\xcc\
vd;\x9c\xa1p\xe8\x0c \xda\xe9O\xa2\xdd\xfa\x93\
#4\xbb\xf5D\x7f\x1a\x1a\x87\xfd\x5cG\xcc\xc4v\xa8\
C7\x09\xbafez\xe0\xc2\x037\x1d\xba\xfd%r\
\x0e+\x9cCB\x1d=13\xfd\x0f\x8d\xc1\x13\xfe:\
\xb1\xe8/\x93\xbf<\xf1\xc5\xa91\xc3\xf7?\xfa\xe8\x1b\
O\x5c\xfc\xec\xe2gcf\xcc\x9b\xfa\xcd\xc2\xc5\xf3\xb5\
3\xb8\x03\xe9\xd0\xe1\x90z/\xc6\x1f\xc7\xef\xdb\xf0J\
\x9d\xf5\xc7+4&\xf2\x8dv\x1d\xa96\xd8\x7fhk\
\xe5\x876\x0e\xe1-\x96\x89C\x0a\x0a\xcfj\x03\x1d\x93\
\x86\x0d\x19\xcfh\x93g\xb2JL\x01\xcf\xd9\x04>\x96\
\x1f%\xa1L\xb4B\xed\x12oKHLH\xb4%\xc5\
'\xe5\xa2u\xe6\xe8u\x1dW\x87\xad\x8b\x17\xd6\x99W\
':W%\xc7\xaf\xed\x9c\x14\x1b\x99 s\x16\x8fU\
\xb6\xd8b-\xa9\xd6H\x8b\xad\x93\xa9\xb3\x81<\xc60\
\x8f3\xcc\xc1\x97\x9b}Y\xd9\x97E\xc7_'\x86\xd5\
zf\x83^\xfd\xe7U\x86*\xa04\xfb%\xe0\xdfK\
\xfa\x1d\xfbU\x03k`\x91\xc0\x01xj\xe3\xfe$\x19\
\x16]\x1cxI]\xda\xdeO\xc8\xc4~W\x9b\xdf\xf8\
\xbf<6z\xf4c\x83G\x8f\x1e\xbc\xfd\xc8\xdb\xdb*\
\x8e\xbc\xdd\xbc\xb1`\xf4\xa8\xc7\x1e\x1b=\x86\xebT\xd1\
<\xac\x22f{\xdd\xdb;v\xd4\x1e!k\xd7?\xbf\
\xa4\xbc|\xc9\xd2\xf2\x85\x17\xde~\xfb\xfc\xf9\xb7\xeb\xce\
\x93\x91\xe5K\x9e_\xbf\xfe\xf9\xc5\x1b\x16\xfe\xfe\x7f\x04\
\xcb\xf9\xb7\x8f~q\xbe\xee\xc8\x05\x83\x87\x17\x83L\xd4\
\x00O2J\xc7\xa7\xd5\x0d\x16l5\x17;\x9c\x0eS\
\xb1br:\x1dr1\x92=!\x1e\x11\x0bRqH\
\x88\x87`\x0e\x17GEG\xa1b\x19EGG\xf9b\
Hl\xb4Cq)\xc0v\x5c\x98\xdb\xe1RD\x09D\
\xbb\xc3\xe5R\x08&\x1c2~\x22a\x1e\xf8\xc5\xcd\xee\
\xe6:M2' %\x9aK\xf6X\x85\xe4$\xa1<\
,\xb5<i}\xfc\xda\xb0UV\x97\xd2\xd1d\x95Q\
G\xa7'\xc9\x1a\xcdut&\xc5Z\x1d6\xe0:g\
\xa4\xbd\x13\x88\xc7zp0\xec\x1f\x19\xc8\x05jd\x04\
\xc9\xd8\xf9\xa3K\xff\xfc\x1e\xf0k\xff\x88\xd1h(\xfb\
\xdf\x8aj\xde \xcc\xbbNw\xdf\x93\xfe\x85\x8a\xd9\x9d\
\xd6\xbbC\xe3\x0e\xda20\x1e\xae\x1e\x14M|\x9c\x9c\
\xe2E^\x1cCBM\xedP;\x9c\xe8\xec\x8e:;\
{\x9bF\xa0\xa1x\x982\xd89,bX\xcc\xd0\xf4\
q\xd1\xf3\xd1Kh\x0b\xdeL6J\xe5\xa62Oy\
Hy\xdc\xe6\x0e1\xb2I6K\x0es\x9299\x8c\
D\xca\xe1\xa6ps\xb8\xc3\xeb\xf6zB\xa2b2\x92\
P\x12N\x91\xfd\xcev\xaev\xeedOZF\x0f\xb9\
\xb33\xdb\xd5+\xa3\xbf<\xc0\xfd\x80'/|`F\
\x01\x1e&\x0f5\x0fv\x0eu=\x11\xf3d\xc6D\xf3\
\x04Ga\xc6L<\xd7<\xcfQ\x86\xca\xf0FR\xce\
o\x15\xb7J;\xa4-\xf2K\xa6-\xe65\x19\x15\x19\
\xd5\x19\xd9\xc3\xd1p\xac\xb3\x1a\xb3\x06d\xdc\x13w\xcd\
\x14\x88\x88\xfdIV0\x0b\x10\xe3M\xc3h\xcf\x08a\
\xec\xe9\xd7\x09\x0f\xff\xf2\xf8\xe0\xc6\x8a'\xf7\xf4\xd3\xe6\
\xe3\xe6\x1e\xb9\xc2\x11\xf3\xf8\xe18\xb4\xb9t\xfc\xa5\xa5\
\xff\xa5}R\x5c\x9c\x9e\xf1\xf7\x9aGw\x0f~l{\
\xef\x09K{p\xfe\x87_\x1e\xb2\xee\x83^*)\x0d\
\xdc\x18\xda0\xedyM{N\xbbX6\xf41\xec\xfa\
|\xd17\xa3{=\x9b\xb3\xf3X|\xfc\xe1\xb4N\x93\
\x87d\x8e\x03\xdd\x07\xba\x02O\xd6uEWU\xc1\xcf\
\xa3\xc5\x94)\x09\xfao\x94\x84\xae\x22\xc0\x14P-*\
\x9f\xcf\x17\xf2S\xf85|\x05/\xe8\xea\x01T\x83\xa1\
\x17t}Z\xad\xfdB\xe6\x0bNd\x81:m\xc2&\
\xb4\xd1j\x11\x11\x07*\xd0\xa5X\xed\x17X\xa5P\xa7\
bH<\x9b^fr\xeeRF\x93\xeeV\x00Q\xa5\
c\x81x\xdc\xceP\x7f\x22\xc9\xea\xec\xecJ\xe6\x17/\
Y\xba\xacbC\xf9\xfa\x8d\x82\xf3{\xad\xe7\xe5\xcbZ\
\x8f\xef~\xc4\x1f}\xfd\x15\xaeo\x82\xf6vA{\x93\
\xf5\xf6b@\xa3\xb2\xf6D\x8cLN\xea\x92\x10\xb4\x07\
\xf6Kk\xbd\xae\xcc\x10\xa7\xc7MD\x7f\x17gVg\
\xb2\x0b\xaa,\xdfP\xb1l\xe9R\xc1\xd9\xa4\xe5|\xf5\
\xb5\xd6\xfd\xc7\xef\xf0\xb1\xcb\x97\xf1\x07:\x1c\xf7\x90\xfe\
\xdc\x87\xc0\x83\x0e\xb0\xa5\xdb\xdb-&D\xcd\xb2HA\
\x85r\x9by\x87y\xb3\x82\xadk\x9d\x92Y\x01\xfb\xc4\
\xc1a\x8e \xb7\x8d\x9ad\xb7Ep\xda\x1b\x99\xc9\x0e\
G\xa8.\x9e\x19\xe2\x1aA\xb9\xd63\x17\x09\xae\xd3\xb1\
\x05\x8b\x09\xcc\x9cJ\xea\x80\xbb\xf2\xa0\xcc\x13\xb8\x0f\xb5\
\xcdx\x5cw\xadz\x9aV\xdd\x1d\x8f\xd36w\xc7\xf9\
\xd3p>\xfd\xea\x83\x0fG5h%xn\xc3\xa8\x0f\
?\x18\xdd\x80\xe7j%\x0dz\xdf\xce\x810=\xcfS\
\x90\xa3~\xd5\x81d\xbcU\xe4x\xe2\xa1(T\x11<\
\x92\xd9~\xa19G\xf7a\xd2\x1a\xe1\x5c\xcf\xfco\xc3\
\xf7\x05\x8f\x85\xdbO:\x04\xce\xec\x0d\x9c!\x1dx\x1a\
8S\xc5\x0aU\xa4\x03\xd4\xb9\xfd\xb6\x13\x7f\x884\xe6\
c\xa9fn;Z*p\x14\x87\xa30\x81\x99A\xa7\
\x0c\x0cv\xcd\xf4\x80\xc2\xbdvf\xd7\xe2G\xb4}\xda\
{X\x85\xf7\xc6\xe0\xaf\xc8B\xb2\x14h\xc8q\x18m\
%\x14#jg\x9e\x19\xf3\xfc\x99\xd3=\x86D\x06\xbe\
#Kw\xb1~\x9f\x87\xaf\xfd\xd0\x06<\xfb\x16ZJ\
X\xf5@l\xac\xa7z\xdd\xfe\xf3g\xceh\x1a\x8b\xe5\
\xdf\xce%\x07u\xba\xec\xa0\xbaQ\x04\x06\xc1\x15\xc1!\
.\x97\xec\x00\x12%\x08si\xf5\xfa\xa0\x1aNp\x1b\
\x19\x0e\xf2\x99HU\x81\x1b@\x90\xbf?c\xc8\xd2\x12\
\xf0\x01K[t\x8e\xea\x12*\x9c\xa8\xc2\xbc\xd6\xb9*\
L\xf6\xda\xa29\xaf'2\x0czp\x9d\xd1\xf7%\xa6\
*\xd2q\x1cq\xd8\x9d\x99\x19`\xb0\x90\xa4\x96\x80\x19\
|\x93\x95[\xb7m\x83\xff\xdb\xb6\xdd\xc2\xb2\xf6\xdb\xad\
[\xdaoX\xe6\xf3\xb5\xd3\xda)8NC\xd3\x99\xb8\
3\xce\xac\xd0\xa6k\xc5Z\x896\x1d\xaf\xc6s\xf1<\
\xbc\x9a\xc1\xfd\x0d\xd8\x81\xc3\x00\x1e u\xb0i\xb9\x0a\
J*\xf8\xc5\x22\xaa\x90\xa5\x18\xc1\x0b\xc6\x136\xd9\x1b\
\x83\xdc\x80\x1974\xd5\x1bH\x01\x97\xb3Q\x07\x11@\
;d\xe3l\x94\x0c\xef\x1a\xeb\xe0\xb3\x12tgW\xc3\
\xfd\x81n\xc6\x9e\xc4\xfd\x9bwU\xd1\xe9}k\xfa\xde\
<[\x85Z|\xa8\xfe\x00\xb3\x17mW\x93\xc2#\x22\
\xb90\xaf\x03\xc8\xc5\xc1\xf34\xd7\xfe\xb2c\xbd\xa5\xc2\
\xbd\x96\xa2\x0a\x82\xec\xa0\x13\x14o\xa8\x9d\x13\xa2\x18\xd3\
{\x80\xe9C\x82\xba\x14\xfa\xc2\xe9\x1a\xb4\xb1\xe9\xbd\xf7\
t\xe5\xa9\xf7\xa7\x0d\xca\xf9\x9fp\xb5\xd7\xae\xcbd\xac\
f\x0c\xa6\x05|\x818\x8f\xce\xe3gE\x96\x84\x8b\xe0\
\xc3\x85\xd3\x08\x1a\xc9{g\xa0Y\xc2\xcc\x88\xe9\x913\
\xbcKPq\xf8\x92\x88%\x91K\xbc{\xd1\xdeH\x07\
\x88\xc3\x04\x00#\xab\x0b\xea\xaa[\x1e\xad\x8e$eV\
\x89\x80\xf0\x0a\xf2~\xf3\x00@d\xe6\xc8\x07_-~\
\xf2\xcc\x9cy\x8dC\xae`w\x9f\xc7\xc3\xb5\xebUU\
U\xb3\xf1\xda\xee\xcfl\xec7{C\xee}\xa7:e\
\x5c\xf9\xe0\x89\xddS\xa2\xb4\x1fu\xf8\xb7\xc2\x98O\x07\
\xf8\x93\xd1\x14\xb5#\xf2\xb8\x94b9\xa6\xd8\xe7\xaa\xf0\
X*\xe42\xc1[\xe1+\xf3\xaf\x15Vy^I\x09\
\xf1\xba\x10\xe7\x0e\xf7&\xfa\xec^\xce\x1d#\x0b)\x0c\
\x0d!\x83Z0 \xeb\x18\x00\x14\x80\x18\x09\xd5I\xae\
\xe9\x12\x98bv]\xbd\x19F\x18\xc8DyL\xf4\xc8\
\x98\x91\xbe1\xb1\x14\x04\xbc\xee)\xc7\xfe\xf7\x9e2\x03\
\x90\xeb\xb5\xf6\x15\xedS\xed\xca\x88\xe3\x13\x07}\xfc\xcc\
;\xc7kw\xef?\x5c\xbe\xfd\x95M\x8f\xbe3m\xfa\
\x89\xa1\xdfc\xf3\x8b\x5cBL\xfd\x9a/\x7fIH\xf8\
\xb0S\xc6\x86\xd2\xe7\xcb\xf7\xcc\x9e2}~|\xe2!\
\x9f\xef/\x07\x17\xbc\xc6h{\x0c\x8c\xf3.\xa0+\x02\
\xd2o\xb1\x1a\x85-\x9c\x05q\x9c%\x17q&\xb1\x02\
\xbc\x8a\xc526+\xc8+H\xd4\xac\xcb^\xd3\xa0\x16\
\xe3\xc8\xcc\x00k\xcc\x01\xa1\xa4k\xecKLB\xb5\xda\
\x91'`xO\xb0AmgB\xed\xc0\x8d\x1c\x8a&\
\xa0\xd9\xe8\x05$\x86\xe0T\x94\x88S\xb9.\xf8!<\
\xd0<\xd0R\x80\x8b\xf0L<\x8f[\x86-0\x982\
X\xe8\x99\x0e\xe6\xa00Y\xc3\x09\x1a\xc1Z\x96v\xf6\
\xec\x89\xc0\x08>\xa1\xf9\x22\x0b\xd8\xee\xd5*p\xe1\x87\
\xfa\x18m\x871\x1a\x03}\x8fB#T?\x8d\x10\x1d\
\xc5\xf6\xa8\x88\x0a\xd1]a_a!\x15h\xb1e\x95\
\xb8+:\xd4\x8b\x15\xf0I\x15\xbb\x10mo\xc6mG\
\xc6\xdeF\x83\xd8\x19\xcf\xc0 \xd9\xeb\xaf26f|\
\x0c\x03\xa4\xd5\x1b\xe3\xa3G\xfe\x18\xd6\x91\x07,\xfa\xb6\
\x03\xc3\xc6\xe3K.<P\xd1~H\xfb\x9b8^k\
\xd4~\x1e\xf1\xe1\xf8a\xef=\xf5\xfa\xc9\x93\xaf?\xfc\
\xf2 \xfel\x95\xb6\xcef\xd3\xae\xfe\xe3\xbf\xb4_}\
\xbe\x86N\xe9\x87\xb7n=\x1c\x9f\xa8\xcb\x95R\xe8\xff\
\x06]\xae\xc4\xa3!j\xbcK@\x96b3\xaa\x08\x11\
*\xbc!\xbb\xed\x15\xe6\x15qk\xbd\xab\x12\xccq\xb2\
7<\xda\xe5\xe5bc\x22\x13@\xd0\x00!]\xd2E\
\xcd\xa5\xe6KwHHu7\xa0\x06|\x9a\x9c\xe6N\
\xd3\x06\xbeA\x00\xc8\x0fF\x93\xe1\xe0\xf3\xb41>\xb1\
n\x13\x10\xae\x05\x14\xbf\x11D\xc8\x08!\xbb\x96\xef\xd8\
\xb1\x1c\x0e,\x0fxi\xc0\xc7gl=\x0e>\xf5\x0d\
\xe6\xb5k\xdfj\x01\xed*\xce\xc7\x91\x03^\xe2z\x1c\
\xd9\xf9\xf2\xdbo\xbf\xbc\xf3\x08\x99[\x13\x9f\xa8\xfd\xa2\
\xfd\xfc\xd8p\xed\xe7\x1f\xbf\xd7\xfe\xa1\x0b\xaaQxw\
\xb4\x11\x03\xd9\x0b45\x1e\xc6E@\xa3\xd50\xdeA\
8\xc29(\xc8\x0d\x1e\xc6\x84\xe39\x0c\x02^\x10\xc1\
q3\xc2\x80i\xff\x22\x82\xd9 \x0d9\x0a\xce'S\
\x0e\x22\x12a\x9c\x1c]\xbb\x0dU\x9dC\x08\x16\xb8\x08\
>\x9b\xef\xcb\x8f\xe3\xaaQ\xb5 \x02\xcd\xc0\xe0`?\
\x8e\xdd\xcb\xbd\x17\xf8\xf6\x0c\xd6\x02\x99\xfc\xd9\x82\x9b\x8b\
\xf9T#\xee\xbc\x12p\xbcR\xc7\xb1\x1f\xfc\xb0\xfb\xd4\
\x840\xc0p\x92P\x11\xdd\xa1\xc2\xb96zU\xd2+\
\xe9a\xe6\xf8v^O\xbc\xd7&\x83$\x07qn\x8b\
\x8d\x04\xbf\x0a\xac\xfe\xfa&\x1d\xb9-<\xab_e\x03\
\xb3\xb6\xb5\xe6\x99\xb5\x15\x9fy'\x14M\xfdq\xf1`\
\x7f\xb9Z\x1e\x00\xfa +\xd7\xec\xde\xbdf\xcd\x9e\xdd\
\xda\xee%k\xd1\xed\xbf\x7f\xa5\xad]\xbc\xee\x15\xed\xb7\
\xdf~\xd3~\xdb\xd5w\xed\xd2%eeK\x96\xae%\
\xc7\xb6\x94\x94ly\xa9\xb8dK\x81\xef\xe0\xa27?\
\xfd\xf4\xcdE\x07}q\x1f\x95\x9e\xbbr\xe5\x5c\xe9G\
x\xe4\x8c%Kf\xc0\xd1b\xdb\xd3\x12\x80)L\xa7\
\x1b\xbf\x18\x13\x8e\x8bQx\x85\xb2\x9bV\xa0\x15!1\
\x15\xf6\xb5!\xab\x12D\xaf7\xd6\x15\x8d\xe2\xe2\xbc\x16\
\x9dl\x00\x80\x16\x0d\xf5\xbd\xf6k\x0b\xd5\x84\xd4\x87\x7f\
\x10\xf1^\xe4{\xde\xf7\xa2>\x88\xae\x8f\x11\xab\x9cu\
\xce\x1f\x9c\x1c\xd0MW\x9d\xc6\x9d\xae\xa0a\x89Z\x02\
N\x89\xb8\x050\xc0\xc27\x03\xb6>\x00\xd4\xd2\xfd\xe0\
\xd3_k\xb7\xb0\xfd[\xf0#\x1c\xda\x01\xed\xbb\x01[\
q\xcf E\xc5\x00\xad\x80\xbd\xe2,x\x02\xdb~\xfc\
\x1e\x87\xe8\xcam\x87\xf6x4\xd9\xd8BO\x0c&\x96\
\x1f\xf0!\xf5\xeb1\x07\xafj\x15\x96\xd2=\xa0\xde\xf5\
\xb0F\x98d\x07[$\x83i\x8f\xeb\x86\x92g\x12\xe2\
\xda\x993L\xd5S\xbff\xc4\x11\x98\xed\xa1\xbf/\xa3\
\x04\xd5\x05\xd6\x84\xb8\x9d.E{\xc0u\xe1q8T\
\xa2\xe8\x95\xe8f\xc8\xa5f\xa6\xa5]FE\xba5r\
\x86\xd9#PU\xe0\x5c\x8bMr\x0e\x8d\xe0\xcfC\x1f\
\x04\xf4\xa0\xda\x8el\xe5(\x87\xb7\x22L\xd9\x89`^\
\xe0\xd1V\x81\xcf\xe5)\xc1\x88\xe7\xf6\x0a\xaf\x8a\x98\xa0\
x\xea\x17Y\xd4\xd50+\x82\x1e\x0b\xfd\xe9\x8e\xf7\xc1\
|i\x99xp\x16\xe6\xcf\xdf\xbaA\xa5\x9b\x1aO\xb8\
k\xdaZ\xad\xec0\xfe\xcb\x1e\xfc\x17\x06\xc79\x5c\xc8\
\x9f\xe7v\x06\xf1`\x01sH\xd8JY\xfc\x1c\xf9\x19\
\x1a\xea3Zg\x22A&\xb1\xcf9\x9e\xb0znj\
\xdc\xce\xbd\xd7\xaa\x82\xb6]K\xdf\x07\xaa\xa9\xc2V\x04\
f\x18\xc7o\x85\xbe\xa3\xad`\x07\x09[y\x81\x10\x9c\
+\xf0`r\xf2t/~U\x14H<\xd4/2\x0c\
\xdd\xd5\xf9`\xaf\x8dC\x82\xde\xbb\xb20\xeb\xbe\xde&\
\x15\xb8k\x87\xb5\xb4=Z\xdaa\xfc\x8c>\x06e\xc0\
p\xd5@\x97\x1c\xd0\xe5X55>Z\x16\xa8\x12\xe5\
\xa2\xc8]\xecZn/\x0f]\x0b#\x1a\x15a\x91y\
\xaaDc\x8b7\x82za|Qb\x84+\x81i\x16\
3\x93\xc3.][\xb2\xe8\x9c\xcey\xcc\xfb\xd3\xed\x86\
\xab\xffd\x91\xd1\xd3p\x8b\x99\xbf\x87\xe7\xca\xf3\x94y\
>#\x96\xe5\xf2\x03\xc3\xf5\xc2w\xeb\x7f\xc6\x906\xf0\
\x94Dp\x96pIC\xc3\xb1w\xbb\x0d\x1b\x96\x9d\xb9\
\xf4\xe9\x81o\x8e\x1c\xf1\xfe\xb8\x9a\xaf\xfa\x0e\x1b\x92\x96\
$\x09\x82\xa6\xe1\xb5[\xc6.)\x18\x9a5\xa2\xd3\xd0\
Iy\xf7\xd5ew\xfb`\xc7\x80\x15\x05\x05iY\xe1\
\x9e\x9c\xce\x86\xfd\xa7m\x15\xa7\xf2;A\x86\x0c@\xe5\
jF\x98\x99\x93+\xc3=\x91\x5c\xe5\x00[\xe7L\xdb\
\xbe\xf4\xca\xae\x9e}\xf1\x95]\xef{0\xb3st\x04\
Jv\x0aa\xe6\xe4\x88\xd4\xe8\xe4~\xce\xd4v\xc9\xfd\
\xda\xdf\xf3\xa0\xfdB\x13\x90\x1c\x88\xd2\x9c\x8ft\xbec\
Hn\xacg\xb7~j\xfc\xc8~\xecj\x06\xa8\x1d\x00\
-\x1d\x19\x01\x09=\x16\xa1\x87q\x5c-\x96\xd4Q\xf4\
\xe0\xed\xf7`h\x1f\x84\x8fjHC\xd9\xf6P\xccC\
i\x0f\xf5z\x88\x82\x90o#o0\xe3\xd8\xc4\xa0\x13\
\x98\x95i\x84d\x92\x12\xe3\x19n\x0c\xb7(\x842\xef\
1T`\xc2*\xc9p\x91\xba\x80\x10\xa3\xa1 \xc1\xec\
\xe0\xbe\xdd|q\xc1\xfc\xd5k\xe6\xcd-%\xb19/\
\x8d\xdb\xf7\xf9\xdf^\x1b\xb7\xb5G\xe9\xba\xdd\xbd\xd4\xf1\
\xda\xd9\xea\xf9\xdf\x16n;0\xfd\x99\x09\xd8\xbdm\xf1\
\xef\xe3\x87=\xab\x9d\xdbT\xab\xd5,ZT\xbc\xfc\xb9\
\xc5\xf8\x91\xa3\x8d\xf8\xa9\xf9\x0f\x0c\xd4>\xd0\xae\x90\xf0\
\xd2Wv\xbd\xb8j\xf7.\xad\xef\x83\xfd~\xff\xf8\xe3\
\x9b\x0f\x0cX\x1a\xf0\x85|u\xe0\xa9\xba\xfc\xa5+\xef\
U\x8b\xb4?\xbd\xbfC\xfb\xc7\xc4\xf1\xcf<\xf6\xf0\xe4\
\x91\xe3\x96>\xfb,\xeew\xf40\xee\xff\xec\xc2\x92\xfd\
\x15\xa3\xbe\x9f\xaf\xfd\xae}*0\xfc\xdbY\xee\x8fn\
\xa3(\xe8\x03\xf5^\xe4\x00\x07\x81g\x13C<\xc5\x0e\
\x85S\x90\x83\x80\xcd\xa2\x88`\xa0\x0a\xec\xa6\xec\xe0\x14\
\x89\xfd\x00V\x8cX\xcel\x18\x9eE\x0d\xf5\xa0\xa1\xcc\
+`)\xd7\x1b1\xc3K\x8dM\xce\xb6\x81\x85\xd6\x93\
\xf4S\x8b:2\xe8\xfe\xa0\xcf\xcc\x02\x06\xb96l#\
6\xd1&\xd9\xd0\x104\x0bMA\xab\x90,b\x89\x08\
\x9cLCp8)\xc0CH\xbey\x1c\x1eO\xe6\xe0\
Yd\x017\x8d\xce\x16\xe7H%x9Yd\xdeD\
6s\x1bh\xa8a\xe40/\x83\x8b\xe5\xfc\xa4N\xbb\
J\x12\xb4\xf9\xdf\x91\xec\xbf.\x0f<\xb9\xfc,o\x0d\
\x84s\xfbo\xa6\xe2\x85\xdab]\x7f\x9d\x00]\xda\x04\
\xb0\x1b\xf3\xa6\xf7\xa9\xfepT\xae\xc8\xe5\xce\xc5\xb8\x5c\
y=\xc6a\x92\x88+<\x86GVo\x08\x1f\xee\xed\
(#\xaf\x93\xea\xb3\xa9z\x80\x1b\xecM\xdd\xe8\xd6#\
X\xd9\xe9\x07mq\x00E\x9b\xb9\xd4\xd8\x7f\x9dK\xa5\
\xfeX\x5c\x86{\xbf\xb2m\xdb+Z\x1dN]\xbfv\
\xedz\xcdD\xe8\xe5\x9b\x8b\x16\x94\xef\xd6\xae\xdd\x0a\x5c\
!'\x02_\x96\xac\x5c\xb5\x8c\x14i='O\x9b:\
e\xcf{\x07V\xect\xfb\x1a6}\xfc\x05\x10h0\
\x16\x8f\xc2Q\x175\xc2\xf2\xb2u\xbfR\xee\xc0/\xa3\
\xfd\x14\xd8\xdf\xb1*B\x0c\xb7\xa0t\xb7=\x82u1\
\xa8\x8e\x8c\xe8Z\xfa![dL$\x81\xee1\x1b%\
h\x97t\xe9\xea\xb1\xb6^\x84\xf0IE\x97\x97\xdcF\
\xda5l\xc7h\xc9\xe5\xa2\x89?=\xaf\xbd\xae\xcd\xc3\
\xc5\xf8\xd1\xe2\x9f\xf8Qg\x9f\x1c\xa1\x1d\xd7\xfe\xa6\x9d\
\xd3\x8e\x8fx\xf2L\xdf\xbex\x07\x86\x91\xc0;\xee\xd7\
y\x98\xcdUT\x07\xf1\xd8Q\xf5\xa0r\x190h\x97\
\x88]A|\xb8%\x03ye\xea\xd4\xbd8\xe0C\x03\
i\xa0k\x0e\x16\xbat\x84\x05u_B\xac~N\xc1\
\xb8\xec:H\xc1\x18\xed\x1b\xadA\xcb\x85v\x0e\xe2\x0d\
\xdax-_\x1b\xc9\xa7\xdd\x9a\x8d\xc3pG\xdc\x1e\x87\
\xee\xd16j\x8b\xb4\xe7\xb4\x0d-s%`\x87\x9c\x05\
\x19\x02\xad\x0b\xe5\x94\x94\xa3\xc5R9}]\xe1\xb1,\
\xb29\x93\xe0\xcch}\xebx\xa5\x1f\x8c\xb1@\xeb\xba\
\xed\x19<Np\xd5\x81\x08r<\x90Mn4\xf7d\
\xa6e^U\xe0bUk\xfd~\xa8_F)\xaa3\
X?}\x1d\x14\x87^\xb9bTn\x80\xc5\xaa\xb6\x99\
\xdaV\xed?\xc1\x0d\x0bL!\xf9\x81\xea\x93\xac\xd6\xbe\
U\x81\xae(8\x96\xccv\x8aB\xd9\xaa\x0f\xf1\x91\xb8\
\x9c\x8b,\x97\x9c/;\xf6{\xca\xadk\xa5U\xd1\x04\
y\x1d\x9difX\xb8\xc9\x0e\xc6uS\xf3\xa5\xe6\xfa\
\xd61\xd5\x1au\x91\x96\xa0\xc7\x0c@\xd4\x04G\x91\x86\
\xb6\x1d_\xfa\xa1v\x988gj\xdfWh;\xb5\x99\
x%\x1e\xb1\x0e\x8b\x93\xa74\xaf\xd4\xaej?a\x17\
v>\xb5\xf7,^\xbb'\xb0\xf0\xd1\xc1x3~\x06\
O\xc2\x9b\xfb\xe6}\xfed\xa1\xf6\x89\xf6\x17\xed\xaf\xda\
'\x09w\xcdC\x99P{\xd5-\x95\x93\xd7)Z\xac\
\x08\x008\xdfM\xc6-\xa8m\xd6-\x88\x9cKPH\
?\x98\xafc\xb6\xcd\x84\xe8\x89\x93\xe4\xef'\x8d\xb9\xa9\
\xc0V2\xe6f*\xc3r\xb0n\x5c\xa6\xc7\x11:\xbe\
\x85\xde \xac:=\xb8e\xd7gYtO[\x8f=\
`\xd5\x92\xce\x1b\x81\xadR~\x07/\xb0\xda\xa1V}\
\xae\x0b\xaa\xb8\xbdA+\xd2\xeb1\xa1\x5c\xd5e\x22H\
,\xe7\xab\xd1b3/\x09\xd9\xc1.\xdeU\xe7%]\
G\x80\xa1\xc2p\xc8\xea\xb6\xa8\x96|K\xa1\xa5\xd4\xb2\
\xc3\xa2\xd7m\x17\x82>\xe1\x89\x93\xa7/>\xd8\xabx\
\x124T\xa6\xfdr\xbdj\xc3\x07\xad8\x99\xa8\xc7\x0b\
~V\x93%\x07X,\xa2C\xd0'\xd4\x83\x923W\
\x02\xe3\x83Co\xc8\x02\x9b\x9c\x97X'L-\x93\xf3\
\x0cQ-\xd3\xf1\x86\xf2o\x11\x86\xcc\x849(qL\
\x18\xaes\x13L\x89,\x85\x90d>Y\xeaJ\xba\xf0\
\x9d\xa5\xfbI\x1e\x7f\x9f4\x98\x8c#\xb3\xc8l~)\
Y\xce\x97J\xeb\xc9K\xd2e\xe2\x01\x19\xc9\xcbB$\
\x17.\xf2 \x99\xc50.\x99O\x15\xda\x89]h\x17\
\xbe\x8b\x90%\xa6\x9b\xef\xe5T\xda\x87W\x05UT\xcd\
\xa3\xb8B\xf0 \xc6\x89\xb3\xf9)\xe6\x95\xdcJ\xfeE\
\xa1T,5o\xe1\xb6\x09\xdb\xc4\xc3\xdc\x9f\xc4c\xdc\
1\xf1s\xee3\xf1\x0a\xf7\x03\xbd\xc2\xffC\xf8\x8d\xbb\
\xc1\xff.\xb4\x1f>\x15\x0d\x9f\xca\xb2\x02b\x99\x8c\xd5\
Gu;\xa6\x81H.B\xfbg \x93\x8d\xed\x0a2\
;\xd0\xb7\xf9\x22\xf9s\xa0\x13j\xe5\x1b\x86'\x1e\xac\
F\xb3\xce4\xd8\xcbuG\x94\xc5\xac\x8c\xf9\x92tU\
N\x17\xf3\xc5E\xdc\x22J\x0d\xa2\x01F<I>o\
~\x12P~\xb6\xca\xa8C\x88\x81:\xcc\xe8]\xb53\
\xe7\x10%\x9180\x91\xd8\x89#\xb2\x22\x83\x92R\xe4\
\x5cE$\x9c\x04\x08\x97L\xa0\x8d@\x15\xf1\x8a\xe0\xa5\
=\x15\xc0\xbb\x85\xf1\x0e\x93\xd6\x0c\xef\xcc\x9fn\x13\xed\
n5\x1e\x99gtp\x8a\x95a\xbe\x80c*H&\
\x8a\x87\xb8E\x97\x92H\x12E\x9f\x98\xa8\xf8\x94\xceb\
\x962\x81, \xf3\xc5\xb9\xca\x22\xb2D\x5c\xa2\xac!\
!\x14\x9b8\x17\x8e\xe4\xfc\xb8=\x97$%\xcb\x9dq\
\x0eW \x0d\x95\xc7J\x13\xe5Y\xd2\x5c\x90\x83\xab\xb9\
r\xfc\x12\xe7\xd6})@\x9c>\xe7\xc9\xb0\x87;\xe0\
g\xf1B\xdc\xe1\x98\xb6\xb0A[X\xcf\x9fm\x96\xb8\
\x1b7S\xf9\x98fD\xd1\xcdoZ\xe9,S\x97;\
s\xd5h\xd1\xc1\xe2l\x0e\xb03r\x01X\x00\x95\x17\
\xb0H\xbc\xb4\x8b\x18\x94A\xcdF(5M\x9f\x99\xbc\
C]:U\xc50\x91\xa4\xa6w!\xdd\xc4\xbe\xe4~\
q\x02)\x12\x17\x11Q\xc0\xb2\xe0\xc1\x11B\x1e\xee'\
<\x86\x87\x08c\xf1\x04a\xae\xb0\x0c\xbf \x94\xe3-\
\xc2\x0e\x93]\xef5f\x13\xa9z\x97\xeddC\xbdv\
-0\x11z{+\x86~s3\x95~s+\x06\xe4\
\x7f0_\xa65\x86W\xeeD\xe5F\x0c/\xdc\x96\xc9\
\x85{\xecaz\xf7\xda\xc4\xf0\x98\x88\xca\xd4\xa3wI\
\x86\xb8\xd2\xbf\xb9\xa4\x0bZ\x00s\x17.`\xac\xdd\xbe\
\x80\xbb\xe39\xdar\xed#\xed\x18\x8b\xb1\xf2\x03\xb4\x1a\
\xed;\xed{\xad\x06\xf7\xc5\x118\x12\xf7\xdd\xa5=\xae\
mg\xde\x0e\xde\x05\xfe1x\xc8-\xba\x88\xae\xd6u\
\x91\x0buW\xc3@\x0f1u\xe4\xb4+\x12\xa1L\x1b\
\xf5r0u\xe46\xa4\x96A\x16z\x14O5\xd9<\
1\x9e^\x9e'=oxx]/\xb5\xeao\x0a\x9a\
;\x15\x10\x80\xcb\xb4\xd5[\xb6\xac\xd6\xba\xe1\x8fo\xb1\
\x1e\xde\xd2N\xf2i\x81?\xaf+)^\xb7\xe7\xe2\xf9\
/\xbf\x0d\xece\xb8\xd0n\x04q\x11\x85\x1eQ\xdb9\
\xec\xc4\x86\xcd\x16\xb3\x15[,\xe6\x5c[\xb4YGN\
\x18 \xc7\x12m\x89\xb4\x81\xb5\x1b\x1e\xa9\xa3(\xbae\
\x04\x99\x84\xb0\xd7\xeb\x88\xcanc@\xc1\xa1G\xf2\xda\
\xa0\xceeLM\xdcA \xb9\x0b\x81\xbd\xb0r\xfd\xcb\
X\xbf\xdd\xc0\x1f\xee\xc1\xf0\xf9\x97\x7fE\xe3\xcd?k\
_\xfe\x0c>\xcbn<\x92!QGj\xb3\xf6b\x8b\
^\x1f\x04\xb8t!/:\xa0f\x81\x9d\xc7)\x82\x83\
9<l\x1a?W\xa0\xc8\xc3QO\xb9\xec.\xb7,\
6Q^\xe0\x1c`#\x85Xy%<\x9c:z\xb9\
\x15\xaf\x99F\xe9\x88\xaeg\x98v\x18\xba?\x87\xa1\xdb\
\x99\xed\xfc\x03p\xc6\xdc\x91\x1a\xad\x9b\x82\xf3\x5c\x98G\
<\xe6\xc1\xf8\x13\xa9\x07y\xb0\x9b\x84p\xa14\x01%\
\xe0\x04\x92\xc8%\x09\x89b\xa2\x94(\xfb\xa2\xbb\xe0.\
$\x0f\xe7\x91\xf1\xfcL:\x93\x9f\xedZ.,\x177\
\x09\x9b\xc4\x98\xe1z\xa8/\xd4\xc5fWS\xf5Ir\
\x1f3\xc3Z\x87\x95[}\xef\xfc\x9e\xa7\xcf\xbd\xdb\x7f\
\xe5\x9c\x0b'\xf1\xc7\x185/\x0d\xac\xd0\xd6\x95\x97\xaf\
#u!k\x9e\xd3\xc6\xe3\x85\x1bF\x05V\xf0g?\
\xfb\xdb\xea#d`\xe0j\xc9\xd2\xa5\xcb\x18O\xb2x\
\xf5N\x18\xdf$\xf4\x9c\x9ac1\x13\xab\x89D\xc7D\
K2\x11\x15\x12\x13\x13\x9d\xab\x98\xa2c\xa8\x07#\xcf\
\xcb\xee\xf5a\xe5\x0eZ\x8e\xd6'\x80q\x96\x1c\xad\x98\
b\x22E\x14\x17\x19n\xed \x86\xbb\xe3\x92\xed\x17\xea\
a\xc0/1\x8f\xc5\xd0G\xd7\x83\x13\x9f\x1f\xb5\x8a\xa8\
\xb6\xf3llb\x0d\x8c\xa3\xe1\x87cR\xd2R\x06\xa6\
p\x86-\xa7\x07\x0ab\xfeMP3\x0d\xb7DOh\
\xdf\xe9\xa7\x9e\xdc\xfd\xe6\xec=\xf3\xbe\xfd\x5c\xfbR\xbb\
<\xf1\xe7E\xf3\x9b\xa6\xbd^W\xb2e\xfe\xb7'q\
\xe8\xaf\x13\xbe\xe0w\x1d\xeb\xdae\xd1\xac\xd1cc\xc2\
S\xcf\x1d>\xf7uz\xda\xa7}\xf2\x96?7iA\
LX\x87\xf7^\xfb\xe8R\x22\xd3\xb17\x81\xaf~\xd0\
\xf3Q\xfa\xabV\xc1\x10\xe6*\x98?*/\xd9\x1b/\
5_\xd2\xf9(#\x1d?P\xad\xb0\xf8\x92\xa4\xc7\x97\
$$\xb5\xc4\x97\x5cH\x8eAv\x10!1\xa2]V\
\xe5)\xf2\x0eY\x1e\xce\x05g>\x04\xfas\xe0jC\
\xe0*\x18H7\xcf\xb2\xe8\x12F\x07A\xa6\xa4@{\
\x0e\xa4\xaa!\x12q\x98\x10_n]%\xa3\xc5N\xc9\
\xabt\x03\x8dz\xaf\xf3\x8eZ\xd7\xa7\xc0\x0c\x01\x93\x11\
\xb42\xc1\x91\x8dq\x95\xbav\xb88\xa6V\x0c\x17\x0e\
\x04\x99\xc1)\x07\x1b\xf6\x7f\xf8\xc1\xfe\x06\xed+`\x84\
\xef\xb4\xaf@\xf8\xce\xbcv\xe6\xcc5ne\xf3\x13\xda\
\x05\xed3\xdc\x0e\xc7\xb3>\xb4\xf8F\x02zKM\xa2\
L\xcfs\x0e\xc2\x19\x9a\x9ec\xeb\x17\x1c\x18\xa3\x5c\x8e\
\xe27\x10s\x80\x10\x0f\x16a\x8b\xff\x03B\xf8?\xe8\
\x99|\x89\xd1\xf8(\xc4\xb5\xe3\xee\xa7\xf7\xf3\xc3\xb8g\
\xb9\xa5\x9c( \x91H\x94\xc9c7\x89\xa0\x11|;\
\x94\x88\x13I\x0aM\xe1\x13\x04\x9f\xd4\x0de\xe2L\x92\
Cs\xf8\xaeB_\xd4\x07\xf7!\xfdh?\xfe~a\
(*\x10\x8a\xc8\x04:\x81\x9f\x87f\x81[4\x97\xce\
\xe5g\x0a\x8b\xa4Mh\xa3\x90\x02<\x10\xcbr\xf82\
1\xe9\x1f\xf8\xe8\x0c>\x87\xbf\xf8k\xe08\xc8\xeeP\
\xfa\x03\x18N\x18\xf5FH\xdc\xc3t+\x9e\xaf\xf6\xe3\
#\x04\x1e\xf4)\x8dPd.B1)$\x02\xb3l\
\x0a\x81\xa9\x5c\xe0w>\xa8r\xcd\xf0\xb4\x03!s\xae\
\x02&\x8e\x00z\xc8$\x99M\x8a,\x19y#&\x11\
Y\xec\x8d\xc1\xac\x91\xd6\xe4\xdd?\x22\xa1\xf5\xdc\xea\x02\
\x22]\xf7\xfe\x22\x10\x81'\x0a\xd8U\x8aSI\xe6\xe3\
A\xeb\xf6$=\xf9\xceJ\xba2\x80<\xc8\xe7*\xaa\
2\x94L$O\xf1\xe3\x94Be>YH\x16\xf0\x0b\
\xf9E\xca\x06R\xceG\x89H&`\x01P\x81g\x0b\
J\xb0H\x81\xf6D\x19\xc9TQ\xcc\xc8\x1a\xc1y\xa8\
G\x0a7\xdb\xad>\x1a\xcb\xfb\x04\x9f\xe8\x93\xfcr\xbc\
\x92`\xf2Y}\xd6\x1c\xd2\x9d\xcb\xa2\x99|\xba\xd4E\
\xce6\xf52\xa7[\xf3P\x1e\xeeOt\x9b\x89\xcf\x05\
\x85\x9b+\xa9\x92*\xf7V\x1e4\xabV\xd5:\x84\x80\
\x8e7\xe7[\x8b\xc88n$\x1d\xc5\x17\x0a\x85b\xa1\
4F\x1e\xa3\x8c1\xcd\x86q\x98O\xe6p\xb3\xe9\x0c\
~\xae0W\x9c-M\x91\xe6\x98\x17\x9a\x17Z\x8bI\
\x09\xb7\x9c\xae\xe0\x97\xc9/\x98J\xad\x1b\xe9\x0e\xeb\x1b\
\xd6\xc7\x99\x86eC\xc4F\xc9/c\x7f\xefS \xa6\
\xb3/\xb2\xaf\xd3\xda\x0a\x0dd\xf7\x07\x1a\x8c\x98\x93^\
e\x07\xd8\x07\xf6\x9b\xd7\x8c\xf9\xcfV\xbb\xbcH\x15,\
T@\x8a\x19H\xef\x02\xf88\x87\x16\xa1\x85\x0a\x19\x0e\
\x9c\xa9[\xa0l\x1c\xd2\x1f\xa8\xce\xcd\x1f\xa2\xbau3\
Uv\xc0\xe8\xea\xb6*\x0c$\xb0\x95\x91\x8ee\xfcW\
\xdd\xf0\x93\x88$\x99\x8a\x88%\x89b\xa2p\x02\xb6\xc1\
\xbf\xa1\xc1n\xb2N\xe2\xc5\xe7\xf0t<\xf3\x9c\xe6#\
\xe8\x9c\xf6\x846\xf4\x0b\xe2\x09\xa6\x1ee6\xdf \xf3\
\x03\xcb\xb8(&3\x9aAf\x5c\xd6u\xf1z59\
h\x1dc\xc2\xb3\x13G`|\x18!I\xb9\xcc\x98\x11\
\x88HU\x1e\xa4\x89(\xeb\xd2\xc4\xf9\xdf\xb3\x10R\x18\
\xb9\xe4\xf0\xc4M\xb2H:I\x87\x91\xcb#*Qy\
Uz\x98<\xcc?,\x8d%\xcf\x932b\x0f\xc1\x11\
\x5c\x8c\x92\x88S\xb8\xae\xb8\x1b\xa7*\xe0\xb3rs\xb8\
)\xca\x0e\x85M\x88p:\xd6Y\xd6\xfa9\xbc\x1d\xbf\
t.p\xad\x01\xa0\xd8B\x8a\x9a\x7f\x01/\xf0\xb8a\
\xc3>\x01x\x8e\xd1m\xb05j\xa4n\x7fJ,\xe8\
\x9e+\x81\x04\xe4\xcay 9\x9cK\x91\xa0\xb0(\x1b\
\x8b/)\xfa\xf4\x87`L\xcd]r\xb4\xba\xbbwG\
\xe1U\x15\xe8\x5c\x0c\x13S\xc0\xbc4L\xb2\xbe\x92\xcc\
s&\x09\x99B\xb8\x08\xc9nJ3eq\xd9R/\
\xd3\xfd\x5c\x7fi\xa0i07T*\xe2&H\x93M\
\xb3\xb99\xd2B\xd3\x0eSH08\xcf&\xe8p\xec\
tZ\xde\x9c\xcf\x1d\xbfu\x0fW\xdd<\x8e?\xbb\xe5\
\xd6\xe4\xaa-tm\xeb|\xff\x10\xc1\x0dr\xbb\x87j\
\xa3\x95\xc2AR\x89\x0e\x80\xeb\xca\xdd\xc7\x12\xb1\x83\x91\
A\xdd/j\x9bT\xa0K\xd4\xe6S\x19\xfa\xbc\xf2u\
= \xca\xe2\xb9\xb1\xd5x\xef\xb5k\x1a\xd4W\xfa{\
s\xa9^\xff]s\xc1 3\xe0N\x04\x07\xf8\xc1\xff\
\xc3\x5c0\x18/\xb8J\x9f\x0cfs\xc1B\x19\xab\xeb\
\xb8\x9e+\xc0\xfa\x9a\xae\xda\xb9J|\x90g}E\xf7\
Q!\x98\x1ag3R\xb0X\xd6\x83\x9e}\xa5\xa7\xc6\
\xe9\x1d\xc4\xe0\x0a\x83S\x98E&kC~\xfeYp\
\xdf\xf8{\xa9@KY\xbc\x96\xdb\xab\xaf\x1b\x11P\x98\
\xaa\x80\xa8F\x8bE\x0e\x03\xcd_8\xa5\xf7\xea\x14\xd0\
X\x90\xa8\xb9:\x12sB\xeb\xab\xf5=A`\xc0\x03\
g\xf0Jm&\xe9\xc0\xe8\xb8I\x8b\xa2nm\x1f\xc0\
h\xfb\x13\xaa\x04\xb9O\xed,\x96\xc0\xf2\xcc\x01\xfd\xd4\
}\xebo\xda\xbe\xd2R\x83^\xaa\xe85\xb2B(\x82\
g;\xa92>\x84\xde\xa4\x5coL\xed\x17\x82\x19\x1a\
\xc1(\xa4U\x0f;R=\xecH\xe1c\x84\x1dY/\
\xf0d\x1c\xb1Y;\x22\x14i/\xe0Y\x00fp-\
\x01\xc8\xc4\x04T\xa7&\x85\xc7\x98Be+\xaa\x0c\x15\
j\xad\x0e_q\xcc\x11\x96*\xecX\x15jF\xa1\x5c\
\x98E\x96L1\x9c\xe4\xee\x93\x08H9\xd5\x08\xf2\xd7\
\xa0?\xb0&\x9b\xaf\xb3L \x16\xf7u0\xc3K\x9d\
\x94\x1e\x95\x1e\x9d\x1e\x93\xeeK\x8fM\x8f\xeb\x95\xa4F\
\xa9\xd1j\x8c\xeaSc\xd5\xb8\xfc\xa8\xfc\xe8\xfc\x98|\
_~l~\x5c~\xd2\x94\xa4eQ%\xd1%1%\
\xbe\x92\xd8eqk\x92*\x92\xae%E\xb7\xbc\xda\xf2\
R\xcb\x0b\x85\xd1\x851\x85\xbe\xc2\xd8)\xd1Sb\xa6\
\xf8\xa6\xc4.\x8a^\x14\xb3\xc8\xb7(6\xac\xed\x5c\xd9\
=\xb8+\x0cTk 5\xf6\xae\xd02y\xe7\xab}\
\x8b'o\xae\xad\xa9\xe9U\xb7|_C\xe0\x16&\xaf\
n,<<h\xec;\xc3\xfe\xcf5\x92Y4\x7f\xd4\
\xf4s\x87R\x06\x04\x16W\x15\x8d|\x7f\xe7\xd1\xf7\x9c\
\x0bWv\xecX\x95\x94\xd4\xac\xaf\x13\x00\x5c\xed\x02\xfa\
1\x81\xbd\xdaM\x0d\xe7j\xcd6\xb96\xcc\xb3\xcaV\
\x13\xb91\x1c9\x9d\xf7\x87\x99\x05)\x22O\xb7I3\
\xae\xeb\xb1\x85Kl&\xea\xa3\xab\xe9\x87\x0b\xa3\x17E\
WDs\xd0\xcf\x96\xf9\x17\xe8*\xd6'\xf3\xc0\xb0f\
\xa9\xd5\x8c\x03\xb8\xef^]\xb7\xeeUv\x04^\xec~\
`\xfe)t\xfb\xf6\xa9\xf9\x07\xba\xd7\xd6\x92\xb4\x86\xcb\
\x97\x1b\xe0 \x8f\x8c\x19\xa9\xd5i7\xe0S7r\xcc\
^\xe8\xcd\x9d\xbc\xe5p\xd4K\x8dD\xc5x9e\x89\
\xcaJ\xad\x83\xd6\x86\xd6\xb0\xc0\x9d\xd3\x82\xfa\xba\xfbD\
\xd8\x9b/\xb5\x04\xee\x82\xc9\xca\xcc-\x89\xb4G.\x8a\
\x5c\x13Y\x11\xc9\xe36F_f0\x80\x17\x17\x0c\xe0\
q\x97\x1f\xda\x96\xff\xe6G\x1f\xbd\x99\xbf\xed\xa1\x07w\
\x0f\x0f\x80\x15\xd3\x01\x0b\x83w\xd2\xac}\xa9\xa9\x17O\
\x9f\xbe\x98\x9aZ\x15\x1f\x0f\x00Y\xb1\x13w\xf7\xeb\xbe\
\x12\xcb\xbf\x1f\x06=\xb4\x1b\xf8\x8a\xa8EVw-/\
\xad\xb2\xd6\xe0\x8d`n#\x89\xdc\xefp\x9a\xfaD\xe9\
,\x96\x91\xd1\x8a\xaf\xfa\xbb\xf0\xc5\xc2<\xfap\x12\xdd\
3\x09i\x1b/\xe7v\xd6\xd4t?\xb0\xa0\xe16\xba\
\xdd\xb0\xe0@\xe08`n\xef^\xc0\x1ew\x98\x8c\xf8\
\xbdi\xef\x98\x91\xb87\x96\xe0\xd3{\xa4\xe6\x09\x220\
\xd8\xaf\x85\x80/7\x8aDS\xd4x\xb0\xff\xe5bi\
9\xef\xa9\xc4|\xad\x19\xbf\x1dV\xeb\xac1\xaf\xf2F\
z\x88\xe4\x91\xd0\x03\xc4i\xeb\xe3\xd5\xbbX\x1fL\x22\
\xbc\xdedL\xde^7\xe6\xe1RzEM\x89\xaa\x88\
\xfa4\xeaZ\x14\xdf\x0b\xf5\xc2\xbdH/O\xafH\xbe\
\xbd\x98&\xa5\xc9\xed\x95\xc9h2\x9eL&{&G\
\xca\xc3\xa72\x14\xc7\xeaF\xf4\x9d\xf0(\x90\x80\xa8\xa3\
]\xa4\x0b\x9b\x0f\x9aO\xbf5\xf1\xf8\xa8\xd1\x9f>\xa5\
]\xd7\x8e\xe3\x94\xe6o\xb1XCv/\xdfRk%\
#\x86\xbds\xbcs\xe7\xfd\xed\xda\xe3nX\xc1.|\
\x9f\xf6e\xfd\xc6C\xfb\xb73\xb9\x90\x06\x08\xbf\x01\xb8\
v\xa1\xa1\xaa\x97\xb7c\xb3T)\xe0\x12\xb4\xd1*\xd4\
)\xc4%\x22Q\xe6%\x8b\xcd4\xc0\xcd\xe4\x9c\xc2\x84\
\xb2\xc9\x10\xcaV\xbd\xac\xa7\x1c\xd77\xe7\xd4\xd7;\x8d\
\xb4\xe3\x0c6\xcf\x96\xe1\xd4\x0d]\xd5\x93\xef\xa9\xf00\
\x97\x00:\x19\x85\x0d\xa3\xda\x9f\x95\xc9\xd8\x8b\xdc\xa8\x1e\
\xfd N\xd3\xfeR[]\xbd\xff\xa8\xe0\xde\x9c?~\
tis\x1a\xf7\x97\xd2\x87\xde~\x8d\xe1Z+\xa0\xc3\
\x00\xd7&\x94\x0c\x96\xbd?\xdc\x1c%;\x8b]!\xb5\
6\xae6\xd1_\x93T'\xd7\xda\x8eFD%\x86#\
\xc9|\xbf\xe0t\xfa\xfa\xa4\xe8\xf3\xb7\x069\xd4_2\
\x08B;\xab\xcf\xbc\x00U\xb4[\xd4\xae\xa2\xdd\x1f\xb8\
(\xd4N\xee\xf8&\xf7\xe0 \xa98\x8d)\x14n\xe7\
\xee\xf2\xf5\xbbw\xaf/\xdf]\xa3i7G\xee{\xf8\
\xe1\xed\x8f\xfc\xe9P\xf6\xc1\x05\x9f47\x7f\xb2\xe0`\
v\x0d\xb9\xe7\xe3\x0b\x17>>~\xe1\xc2\x8f\xda\xb7\xda\
\x0fQ\xd1o\xb6ow\xf4\xdd\xc7G\x8f\x02\x13\x89\xcd\
vw\x1f5\xba\xaa%/}\x8c\x8e\xdf\xce\xc0\xf92\
\xe2\xacX(\xb1:j\xcc\x1b\x15\x0c\xb6\xc6CL6\
\x1a\xeb\x85t\xc6\xcfaS\xd0,\xff+\xfd`\xa1G\
\x8fC\xfb\x1dF\x97\x1d,\x81[\x97EtL\xcd\x82\
\x05\xe5\xfbjks\xdf\x9c\xf9\xfeGdW\xe0\x09\xb2\
}\xc7\xf6wv\x05J\x04w`\xfb\xd81?3\x1e\
z\x1f\x1a\x9f\x0b\xed\xb29\xc5T\xf0\x8c\xde\xa1\x07P\
\x1d\xe1\xb1DQ^\xeb\xdc\xea\xa5f\x16`\xb0\xb7\xe6\
n\xf3z\xacK\x9fj}\xbf\x06\xfe\xb1\xbcw\xc1\xfd\
\x03\xd4w\xfb\xbcV\xa0\xd7gB6\xd4[\xf5\x9a\x88\
\x88\xac\xef\x98\xc5\x12\xfe(\xaa3\x1f\xb0Kv^\x18\
ha\xab\xe7\xf2\xecz\xed\x97\xb2\x9dw\xe6\xd0\xf5A\
\x80\x86\x1c\xaa#\xdfQ\xe8\x98\xe20\x1ar\xb7\xc43\
\x8d\x06_\xf9S^\xa7\x09\x03\xf4VW}\xf6\xde\xd6\
\x91\x9b\x85\xe4\x1fZs\xfb\xb7B\xdb\x0ah\x9a\x94\xff\
\x1c\xd7\xacC\x1b[\x02\x9b\x12\xca\xbb;\xb0y\xe9?\
\x066\xed\xfa,\xcf\x93\x94(R\x08I\x22)|\xaa\
T@\xc0\x82\x96\xa6\x93\xd9\xfc\x12\xb2\x82\x7fQ*#\
\x1b\xf8\x8d\xd2+\xc4\xc9\xa2\x99\xc4\xc4)b2\x97D\
Y,3UT\xcd\xe3\xb9B\xf3\x0an\x19X\xd0\xab\
\x85Rq\x0b\xb7Q\xac\xe2^\xe5\x0f\x8b\xc7\xc4\xcf\xc4\
\xdf\xb8k\xdco\xf4\x1a\x8d`Q\xca\xd6\xa5K\xfaZ\
\x9c\x84\x1f\x03\xfb\xc9S\xd7\x02\xc7k\x05w\xf3\x04|\
1p=\xb0\x8f\xf8\x03_\x02\xbcw\xc6.\xee-\xb4\
\x910hZ\xf3\xddT\x8b\x9do\xc9\xa5\xbc\xc6\x0b\xc6\
\x80\xc1`\x09\xee\xdf\x9b\x82\xb8\x12\xa3\x80o\xe2\xd00\
5Qp\xcaa6$D\x89\x1esI\x94\x8f\xab\x89\
\xac\x0b\xb7\x8b\xc8a\x93$!\xdf!\xd9\xf2\xbda\xa0\
v\xfcz(\xa4\xb9\xb9\xc9\x98u\xcd\xc9\xb9t]\x0f\
H2\x22T]\xe9\xf1\xf9\xf1S\xe2\xd7\xc4W\xc0\xe7\
\xdd\xf8\xaf\xe2o\xc7\xcb@\x95\xc6tk[\xda\xbcC\
\xa4\x1e\x83HS\xfa\xbc\xb7\xe4\x8dwj\xa7\xcd,\xdd\
S;m\xf6\xea=\xb5\xb5\xbd\xaa\xe7\xce{\x8d[\xb1\
`\xd6\xaf\xdf2\x92}y+#Y\xb2}\xe7K\xef\
\xbe\x12(\xa1\x85\xfb\xc7\x8dZ\x80Z\xc7{\x0c\xc0\xe0\
B]\xee\xe6\x99\xba\x7f\xcf3\x97Zx\xe6P\xa1\xe7\
\xcf\x1e\xf2G\xae\xf1\xfc\x0f\x5c\x03M3\xa6!-\xeb\
g\xf5xa\x7f\xd5%\xd4:Q\xad\xb9\x86\xc5\x0b\x9d\
\xb6\x879\xa7\xa7\xcf\x1fr\xfeT\x7f\xaf\xf0\xf9h\xbe\
\xb0P\x5c(-\x94\x17*\x0bM\xf3\xcd\x0b-\x0b\xad\
\x0bm\x0b\xed\x0b\x1d\xf3\x9d\x15\xe1\xd7\xc2\x1dwg\xe3\
\xdc\x95\x1a8=\xb8\x1c\xb6\xace\xd5\xec\xcf\xd8\xc1}\
\xd5\xb2\xf2uk\xeb\x1a\xd9l\x90\xd9n\xdc\xcdXs\
h\xac\x85\xd5ucO5\xb2E7\xd6XW\xe1\xa3\
\x5c]\x14\xe8\xc5\xfbu\x0d\xd9\xc6\x9a\xb0_\xba\xd4\xa2\
\x1eU\xd9\xd0\x8f_GS<<\xa1\x159AS\xe2\
.\x13czm\xed\x1dK\x82tk\xb1/\xf6\x06\xf6\
\x0bJU\x1b[\x02\xff\xd8\xa2 \x0d\xdd\xdd*\xb7\xf5\
\xfe\xb5\xd8:5\xb6U\x91G\xc3\xeb\xa2tK\xe7~\
\xb0y\xdah\xef\x96\xfe}\xf4\x87\xfe\xfd\xcb\x04wP\
\x91\xb3\x09n?Nk\xd1\xd9d\xfa\x1dM\xde\xbd\xa6\
\xa6\xd5\xe2\x09\xeco\xa3\xc6\xc7T\xfd\xfe\xcf\x16\xda\xe2\
\xfaC\xff\x1c`\xcb\xbb\x05\x13p\x83\x89+\xb1\xd6\xc8\
u\xa2\x22\x80\xeb\x97\xe7djD\x97\x8d\xa0\xb7\x1bO\
1E}(\xdf\xb5\xc3\xc5\xa8\xca\xb0q\xee\x90T(\
\xd7?\xa6_\xfb\xad\xaf\x02\xa6\x8e,su\xf4r\x87\
\x9c\x8e\x86w\x02\x07\x81\xa0\x8aF\xf3\xbc\xde\xded\xb0\
\xb1\x8eC{I\xe8r0.\xf7h0,\xf7\xe8\x9d\
\xb0\x1c\xd8^+\xa8\xbb\xd8\xb3\x22\x8c\xd9^\x095w\
\xe2r\x8fDJVQr\xc7\xf5If\xfdj\xbc+\
.\x07\xfa\xedWf\x8c9\xef\x8e\xcb\xb5\x84\xe5P\x12\
\x13l\xcfx\x15\xaf\xc9k\xee\x08\x06E{S{s\
\x0f\xb9\x87\xd2\xc3\xd4\xc3l\xf2!\x1f\x8e'\xc9J\xb2\
\xa9\x9d+\xcd\x9d\xe6i\x17\x92\x1c\x9d\x1c\x93\xe2K\x89\
\x8dO*V\x8aM\xc5\xe6b\x8b\x93A@\x88\xa0\x08\
&\xce\xccY8+g\xe3\xec\x5c8\x17\xc1Er^\
\x1a%'\xa5\xa5\xf4Jy2ea\xca\xa2\x945)\
\x15)\xd7R\xc2\xc0\xfb\x9b\xfa\xc7\x00\xa0\xe0\xff\xd7\x00\
 \xcbS\xe0V>\xb4w\xd8\x8a\x15\xa3\xd6\xf7\xaa\xdf\
\xfd\xdb\xdf\x86}\xf8t\xd1G#\x97\xac\x1a\xfb\x9a\xfa\
\xda\xa6\xaf?):D{\xedON\x1e4H\xed\x17\
km\xb7y\xc5\xd6\xc3~\xff;YYC\x1f~ \
?\xc1\x16_\xbed\xfb\xbe`\xdeYW \xba_\xf8\
\xed +\xc0R\xb4\xf2\x92\x8d\xabD\x0e\x5c'\x95(\
&\xc02p\x82\xddie\xb2B7R2\x82n\xaf\
\x91\xc0\x08:\xf6\x0dC\xc72\xcb\x84-\x81\xf50\xdb\
\x9fY(\x0e<\x1b\xcf\xd7\x96=0\xfd\xe8\xd1\xb3;\
KJ\xf8\xed\xda\x07\xa5\x81\x8a\x15\x0fm\xd9\xf1WR\
X\x8a{\x1a\xb4\xbe\x1f\xe4\xc5\x10]N\xb9\xc1\x8b\xf5\
\xde\x91T\xab\x14\x5c\xe7\xae1\x83\x9cr\x9b\x1e\x02\x89\
\x95\xe7a\xc4\x9em\xd0\xd5\xa5\x8cVq5\xd9\xf3\x1e\
\x13W.G\x9bH`\xd0\x05\xc1\xfb\x99\xb8z\xbd\xa6\
\xe6\xbe\x033\xdf\xff\x18\xff\x19\x1f!{\x02#w\xec\
xg\x17\x99\x7f\xabb_\xd1\xe8k\xdc\xde`\xbc\x85\
\xad\xeb\x03?\xf2\x96\x9a\xf4\xc7X\x86\x80\x04\x16\xcb\x10\
X,\xe3]\x16&$\x98\xa7HdY\xc3J\x1b\xff\
\xda=\x88\xe5\xf0\xb6\xfa\xd7\xffC\xa0\x10\xab/\xf6%\
\x13\x09\x8bs\x15\x93Ed-\xd9E$\xd6\x90\xcc\xc9\
zL<\x82\x8b\xa0\x89\x88\x057R\xa8O\xcaBY\
\xb8;\xd7\x9d\xa6K,v\xd5\x8f\xebG\xf3\xf8\xbe\x82\
*\x15\xa0\x02<\x94\x1bJ\xf3\xa5\x22T\x84'p\x13\
\xe88~\xbcP(\xcdD3\xf0|n>\x9d\xc9\xcf\
\x13\x96\xa1ex\x05\xb7\x024k\xb1\xb0\x01m\xc0\x1b\
\xc9\x16n\x13\xdd\xc4o\x14\xf6\xf2\xaf\x0a\xd5\xd2{\xd2\
W\xd2m\xa9gK\xac\x0a\xfb\xef\xf9\x10\x8f\xc0#>\
\xd4\x9e\xb8I\x0b\x9b\x07q\xfb\xf4\x05\x9a\x18\x15\x00\x0a\
\xb2\x00Gf\xfc\xa3\xda\x8f\x1fl\xc4\x13\x07+27\
\x98\xc5\x13\x07\xff\xaf\xe2\x89\xef\xfe\x9bx\x22\xc3\xe2\x03\
\xd5\x0e\x96\xaf\xe3l\xcd\xdc1\x19\x88d\x98\xc5\xc6\xe2\
,K0\xb5\xa7\x05\xbf\xff\xcfaH\xac\xde\xe6I\x08\
\x09\xe1\xe3\x94,\xa5\x1f\xe9\xc7\xe7)\xaa\xf28y\x9c\
\x1f\xac\xe4+\x93\xc8$\xbeH\x99\x0b\xa31\x97_\xc8\
\x97\x90\xcdd\x13\xbf^\xa9#u\xfc'\xe48\xf7g\
>\x8a'2'P\x13\xafH&\x19Nf\x0f\x09\xe7\
Bh\x04\x1f)E\xcan\x93\xc7\xccf/\xfc$\x89\
\x8b\xa5\x09|\x9c\x10'&HIr\xbc\x12k\xf2\x9b\
\xb3\xb9.\xb4\x8b\x94\xcd\xe2\x8e\xa4/\x97GU\x9ak\
\xcc\xd5J\xbd\xe5\xdeJo\x13\x8b9\xb2q, \xf9\
\xf4a\xfe\x11\xe1\x111_zT\x1e\xa4\x0c6\x8dF\
c\xf0X2\x91\x1bK'\xf2\x13\x85\x89\xe2$y\xa4\
i\x9cy\xb2u&\x9a\x89\xe7\x92g\xb99\xf4Y\x18\
\xdf\x85\xc2<q\xa18G\x9a+/\x94\xe7+\xb3L\
\xcf\x9aK\xd8\xec\xb1u#\xda\x88\xd7\x932n+}\
\x89g\xb3&\x9b%5m\x83y\x87u\x0f\xda\x83w\
\x91]\xdck\xf45\xbeR\xa8\x14_\x93v\x99\xdf\xb0\
\xfe\x89\x1c\xe0\x8e\xd2\xb7\xf9\x1a\xf9]k=\xf9\x90;\
EO\xf2su\x9a\x88\xc4\xec?\xf6\x9b\xb0\xbf\xa0\xe6\
\xfb\xef\xce}\xff]\x8dv\xfe\xdc\x7f\xfdr\x0e\xa8c\
\x037\x91\x1d\xb7*\xb8\x0d\xcd\x13\x81F\x82k.\x91\
\x09\xdf\xa7\xe6\xf1l:\x93:8*\xb2\x13O1\xc1\
\x9c\x83\xc0\xb0;\xe0I\xc5!+\x98\x9dL\x0a\x90\x8c\
\xec\x00\x82\xc9UD\x8a\xa9\x04<F\x82%`\x09s\
\x0b\x81\xd8ZS\xbb\x1cF\x10\xae\x85\xeb\xee\x04\xe4\xea\
\x1d\xa1\x7f\x98\x80\xff#I\xfc+\x17nR(U\x22\
\xa8GIT\xee\xa1\x9d\x94\xc1\xf41q\x88R\xa4\xcc\
\xc2\xf3\xe8,q\x86\xb2\x9a.Q6\xd3\x1dt\xa3\xb8\
NY\xa3\xec\xc1\x95\xf4\x0d\xba[|E\xa9P\xbc\x0a\
Gy\xe0\x01S\x04\xe7\xe1=r\x84)\x85K\xe4\x13\
\xe4v&\x9f\xa5;\xce\xe6\xba\xf2\x9dE\x16oN\xb7\
\xf4\xe3\xf2\xf8>r\x7f\x93j\x19\xca\xb8\x95\x0c\xe5\x1e\
\xe3\x0b\x84\xa1b\x81T \x0f5\xe5[&[\xe6\xe0\
\x85\x96\x97\xf0z\xf15\xbcK\xac\xb6\xfc\xd9\xf2\x95\xe5\
\xb6%\x8d\xa5;\x11\xbf\x1e\xbd\x02\xb6\xa4c\xb4\xa7p\
\xd59\xed\x88v\xe4\x1c~S\x9bv\x0e\xa7\xe0\x14Z\
\x18\xf8*\xf0>\xae\xd1\xfa\x92\xfe$D\x9b\x8aKu\
Yf\xacQF6\xbcR\xbdO\x94\x88\xec@6\x86\
f\x84lV\x87\x0d\xd9,\x0e\xb3\x05\xb1\x93\xd5\x02\x8c\
kv\x00\xdb\xe6ZL\xb2\x1d\x99\xf8\x12\xee\xa8\xd5T\
\xc7\xd6\x8a*2p\xabd\xa36\x93\xbde\x00$\x1d\
\xed\xa66h7\x19\x09\xfa:\xd6\x83s3\x8e\xbb&\
\xfe\xfe\xc0\x8d\xfcO\xa1\x19\x0c\xe7\xd7\x04\xc4K\x82\xcc\
YB\x94P\x8b\xdd\xe2\xb7dY\xfa)\x03\x95\x87,\
\xc3\xe4a\xcaD\xa5\xc4\xb2\xc8Rfq*\x08:\x01\
\x9cf\xb2\x9al\xa1\xd8C\xec\xd4\xce\x87*n\x93\xdb\
\x1ca\x8d\xb0%\xa1x\xd0\xbc>\xea\xe3S\xa4d9\
A\x897\xc5\x9b\x93,\xed\xac\xedl>GW\x90\x96\
Y$\x9d\xa6\xf3\xdd\x94.\xa6.\xe6n\x96lk\xb6\
-\xddq/R\xb1JTN\xa5j\x90\x03s\xe5>\
\xca\xfd\x96~\xd6~6\xd51\x08=\x8c\x1f&\x83\xb9\
|\x9a\x0f\xe33\x18\xc6\xe71\xf91\xe0\xc2\xc1\xe6\xa1\
\xd6\xa1\xb6|G\x11.\x22\xe3\x95\x09\xd6\x09\xb6B\xc7\
|i\x8eu\x8em\x05zA^fZf^aY\
a]a\xdb,\x97\x9b\xca\xcd[\xac[l\xbbL\xbb\
\xcc\xafY_\xb3U;\xfe\xec\xf8\xcaq\xdb1\x16\xc6\
\x92\xb7b\xc3M\xeb\x85\xf5\xf9\x00R\xf6\xd0\xfa\x05e\
O\x0f\x18\x94\x19\xab\xf50\x04\xee\xf8\x8f\xe7m\xe9[\
<\x88>\xd4\xbc\x9e{\xda\xd0\xcbC\xc0\xce:\xaf\xaf\
\xc7\xde\xa6FHF>8\xb0K\xaeT\x89\xea\xb8J\
^\xe20\xa2\xd8\x08O\x9b\x8c\xf4\xc7\x16n\x08\xae\xf5\
\xd2\xb9\xa4>\xa3\xfe?\x86\xaas\x99LL$\xf7\x93\
~\x22o\x92l\xa60.RJ\x95|\xa6.\x5c\xb6\
\x94nb\xf8\xea\xa3\xe3\xeb>\xe91n\xa8\xf4\xa4\xa9\
\x10\x17\x92\x22\xae\x90\x16\xf2\xa3\xa4\x85\xa6E\xa67L\
\x91w\x05\xab\xa7r\x13\x03\x03\xc8\xa1\xe6g\xc9\xa1\xc0\
XZ\xb8\xb7\xf9|\xd9^.\x01`\xc1H;HC\
\xc1\x1f\x8bG\xb3\xd5\xce\xe16\x8fIH\x90#\xec\x9e\
(\x13\xef\x8b\xe5\x90\xa9RF\x95\xf8=\xd9S\xe9:\
\x90`\x96\x15>>$\x1cE)\xbc\x8b\xb8\x91/\xfc\
>\xc5\xc6'0B\xd4\x03\xda\xc6\xe2\xdc\xa0)b$\
\xbaf\x07sC\x9b\x9b\xea\x99S\x01v\x813\xbb5\
\x0b6;\x1d\x1f\x04U:\x9cg\x96\xc9=\xb8eQ\
\x08\x94\xba\xf4\x08FU\xf4\x1c\xbe(f+\xd3\xd0\x9e\
\xbfW>\xfd\xe2=\xf7\x94>U\xf9{\xcf\xde\xab\x0b\
\x1e\x9f4yX\xc1\xeaw\xd6\xac\xff\xf2\xe7\x8d3J\
\xa7\x97_\xfb\xb2\xact\xc8\xea\x1b\xdb^\x0c\x8f|q\
\xeb\x8d\xd5C\x18lT\x8b\xc2\xfb\x85(\xf05\x9do\
at@_\xc9g\xd7\xf7>b\x0b\xc8YZ\xc8\xfe\
*!\xea\x06\x92\x8c\x1d\xd3\xda\xe0\xa2D\xed\x12\x93\x10\
\x19b\xb6I\x91&O\xb8\x8d\xf2>\x0e\x85WF\xa2\
J\xff{\x91\xb6J\xc7\x81\x04ox\x84\xc7\x86\xc1\x04\
\x8b\xf0\xf8\x9d\x14E\xc4x\xee\x03V\xa5\x09\xad\xe6\x07\
5\x86[\x8f$Q\x033\x19\x80\x9a R\xfe-n\
\x8c\x15\xa3\x06~Zp\x13DH\xd7\x8e\xb8\x15C!\
Q8h\xcf\xe9\x18J\x85~\xe7\xad\x1a<l\xf2\xe4\
a\x83W\xe5\xf5\xfa\xfd\xd5\xa7_\xec\xd9\xf3\xc5\xa7_\
\xfd\xbd\xd7;\x05\xa57\xb6\xbe\x18\x19\xfe\xe2\xb6\x1b/\
>VZ\xf6\xe5\xb5\xf2\xe9\xa536\xfe\xfc\xe5z=\
\xa7\x1a\x9f\xe1\xcfs\x9dP\x14\xf2\xabvl\x8f4#\
\x17\xdd\x1a\xe9\xdaj\x8eF\xb6h;K\xad\xb3\xb3\x95\
\xfe\xf6\xf7\x8c\x91\xd2\xc3\x9eI\x89\xec\xd3\x1a8\x0e\x0d\
a\x1f\xe8!\x7f~\xc2\x9b#'\xad3\xf1\xa2\xed\xa5\
\x11C\xf6\x8dbWe\x0a/Y_\x1aQP\xc9u\
:8\xb0w\x0fJ8\xbe\xe7\x83\x8f\x1e\x1c\xd8'G\
/\x0e\x08\xe6\xda\x88\xc7\xf4\xf9\xb4v\xaa\xc5B\x89\x97\
\x03{^\xf4\x0a\xb4\xcd>\x03\xaa\xa4\x10a1\x92\xca\
\xff\xedF\x03\xfb\xc8\xc0\x93\xbf\xd3\x93\xf0]\xc5\xa7\xde\
Le\x09Ll*\xdb\xd8\xf3\x81\xe5\xa48\x05\x94\x8f\
Zr\x08\xb6\xe8\xeb\x9fz\xa9\xe6\xc8\x98p\xae]H\
\xb8\x9c`g\xab\x9b\xf4\x9dz\x9aO\xb1\x8d@\x22\xca\
#\xcd\xf6\x97m\xfb]\xe5\xe6\x84\x97\x13\xf7\xc7\x95\xa3\
\xb5\xe6U)\xc1\x0c\xc0\x96\xbd{\x8c\xc5X-\xab#\
\xfe\xf3\xa2&\xd2\xef\x9f\xb8\xdb\x8bK\xd7\xbe\xa2m\xbb\
:O\xbb\xd4~s\xe5\x82\xbaOk?<\xd5\xf8\xe6\
\xf6W>*~\xe2\xf4\xd4&\xfe\x1a[\xb6\x14\x1bS\
\xbf\xe6\xfb\x1fr\xbd\x9f\x0eM]S\x1e\x5c\xd3\x14\xf6\
\xe0\xb1\xe48\xdd\xa7\xd3\xbe\xe3\xdd\xfa^\x0c\xc9*\x18\
\xdd\x95\xe0\xc8\x89\x1c\xb8\xc0:\x8ar\x9aX\xb7\xdf\x12\
H\x9dI\xa2\x95\x180t\xeazNz\x0a\x0eb\x08\
\x0cn\xba\xb89\x9b\xed\x8dRVfl\xc2\xc0v]\
\xd1\xf1\xe1\x07\xfc\x1c\xd5\xe7\xfa{\x1er9\x04\x8b\x13\
\xc6\x9c\x8d\xfa\xe1\x5c\xbbe\xb1\xc0\xb0\xcd\xa60\x1f\x1d\
\xa2:m\x0ed1\xdb\x1d\x0ePX\x0e\xb3\xd5a\xb1\
\x98\x8d\x9du\xe0K\xb27\x0dM\x00sB\x87\xbck\
\xab\x10-\xf5\xf8\x06\xdez\xb0\xd7\xec\x8e^g\x07-\
\xd6\x98\xb7\xfcSF\xe2\xf0\xaaHG\xbb\x89\xf4\xa9\xa0\
 \xc5\xe8\x0d\xe8\xc3\x9b\xd0\x07c\x8f&\x8a-^+\
\x8c\xbe\xbduC\x93\xb7H\xb9\xe9u\x0b\x8c~\x1aS\
c\xfa\x06&\xc6\xfe%\xc1\xedK\xaehO\x1e\xf9\xfb\
\x89\x05\x0b\xf0\x9c\x062\xe6\x87\xabx\x8b6k\xc7v\
r\x5c\x9fgg{|\x0cdv1zP\x0di\xc9\
U\xab\x93\x05\xb35O\x94\xa8\x02~\x0b\xcbR\xbb`\
\xec\xe8q'GMu\x12\x87\x04\xd6\xb3\x91\xf4fd\
\xba\x01\xb8?\xd9A4\xff$\xb1=z\xdaf\x94\x1d\
\xc1\x16\xdc\x13\xf7\xc2\xa6Z\xad\xa1F;Y\x0b\xaa\xdf\
I\xae\x82\xddU\x1dH\x22\xe7\x9a\xf3\xef\xca\xc7\x0bW\
\xcd\xb4\x1c/F\x22\xa1^\xcc\xf2\xf1\x9aO\xd5wj\
\xb3O\xcf\x09\xee\xe5@\x8a\x9e\x8d\xc1\xf2\xa4\xa7h\x05\
\xc28=\xdf1\x19e\xa2\x5c\xd5\x91\xd5'\xc5\x19k\
\x16\xc2\xa5\xa4\x8e\x11,\xc6\xd0Y'\x00}\x8f\x08\x9d\
O\x9c\xed\xa5\xdahOM\xf8\xc6\xce\x9d\xb8\xdax\xdb\
*\xd3\xd1\xce@\xb1`u\x01\xf5\xea\x1bY0/\xac\
\xabC\x0f88\xda\xc6\x83\x83\xa1Wgp\xca\xc5\xa1\
GJD\x87\x1e(I[;\x7f\xd4\xb4i\xa3\xe6\xaf\
\xc5_g/}\xf4\xd5\x1f~x\xf5\xd1\xa5\xd9\xb5w\
\x8a\xf8\xeb\x96\x07H\xda\x8f\xc7\xf7\x12\xf7\xde\xe3\xb7r\
H\xf6\x88\x87p\x16v\xc1\xe7\x9e\x01#\xd8N<#\
\x06h\x1fj?\xc1\xa7\xe1\xa1\x11\x81\xe3\xdc9x4\
\xd0\xb4\xf7x\x0b\x9f6\xe9|\x9a\xab\xfb\x9d\xef\xdf\xbe\
(\x0c\xd0c,\xd1\xa8\xbbj\xf3\xf5\x91\x9dN\xce\x19\
f\x0e\x8f\x92\xbcy1z\xdc3\xc7\xd8\x88E\xb5\xa3\
Z[M\xa4P\xebY\x15\x19^\x19\xed\xad\x8bL\xbb\
\xa4\xef\x02\xa5\xaf\xcan\xbbJ\xac\x8b3\xb3%4\x95\
\xe4\xd7c\xcd\xb4\x7f0<\x15\x98\xea\xfa\xfdZK\x88\
\xeaw\xf9\xd3\x9a\x9a;A*\xed\x83w\xb0\xb75P\
\xd5\xf1F\xe07Z\xa8\xdd\xfb\xc7\x1c\xc1;{\xac\xe8\
;\xb3\xbcAx\xb6/\x8b\x17ua\x82\xec\x7f\x9b#\
(u\xe3\xfaJ\xf7s\x13\xa4\x22n\x11\xcb\xec\x97e\
\x0f\x8d\x90\xf3h?\xf91:D\x1eK'\xc8s\xe5\
e\xf4\x05\xb9\x9cn\x91\x8d\x1cA]}1.\xc0|\
f}`\xa2v\xad\x9el`\xb9\xb9,=\xd0H\x15\
D-1\x1a\xde\xaf\xaf\xadzH\x95#x)\xdc%\
\x22\xab\xbe\x7f\x0f\xf0\x18\x93y\xa1B\xb9\xf8z8\xcb\
l7\x95\xdb\xd7\x86\xa3\x97\xc3\xf6\x93r\xb6\x81\x8f.\
\xf3\x82_\xfff\x03\x1fWH\xac\xcf\xc96\xf0I$\
\xb1>1\xabKl0'.i\xf2\x19\x8c\xb0t5\
\xa4\xf9[.:\xe4\xaav\xe36:\xf3)\xb6\xe1\x81\
\xb8X\x9b\xa7\x1d\xd0~m\xc4yG\xb1\xf7\xe7\xaa\x9f\
q\xd4\xd1\xb3/j#\xb5\xcd\xda&m\xe4\x9a\xdb\xb7\
[\xf2\x9d\x80\x16\x06\xb5\xe6b\x16\xeb\xfa\xe1\xce\x9e[\
w2\xcb\xff\xb0\xe7\xd6\x1b\xff\xdf\xf7\xdc\x8a\xd5\xedy\
=\xbd\xf6\xaf\x98\x0b\xbcK\x9e\xbc\x10\xb8\xa9\xfd\xcc\xf2\
k\xa3\xc9\xb7\x81\x83\xcds9\xac\xfd\xa0\x85\x04\xe9\x95\
\xe5\xc6B\x1f\x1f\xd4\xfb8\x06\xff n%s\xf5y\
jR\x09v\x1fJk\xbb\xd2[\xecv\xe3c2w\
\x0dB\xad{o\x09vg\x22\xcbrr\x88\xa8\x82\xad\
JF\xcb\x0e\xac\xdb\x98[]V\xbd)\xf7\xc0\x22\x9a\
{`1\xca]Pm\xab\xc6\xfe~\xd5\xfe\xeah\x7f\
\xbf\x91\xd5\x8bF\x8d\xaf\xf6\xe7\x8d\xac\xb6\xe5\x15V\xaf\
\xbb\xaf\x1a\x17\xfas\x8d\xf3}\xd5h\xf0\x90\xea\xe8\xe0\
E\xb7\xeahG5\xc9\x1az`\x11\xd2k\x09\xab\xb6\
\xd9Y\x15\xac\xaa\xf1=\xaa\xfd\x8ej.\x0bU;\xab\
\xfdP\xb3\x9a?\x04~R\xbb\x19w\xd9[A]#\
\xa6\xea{\xe6e\xa86\x87\xa5\x12\xa4\xa4I\x90tu\
c74\xb2\xa1pTEPH\x9d\xcd\x1c\xd49L\
\xe9\xb4\xd1:A\xcd#l2v\x00\xc2_\xb4Q>\
-\x0a\x88\xed\x93\xb3\x9a&P?\x98\xc2\x16T\xac\xf6\
\xe3\xae\xb0\xe8\xce\x15#\xbas\xc5\x88\xee\x5c\x01T+\
WLf\x93|E\x92\xcd\xec\xa4\xc8\x16\xd1\x22]\x11\
EK\xaeLL\xf4\xb2\x88\xf6Xe3OD\x0eM\
\xe6\x15q\xb2y\x92\x15\xc4*\x08\xc4\x8c\x96\xcdM\xae\
\xff\x81\xeb\xee,]\xfb\xe35\x98\xdd\x1e\x99\xad\x06s\
\x19'\x9a\xc0vu\xd1R\xfd\xc6\x89\xfa\xdf\xd5\xaek\
\xd7\xdf\xc5;\x1f\xc1;[\x8bF\xac\xec}\x80\xa5\xef\
\x1dX\xccW,`*\xcb\xa6+\xa0;,W@\x91\
\x98\x01\x08\xf0\xa4\xf9+\x02\x0f\xbe\x02\xbd\xc2\x01|W\
\x00\xdf<\x00\xcd\xb2\xd9\xcc\xbc\xc2\xe9\xb0\x98%\xcc#\
i\xb2\x22\xe2\xc9\xa0\x01\x00\x96\x1c\x86r\xe7\xbf\x81\xe5\
\xdf\xc3\xd0fa\x1b\x03A\xc6\x09\xc6\xe9}|VK\
\x05(\xce\xe0\x83-%\xea\xd7F<\xa2\x8dx\x17\x9b\
\xb1\xf9\xdd;E\xdd\x0e\xce\xc4\x7f\xe1\x96\xd1X\xe0;\
\xe7[\xf2q\xce,<\x81\xcc\xf6\xe0\x9e\xa1\xe9X\x0f\
p\x1a\xa1O\x9c\xf9\xfas\x0b^\xdb\xf7\xec\xb3\xfb\xc8\
\xcd\x05\xaf\xbd\xb6\xe0\xd9}\xfb\x18>\x96\x03\x1f\x7f\xa4\
\xe7 \x85 U5\x85Q7\xefu\xa0\xf0;\xbb\xf7\
1\xe9m\xce\x15\xca\xed\x8beO9\xf7:\xdb\xbf\xef\
\xfa\x7f\xb3\x7f_&\xd3\xfc\xc0\xfb\x89\xf1Y\x9d\xe3S\
\xf4\xccR\x8c_*_\x87\xbbk\x1f\xad+\xd7~\xc2\
\x9b\xc6\xdcF\x98bB\xe8I\xed\x17m\x16MZZ\
B\x9c\xcbn\x15\x90\xd5\x11\x95\x9f\x7f\xf2\xf5\xcdT2\
;\xb0\x02\xb5\xda\x85+u\xfe\xed\xa3\xf3/H\x1a\xbe\
\xbbn\x83$0\x1bD\xf1\x8a&o\xdb}\x22U\xc9\
T.,\xc6\xe5m7\x8at\xb6n\x14\xc9\x09\x83\xce\
\xf5|\x8c\x9bsR\x8b,\x1aU\x95\xb6\x0b\xba0D\
c\x9b\x81\xd5\x04Nj7\x02P\x7f2B\xd2,=\
\x9f\xf7\xce>\x9c\xde\xff~\x1f\xce7\xfe\x7f\xda\x87\x93\
\x89@\x87\x1c\xdc\x87\xf3\x1f'I\xd5\xaf\x81\xafH\xef\
3\x9aK\xd3Nj\x9a\xe6:Cz\x07\xbe\xfa\x95T\
\x05\xc5\xe2\x9b\xcds\x0c\xb1\x88\xff\x81C\x9bos\xcb\
\xc9\x83\x81\xe8\xd6|pc\x8d\x97\x07uT\xcd\xa12\
\x0a\xb7w\xa4&\xaf\x87\x86\x18\x13[\xf5L\x88\x98M\
\xe5\x9e\xc5nZn~\x9dg[\xc6\x06\xf5v\xcb&\
\x92.\xb6\x94GO\x03\x87\x01\xa7\xa1\xfa\xea\xad\xde\xaf\
l{:`\xc7\x0f\xdd\xc2v\xedw\xad9p\x05\xbf\
\xb5\xb2$\xf0e\x09\xdd\xbbGS\xbf\xf8\xfb\x97_\xe8\
\x1b\xb0ql\x178a\xa2\x9e\x7fdA1\xe8\x1e\xd5\
\x11kW\xc2#\xac\xc8\xe3\x8d\xb2\x84p\xe1\x0e\xbb\xef\
\x0f\xb6\x93\xd5\x82\xcaC\xdd\x9e\xc51\x22_\x1ee\x8d\
Iccc\xbf~A7\x9b\x8c\x8d\xa02\x8dU\x87\
\x5c<Sr\x09Y\x99\x1e\xca\x0a\xe0\xbar\x96s\xdf\
\x7f\x7f\xae\xe1\xdc\xa5K\xe7\x1a\xc0\xc8\xa9\xc4\x8f\xe1{\
\x1a\xc0Y\x1b\xac\xbd\xa6}\xd8@w\xbaO\x1d;\xd6\
\xe0v7\x1c;v\xca\xddl\x0f\xc5\xa9X\x86O\x87\
\xd0\x95+C\xb5\xb3\xda\xaf\xdao\xda\xd9\xd0\x83l\x0f\
\xbb\xd6=\xea\x86\xe8t\x1a\xcc\x83\x85\xeb{u\x9c\xf6\
\x84\xeb\x8e\xba=\xebA\xedUSh\x1f\x97\x93\xb3\x9a\
$I\x09\xb1\xd7_\x08n\xc8\x09\x04Vi\xaa\x13\xad\
\x95f[\xa5\x98\xd6dl\x89\x89\x83[q\xea\xeb\x96\
\xf8\xd8\xe0\x1a9n\xaa\xbe\x17g7\xad\x9c\xc4cQ\
\xfb\x1d\x8b\xcf-]J6\xb2\xfd8\xb9\xd3eZ\xd7\
2c\x87\xd1\x16\xf9\x86\xf0\x5c\xb0\xc9\xd8\xce\xe1\xd06\
\xadA\xef\x12\xcafny\xc0\xa3\x1e\xc1\xb8\x94\xae\x82\
\x05\xd4\x99\xf6\xa6vA\x15\xf2\x85Ba\x8a \x19\xf3\
\xb7\xae\xf7kj\x9e`\x93\xedP\x01\xcb7\xe3S\xb8\
l\xa1/\x8c\xccc\xaa\xd5t\x8d\x8a\xe8M\xabX \
\xe1\x02\xb65MS\xa3\xb1\xefZc0ik\xc8Q\
d\xd5\xf3\xb5\xac\xf01\xf2\xb5PkF\x9a\x11r<\
\xca~1\x9e\x08\xa6=\xbb2\x8d\x5c\x92L}\xae\xe1\
\xf8,\xd3\xc8\xc7\x0a\x0a-\xb3\x94\xedk\xd7n\x17\xfa\
>\xf0@\xff\x01\xa5k\xd6\xe8p}\xce\xe7q)\x82\
]\xcf#X\xc72\xac?\xa1\xe8\xb4\x84\xc7 ~\x0c\
\x95\xec\x17\x9a\x8dP\x01\xa3\x02d\x04\xdb,z\x83\x7f\
\xcc\xb3n\x1b\x0a\xd77\xdb\x0a5\x1e\xd3{.\xb1\xc7\
[\x1ec=\x0f\xff\xb7u\xa8\x0e\x16\xc2)\xe4\x01q\
x\x0a\x99\xc2\x03\xfa\x86\xe3L\x8f\x9f-\x08&#\x1a\
\x1a\xb4\xb9\x0d\x0d\x82\xfd\xe4\xc9\x93z\xfe\x1f\x22\x8f)\
\x97>\x9e\x95\xf9\xa4-\xe7W\x14c\x84/>\xe9\xf5\
\xf9\xc1\x96\xf3o\x9f5\xef\xb7L\x93\x07\xc3\xa5\xf1\xa3\
a\x0b\x22\xf1\x19-\x0a!\xcb\xb7\xbf}v\xf3a\xcb\
\xb4\xe0\x0e\xf1w\xfeU\xd0\xd3\xa8HP\xd1X\xfa\x1d\
\x9aJ\x7fFSx7:\xc2\xf7@G\xc4,\x94G\
/\xa3\xf9|\x14\x1a@\xdfBGh%\xcaaga\
\x00\x9aN?E3\xe8Y\xb8\xd7\x19\x8e&4\x95_\
\x8e\x9eb\xef\xd0{\xd12z\x04m\xa0c\xa0\xae:\
t\x0f-BS\x05\x8aN\x08\x0f\xc3{p\xe63\xa1\
\xee\x0dh:;\x8b\x8f\xc0\xf3u\xa8\x07Y\x09\xec\x9b\
\x85\xb3\xb8\xfd\xe8\x98p\x08m\xe7CQ\x95\xb8\x05\xde\
\xbb\x07-&\x99\xe8\x18\x17\x83\xaa\xe1\xd8E\x11\xba\x07\
~?\x07\xcfo'\x17\xd1\x188\x9f'\x00=<_\
\x02\xc77pl\x80c+\x1cc\xe0`\xf5\x94\xc2\xb1\
\x17\x8e\x95p,\x86g\xaf\xc1\xb1\x9d\xd5\xd1r\xd0^\
\xa8\x0c\x90U\xc2\xcfEv\xfeY\xe8\x1f\xf4MH\x81\
\xb3\x15\x9d\xa0[\xa0\xdf\x99p\x0d\xfd&O\xb0\xe3\xf6\
\x06\xbe\x17\xdc\x9f\x09\xf7/\xc33\xcdpf\xb88c\
\x9c\xf9R\xb8\xe7F%\xf4\xe2\xed\x9b\xfcyt\x90\xd5\
)\xfe\x80z\xf3\xf3\x01\x0f\x17o7\xc3\xf9\x09\x06\x0b\
\xeb3\x9c\x8f\xeb\xed\xa3\xdbM\x00W\x95\x8eg\xc0;\
\xc3\x17\x9c\xa72\x9c\x92\xbf\xa04V\xe6\x9d\xe8\x08\xc9\
F\xef\x93\xec\xdb\xe7\xe9N\xa3,6\x00\x1e\xe1>\x1b\
3}\xbc\xe09\xae?\x5c\xa7\xa2\xc9\x9c\x1fu\x85\xdf\
\xf63\xfc\x0b+Q\x01\xc3\xb1>\x16\x99h\x08\x1f\x8a\
\x119\x88);\xb3\xf6\xa5\x17\x01\x1e\xe8?\x1f\x0b8\
\x98\x06\xef\x7f\x8d\xfc\xfc\x02\xf4\x86 C\xf9\x1b\x80\xeb\
s\xa0\x07\xc0\x8bP\x87\xdeg\xf0\x02~&\xeb\xf0\xed\
7p\x00\xb8\x1b\xc3\xfa*\xae\xd0\xfb\xb2\x1d\x8e\xf7i\
\x0d\xce\x04\x5c,g8\x04\xdc\x0d\x92\xb6\xa3d\xbd\x8e\
\x8bh.\xc3\x85\x8e\xebWQO\x06\x07\xc0~\x1c}\
\xae\xd3a\x1c\x1a\x8f\xa6\xa0Ft\x01\x1c\x899x\x11\
\xae\xc6\x1a\xf1\x91!\xa4\x90\xec%\xd783\xe7\xe6\x86\
p\xcfs\xdf\xd3x:\x8b>G\x8b\xe9\x8bt\x0b}\
\x87\xfe\x9d~\xcfG\xf3\x03\xf8A\xf0)\xe6\xeb\x84d\
\xa1Q\x1c/m\x95>\x924\xb9\x9d<G\xde)\xbf\
#7\x82\x0diU\xf2\x95\xe5&\xc9\xb4\xc0\xf4\x85\xb9\
\xbby\x8f\xb9\xc9R`y\xcf\xf2\xb5U\xb2\xf6\xb6\x16\
Yw\xda\xac\xb6O\xec\x03\xec\xbb\xec\xd7\x1c\xe9\x8eB\
\xc7\x0b\x8e\xbf;\xcd\xcet\xe7xg\xb3+\xda\xb5\xd5\
u\xcd\xdd\xc5=\xcb}\xc1S\xe4\xf96$\x22\xe4\x89\
\x90S\xa1U\xa1\xcda#\xc2\xde\x09\xbb\x1a\xee\x0e\xef\
\x19^\x18>+|{D\xe7\x88E\x11\xa7\x22\xc3\x22\
\x97D~\xe2\xcd\xf0N\xf2n\xf06F\x0d\x88\x9a\x18\
u*Z\x8a\x1e\x16]\x15}3&#\xe6[\x9f\xcf\
7\xcaw=N\x88\xfb\xd8\xbf?\xde\x1d\xbf$~K\
\x82=\xe1\x91\x84E\x09\xcb\x13.%\xda\x13\x1fI\x5c\
\x94X\x9f\xf8u\xd2\xa0\xa4'\x92\xf6'\xd3\xe4a\xc9\
\xa3\x92\xf7%\x1fJ>\x99\x12\x91\x92\x9fr\xb8]t\
\xbb\x9e\xedV\xb5[\xdf\xae>\xb5g\xeas\xa9\x7fK\
\xfd:\xf5J\xfb\xc4\xf6\x03\xda\xafk\x7fU\xe7\xec\x97\
\xb9A(\x150i\xd6W\x9cof\x92\x80zH\x08\
\x9c\xd9\xdf\x09\x88\xc0=[\xf9\x7f\x13\xce\x08\x9612\
\xe1\x8b\xc12\x01g\xe6\xf7`\x99C&x\xd3(S\
(w\x0f\x96yd&\x85\xc1\xb2\x80\x14\xb24X\x96\
\x90\x03h\xdb(\x9bP\x14\x87\x82e\x8bs[\xf2\xb0\
`\xd9\x8a:\xf7\x18\x15,\xdb\x91\xa9\xc7\x1b\xc1\xb2\x03\
\xd1\x1e\xc7\xa0ELex-]o\x9d\x951\x0a\xc1\
\x0d\xc12A\x12\xfe9X\xe6\xe0\xbe\x16,S\x14B\
\xe2\x82e\x1e\x85\x91\xbc`Y@n\xf2L\xb0,\xa1\
8\xf2b\xb0lB\xddI}\xb0lI\xe8\xceE\x07\
\xcbV4\xbe\xfb\x8d`\xd9\x8eBzl\x0c\x96\x1dH\
\xea\xf16\xbaO\xff[\x13s\xd144A\xff+\x14\
3\x90\x0f\xec\xbc\xd1(\x05\xce\x19(\x1d>\x99P\x1a\
\x05O\xf8P.<3C\xff\x9b\x14\xd3\xd0X4\x12\
=\x83\xda\xc3\xdd~h\x12<\xdf\x11J\xf7\xa2\xa7\xe1\
\xe3C\x8f\xb4\xd65]\xbf\x1a\x0b\xe7\xb1\xf0\xce,\xf8\
\x1e\x03O*\xff\x8bV\xbb\xb4\xb6:\x08Z\x9a\x05m\
\xb1\xbfx0\x09\x9ef\xfd\x18\x09\xef\xfc\xbf\xb5\xd8\x1b\
J\x13\xe1\xbd\x024\x13\x9e\x18\x0d\xcf\x8e\xd4k\x1b\xab\
\xbf1R\x87\xc8\x07\xb5L\x82\xef)\xf0\xcc(\xa8w\
\x02<\xe7\x83\xf7'C\xeb#\xf5\xdf\x14\x84\xee\x9b<\
e\xee\xb4\x09\xe3\xc6\xcf\xf0%\x8fN\xf1e\xa4\xa7g\
\xfaF\xcd\xf5\xe5N\x981}\xc6\xb4\xb1#\x9fi\xef\
\xeb7itG\xdf\xbdO?\xed{\x84=5\xdd\xf7\
\xc8\xd8\xe9c\xffo{W\x02\xdc\xc6u\x9e!\xff\xda\
6~\x14%\x8a\x96\x95\xa8>\xfa\xcc\x96\x89dC`\
\xc2$v\xaa\xd8\xa9\x96$HB\x02\x01\x1a\x00I+\
\x1du\xba\xc4.\x89\x95\x00,\xba\xbb %\xa7r\xdd\
\xa4v\x12\xe7\xb0\xd3$L\x1b'i\x9a\xf4J\x9c\xde\
\x8d\xedT\xbd\x8f\xcc\xb4I\xaf\x5c\xd3\xfbH\x9c\xdem\
z\x1f\xec\xccS\xff\xf7\xbf]\xec\x02\x04i\x8a\xa4\x8e\
\xcc\x94\xb4\x88\xddw\xfc\xc7\xf7\x1f\xef\xdf\x9f\xa0\xe1.\
Yf\x8a\xad\xd9z\xb7\xdcZ2\x96jg\x9c\xfa\x22\
\x1f1*\xebl\x1c\xb3\xce\x18\xb3M^\xae\x18\xf5E\
\xcb\xe3\x86kq\xbb\xce\x1b\xcd\xf9\xaa]\xe6\xa6S3\
\xec:J\xd6\xaeb\x91\x14\xf4pXm.\x1au\xbc\
\x19Ae\x9c\xc4Y\xbcp\x9c\xb3\x9b\xdb\xb2\x995\xb3\
\x84\xb6\x87\x189\x84\xe00b.?;%1k\xb9\
\x9e\xed\xd4\xf9p\xea\xe5\xafh'\xd5A\xa8\x1b\xaf\x05\
\xa2\xa6l\xea\x07\x1e\x17\xf2]p\xea\x08\x91\x8f\x88'\
\xc8\xee>Z\xedXb\x08\xbf\xcd\x80\xc6\x12\xd2H\xe1\
^\x07_]\xb4\xa4E\xf4\x5c\xb2y\x0a\xe9Z\xf2\xff\
\xcb^\xf1\xfd\xc6\xb1\xa1!\x13\x89.5S\x9e\xd3t\
\xcb\xd6\x82\xe3.Z\xa9\xba\x85\xd3\xe31\x09B\x1f\x09\
\xfdtm4\xc89\xe9w\x16\xf9\xae\x85\x1e\xe4$\x96\
q\xad\xf4\xd4\x9d\xf1?Ii\x02g\xce\xe3\x9a\x0a\xed\
\xb4q\xaeAz\xf9\xe4\xeb\x125\x97v\xc8\xe8\x90T\
\x97:\x90\xec\xd4#\x8a\xaff[|\xad\xa7\x8d\xfc\xfb\
\xaan\xba+\x1f0\xf0*\x8e\xda\xdaHg\x89\xa3\xdb\
\xf8f\x9b\xca\x1e;\x9f\xb3\xba\xdb;\xd2\xd9\xc6\x19F\
W>\x8dH/\xac\x11\xd6gq\xccA\x0b<\x9f,\
R\xb3i\xa2W#jQ4\xd9$S\x85\xe6\xac@\
\xafE\xe2R\x0f\xac\x9e\x0c\xec\xae\xac\xa5\xb8)\x1fS\
\xfe\x9e$\xb9\x1c\xb2~\x9d\xf67\x82\x88U\x1c\x1c\xa4\
\xea\x07>f\x07^`\x10\x0d\x854\x0bh\xfa$E\
\xa7?\x95i\x9d\xf4CE=\xa4\xe0\xd3\xa7\x1a\xc95\
\xca\x97-\x0ax\xe5{\x031/\x19 \xcb\xc9\xbd&\
\xbdz$W\x19\xf7\x18\x81~\x8c\xa2\xa0\x8c\x1eZ#\
*>\xcd\x84\xf8,\xe0U5\x88\xa4\xc3-\x19#\x0e\
2kI\xf9}\xf4_\xe5\xfd\x92c\x84\x89\x1ciP\
\xd4\x98\xc8\xa1L\xbbCiL\xd2\xc0'_\x9b\xc7Y\
\x9ff\x15\x0f\xb6\x01\x87d\x10\xcde\x94\xacIT\x14\
&\xcb\xe4\x03\x15\xcaJ~\x80L\x8d\xc6\xe2\x1a\x85:\
\xb8m^\xa9\xa4m\x12\x86\xc9\x98u\xe4u\x8d\xec\xa9\
l\xcdb\x19\xc4\xc3\xdd\xc9u\xf4H\xb6\xf4\x1c\xa2\x0c\
\xc2\x89\xb2\x8a\x07E\xdb\x0ePm\xb7\xfe\xc6Z\x87\xc8\
)i\x1b-\x8f\xf6I\xae\xc8\xeb\x22\x8d\x96\x09\x8f\xda\
\xa68\x84\xd1\xb0@Y\xbd\x1ehh\xc58\x9a\xf4S\
\xf2H\xd2\xabD\xe2\x0c\xae(\x13=\xb5&\xb4\x9f\xf4\
\xe3j\x90\xd9B\x0b\x95\x89\xb7I\x12\xdb\x81\xa4\xc7(\
:K\x81t\xf2\x93\xbb\x1c\xca\x0c\x91\x0d\xe2\xb9(B\
`m&\x90\x9f\xed\xe5\x07\xd1\xe0\xb5\xad\x0dc%B\
,\x9e\x03\xe2\xfb8\xe9l\x90\xe4\x8crs\xbb\xaf)\
4\xd4Ybl`O\x87NA\x1e\xd8\xbeF\xafQ\
\xfe\xd8\x8c-|:\x89\xe4\xc9j\x04\x1a\xa5\xda\x90\xda\
h\xaf\xc4\xe4|p\xb6(\xee\x12\xf3\x05\x92\xd1\x0c<\
\xa9J~\xea\xb6F\x94\xa4\x12S3f\xf3\xb8\xd7\x85\
'\xa8A'\xa2M9\xa3Jw\xac\xa5\x91I\x92J\
{\xd5ch,\xb6\x9d\xab\x8aS\x98C\x0d\xf2\x1e\xe5\
\xbb!\x8fN|\xbc\xe7\xd5)\x94\x92\x05\x1aD\x1ef\
\x90\x8d6/A;\x9fN<\xba\xc9\x96\x0c\xec]\xa5\
}\xf6:\xd9\x9c\xb5\xac\xe3R\x9e5(\xafDt\xc3\
\x11\xaf\xe5\x91a\xbct\x9e\x1eV\x90\xe7,\xd2\x22\xe4\
\xb4LZ\x99\xb4\x7f\xa0\xcby8\xd0\xd2\xbbs\x07\xc3\
\xb9\xf0\xb4\x1d\x88y\x99\x8a\x99l\xc7\xf92O\xf1\xee\
\xc4dm\x06q\x10\xfa\xc9\x12\xce\xda]\x10\xb3\x12\xe7\
\x08\xe7z\x10\xc9\x0d\xfcV\xa7\x97A\x19\xd5j\xed\x88\
\xdb]\xc9\x1c\x8e\xb0\xae\x91R\xa1\x0c\xcf\xe9\xd5\x0bd\
\xb4\xc8\x93\xd6\xf3\x930\xd7u\xcb\xdd&\x9d\x04u\xb2\
{\x1c\xafn\xa8\xb2\x18rq\x1bn5V=\xca\x9a\
\xe1Y\x1dE[\x18I\xb2r\xa8\xb6j\x0f7\xd8\xd1\
N\xb1A\x1e}\x16\x7f.\x06\x16S\xe7\xa1\xf4*\xd6\
\xca\xaaW2S\xad\xaf\xd5|\x10#~p\x1e.\xb4\
\x90\x9aL\xa4\x89O>\x91\xc3;\xc9'\x8fw\xa5\xc4\
\x1c\xd6\x91\x05\x9a\xcb\xe0\x18\xc7:\xae\x803\xb3x'\
?\x1fr\x8c\xec\xa2\xd3\x8c\x9c\x1f\xa0h\x9c\xc3kI\
1\x9f\x98!Z\x8aF\x01\x7fJ\xda\xa7pD\xd2\xe6\
t/\xefN\xe2\xfa\x1c\xd2\x92{\xd3\x89\x07\x88G\x1a\
\xa9\x15Q\xb2<^K\xdaS8\x9a\xc5\xd7t\xb0N\
\xee\x18\xc5\x91\x19\xbc\x97\xd7\x13\x09Y\x85*~\xf2S\
*K\x14;r\x9f\x94EIZ\xc2\xf1\x88k\xbbT\
\x19\xe2\x18J6\x85w\x05\xa4?\x19\xcc\xcaO\xc4\xcc\
\x10=)\x7f\x92\xea#y\x9d\x0b\xe4T\xc8\x15\x88\xba\
\xc4HR\x964GQ\xa2,\xdd\xc9\xd1\x19|\x9d\xc6\
uE\xc2S'\x9d\x95\xb49\xd2a\x1c\xe7\x95.i\
\x92@YBI4J\x9f\xbcy\x8aV\xc8\xcf\xe4,\
\x11\x0a\x92S)X\x99$;J}\xc6h\xbf\xe4z\
\x92V)\xc9\xf2\x81\x95\xe5uD%\x15`\xa9\xe4\x90\
\xf8\xcf\xb68\x17I\xff,~s\xd2\xbfD\x9f\xfa)\
m\xa3#\xfd\x90n\xe8;\x13DA\xca\xcd\x08\x8d\x19\
\xd2O'\x1c\xf2\xc4a\x84\xd6I\x14%\x9e\xd9\x96\xc7\
\x15bV\x19%\xbc\xa4\xdd\xa4\xe4c\xc4I'D\x8a\
]5\x09\xa9\xc5\xad\xd3\xcd;X\x8b\xc3\x04\xe9\x97&\
\xa4\xb2\xb4\xba\x888\xa6q}\xa65\xa2\xfc1C\xba\
\x8e\x06X+\x9a\xca\xef\x95Odc\xe8\x8e\x92\x8e\xd2\
\xb2\xf7#\xd7t\xe0S:a\xd7\xae\x85\xb4\xd3\x1c\xc9\
\x1fi\xa1,\xa0\x07?Gc\x98E\xd6\xcf\x05\xd6\x0d\
\xe5)\x11\xe7R\x17T\xe6(\x16\xd3\xb4J'[\x17\
[12N\xf1;\x15H>\xd3\xf2\xb0(\x07\xcc\x04\
\xfe\x99oI\xd6\x8eo\x18G\xe1\xba\xcd\xe4\x0eE+\
\xe4\xddn\xc11\xf2\xa7l a\xb1\x85\x86Z\xc16\
\xa0\xabrW\x1a\xcf\xb52=\xe7\xf8\xad\xbc\xdd~r\
\xc7\xab\xc6\xa8\x1a\x8d\xd7\x9d\xc9X\xae\x8dW\x02*\x0b\
O\xd0\xdaZ\xc7\xbahT=-\xa93+z\xd6\x89\
\xd7n\xdd\x9e\xb0\xc3\xa7cU\xcb\x87UoT}\xa8\
\xdc\xad\x9e\x89\xe2U\xafI\xf5\xb9\xaa\x01\xbdVU\xe2\
P\x1d\xe8\xb4*\x93e\x9a\x8d\xce\xf4F\xd0;q\xda\
\x9e\xf3$g\x83\xce\xfed\x8bWx\x16E\xb4T]\
iP\xb5 \xb9y]\xd0\x5c\xff\x84bk\x9e\x0c\x1b\
t\xde+.\xcbt\xed\x07\x95\x89\xd4\xaf\x19\xac\x95\xe3\
\x0fv<\x0d\x87\xfd\x9f\xb56\xe0]m\x10\xea\xd2\xad\
r\x88\xe3\xef\x92\xbd\x1b\xc1\xb3\x94M\x08\xcbz2\x15\
\xd0u\x13\xe1sY\x84\x89D@\xf5\xddj\x1dV\x8f\
\xbcOR;\x96\xe8\xec*H\x0c\x16c\x92\x9b\x845\
K\xa8\x1e\x9e\xe4\xc9(_\x85=\xaek\xdfu\xda\xe9\
\x9e\xf5\xf5\xd4\x0fbm\xfd\xa0\xce\xca\xeb\xca\xf5\x83X\
\xd7~\x10\xbf\xca\xfd \xb6\xa9~P{%_\x8e\xc9\
\x14\xf5:\xc2\x95\x9b\xeb\xa0v\xeb\xb0\xb0k\xd6W\xe2\
k\xfaJ\xec\xff\xfbJ\xb1\xbeR\xd4a\xf8\xea\xec+\
\xb1\xb6\x13\xf6\xda\xf5\x95X\x97\xa7\xb5\xeb\xa1\xaf\xc4\xba\
\xf6\x95\x22\x8d\xaeN_\x89m\xd0/\xb8:}%\x96\
\xb8\xdc\xbeR\xf4[\xa7\x9d\xec+E\xf1\xd6\xdeWZ\
\xef\xf4]\xbf\xbb\xa4\x9e\xcfU%q\xbdu\x97X\xa2\
\xbd\xbb\xd4\xbd\xbbqu\xbaKl\x03ty\x0c\xc1\xeb\
\xbb\xcb\xc4\xc8\xc7\xd6V3W\xbf\xcb\xc4\xae\xe3.\x13\
\xeb\xe82E\xcf\xbaW\xb3\xcb\xc4\x9e\xb7\xcb\xc4\xafZ\
\x97\x89]F\x97\x89_\xb1.\x13#\x0cf\x91\xea\x09\
\x92V\xa1\xad\xe3\xfc\xd5\xeb\x1d\xb1\xae6\xbfV\xbd#\
\xb6\xa6w\xc4\xafY\xef\x88\xad\xdb;\x8az@W\xbe\
w\xc4.\xa3w\xb4\x11\xdd+\xdb;\x0a3\xeb\xfa'\
\xca\xda\x8e\x0f\xdbB\xc7'\xde\xa5\xd9\xc9\x8e\x0f\xdbV\
\xc7g\xed3\xdb\xd6:>,\xd6\xf1\xd9\xa8\xef\xb0\x13\
\x1d\x1a\x7f\x0d\xfd\xe3\x89\xa8\xd3\xc0\x88\x8f\xbcK%\x12\
\xe3\xf4\x06-\xf9V5\xf9f\xb7\xd6\xfb\xe3\xf8a\xcf\
\xb2\xf8\xbcUu\x96\x8f\xa4\xf8&\xde\xd8\x96\xe2\x13\xd5\
\xf3\x8d\x8a\xc7\xedZ\xc3q}\xcb\xe4\x0b\xaeS\xe3\xba\
k-\x05o\x02\x0by\xd0\x1b\xe9\x9a\xea\x8dtq6\
\x8cE\xdcg-\xd7\xe0J\xb4\xd6\xbb\xf1\xd8\xd1\x0d\xbf\
\xd8\xda\xf7\xedm\xfa-\x7f\xbc\x83\xb3\xed1\x83\xfb\xae\
aZ5\xc3=\xcb\x9d\x85N*\x8cM[n\xcd\xf6\
\xe8Ms\xb6\xc7+\x96k!\xafE\xd7\xa8\xa3\xeaI\
\xd4\x1d\xd5\xc2m\x88\x98\xbbh%\xb9\xefp\xa3~\x9e\
7,\xd7\xc3\x0d\xce\xbc\x8f\x88\xd9\x08\x81\xc1\xcb(4\
\xc3\x95~\xc5\x0aq*\x97\x9dZ\x03\x97\xcb\x05~\x05\
\xa9#\xcaV\xddC\xf4\x06\x08\x92\x81#H\xcc\xe4\x86\
\xe79e\xdb@~\xcct\xca\xcd\x9aU\xf7\x0d_\xca\
\xb3`W\xd1H\x87%E\xda\xc0\x8b\xce\x82\xbf\x8c\xf0\
\x0f\x1c!I\x5c\xab\xe1:f\xb3l\x11\x19\xd3F\xc5\
\xec\xf9\xa6oI\x19X\xdb\x86$\x9a\xb9\x5cm\x9aR\
\x92e\xdb\xaf8M\x1f\x85\xa9\xd9\x01#\xc9\xc1UP\
\x22\xd9\xa6\x87\xeb\xa5:I^\xb3\xa4\xd6\x8c\x1c\xc4\xab\
$c<\x92\x92\xe7\x90\xe3r\xcfB;\xe0j\x1bE\
\x0d\xd4\xef`-\x85C\xb2\x0d\x09\xb4\xcf\x14t\xc4h\
\xb9\x82\x8e\xb5f\x834\xc3B\xd3\xad#C\x8b6\x9a\
\x0e\xf7\x9c$\xf7\x9a\xf3g\xac\xb2/G\xa4~\x0bN\
\x15\x9dM*Tv\xea\xa6-\xf5\xf0\x8e1VBr\
\xc6\xbc\xb3d\x91\x06\xca\x8bH\x80\x96\x13\xd4\x1d\x1f\xcd\
\xe0\xa9Qi\x95F\xe4\x01j\x8e{\x15\xa3Ze\xf3\
V\x80\x1a\x8a\x81Qb\xb4\xe9\xe9\xd4\xd1/\x5c^s\
\x5c\xab\xab\xda\xdc?\xdf\xb0\x16\x0cd\x94RB\xb5\xcf\
\xd6\x8c\xf3\x18-\xb8\xdd\xb4\x17l\xe9hF\xd5G\xd7\
\xc3\x0b$j\x98&i\xae\xa0\x93\x01j\xb8(W\xb3\
j\xb8L22-\xcf^\xac\x93\x18\x8b*Vq\x93\
\xf4P\xa3\x8cD<\xb9#\x94\xc7\xeb\xe4$I2d\
@\x80\x19\xd5\xee\x04\x82=\xa1\x1c\x115\x14\xaf^=\
\xcf\xed\x98\x9b3\xa9\x8ek\xd5\x8d\x9aZ+/<\x09\
\xa4\xb4K\x18\x1e\x16\xfa\x9c\xe5\xd2\xa6e\xc75=>\
\xd0\x8a\xc3\x01\xc9;\x9c`\x032l\x07\x082\xb4L\
6\x88\x97y\x0b#IRm\xa2\x0d$&K\x8e\xdd\
\x12\xcc:\xe7c\xc4p\xa3\xd1\xc0\xf02\xe6\xab\x96\x9c\
P\xba#ey\xc1\x22\xa3T\x0c\x9fW\x0c\x0f)Z\
\xf56L\xa4\xd7E\xdem\xf2f\xdd\x0c\x04\x8eDe\
$\x9c\xd2p#\xabzNUF5\x99M\x1a\xc9\xe0\
U\x99=0V\xc2\x85\x0d\xa3|\xd6XD\xc50\x0e\
\xeb\x0e\x93\xaezyN\xd5\xc6\x0a\x13\x16\x8ahU\x17\
\xa4P\x93i>\x9e\xcf\x95x1?^\x9a\xd3\x0bi\
\x9e)\xf2\xe9B~63\x96\x1e\xe3\x03z\x11\xef\x07\
\x92|.S\x9a\xcc\xcf\x948\xae(\xe8\xb9\xd2)\x9e\
\x1f\xe7z\xee\x14?\x99\xc9\x8d%y\xfa\x81\xe9B\xba\
Xd\xf9\x02\xcfLMg3i\x1c\xcb\xe4F\xb33\
c\x99\xdc\x04\x1f\xc1}\xb9|\x89g3S\x99\x12\x12\
-\xe5ik@*\x93.JbS\xe9\xc2\xe8$\xde\
\xea#\x99l\xa6t*\xc9\xc63\xa5\x1c\xd2D\xe1\x0a\
\x5c\xe7\xd3z\xa1\x94\x19\x9d\xc9\xea\x05>=S\x98\xce\
\x17\xd3Hc\x0c\xc9\xe62\xb9\xf1\x02rIO\xa5Q\
\x09$4\x9a\x9f>U\xc8LL\x96\x92\xb8\xa9\x84\x83\
IV*\xe8c\xe9)\xbdp2\xc9\x91X\x1eU.\
pZ\x92B)\x91\x06O\xcf\xca\xcd\xc5I=\x9b\xe5\
#\x99R\xb1TH\xebSr\xadDg\x22\x97\x9fJ\
\xb3\xf1\xfcLnL/e\xf29>\x92FU\xf4\x91\
lZ\xc9\x86\xaa\x8cf\xf5\xccT\x92\x8f\xe9S\xfa\x84\
T'd\x22\x97)u\x228\x98\xdc0\x91\xce\xa5\x0b\
z6\xc9\x8b\xd3\xe9\xd1\x8c\xbc@\x1c3\x85\xf4h\x89\
V\x22\xf6\x88D\x96\xc4\x1d\xcd\xe7\x8a\xe9\xfbgp\x00\
\xd7\x85,\x92ln2M,P\x01\x1d\xff\x1b%\xc9\
H\xfd\x1c\xaa+\xe9\x94\xf2\x85RK\x94\xb9L1\x9d\
\xe4z!S\x94\x16\x19/\xe4Q\x5ci\xcf\xfc8y\
\xc0\x0c\xe2)\x8d\x97\x0b\xe4\x956\x92ck\xbd\x03W\
\xc9\xdd\x81\x82ci=\x8b\x04\x8bR\x0c\x1c`mk\
\xd1\xbb\xd2\xe7\xcaV\xc3\x97\xbe\x1d\x04\xb7J\x8d\x94F\
U\xeeL\x92\xd7\xaa$\x80.<Q\xc7\xc0Uct\
\x89\xc7\x12F\x16\x9d:*\xbbE\x07\xb6<\x8e\x93*\
\xf5R\xfa@\xef\xc6\x93H\xa5^s\xc9\xc2\x0c\xe8\xc9\
T\xe2\xb8\xcc\x91\xc9d\xd9\xf6(\xd2\xf1\x08\xac9\xea\
\xcc\xe3\x9eQEf\xb8KF\x11\xad\xc2\x5ciTq\
\x9b\xd7\x12\xb3-\xa0Xx\x186\x5c\x1b\xb7,\xbb\xb6\
\x8f\xc9\x84\x1bM\x1cu\xed\x07\x83c\xd8\x0d\x8e)\xd2\
\x80G\x1aH.QrP\xf2\xbb\x96\xd7\xc0S\xca^\
\xb2\xaa\xe7S\xb8\xd6\x95g\x19Ib\xd7\x17\x1c\xb7\x16\
\xa8N\xf0\x95\xfdca\xa9\xe0\xf3E\x22n:>s\
\xdc\xc5\x14g\x8c*\xaem\x97N\x9b\xfd\x93\x87\x9d\xa9\
\x83\x98\xaa\x83\xf8V\xea \x16\xd5A|\x8bu\x10[\
[\x07\x05I\xbeL\x94\xbc\xf0\xcc\xe8R\xa0F\x05\x0b\
\xdbN\xad\xc4\xc3Z\x89]\x1f\xb5\x12Sv\xb8b\xb5\
\x12S\x01\xbb\xadZ\x89\xed`\xad\xc4\xa2Z\x89o\xb1\
Vbmu\xc1\x16j%\xb6^\xad\xc47_+\xb1\
X\xad\x14\x0f\xdf\xb6r\x09\xcfsL\x12;U.\xb1\
\xa0\x5c\xe2\xdb*\x97X\x9b\xb8\xf4\xdc\xb8\xd3%\x13\xab\
;|\xdb%\x13\xdb\xd1\x92\x89\x05%\x13\xdfz\xc9\xc4\
:K&\xbe\x95\x92\x89u-\x99\xf8\xe5\x94L\xac\xa4\
\xcfN\x9d\xc8K\xb1\xf5\xc9-UG,\xd2|;\xd5\
\x11\x0b\xab#\xbe\x9d\xea\x88\xc5\xab#\xbe\xa5\xea\x88u\
\xad\x8e\xf8v\xaa#\xe9\xacm\x81\xd2*|\xd8\xba\x85\
\x0f\xbf\x8c\xc2\x87m\x5c\xf8\xf0M\x14>\x8c\x0a\x9f\xf6\
\xda\xe1\xf9\x0b\x1a?\x5c\x7f\x9c\x8a\x06\x96\xc2\x97\xd4v\
\xfefp\x88\xfavg\xf1\xdf\x10\xf5\xceL\xfa\xad^\
\x8a~\xbf\xda\xc0\xb1\xf6\xdf\x16n\xfc\x17\x86C\xcb\xf6\
Y{\xc8\xc6du.\xd5\xa84\x86\x82\x8c\xb9\xa5\xbf\
\xe5\x04\xf5\x07\xd0\x97\x1eJ\xbc6\xd1\xe5\xeb\xd9\x1b\x1e\
>~\xe9\x7f\x05\xac\x1e\x80\xff\x19\x84\xff\x1e\x86\xffZ\
\x81\xff\xdc\x0b\xff!\xe0\xdf\x05\xfc\xdb \xfc\xeb^\xf8\
\x97\x15\xf8\xe7A\xf8\xcac\xba\xf6\x15\x01\xff\xb4\x02\xff\
\xb8\x02\xff\xb0\x0a\x7f\xbf\x0a\x7f'\xe0o\x8f\xc1\xdf\x8c\
\xc0_\x0b\xf8\xaba\xf8\xf2sE\xed\xcb+\xf0\x1c.\
|\xae\x08_\xfa\xe2\x90\xf6\xa5U\xf8\xe2\x10\xfc\xa5\x80\
\xbf\x10\xf0\xe7\xc3\xf0g\x07\xe0OW\xe0O\x04\xfcq\
?\xfc\xd1\x05\xf8\xc3\x8b\xf0\x07\x02\xbe\x80\xcb\xbfp\x01\
>\xff\xb9\x09\xed\xf3\x17\xe0s\x13\xf0\xd9\xcf\xdc\xa2}\
V\xc0gn\x81\xdf\x17\xf0{\x02~W\xc0\xef\x08\xf8\
\xed\x15\xf8\xf4\xa7n\xd7>-\xe0S\xb7\xc3o\x0d\xc3\
o\x0a\xf8\xe4#\xfb\xb5O\xde\x0a\xbfq\x10~]\xc0\
\xaf\x09\xf8U\x01\xbf\x22\xe0\x97\x05\xfc\x92\x80_\x14\xf0\
\x0b\x02~^\xc0E\x01?\xb7\x1f>\xf1\xe8\xa0\xf6\x09\
\x01\xcf>sQ{V\xc03O\x9f\xd6\x9e\xb9\x08\xcf\
<\xbc\xfb\xe9\x8f\x0fjO\x9f>~\x09\x9e>\xbe\xfb\
\xe3\x83\xf0\xb3\x02~f\x05~Z\xc0O\x09\xf8I\x01\
?!\xe0\xc7M\xf8\xb1\xbd\xf0\xb1\xa7\x06\xb5\x8f\x99\xf0\
\xd4G\xfb\xb5\xa7\x06\xe1\xa3\xfd\xf0\x11\x14\xfa#\xab\xf0\
\xa3\x02~D\xc0\x0f\x0b\xf8\xa1~\xf8A\x01\x1f\xfe\xd0\
^\xed\xc3\xc3\xf0\xa1\xbd\xf0\x03&|\x10\x97|p\x05\
\xbe_\xc0\x07\xde\xbfG\xfb\x80\x80\xf7\xef\x81\xf7=y\
H{\x9f\x09O\xbe\xb7O{\xf2\x10\xbc\xb7\x0f\xbe\x8f\
\xc1\xf7\x0ax\xcfJ\xaf\xf6\x1e\x01+\xbd\xf0n\xdc\xf4\
\xee\x15x\xd7;\xf7j\xef:\x0c\xef\xdc\x0b\xdf\xb3\x0a\
\xefx\xe2\xa2\xf6\x0e\x01O<~Z{\xe2\x22<\xf1\
\xf0\xee\xc7\xdf>\xa8=~\x1a\x1e?\xbe\xfb\xed\x83\xf0\
6\x01o}KJ{\xab\x80\xb7\xa4\xe01T\xf31\
\x1d\xde\xfc\xa6\x1e\xed\xcd\x07\xe0M=\xf0F\x1cx\xa3\
\x09\x8f\x22R\x8f\x0e\xc2#\xfb\xe1\xbb\x05\xbc\xe1\xf5\xfb\
\xb57\x08x\xfd~\xf8.\x01\x0f\x0b\xf8N\x01\xc7/\
=t\xe1\x82\xf6\x90\x80\x0b\x17\xe0;Lx]\xe9f\
\xedu\x83\xf0\xa0\x80\xf3\x02\xce\xed\x85\xe5=\xb0\xc4\xa0\
)\xc0_\x05o\x15\xdcU\xf8\xf6Uh\x08p\x04\xd4\
\x05T\xef\x80\xb3\x02\xce\xec\x1f\xd1\xce\x14\xc1\x16P\xb9\
\x00\x8bx\xb3 \xc0\x12`\x0a(\x0b\x98\x17`\x1c\x83\
o[\x85o\xdd\x03\xa7\x05|\x8b\x80\xd7\x0a8\xf5\x00\
\xd3N\xad\xc2\x03\x0c\xe6\x0e\x1e\xd2\xe6\x86aV\xc0\x0c\
r\x9e\x19\x81\xd2\xcdP\xdc\xd5\xa7\x15_\x04\x85\x03p\
\xff\x89\x9b\xb4\xfb\x05L\xf7@^@n\xaaO\xcb\x09\
\x98\xea\x83\xac\x80\x938sR\xc0\x89L\x9fv\xe2&\
\xc8\xdc\xd6\xabe\xfa`\xb2\x17&\x04\x8c\xaf@z\x05\
\xc6\x04\x8c\xdepT\x1b]\x85\x91\x8b\xa0\x9f\x84\xe3\x02\
\xbeY\xc0k\xee\xeb\xd7^s\x00\xee\xbbw\x9fv_\
?\xdc\xfb\xea^\xed\xde\xe3\x97\xf6\xc1\xab{\xe1\x98\x80\
o\x12\xf0\xaa{\x0eh\xafZ\x85{\xee\xee\xd3\xee9\
\x00w\xbf\xb2G\xbb\xbb\x0f^\xd9\x03\xaf\xb8\x1d^\xde\
\x0b\xc3/\xeb\xd1\x86\x05\xbc\xac\x07^:\xd4\xa3\xbd\xb4\
\x17\x86z u\xf4F-\xd5\x07Go\x84\xe40\xdc\
u\xe7\xa0v\x97\x09w\x1e\xe9\xd7\xee\x1c\x84#\xfdp\
\xf8%\x83\xdaa\x1d^2\x08/\x1e\xec\xd1^\xbc\x0f\
\x06{\xe0\x1b\x05|\x83\x80\x81}p\x07\xeayG?\
p\x13\xbe~\x15nG\x15n7\xe1\xb6^\xb8\x15\x11\
\xbcU\xc0-\xab\xf0u#p\x08o\x0e\x09x\x91\x09\
/D\xa4^(\xe0 n:x\x08n\x16p@\xc0\
M\x02\xfaqA\xbf\x80\xfd\xa8\xeb\xfe\x11\xe8\xbb\x00\xfb\
L\xd8+\xa0w\xcfA\xadW\xc0\x1e\x5c\xbd\xe7 \xf4\
\x08`}p\xa3\x80\x17\xe0\xb2\x17\x08\xf8\xda\x03\xf05\
&\xec\xc6\xc9\xdd\xe8\x017\x03\x8e\x82\x80\x1b\xf0\xfe\x86\
\xa3\xb0\xab\x0f\x12\x02v=\xbb\xcb|\xe4m\xbb\xee\xfa\
j\xf8J\x5ck\x016\xfc\xba\xed\xff\x00\xb2\xc0\x9d\xe1\
endstream\x0aendobj\
\x0a21 0 obj\x0a<<\x0a/As\
cent 759.7656 /C\
apHeight 759.765\
6 /Descent -240.\
2344 /Flags 4 /F\
ontBBox [ -1020.\
508 -415.0391 16\
80.664 1166.504 \
] /FontFile2 20 \
0 R \x0a  /FontName\
 /AAAAAA+DejaVuS\
ans /ItalicAngle\
 0 /MissingWidth\
 600.0977 /StemV\
 87 /Type /FontD\
escriptor\x0a>>\x0aend\
obj\x0a22 0 obj\x0a<<\x0a\
/BaseFont /AAAAA\
A+DejaVuSans /Fi\
rstChar 0 /FontD\
escriptor 21 0 R\
 /LastChar 158 /\
Name /F2+0 /Subt\
ype /TrueType \x0a \
 /ToUnicode 19 0\
 R /Type /Font /\
Widths [ 600.097\
7 781.25 611.816\
4 616.6992 634.7\
656 653.8086 900\
.8789 612.793 63\
9.1602 589.3555 \
\x0a  582.5195 589.\
3555 787.1094 60\
1.5625 604.0039 \
525.3906 615.234\
4 691.4062 653.8\
086 531.7383 \x0a  \
590.8203 548.828\
1 591.7969 549.8\
047 751.9531 789\
.5508 751.9531 6\
49.9023 698.2422\
 649.9023 \x0a  915\
.0391 591.7969 3\
17.8711 400.8789\
 459.9609 837.89\
06 636.2305 950.\
1953 779.7852 27\
4.9023 \x0a  390.13\
67 390.1367 500 \
837.8906 317.871\
1 360.8398 317.8\
711 336.9141 636\
.2305 636.2305 \x0a\
  636.2305 636.2\
305 636.2305 636\
.2305 636.2305 6\
36.2305 636.2305\
 636.2305 336.91\
41 336.9141 \x0a  8\
37.8906 837.8906\
 837.8906 530.76\
17 1000 684.082 \
686.0352 698.242\
2 770.0195 631.8\
359 \x0a  575.1953 \
774.9023 751.953\
1 294.9219 294.9\
219 655.7617 557\
.1289 862.793 74\
8.0469 787.1094 \
\x0a  603.0273 787.\
1094 694.8242 63\
4.7656 610.8398 \
731.9336 684.082\
 988.7695 685.05\
86 610.8398 \x0a  6\
85.0586 390.1367\
 336.9141 390.13\
67 837.8906 500 \
500 612.793 634.\
7656 549.8047 \x0a \
 634.7656 615.23\
44 352.0508 634.\
7656 633.7891 27\
7.832 277.832 57\
9.1016 277.832 9\
74.1211 \x0a  633.7\
891 611.8164 634\
.7656 634.7656 4\
11.1328 520.9961\
 392.0898 633.78\
91 591.7969 817.\
8711 \x0a  591.7969\
 591.7969 524.90\
23 636.2305 336.\
9141 636.2305 83\
7.8906 600.0977 \
1069.336 603.027\
3 \x0a  641.1133 68\
0.6641 609.375 6\
85.5469 754.3945\
 609.8633 854.98\
05 686.0352 841.\
7969 748.0469 \x0a \
 698.2422 610.83\
98 709.9609 862.\
793 1000 615.234\
4 941.8945 611.8\
164 611.8164 589\
.8438 \x0a  694.824\
2 631.8359 751.9\
531 1077.148 686\
.0352 860.8398 6\
85.0586 684.082 \
706.543 ]\x0a>>\x0aend\
obj\x0a23 0 obj\x0a<<\x0a\
/Outlines 25 0 R\
 /PageMode /UseN\
one /Pages 56 0 \
R /Type /Catalog\
\x0a>>\x0aendobj\x0a24 0 \
obj\x0a<<\x0a/Author (\
\x5c(anonymous\x5c)) /\
CreationDate (D:\
20260711173419+0\
5'00') /Creator \
(\x5c(unspecified\x5c)\
) /Keywords () /\
ModDate (D:20260\
711173419+05'00'\
) /Producer (Rep\
ortLab PDF Libra\
ry - \x5c(opensourc\
e\x5c)) \x0a  /Subject\
 (\x5c(unspecified\x5c\
)) /Title (\x5c(ano\
nymous\x5c)) /Trapp\
ed /False\x0a>>\x0aend\
obj\x0a25 0 obj\x0a<<\x0a\
/Count 38 /First\
 26 0 R /Last 53\
 0 R /Type /Outl\
ines\x0a>>\x0aendobj\x0a2\
6 0 obj\x0a<<\x0a/Coun\
t 2 /Dest [ 5 0 \
R /Fit ] /First \
27 0 R /Last 28 \
0 R /Next 29 0 R\
 /Parent 25 0 R \
\x0a  /Title (\x5c376\x5c\
377\x5c004\x5c024\x5c004>\
\x5c0041\x5c004@\x5c004>\x5c\
000 \x5c004?\x5c004>\x5c0\
046\x5c0040\x5c004;\x5c00\
4>\x5c0042\x5c0040\x5c004\
B\x5c004L)\x0a>>\x0aendob\
j\x0a27 0 obj\x0a<<\x0a/D\
est [ 5 0 R /Fit\
 ] /Next 28 0 R \
/Parent 26 0 R /\
Title (\x5c376\x5c377\x5c\
004\x5c036\x5c000 \x5c000\
C\x5c000a\x5c000s\x5c000h\
\x5c000 \x5c000F\x5c000l\x5c\
000o\x5c000w\x5c000 \x5c0\
00P\x5c000l\x5c000a\x5c00\
0n\x5c000n\x5c000e\x5c000\
r)\x0a>>\x0aendobj\x0a28 \
0 obj\x0a<<\x0a/Dest [\
 5 0 R /Fit ] /P\
arent 26 0 R /Pr\
ev 27 0 R /Title\
 (\x5c376\x5c377\x5c004\x5c0\
24\x5c004;\x5c004O\x5c000\
 \x5c004:\x5c004>\x5c0043\
\x5c004>\x5c000 \x5c004?\x5c\
004@\x5c0045\x5c0044\x5c0\
04=\x5c0040\x5c0047\x5c00\
4=\x5c0040\x5c004G\x5c004\
5\x5c004=\x5c004>\x5c000 \
\x5c004M\x5c004B\x5c004>\x5c\
000 \x5c004@\x5c004C\x5c0\
04:\x5c004>\x5c0042\x5c00\
4>\x5c0044\x5c004A\x5c004\
B\x5c0042\x5c004>)\x0a>>\x0a\
endobj\x0a29 0 obj\x0a\
<<\x0a/Count 3 /Des\
t [ 6 0 R /Fit ]\
 /First 30 0 R /\
Last 32 0 R /Nex\
t 33 0 R /Parent\
 25 0 R \x0a  /Prev\
 26 0 R /Title (\
\x5c376\x5c377\x5c004\x5c035\
\x5c0040\x5c004G\x5c0040\x5c\
004;\x5c004>\x5c000 \x5c0\
04@\x5c0040\x5c0041\x5c00\
4>\x5c004B\x5c004K)\x0a>>\
\x0aendobj\x0a30 0 obj\
\x0a<<\x0a/Dest [ 6 0 \
R /Fit ] /Next 3\
1 0 R /Parent 29\
 0 R /Title (\x5c37\
6\x5c377\x5c004\x5c037\x5c00\
45\x5c004@\x5c0042\x5c004\
K\x5c0049\x5c000 \x5c0047\
\x5c0040\x5c004?\x5c004C\x5c\
004A\x5c004:)\x0a>>\x0aen\
dobj\x0a31 0 obj\x0a<<\
\x0a/Dest [ 6 0 R /\
Fit ] /Next 32 0\
 R /Parent 29 0 \
R /Prev 30 0 R /\
Title (\x5c376\x5c377\x5c\
004!\x5c004>\x5c0047\x5c0\
044\x5c0040\x5c004=\x5c00\
48\x5c0045\x5c000 \x5c004\
?\x5c004@\x5c004>\x5c0043\
\x5c004=\x5c004>\x5c0047\x5c\
0040)\x0a>>\x0aendobj\x0a\
32 0 obj\x0a<<\x0a/Des\
t [ 6 0 R /Fit ]\
 /Parent 29 0 R \
/Prev 31 0 R /Ti\
tle (\x5c376\x5c377\x5c00\
4\x5c035\x5c0040\x5c004G\x5c\
0040\x5c004B\x5c004L\x5c0\
00 \x5c004A\x5c000 \x5c00\
4H\x5c0040\x5c0041\x5c004\
;\x5c004>\x5c004=\x5c0040\
)\x0a>>\x0aendobj\x0a33 0\
 obj\x0a<<\x0a/Count 3\
 /Dest [ 8 0 R /\
Fit ] /First 34 \
0 R /Last 36 0 R\
 /Next 37 0 R /P\
arent 25 0 R \x0a  \
/Prev 29 0 R /Ti\
tle (\x5c376\x5c377\x5c00\
4\x5c024\x5c0045\x5c004=\x5c\
0045\x5c0046\x5c004=\x5c0\
04K\x5c0045\x5c000 \x5c00\
4?\x5c004>\x5c004B\x5c004\
>\x5c004:\x5c0048)\x0a>>\x0a\
endobj\x0a34 0 obj\x0a\
<<\x0a/Dest [ 8 0 R\
 /Fit ] /Next 35\
 0 R /Parent 33 \
0 R /Title (\x5c376\
\x5c377\x5c004\x5c024\x5c004\
>\x5c0041\x5c0040\x5c0042\
\x5c004;\x5c0045\x5c004=\x5c\
0048\x5c0045\x5c000 \x5c0\
044\x5c004>\x5c004E\x5c00\
4>\x5c0044\x5c004>\x5c004\
2\x5c000 \x5c0048\x5c000 \
\x5c004@\x5c0040\x5c004A\x5c\
004E\x5c004>\x5c0044\x5c0\
04>\x5c0042)\x0a>>\x0aend\
obj\x0a35 0 obj\x0a<<\x0a\
/Dest [ 8 0 R /F\
it ] /Next 36 0 \
R /Parent 33 0 R\
 /Prev 34 0 R /T\
itle (\x5c376\x5c377\x5c0\
04\x5c(\x5c0040\x5c0041\x5c0\
04;\x5c004>\x5c004=\x5c00\
4K\x5c000 \x5c0044\x5c004\
0\x5c004B)\x0a>>\x0aendob\
j\x0a36 0 obj\x0a<<\x0a/D\
est [ 8 0 R /Fit\
 ] /Parent 33 0 \
R /Prev 35 0 R /\
Title (\x5c376\x5c377\x5c\
004 \x5c0045\x5c0044\x5c0\
040\x5c004:\x5c004B\x5c00\
48\x5c004@\x5c004>\x5c004\
2\x5c0040\x5c004=\x5c0048\
\x5c0045\x5c000 \x5c0048\x5c\
000 \x5c004C\x5c0044\x5c0\
040\x5c004;\x5c0045\x5c00\
4=\x5c0048\x5c0045)\x0a>>\
\x0aendobj\x0a37 0 obj\
\x0a<<\x0a/Count 4 /De\
st [ 10 0 R /Fit\
 ] /First 38 0 R\
 /Last 41 0 R /N\
ext 42 0 R /Pare\
nt 25 0 R \x0a  /Pr\
ev 33 0 R /Title\
 (\x5c376\x5c377\x5c004\x5c0\
27\x5c0040\x5c004?\x5c004\
C\x5c004A\x5c004:\x5c000 \
\x5c004?\x5c004@\x5c004>\x5c\
0045\x5c004:\x5c004F\x5c0\
048\x5c0048)\x0a>>\x0aend\
obj\x0a38 0 obj\x0a<<\x0a\
/Dest [ 10 0 R /\
Fit ] /Next 39 0\
 R /Parent 37 0 \
R /Title (\x5c376\x5c3\
77\x5c004#\x5c004A\x5c004\
B\x5c0040\x5c004=\x5c004>\
\x5c0042\x5c004:\x5c0040\x5c\
000 \x5c0043\x5c004>\x5c0\
04@\x5c0048\x5c0047\x5c00\
4>\x5c004=\x5c004B\x5c004\
0\x5c000 \x5c0048\x5c000 \
\x5c004=\x5c0040\x5c004G\x5c\
0040\x5c004;\x5c004L\x5c0\
04=\x5c004>\x5c0043\x5c00\
4>\x5c000 \x5c004A\x5c004\
0\x5c004;\x5c004L\x5c0044\
\x5c004>)\x0a>>\x0aendobj\
\x0a39 0 obj\x0a<<\x0a/De\
st [ 10 0 R /Fit\
 ] /Next 40 0 R \
/Parent 37 0 R /\
Prev 38 0 R /Tit\
le (\x5c376\x5c377\x5c004\
'\x5c004B\x5c0045\x5c004=\
\x5c0048\x5c0045\x5c000 \x5c\
004<\x5c0045\x5c004A\x5c0\
04O\x5c004G\x5c004=\x5c00\
4>\x5c0049\x5c000 \x5c004\
B\x5c0040\x5c0041\x5c004;\
\x5c0048\x5c004F\x5c004K)\
\x0a>>\x0aendobj\x0a40 0 \
obj\x0a<<\x0a/Dest [ 1\
0 0 R /Fit ] /Ne\
xt 41 0 R /Paren\
t 37 0 R /Prev 3\
9 0 R /Title (\x5c3\
76\x5c377\x5c004\x5c023\x5c0\
04@\x5c0040\x5c004D\x5c00\
48\x5c004:\x5c000 \x5c004\
A\x5c0040\x5c004;\x5c004L\
\x5c0044\x5c004>)\x0a>>\x0ae\
ndobj\x0a41 0 obj\x0a<\
<\x0a/Dest [ 11 0 R\
 /Fit ] /Parent \
37 0 R /Prev 40 \
0 R /Title (\x5c376\
\x5c377\x5c004\x5c037\x5c004\
@\x5c0045\x5c0044\x5c004C\
\x5c004?\x5c004@\x5c0045\x5c\
0046\x5c0044\x5c0045\x5c0\
04=\x5c0048\x5c0045\x5c00\
0 \x5c004>\x5c000 \x5c004\
=\x5c0045\x5c004E\x5c0042\
\x5c0040\x5c004B\x5c004:\x5c\
0045\x5c000 \x5c004A\x5c0\
04@\x5c0045\x5c0044\x5c00\
4A\x5c004B\x5c0042)\x0a>>\
\x0aendobj\x0a42 0 obj\
\x0a<<\x0a/Count 2 /De\
st [ 12 0 R /Fit\
 ] /First 43 0 R\
 /Last 44 0 R /N\
ext 45 0 R /Pare\
nt 25 0 R \x0a  /Pr\
ev 37 0 R /Title\
 (\x5c376\x5c377\x5c004!\x5c\
004F\x5c0045\x5c004=\x5c0\
040\x5c004@\x5c0048\x5c00\
48)\x0a>>\x0aendobj\x0a43\
 0 obj\x0a<<\x0a/Dest \
[ 12 0 R /Fit ] \
/Next 44 0 R /Pa\
rent 42 0 R /Tit\
le (\x5c376\x5c377\x5c004\
\x5c022\x5c004:\x5c004;\x5c0\
04N\x5c004G\x5c0045\x5c00\
4=\x5c0048\x5c0045\x5c000\
 \x5c004?\x5c0045\x5c004@\
\x5c0045\x5c004>\x5c004?\x5c\
004@\x5c0045\x5c0044\x5c0\
045\x5c004;\x5c0045\x5c00\
4=\x5c0048\x5c0049)\x0a>>\
\x0aendobj\x0a44 0 obj\
\x0a<<\x0a/Dest [ 12 0\
 R /Fit ] /Paren\
t 42 0 R /Prev 4\
3 0 R /Title (\x5c3\
76\x5c377\x5c004!\x5c004@\
\x5c0040\x5c0042\x5c004=\x5c\
0045\x5c004=\x5c0048\x5c0\
045\x5c000 \x5c004A\x5c00\
0 \x5c0041\x5c0040\x5c004\
7\x5c004>\x5c0042\x5c004K\
\x5c004<\x5c000 \x5c0042\x5c\
0040\x5c004@\x5c0048\x5c0\
040\x5c004=\x5c004B\x5c00\
4>\x5c004<)\x0a>>\x0aendo\
bj\x0a45 0 obj\x0a<<\x0a/\
Count 3 /Dest [ \
13 0 R /Fit ] /F\
irst 46 0 R /Las\
t 48 0 R /Next 4\
9 0 R /Parent 25\
 0 R \x0a  /Prev 42\
 0 R /Title (\x5c37\
6\x5c377\x5c004\x5c030\x5c00\
4<\x5c004?\x5c004>\x5c004\
@\x5c004B\x5c000 \x5c0048\
\x5c000 \x5c004M\x5c004:\x5c\
004A\x5c004?\x5c004>\x5c0\
04@\x5c004B)\x0a>>\x0aend\
obj\x0a46 0 obj\x0a<<\x0a\
/Dest [ 13 0 R /\
Fit ] /Next 47 0\
 R /Parent 45 0 \
R /Title (\x5c376\x5c3\
77\x5c004\x5c030\x5c004<\x5c\
004?\x5c004>\x5c004@\x5c0\
04B\x5c000 \x5c000C\x5c00\
0S\x5c000V\x5c000/\x5c000\
E\x5c000x\x5c000c\x5c000e\
\x5c000l)\x0a>>\x0aendobj\
\x0a47 0 obj\x0a<<\x0a/De\
st [ 13 0 R /Fit\
 ] /Next 48 0 R \
/Parent 45 0 R /\
Prev 46 0 R /Tit\
le (\x5c376\x5c377\x5c004\
-\x5c004:\x5c004A\x5c004?\
\x5c004>\x5c004@\x5c004B\x5c\
000 \x5c0048\x5c004A\x5c0\
04?\x5c004>\x5c004;\x5c00\
4=\x5c0048\x5c004B\x5c004\
5\x5c004;\x5c004L\x5c004=\
\x5c004>\x5c0043\x5c004>\x5c\
000 \x5c000P\x5c000D\x5c0\
00F)\x0a>>\x0aendobj\x0a4\
8 0 obj\x0a<<\x0a/Dest\
 [ 13 0 R /Fit ]\
 /Parent 45 0 R \
/Prev 47 0 R /Ti\
tle (\x5c376\x5c377\x5c00\
4\x5c036\x5c0041\x5c004<\x5c\
0045\x5c004=\x5c000 \x5c0\
04D\x5c0040\x5c0049\x5c00\
4;\x5c0040\x5c004<\x5c004\
8\x5c000 \x5c000.\x5c000f\
\x5c000t\x5c000p\x5c000l\x5c\
000a\x5c000n)\x0a>>\x0aen\
dobj\x0a49 0 obj\x0a<<\
\x0a/Count 3 /Dest \
[ 15 0 R /Fit ] \
/First 50 0 R /L\
ast 52 0 R /Next\
 53 0 R /Parent \
25 0 R \x0a  /Prev \
45 0 R /Title (\x5c\
376\x5c377\x5c004\x5c035\x5c\
0040\x5c004A\x5c004B\x5c0\
04@\x5c004>\x5c0049\x5c00\
4:\x5c0048\x5c000 \x5c004\
8\x5c000 \x5c004?\x5c004@\
\x5c0045\x5c0044\x5c004?\x5c\
004>\x5c004G\x5c004B\x5c0\
045\x5c004=\x5c0048\x5c00\
4O)\x0a>>\x0aendobj\x0a50\
 0 obj\x0a<<\x0a/Dest \
[ 15 0 R /Fit ] \
/Next 51 0 R /Pa\
rent 49 0 R /Tit\
le (\x5c376\x5c377\x5c004\
\x22\x5c0045\x5c004<\x5c0040\
\x5c000 \x5c0048\x5c000 \x5c\
004O\x5c0047\x5c004K\x5c0\
04:)\x0a>>\x0aendobj\x0a5\
1 0 obj\x0a<<\x0a/Dest\
 [ 15 0 R /Fit ]\
 /Next 52 0 R /P\
arent 49 0 R /Pr\
ev 50 0 R /Title\
 (\x5c376\x5c377\x5c004\x5c0\
32\x5c004C\x5c004@\x5c004\
A\x5c004K\x5c000 \x5c0042\
\x5c0040\x5c004;\x5c004N\x5c\
004B)\x0a>>\x0aendobj\x0a\
52 0 obj\x0a<<\x0a/Des\
t [ 15 0 R /Fit \
] /Parent 49 0 R\
 /Prev 51 0 R /T\
itle (\x5c376\x5c377\x5c0\
04\x5c034\x5c0045\x5c004B\
\x5c004>\x5c0044\x5c004>\x5c\
004;\x5c004>\x5c0043\x5c0\
048\x5c004O)\x0a>>\x0aend\
obj\x0a53 0 obj\x0a<<\x0a\
/Count 2 /Dest [\
 18 0 R /Fit ] /\
First 54 0 R /La\
st 55 0 R /Paren\
t 25 0 R /Prev 4\
9 0 R \x0a  /Title \
(\x5c376\x5c377\x5c004\x5c03\
2\x5c004@\x5c0040\x5c004B\
\x5c004:\x5c0048\x5c0049\x5c\
000 \x5c004A\x5c004?\x5c0\
04@\x5c0040\x5c0042\x5c00\
4>\x5c004G\x5c004=\x5c004\
8\x5c004:)\x0a>>\x0aendob\
j\x0a54 0 obj\x0a<<\x0a/D\
est [ 18 0 R /Fi\
t ] /Next 55 0 R\
 /Parent 53 0 R \
/Title (\x5c376\x5c377\
\x5c004\x5c(\x5c004?\x5c0040\
\x5c004@\x5c0043\x5c0040\x5c\
004;\x5c004:\x5c0040\x5c0\
00 \x5c004?\x5c004>\x5c00\
0 \x5c004H\x5c0040\x5c004\
1\x5c004;\x5c004>\x5c004=\
\x5c0040\x5c004<\x5c000 \x5c\
0044\x5c0040\x5c004B)\x0a\
>>\x0aendobj\x0a55 0 o\
bj\x0a<<\x0a/Dest [ 18\
 0 R /Fit ] /Par\
ent 53 0 R /Prev\
 54 0 R /Title (\
\x5c376\x5c377\x5c004!\x5c00\
4>\x5c0042\x5c0045\x5c004\
B\x5c004K\x5c000 \x5c0048\
\x5c000 \x5c004A\x5c004>\x5c\
004G\x5c0045\x5c004B\x5c0\
040\x5c004=\x5c0048\x5c00\
4O\x5c000 \x5c004:\x5c004\
;\x5c0040\x5c0042\x5c0048\
\x5c004H)\x0a>>\x0aendobj\
\x0a56 0 obj\x0a<<\x0a/Co\
unt 15 /Kids [ 3\
 0 R 4 0 R 5 0 R\
 6 0 R 7 0 R 8 0\
 R 9 0 R 10 0 R \
11 0 R 12 0 R \x0a \
 13 0 R 14 0 R 1\
5 0 R 16 0 R 18 \
0 R ] /Type /Pag\
es\x0a>>\x0aendobj\x0a57 \
0 obj\x0a<<\x0a/Filter\
 [ /ASCII85Decod\
e /FlateDecode ]\
 /Length 215\x0a>>\x0a\
stream\x0aGatn]b6l*\
?&-^F/^>^bn@*D?n\
eoiL@)dO0K\x22%At5[\
aP$IIa]cPM!gdaJU\
oo,+]N,uF'A]eLZs\
tpL>.>]>.?F*:=Om\
aA?9@4lBI*@.ZI%;\
mR7%3@%oh]$`T>X2\
2!el6!?%#,;]W;T!\
EPW\x5c2\x22on337KV>/O\
`H<;5C2LMs?999k'\
+%H1'$UXke3+Rl\x22V\
Q*5R6h#&dW<]ZhNA\
3t_f+J-=b8*^~>en\
dstream\x0aendobj\x0a5\
8 0 obj\x0a<<\x0a/Filt\
er [ /ASCII85Dec\
ode /FlateDecode\
 ] /Length 1650\x0a\
>>\x0astream\x0aGb!l`b\
AQ'('Sc@2MHRM>0U\
[\x22E^5X)8\x5ck#YkX)-\
S,D@e4:Ri\x22[<^N2K\
t80!X7LmA;L&d:iH\
%`se3\x5cIL;*?B@?8I\
UVTfL:t;)#08\x5c5$k\
ucZo/h<2\x5cbc%-b\x22.\
0?GkAeQYZqMCiOH+\
]9BT,d(67<ZC#L*0\
qY+!W%Yccm\x5c\x5c<aMn\
^m9Z`VC,+m+7`=^U\
En'nU]LYm[iij:Z$\
V0S'PpB.\x5c?B_GW!c\
`SDq,MHY,Ou07:Jn\
O`opR8[g(qmG[-g\x22\
Ol5iA#`0,<'8s*b]\
c=9dB2c/\x5cn7JGgfm\
fiVJ*fa.qi9rg3*?\
[#RDB(9nlB]mjrkM\
ntue`r?+AdhZ2b^r\
1;6jHn9i;D,IWEJS\
miU*l,rCqdG9];5U\
9q'_D!t68<ku\x5cbl)\
Wh/4=LZZk09h<t8X\
(QY0I5m?$mG@!H@g\
j<!s'M*JSiPQA+fN\
Lm5<u=D7(l=V+KX1\
GLqlq,o3bp:m&GMW\
.lCuof)i6<Jf-MJC\
d6s&t\x5c==jo7Pi>.F\
g<_p0`iB_[P3Yi,V\
-pZ9L>'^9R1p(SM8\
d!c@VZUG`8.=Ahcb\
c;-#GiP%DTZL-\x22WT\
C!ZDg.c8V.8tFlQj\
A[j-R>j!O0a]K6'9\
t3n#EeDEaEC//#\x22c\
&S=m&h@EZpm,[[^f\
Ee=d<ndYnB)d5ehf\
0#j!YX>ZD\x22MrZW-8\
!41J,!`(1L_O'68<\
LJV9K%]P`PGZ+8`@\
q03]:jdR@haL/kUs\
+%VCW1TX84ec%.h]\
;-2^&]#<j3/mk\x22:F\
e5?C$J/tD$U+P)U2\
@d\x5cf]YSoS(1'eOJg\
W6pbbJ(,oDb9'+Rs\
(QTCA<@SP9^$Ia+X\
7+tqN<6\x22>0*9>\x5cgN\
8:*b?$)u*9,-#NB+\
CYX\x22;[)/P\x5c>a$GEu\
-&Tj=IoRA\x22\x5cdnC1Q\
GLalIt?8;[k7TE4'\
Pr'dW/'\x5cA08utW*;\
Bs7t>,mqK3VN_?>M\
2R#OK-]5CVPldF,?\
el$Gs^5KIOitnu-X\
Z,n&1d[F=^l-QA)i\
C@6g&#ud_eYC;c;D\
22eb\x22]tC)a6PL(h'\
UtYK+#)!-J<cDL45\
Q=E3GU:pA5f'KUYO\
;PqBW3=5&9rR\x5c;je\
*_\x5cdT2nGB9T4#*Z]\
9#A(8G2>/NVj!#H@\
J:niuORWG4`KHd\x22H\
.+$*<0<T\x22;-lcZ(t\
bCagh;lbqj3<D/$l\
ltg(O2^duQ1!Pqn\x5c\
'p8f+R:VG$LGaQ0#\
0<Q1FQMGBYXGP;2k\
!D5uID1D5.Z4fP'Q\
G;bAB/%2oFnl&%qP\
*=Omca^*]5Mdndo$\
OrdT`UI<T+a2[\x5caI\
73jO7mN\x5cNu>GC1Z1\
<)7;E=gEu9sY!,[`\
TJ,K-=m=-5H[p<=;\
_.t@2E=\x22I::.20#E\
jZ!!\x22/gfn-<G]kgM\
N:WC/@o^6OZEL;;h\
S073jEpQ&GsR.=7#\
f:/Z;RjoKHnpu1J0\
mG4p<%iYsbVh6>89\
N69l^B^YiZ4=QQ.O\
Z$3.+Ekh3b\x5cihQun\
1\x22=o^iIirLk\x5ck`C/\
M@,7B]3Sm9ZHqngi\
9,rh.-mcHXk>lJ*A\
+9r;;@6JC5o'T98m\
,*H+/p%_@gal\x22Qi6\
DhITgp'`!]c\x22Jha-\
!gj%[n<MQ<>4]fqS\
R-e#h^2hIGV0]#]V\
h`5->$SJ1n\x22YQ*r8\
-B#qO)B)'>BJPAqo\
-hCB]$c,bT%qOH[l\
(U:WHgMNT&d?\x22ijF\
*OepQU49L3e7$03?\
o2+K/8Cl\x5c,Y2Nalg\
W)PU3k7'&p-L=n'd\
2#r=@(:O_\x22~>ends\
tream\x0aendobj\x0a59 \
0 obj\x0a<<\x0a/Filter\
 [ /ASCII85Decod\
e /FlateDecode ]\
 /Length 2381\x0a>>\
\x0astream\x0aGau0E?#S\
OW%\x226I*cstX<Sk-t\
dh8^8rYbJqap-.W8\
(n.QqPBL)Zrr#\x5c,.\
8dPBFdf05DXN9sR3\
E.P%r!_`rZM7@le7\
_5%d)s;?i\x5cI1b((S\
H3P72`*mXaJ\x22$SO!\
&8%HK6otn(7\x5cK)2n\
DL/Mh.Z#0@J6Ie-Z\
f1Z)(c*d%^aeEXc>\
VLK/TimH1gc%COoe\
_01R[f4ra>WnrJ?.\
n^<\x22@hZ<M!qWrYbL\
C`P:,h_sMr\x5cj*Od:\
k]08;<:iG.'(01I1\
HWL/Z*Dcd%p1=Shm\
\x5cm=5/'k8up:0n4Y\x22\
HZSfHp)[6;5>9=Zd\
<qX/?CVJR'JP^)B(\
D>6^&s2-]`.<b-80\
@Ur\x22Okc*pLj<oB,9\
5euJC[5.oUu8G?uU\
ZK^+DhB$NM[3p$P'\
INN2'RqM1@sQ*/(R\
3gY\x22H9)<`YPY'OtA\
&Yht)[1jTHFN<B7E\
`/a:Cmob`Hi<lu5V\
Q\x229^_/iG`dh*hJk0\
ckqJ-6YHXfRoda_[\
u.\x2294uYsd5mITR,W\
f0SPe=gp8<=pH\x22ft\
l#J)JR`doRooBj]o\
&D>O_;9-,s>e\x5cj^'\
??mj>\x5c%c)m$eG;Ic\
Z!\x5ccaqKk@2%,70X,\
27gW:pI!l2+PF:sH\
MMH.dBlpiInW!Ue$\
D:gW'b(cm3#G4ual\
'</1lWR-7eJ1=&@V\
D()XeC9g3K@JVXV_\
n_B<(jJ)m4\x228mtJ-\
]>4TNYr7-l:L/bGY\
ZATt=.crbj.11e.9\
EU'.$Z6C>m#4!O8:\
lS4J75(Z`c7VP*1Y\
rPJp!\x22k(g3[s>^R4\
Ko03^rfl?((X+%<6\
.)j(Vp>CRc!>1_,C\
/1fL#:DDKc6e*6%[\
8hh?G1`9pTB*RTga\
oZ--Qegd+C0lN7MV\
LH1s=<6S__qH(/+p\
mgCXo0N=JG%;2nH7\
\x22`._;6c6(3T\x5c\x5c?!a\
O)/+a_NFQLdq]Q#:\
'\x22Tl/XV)7dVij&Pg\
I;9j?>(-;)Sl\x5cYaa\
5?tcp&ffT'T'KrTX\
qG\x5c\x5c?ej'Y4oap-g$\
U-=(aR57i]YLFqO+\
.pN%d_I%lR0HAR1H\
%,R\x22$-'h.U*]l)_q\
X!_1^Ac\x5c5%<g%G1q\
*mSCjYgBOP637b8L\
I4bcp_:M;%$YZbLY\
1gX6)e4L\x5cIF5E[;A\
u\x5c'h&H]]Ldu6X(24\
e\x5c7K?e]ZU8l^VRio\
NNXMY,VY<[B^XpAl\
-V'dR'<X2H/%0!1V\
u`E7n4uPTl45!8F3\
ZXt>45aarW7a]LE\x22\
@$[lLMNqI7CpTPQO\
Hb]mPA)n`KrPs]qE\
PCS'W!0K)%2DCXE]\
r'oHZId<G!A1T%jI\
F-b7kp$&$4<4%L!L\
?l<Rmj#AMNd[/\x22j,\
L-UVNf6Jqir&lQqt\
9,J[s)b/m[gQbq?h\
\x5cO*d2WN@b3@e8NC+\
Ui(dbBW-B'3TQpr=\
M5Vo@08XQO\x22:JHD_\
1i*V!jO%2NiD,F64\
dC_qHD6N6$rmG+<F\
H-o#FX>O8>$(obX^\
-L$5i[\x22@]uH&hI1K\
Z=B;C_q!RU$Kfa;[\
orL.Ec=kX.quKPW[\
s2^mj5L(7fIs>cW4\
^C'A\x5cM@A.ke&Thc?\
0T9N!u;QR0e12&0g\
WugkmEfIDGqZIl'$\
'3L%>$WhiI'pJH9;\
3b$[8t4I0+.g((Lc\
(LRC0W`oDQC*F[SX\
e*Lgk8B`pM,GaqQf\
@K3\x2265M4L9H6o8lJ\
uh[@9*]A7G)Xo#/?\
Mldd`JZ$lR3Q4FsT\
td^%SeqIqV8(I:\x22l\
i2!,Fr(>[TdY@\x5c1:\
pq1cIh&S\x22VIq_)V$\
K&57SKtr*Oi1;l-t\
ZOFZQDh;cj\x5cu^(=r\
.k,o_LZCR^tVY$@2\
@6=!KT>Lbp?;B#\x5c\x5c\
Y2#4tZ\x5ct6%UGb\x5cD?\
-C?J3Qu5O&Q`./j>\
`V]8-Zd)3Yp(4,oe\
fm932QonNuWtTjFC\
<m7R6a6Pn7cQS\x22cb\
GFf\x5c[MLOEp06Kdhd\
mZN:Oj:_#g#?g6:e\
#G$\x5cjD`3oQmsn+H.\
%N3@!uI'>TW?O3@`\
%Z68;l8gZHrqpGg^\
-dSO0j'&*VWa&3\x22`\
`dCG.&,7U/)?39>3\
A4nW+8rdjI^B/IG/\
`[`*JuYW791rKoku\
]J(X#:U>En=1f`X:\
D0`0/F)?W^a$\x22f\x22W\
CF0Kou^=\x22WQ1.V&M\
DpNdA&u>-5C(-4nJ\
hcGa'UZ#2[qLoI.R\
8-`2cA05F32\x22MJ!=\
CEGl%%bdKbQBB89q\
4P5.29BA3ed@mjAh\
H$*5pfp$iJLFc<9>\
5VZ2P?VVRAZd(@,S\
!8X&>X_MAgpU!E1;\
fgp:'`5_FCNJ%+re\
\x22ZM$O`^QCjC,$r5B\
-`8=t-)63.9*_J#$\
C^%fQJR-Z&FGHroV\
)I3([s<F9scbD2\x22m\
Y6#^^=-Xue16rTn[\
%JN,YM1m\x22Q/@Hg7]\
.2J2Q9,AP.Kt!rI>\
KY,4[i]JDs#W-ot=\
gW9UV^>9:PEkCYOV\
?E]I&Lf8?HD'CrFk\
+o!OqM,tYB7PpAS3\
N.d:::4s1g$$-/?7\
co>(Vl2fau$rBd)%\
0fR,(2^HED4\x5cd@6M\
X8nccQ<.Z%k3RS]&\
Le.~>endstream\x0ae\
ndobj\x0a60 0 obj\x0a<\
<\x0a/Filter [ /ASC\
II85Decode /Flat\
eDecode ] /Lengt\
h 2390\x0a>>\x0astream\
\x0aGauHM9lo)J%))O>\
nE?a08q7U%jk*>WB\
rBGE`uau<kp1+%Z'\
2ben_Yu*!Yk:;8t<\
hk[<G[d#m0Pr%hq!\
!^VG@!]QNYsPPaK&\
3'_\x5c6jWHJ/SUPb>T\
<A1,!Z@E18HTI\x5c3o\
;j3G<koMjX0U_L=X\
`mbn+)Do^;^^/\x22-t\
5$8g?dc&Q.XLHa%F\
4T\x22g)#ClH]4*uqJ5\
NL/Sk`:,M6iMZicm\
un5me#5(Sn,H^UYc\
g@;AZEO^*Vg\x5c0L'e\
!P%u2ZcDNf-+gM2r\
23?BX?gIg72UEt9J\
Jc>@QJO!8Aa@eG\x22&\
j%4dD4<rd$UH.R_D\
SMOV\x5c7CTP%=-FNOL\
\x5c_poc'EU.)+RKO5e\
_]/?jk58WMpO%8#h\
#OhM\x5c7;-q^#GU74m\
2cA:h>-r!>Gqf%rO\
BM%sHjDq!W.qr6<t\
$pZn:bGBY_/SQs/h\
Ya>OHdTeno4(FjX=\
6>=^T_tCb!KDqR[U\
:0'29m,B.&'cm[`_\
kH?K6)YE!)M[2^RA\
Gi$^P-^=XD#K,TEY\
2^%Z:DHmt*#\x5cF?RG\
qp4^O;GCr%,$[AZ6\
sdl33b)4mRP*\x22VkY\
p3'j;scUD\x5cYg%)Ft\
imk1*L3`@TT#]QPS\
AHUYcX0V-3B=^&0F\
kK9)[S(DA\x22tg-8Ii\
i39aLm,3_1)%$ATk\
KGdHH?f/6(tI+7f;\
(S6A.-R,/PtA7M\x5c'\
F6o,Lm*)ngj>b@6M\
NU<BJ2F&VdNon?E(\
5.b;WPLkROe3\x22T`.\
o+1^@6>lG-ji=_*&\
Xbj`adc%kR%e@fGB\
'mhh'j\x5cDZ^U>Zk$6\
*gn(d42%ZM31)\x5cZ%\
A)m'#;FsZ&]4(A6!\
6ZgkcqHbgR;rg):\x5c\
lAina/=N;u!K?69>\
2cgWlm+0No%2kDn2\
@7_W-,:f)2ZpL.TO\
KZ!ZlT*@^?]9@6nT\
rg9&e3aRdu\x5cLpFk@\
'-POq4,2e?LFhp`^\
crYWuAjS.k'9T>2!\
&0N[:CiI*:\x5cX.eQ$\
5>B?b/H\x22oBr$9(>J\
aO#FkdE$l]6@*58d\
7`Y-iBUc]Br.;'!g\
E`DimXroU-auMH&$\
+<7bbQt:4=9)m,9_\
qM:l*HGRO(WUrikU\
qu.AcT@--bUqgrL\x22\
qbIB$YOaM5pCQ#j=\
L:<f=opUOKWKg\x22pV\
(2O]=_MBS&kUHK@U\
Y(l<`t,llu3$XOFO\
S2)2Jdl-%O\x5cp5D7N\
,_s&gmhnOQ),G<EQ\
20VV)>(hAL<2Pf)`\
5M1.')eO3YQuRSNL\
^R0ZD!PXAHB[GJI/\
f',i2[iBKB*K3CU5\
Y.G$&CXE7U^=-I!q\
0J_n%iiED,*RTiZ@\
r'gb$gJtTcjl;,rQ\
A%T=4n0a9/nCT?69\
_F*UlYSP.4S-/f'V\
n67QI!^h7I^638tC\
\x5ckn<%&Sb*i6[S@6B\
meQ0D5b.9k2M8SL!\
iihBd:+IWKQ*giV$\
HBEK,n1NeA8cXWoi\
6Cjb=[mgLqXm\x5cu#l\
BM[(NNR^8I9=*b`d\
WDUF3j(d(a>E%U$@\
5?SDL01`ld6WuK<\x22\
<]f0uh<>+H^O+r<:\
:M.WGh)^%8prWBd[\
9QmQ&h7Vl`%X(a\x22?\
\x5c7&i?VV67C!BW7P_\
SChqi+?Onlo8(7)E\
Ch<j\x5clrZp:G?Y,c>\
[()F\x22WR]ujZ3NgV/\
juBe7dG<l.TpA%%>\
O+1&@0%!9H_:@C,V\
j5+Q>>fsRP?.+_Sp\
J&XjoiQ#_Ebdl!0]\
sKISTI\x225Z5*UuF=B\
'Yjoo+sbR_VD`EQ.\
nN?d[V9+3;OJP5BN\
Tglq&`\x22R)\x5c^938ob\
tk63V'dI$qcnGF*2\
_@l?cZ2-5u/O\x22Hu^\
,Z<*+l`_St6C?pM3\
OUp2g7(s9'uYV@+!\
fqc&=1GMftLI'Xu7\
(cF2<<V44$c4m&^c\
Mm3gZ>aE7:JBk077\
3BrUQ$CDRK#P=4V2\
8o)]@\x5c9Le?jj,kk!\
u9=d\x5cr-1B,a3dGGD\
1J_SS\x22/5hP:CT/8\x5c\
:-BhSu'A4WS:lCWe\
8m;3YRU`,<hEUq/!\
cCbad+2/m9P6msft\
-=<?p0/-HmLf@3MP\
q3AjE<rW(2$1B!>D\
Nh)tqg9i55DFGEOP\
g$OmC7RKE`cLinW<\
o*uJ1jk,q3Kin7*p\
o)>]RBPJrr%bepWP\
l;H]lqiW,?6_LoD(\
<dY\x5c7P)O^agiapdl\
?S9T;8c+ZqS\x5c.h9\x5c\
PJ])\x22k_?iX6!;%&+\
\x22>WR5lRS'k2uU<BZ\
i#qSsR.$Buj]'>!C\
5:MhU*OF$@+DNfV_\
3pa8rOA[+g8_W8$j\
$g),/BZO*On5:G(t\
u]\x5cT<UU%@\x5c2Ee8,D\
8JQ?Z,6<9^Vep8ma\
#e_bQ1Frnt10/g3[\
gP!nbXhpMiPBd)[Z\
S),gY+GPd)?G7MY`\
eGAYu=4Hb&?<%ICN\
)Y.0]Nm\x22Xa?*W10!\
O.\x5cD-2>8L91mA-KH\
5\x5cua7MF/^n@e<E@n\
n4$1oUN$&f.Jl73:\
ifm7+^b\x229kajP'],\
Btf4lC;Tpuii#(fk\
dY(`dhO*/,;G?.;8\
/?0NGdbb4MoiT^U!\
S%jM%KrYAYA3Osl!\
E1EFiQCIk,Hp;r=:\
PKHr^~>endstream\
\x0aendobj\x0a61 0 obj\
\x0a<<\x0a/Filter [ /A\
SCII85Decode /Fl\
ateDecode ] /Len\
gth 1000\x0a>>\x0astre\
am\x0aGatm:968T:%)2\
26d'8gE/GYF(7i9C\
aE1i<Q?91afFLp54\
FJaO08UeV\x22DBB*q-\
_&&[AGO^Ka[*0/6i\
I%i!I-Q?gG8sX(p<\
qQnM#EC&*)s$$M2J\
4-4Vm%6g'E7*O6cV\
XdXGu<u_6V:`iA]E\
PjNq231jbPIM7uBP\
eclXlYJP[7/8_$iG\
Nki6/]B[%=I]%5,d\
j1<=;)Ugac1B1!_O\
GGGq1C^q'+\x5c@d`dj\
1-#VF%pDNL(_V+B\x5c\
;Eh,dPnlhI$3Z\x22_T\
d'&+K8S@_9>/6/\x22_\
p+q&CjPS/6Fj#)e9\
ZK'!c_I@(N#Kr\x22Rh\
Ctja+jJtDV9R/;A<\
P`ikIk7-[GAA;&f2\
3rpm_o8S<%PVAp+i\
r3WX$95%Q,Bm*@Gk\
-7kF?'cPB4JOKl1%\
5]f+[BbEg5kA)^nc\
DJMJ<#sCR,b/]`s+\
<(V=H,GFK\x5cpY;HP\x22\
#S<Mc-.!RW2f@55o\
QKEQ>HNJJ&aj`'j1\
SUU89ds^09^uRtT(\
?mKAr&mF/@A'=At\x5c\
&e0Z--m3ke,=oj5S\
JA[`5d&&!h`$/Y0p\
mLl[_B6r-h?rabEf\
+3,):WptH:P7jp(a\
!5E_tX5q`3k9#*C6\
I#l\x22L!CGKRF\x22qZPu\
;5Z)[l)X,nD?lf_1\
\x5c[JV.->8WqGB^XF4\
'/^CTod^a;Pt#4TX\
0GF..^p8<[CX`/g[\
n,PqtQa+$4a3H<Rr\
0Z8:m>A3saAH>$(?\
&G_l4[O7(t-l=?BM\
X/bq9B`2@,VYL4JL\
I3Z!kS#)SWI#H.t>\
/2FbWOoG,Q9BO#.7\
]%OpEo?e6f<,BZ2#\
l&la4%=M%AmGl@,K\
?D!H-Ag[c^8pik@5\
45j@3KEcpQ!QU,LV\
H:d1f5fdM-'g7oL6\
n;eUET?8V6d;170R\
h<s\x5ca[eCuJrM0%rA\
!M([W7EIoeS\x5cQ'5)\
,ro&lPDjQ>MNKCel\
W+8.H,r\x22-nQ&7ofO\
tW+%?CZ*^<b$JmA\x5c\
q/T)lmThlWb?7ol\x5c\
\x22>#QNqqgaiX#hOY0\
3X!V]Le.ij`luJkV\
Lu'Wg1t+eleH_=JD\
CrW//B0Au~>endst\
ream\x0aendobj\x0a62 0\
 obj\x0a<<\x0a/Filter \
[ /ASCII85Decode\
 /FlateDecode ] \
/Length 2289\x0a>>\x0a\
stream\x0aGb!;e997j\
d%)226cuGOm>`l<<\
43&+NJY4F<B$f#^J\
u!(AoFVd.Isri(PU\
MU51V9,!BGQf\x22YpG\
k88:Gpp3)>%>s1`m\
Kgp[O_c1g,rh;O?G\
E>[Nj8,)q#oCi^8b\
(rDiDul='1^'G$p<\
i7NbVP!qd>hWQ-bm\
mn_f%IZ%dF]uepER\
??[IPlb=@kIHh8A>\
*^.3@]_bep#JTWi_\
F-&g!%@<C+A?.Q_c\
q>0P4e^?r\x5cekW.9I\
Vh6qWVoIdsX12aA@\
HO*cc$a?[s=dJSA6\
k`n[Lq@:4g+!si%A\
RS-k?,$KO]IG\x22;/0\
ZcbXh*M*E?++a[)m\
`l2(rj%H&e95%L\x5c]\
?ZS;GXFMI`mo*:1u\
n&@?t&OrQLn(c*mo\
\x22@!Q4l8F(C80lLXF\
1$@L,!2F?n<):f&G\
_%5XN$4bUPOo'aP\x5c\
4TI=B%ZPR/ffe^VL\
EYZD+LrB]0VgQPKN\
elZ1^.\x22O3_*-L0D]\
eETndIZE.jHJ'%A!\
Cd@Sm=uo=P'TJpZ\x5c\
'G#^I'bM*BP\x22Bn!_\
)C4c'.L%nRP-&Q.P\
mQ\x5cegPnp5p46Tod7\
nAtL0K@\x227.b]F+NR\
&E#'W4:I`2a$;pWM\
iUj&W(aOZ=GZP.O[\
32R/Z=\x5c$-)%Daoh[\
i?ZHD$M6A]!EH`AW\
M_!\x22Ab=b+3N=$9e9\
JuoC)i\x5ce#4BG>c*`\
7`(,PE<d.h\x22^fJ_R\
@?jd-WC:iN9:-Wk_\
UMhGI?)FBb3?Q8AY\
,f*nk(9*o9WsI<o5\
@4W,Z674..5^$(uT\
\x5c(6hPObDSPg'48^g\
^-is@j(#GQG[;1T1\
l/L$)lREU;unt'P)\
2^59qtR>?OH&+M(u\
=h?FYf7fO,N!ee$R\
nEKMLte0rX.:^r[2\
8nCp7!n_JR-`s/u\x5c\
k1bWXK1bp'E/;,K+\
7<\x5cgi>N#_9o&hIBS\
K*(b\x5c?mfF:`K*hM\x22\
:eM\x5cE,-M-`SeCbcC\
qng#*THPe_-'QI(0\
:^1M]9^hZ\x5ck3'4G1\
r_`JT)LdEPX:9n\x5cp\
@c@g`meOo^7ArWhp\
fQh(W]Mtl/0'ZeBY\
D^_+u)gl')9#j^%.\
BTpL_Z:-h5JF35`!\
Q_flp98IX.HN&J3-\
>HP0Kq#rpJmOL1j8\
<HiEK7fC.#=Jh0`7\
&XHhZL]s\x5crTr)6aQ\
kI)&TB7jI-T;Rb7$\
03jhVfo3q=*+OH.(\
B,HUmMkEX0/?*9km\
V*n+71QY^:AV^Y&1\
T0GAG?J;H#Wsc.6^\
3+etrNBiH@&C<sCH\
l$:[*1.*oj$%u/_V\
sgGCq,9;m@l7.1`Y\
mKB<@-:%_MP?\x227MQ\
;#=-CEb:eUIB6KB)\
(ZaSZ4\x5cj1[k5f]84\
u]um7T-X!Ns)ZQ3$\
8nKccP<T^kH#;`&d\
/#SKg!hk$jZR\x5cOZh\
Cr^!`@oEo-6#)QKX\
6NR)i)8S+k1%4i]+\
n(F=n`*5hVJ[4]'5\
@2ku7^oiXnNFVFPC\
2[A2m2csD$^nj;cT\
--We69OhAt#ppDNK\
uEk_:jf>Vp1:N>@i\
XD_c5CRj,QD1Ha\x22#\
MQlh,ebCt1Ar*/JU\
0@$M5'V3P#_6,d'?\
O3K.[2kOX.&f*'<e\
7[1IMfsXt;6<IYF!\
CZKHSYM4UJ5mhj4_\
IH\x5c_K[@3EK:(1Xk#\
3_4\x22Wq&5AS\x22[+/nD\
h4Siq2U?PPFPG3\x5c-\
5EK4[?;&t_Wl1:G/\
pPp2jfkqSO2YlH$>\
i_pn73s1oHANW0>_\
>IT:,s2fZQ-)HW-\x22\
Y)+r`GcliQgmZV=X\
GpgRQ=jTA[Se;fn=\
4L_d.N's_%tsRg&u\
@F+i=:%9U78V(i]6\
'-Na-\x22QXRDJ2:O&C\
bqoMPn9p?9i0bO=@\
9qW)'HuIRY5'#u%H\
p)*S$2?q&d835'tT\
hCk!#3KnR55k8I5*\
[)/d!>nTk]4[o4/=\
'Znu9<i,Q=Nbo&lq\
Kf+i^)'*QZnp;GJ9\
T72GJ!G3VA*\x5c-=[T\
N2maG=RQ;G9`kePD\
H,QUG:?sDqAC9BSc\
la<sP\x5cCeIm`<uKf#\
_5R:mo.l6QCF.ecd\
'%bKlt>OGh\x227'@C:\
!s_nL?(8%Q-OX?gm\
T\x22$C+/[QPqrifpAH\
QR+2[:q^a_Ug6GAF\
>QKZi`GniA?$he,#\
SYt<V:NQm/Y)N24%\
`.)1.;,lJt]q(jbf\
7#;a`<1e83YLWH.m\
,PlO7^Y^Vk[^s1A)\
5]%/6N3=0i?]/D`Y\
X>/M_BC)ReWUdQ/Z\
SQ*ao)$n#H0Zl-Fi\
ck5_iPTYaqp,$E=#\
N%Lis:'P^oM5Ip8^\
RgZ-#?t/WTKm>bPM\
.($oWK\x22<rCNdH&C]\
NRa3cC$[@6?u@90J\
B-=.?u=R488-JU+t\
b*fMAd:PmEA\x5c5PK.\
-F[63SnqLp@L<;'8\
In&g204Y(2DNG)UU\
S,qgS?ONMu[+inC,\
+MJj@[f:AtI5\x5c#H<\
'jk.!d@B?=h5e0`&\
&I168c~>endstrea\
m\x0aendobj\x0a63 0 ob\
j\x0a<<\x0a/Filter [ /\
ASCII85Decode /F\
lateDecode ] /Le\
ngth 1117\x0a>>\x0astr\
eam\x0aGauI595bM!%\x22\
RgD.srnE\x22NPf4oS<\
VU`2,0.\x5cKF9P'eQ8\
^eA%(3,a6Gq[p9>-\
X4`oR*'ZVKZ%2bYq\
Z#Xii7.r`hcR)cdl\
CNK4A6jTosFP&Z\x227\
Mm'1Wu:@n=UJZFl3\
Q;29)(D-2BqKK<lM\
9U@;oSoYE79B:u[U\
DY)tLl%``'0k]tN0\
\x5c'$K[N,2_b<Jrf\x5cB\
n\x5c-F_U5AWSSVa;aF\
jmWX[=+O<O\x22/+ajm\
doonCnu0WnDj?A21\
?.&9F<[e[V^fWB!R\
N+8>4d)ED(f+kVOJ\
L_FSf])?,1P5cB)U\
;F&k^M,,Ps_R4ReZ\
n(bI^?U[,oI[9=0m\
$>?=,?-$^8'79$HR\
rrIMcb+.W,C,pIG(\
^n)7_6\x22MNRjIVkV<\
G\x22gE2H*NYha#-3uu\
G!OV^D(B@&G9B0ZB\
-5+#1I\x5c@gAG/VXJJ\
r?)XdQ78/f'IQ<a>\
;CaR&%H1!eHgD!)5\
nI&hElSO,,dcr<MS\
.\x5c?0K=$!q-9udZ/l\
;1>QCOh)552hCFE=\
#[Ln-Xb!oNg+A>;8\
&d)D*-RP<*CsmjIU\
C,X=3T8$3&\x222(B:b\
Q.#;<`q4eab>m5ug\
8+s@Ah,.',Z8>L@R\
p[DRefWNc<p6Ka@S\
q:o!YkiM$PZ;e^1-\
&a;WP+.=9LRAQRr]\
.oKg-2ubOmX#AId;\
g%cZ[X(3,O]%m<a4\
.A-]-Oi7:r1d2k-V\
a%9aW10Um5>Ii1fZ\
=F:5@L>?IGFAu+?T\
0]P\x5c^,^r6WK9uMJi\
an^sO+W:T5@3i#o+\
fQ3=\x221.^/o!/i]b?\
aEL:kb\x5cRFs`nb/Ub\
GN^)u_J`<M+m#pEZ\
<JQU3n(4I8'^]qpX\
:_T=Z6n&'b2isTpB\
s=Q!^_n'MukV9jo]\
#KR@%.ORI.!k(-5u\
EhD;M;Gj=5'WO(NB\
ilIl)j[t_0%CoKa/\
G5e=W]'q3:8Y00XA\
9b!Hd/>IF;L&-q75\
,pN0J\x5ciP;7[i__;X\
LI(SofVt;-;Ad3b#\
-XFBSB-01+/L*B&a\
!ZKOU>u#5:aUf<`\x22\
3Dgq;(0*c^W\x5c8=1>\
*S76!.EE\x5c0Bj&q&U\
;BuP(?J^SmKL@H?l\
O(pjUZU[YLQAJ4jf\
d>:t]ZN\x223cCqX]:2\
e$MDg-OAcMj4R%lp\
P$0i2N0\x22*g/)b/Ei\
%!!\x5ci`QO`/)\x5cK1o5\
(gHc!gVDr1B`[EM~\
>endstream\x0aendob\
j\x0a64 0 obj\x0a<<\x0a/F\
ilter [ /ASCII85\
Decode /FlateDec\
ode ] /Length 24\
61\x0a>>\x0astream\x0aGau\
`V?*>5*%\x225n*,*03\
E)%n<\x5cb`k%35ZA!q\
fZ/D+W's\x5c@[T&Ogp\
Mgi#ETV&GQPNbAn(\
jC*in2;la-etunZO\
JCrr-<L2eVa4GKr0\
%kEj2B+dhk^k1fL`\
hfk)M7Mt+nZST^`K\
=At]F*N'$dfb+Vpr\
\x22kAdE[r$pW\x22:Lk@=\
adlN(XR0<>2DkD(h\
ir<4`WXA/I-0,>a\x5c\
n95[C]jLqkDueO<&\
I82kojdt`1$;X#r&\
!1&1]H470da)@Zm-\
KG#27bA3L[e'ODI$\
7e:ln<M%'o)*#T/]\
D0)l4L=adcQg2OP3\
#`3r2?<ZJaYsVkSu\
2nfVor<:C>(G,WG?\
YZ>eY3qraQeB[f=a\
&^bO1(L1uO,0N^-N\
ad.`CQ_O<;qn(HkM\
?afl3(+P_^\x5chYlh4\
<G,28:`P=5Fp:h<%\
P'^V)1Y/M>;No6EF\
3L7#[:9#s`uD;KVZ\
(4?Dj#\x5c;h=fE[6PE\
D/?[l=3>5/U*`q!6\
:>$@0<$d;#(QV/k9\
Zd3X$&`K;me.+Mgi\
Ym'9$Dk(Lg<^#-h#\
6-sUhS5s\x5cLZ7@gin\
smK7_4BFi\x22n33!8[\
/7D,*W6N_L/KCi\x22`\
>O(\x5c.u\x22Hcg5@\x2212,\
f'-_eVKmFIUL[qrl\
R9*l>Q1#@EbI2ugL\
jDF*aX;+=LR.'d&6\
N(=:J=OfM=k'3l17\
lW\x22YUf![..mVgr!E\
&?t:@'q;L9n:Q.L:\
b<35i$F4)sm[U0/,\
_(.F*TjUp_Cn^kFY\
0\x22gk8t9,pp)UL<@i\
/)=!\x22RNbr3Jl!acU\
XQ,TW^\x22abj'QB^aX\
i5@NpqPh`EWT#Rrm\
R1:f#VIgSjpTF37Y\
0%aieiA:DecO%k)h\
`d_QnQmEG9M(^TZ*\
#F-q,!^H6s^,tq`0\
YH3sd;)U&3i@%$p$\
T8KLWX&-)1<g5aVj\
0d;auYBge!$QHqos\
=rI[N,QQ[78r=P$Y\
qSIQe^6X-aUnSQHC\
2>SI\x5cmaJrgM$A\x22J=\
)q`(1!D$UAoM7sT@\
'MbA7!>$!Mr)LVlC\
?C`6Z%3k2k'P3f9\x22\
M68-O(KoErC;dH7F\
)'hYH(`5RZ-Nr<%K\
>FMHZTPFq:RSZH\x5cj\
-5jp)+$3o%rdjB>3\
NAW_E:<eMSt!Q/KU\
OI=57`O$gcTRtSVg\
-2<>(S]#_1Z]-N9\x5c\
\x5c_4Pfm22-3DR!*Wi\
U74\x22\x5cQ^6j,*mdP?1\
3S8_(oQ5[u]pL:@(\
eE\x5cGA=4@\x22s)8_LuM\
F8W[;D3'Q4TVP9sZ\
t%M[=j[Ef]rYrVCg\
#)%Va0G[oBc(@/<F\
N*&,0F]+$5e9!DKt\
Rs/.gE?TcLH2I.#*\
EptIlMRJO>=\x5c-g&6\
+.\x22NOY`t:;[t>n!b\
/:\x5c/gYDn!>I-h4<4\
`CU=C-V8WL.-q^(g\
V<Dk\x22E_N@?#In?17\
<B\x22.d?0aZ)ro'`,9\
?a\x5c_i.Y&@N$qkqC=\
tV4C<L4E#N_SLAT]\
`e!;c$4qc;@-!\x22;%\
#O^Ppe!5&4).6D7s\
F^N3.VikYHTOWAj9\
%S3gT@;^^@m>oWU#\
pipNooV*HBn$+gWX\
3R[EQ%f2DtC\x22Q*t5\
D]iD\x5c?`q^oL;j3l6\
\x22V,YJEdaIhA<iHB[\
j^=tk-sP8<RG(5^q\
N+@^<+V,Yl:l#n/l\
Uh@kPErNSWqr:WdQ\
MHER.Q@:u<?gsOEp\
g))G4h1sKnh=0/_T\
an/8+%#AXW,A!2][\
k-bZ!(\x5c&X&9&&85i\
9+(2;4B;D03l$*1J\
QpNl+72k&X39;raC\
I%VL]rMuI@pU=;/g\
`Fq@U[4MW:Y1c[q-\
=5,b$0^'T]FN9]*-\
;s_761kLZpkkG^\x22N\
JQ^4V=2glm<#LY\x22a\
%SuEpR]7*Jdho*J\x22\
'pGu*^2<GFHi!S2+\
8dP8RAGlV6\x22GWYP>\
/78sE\x2204rTn3XYjh\
?M<SL,Uol`b\x22'V4C\
UL_X'@d`90Fi+ieg\
WJ=%?Q,$5oHOMd>^\
L_<_E9It#1T>sV4O\
%FMt^=^;;Jq%:87M\
0QW,DI3*GnLa>qjV\
<9Pgus4<tL<*^`mo\
>e8;Ts)g@R0fp\x22>H\
6G,_<QSL;YdnP7^a\
J3SNd\x5clSa]e\x229LGd\
%lR9TtiZO9#DT20=\
Sa2D(*J$JP=`n>?/\
mZIsBQm0(F0I\x5cKah\
I,iO7WAWr/Ds3%\x5ce\
;N?^-W=j47#\x5cUUi:\
]*,l2\x5c.<q1j.qV);\
)?/Zpi/_5/%K'Y[n\
/l-1PIhG*5<QT,oB\
uQqYMVQC\x22M:chD`S\
h!OKlZ-;ROP+\x5c5IH\
]Gg?^leM%rFJ@e-a\
[rSEh-!5^(74rWJI\
9fDF5JT*GCbdCZ'[\
q5>^hF<[T*9:)Q8<\
)1SnY%;IJ6DL/t6K\
`ldkrfl7@U`C/QQH\
MlbCJ:eZ.7G.Anl0\
_oFlo<J!A#p/4OPm\
C%kr,':\x5c(/r8OFV8\
0#*-TOY=_nlb3bIP\
&)=U3Yk0:6@?+kAd\
1-0?/n/7_SWD%6nI\
j%BJEmIA+bHXfUlD\
%\x22ma1Y$*pGgcb<H%\
5%o@llL6@GA'hfWn\
u*1&^e9>KjVR3nUs\
NUe,\x5cd7#dNeSBTM?\
e/LSqKe3\x5cNaKUb;Z\
(GT1M_cE<S,9IXe(\
0J3-+Lhf)p$>IR&)\
2_ScC^E*-*7(ueB*\
f7b%S@ghZ\x22#\x5c$ARk\
3a=]?j,?~>endstr\
eam\x0aendobj\x0a65 0 \
obj\x0a<<\x0a/Filter [\
 /ASCII85Decode \
/FlateDecode ] /\
Length 1746\x0a>>\x0as\
tream\x0aGau`T991>U\
%)2J>aDk?p$eor,_\
$p\x5c^Ls&+,qgoB;=>\
@uS>&\x22\x22#:1>SGokQ\
eo2!X<q-*Go\x22^<^t\
r\x229-47s5uo8^-'!Q\
^.*n=Nc,nl-+N\x220m\
]5C,cND>46qc6Iit\
#p34CmN$Hl;52VdB\
sN!P;3i96A3E[Rm+\
^02T@t]>a&n'6lJ;\
j:`Z-JG:qj]8ul\x5cb\
'1o+&q<Ji&U@MQD)\
%?C08lc6i\x22*n1+k0\
LkY#\x5cKcTe$Le+-[S\
rn]3p]Cd2195rGaa\
!nlDraeF+UG&ohnE\
Q%Jp@Q=kSlJbn]SS\
2hapr\x2231]&UsHM/k\
\x22-1<;%p3G:21eV!-\
]^#3)<lKP:]I#29g\
L6'?pZAS5>lS+H\x5c*\
PI=(h1d\x22(pH.KJMP\
0D3OoUALIg_&Z[YA\
mDlq#HUblGg?#q1l\
A%J9_h69ojpXQF2L\
?K%\x5cNd8SO77[#>0e\
iVJge!23oo?Kd#`h\
[k(ItJRm.5AI]`j/\
GMRp3=\x5c0P5c0OOm<\
rnrC0_Ea`1=K`'dD\
^RfmoDdH1LWcWnd)\
`f2gs0T5h9XM]:8E\
UeM=H\x5c%/kSVXY=7(\
/p<jVJIMrSaE5;2j\
&P$F3>qO;D>/>2A%\
]M,iT*9sfPAk.F+H\
mR([XKY(Rd9m-CcX\
g$X5e$32M:dLtW)N\
eOVco2$5&,87\x22RUn\
6!/V7a>?se)pOO5S\
^:81X!NoD2<tep!R\
`r%LV,7hVMl?N5?Z\
-G_,g%:A,r_2[M!I\
\x5c$LMm[=IB3t^pXk#\
i]DJjNIXP)<4Y/\x22S\
]so1?9Q?`:hBo`92\
S^oT\x22]NJn#5\x5cH5N;\
A<e[T0`-G!o%\x5cH#%\
qMVI*%ZW7\x22^'jH3K\
-/.0aIk&g]2-1Gkr\
h3Km&N?$\x22PmU]Zae\
f<ra[M@Hh/Kj1T@]\
aV[CMI+/*plVo]s[\
l9.OS50$Tsku]+I6\
R$CMh'c8<l1;&(#%\
cEpcu6BcEn^*7i0K\
mW&u\x22[Pq^=]0kG\x22Z\
8BMMA@#l6#*R)]08\
lMWY^ht6Fc20LSZb\
sDFK-.\x22=k((WmJUK\
V0/tYi_hbbO[`doh\
9t5CnK#Ie\x5cCMRF*N\
i'*]uJA6X_WdudBk\
I']u.\x22ApACcM*3Gd\
XJ>9H7XR\x228AKiEl)\
[aGY,O<4m'H=I_L4\
^3Q7fr3jMJW\x5c3'A=\
37T-I<2]cfe'jMaG\
MT/nm\x5cc8_TV@D6^s\
.8cddJ=)Y*CZE^HB\
63hgT;miKq\x22W,Bse\
adg]/E,)[?_LddCS\
`$+5Y';i1NYH2U!T\
:e=2;3HC%G5J#tNE\
fIC+5F$RRUG]k;ZC\
9Dlcc+m3ig*@mSEK\
[G&:k.W9Qa]R#TWB\
mp14O\x22BpmVJ>.CM@\
QhB9Vb\x22Orui7hK:6\
DoBER7jf\x5c8LV<nJU\
AZW:C#'-',CSL&mC\
0F`O(O\x5cF2&DlX[8a\
R9:gZre8gN?TC1,s\
0'CGikDd13oaSd\x5cd\
VN@5EAM,]+H*=lSG\
naR(iHQUkUB;drin\
Vgm\x22OHgRAVIBuU96\
7r06JDF.3FQ3%NVL\
.HiS2EIIlr/Sl.q+\
U/YFF*Hb/VKgdFs5\
9tdXqX)HStkn=sNH\
P<>s:C:boB;;BPho\
Y,RQ>tT=\x22^]6r)qa\
HcleMnPUH$NSTP(j\
ddS9RMB3joF9W*80\
;ae[U#C/RS#JMs9a\
:ugJjA.:e!=W/(T0\
7@>q\x22rUr<r7B9Q+)\
HF%,(Zo=]qB7QsR`\
q/(,V($*Ar0HM0(m\
k@rgQ$RR\x5ch>a&pEY\
rXprG_:@FmCN*Ebe\
cnHUlPZJCc^u\x5cP(s\
.1VDM,P\x22SMZWGRio\
ns#3k%hMtcfFlL/\x22\
:UFb=&s+#Y)KG3.c\
Z:mVSu%FQpWh%/(R\
'LOrflhl>!ek0h;L\
#9k1s,~>endstrea\
m\x0aendobj\x0a66 0 ob\
j\x0a<<\x0a/Filter [ /\
ASCII85Decode /F\
lateDecode ] /Le\
ngth 2011\x0a>>\x0astr\
eam\x0aGau`UgMYe)&:\
NH>i1ldQ.Yh*IO%#\
P45uI9[O8DfhERCF\
S;BnGU^I&Kd*,6ee\
`O-XPnZG7hadI3^c\
Hr4@r]pJ_NsDMqfr\
M;`K*%hApBo^6eG_\
u2h1#+E%a)k#L+o#\
%<7HB$3Wd$NNs@b,\
`d3>W%$U:/)V*l?4\
#@1b#.4&Rf$0Ob)4\
g,`D#NLhXZIA:&)(\
^0bX(QNQc&\x5ca?!jQ\
/410R'QLP@^/1`)8\
/!ltnXp*FN-Oj!N!\
sBE_fNJfq]\x5cek&@f\
QuW!aZd0j*HZ\x22CJ/\
H[jl6D*h:1P[2KY\x22\
p)kc)]qj4EJ@me'A\
A)!)HT5i)Eh(Xl*7\
!/!Qrmf]N!&:EZ^Y\
c`N-6ABj_[sU$r:7\
>nD:QAO_S4<VO5/c\
8hW>uP^>3Et;9VY&\
d^FCi@+E(1HQo*ua\
#M$Kn:P[=R4R6ZS&\
q1of/:khaF#`J^6m\
*X:BN.N9V:pN8t6I\
A-$k]V)AjM(1jt7+\
g51PT0<f$Gkns[Fk\
t(+dBQ/'3apm./%a\
>_$$K0CEfhYY>q*p\
f+XiD3\x5cQ8\x22\x5cb3)^#\
KHEJ.pfi#70#KY`_\
hgsT<T_ikO$@B0)S\
eko?*KKZ/X2n\x22O4@\
]j6MbG8*H/m,9)Lt\
YW'?\x5c4Spo$fP6Al!\
9c?XphEFdR03/.8Q\
rT@tg4&5rE2;bane\
\x22LbBcO%X>VBB35$t\
ogm+-C`?6WjVlZBh\
m]B?Wl[^U!V3!0XG\
ki]n0BGi<1jU7<7l\
C%%!sUPI;ibPTa[`\
PPYR0jp($hk=lSSf\
C[5_F_@PO=n&dE^W\
5h6bV/_\x5cD.FP5j,#\
s>YeL4c$,'siCS\x5c;\
@u'[j`&a<@&fpQ9G\
p9V%fZ+poZ=OZ](9\
AD<2,.V1F1Nc[VgQ\
Yr1Mra@@Kg$u-;R8\
S9<LRPGt*q&d\x5c#?;\
pdGogDe.62fNAut[\
5;0PiiQMLRLdWMY(\
.%HnSUZR0H'?lIg6\
uaQcPM(!K$n:NMHo\
q_X$`o\x5cpr9#1J>G5\
acc._#sQ!ZdPMu.+\
XA*>Qu9au9:lr2Cj\
_Mm<eb7fq9dIdYE*\
n-O?<l:'dP(i0/7N\
8)D7ACH.YR=@PU7X\
5:I3c(kYY(=F'$sq\
9Zj,\x229]JqMRknqR!\
8aNR6/JH7pIE;hDF\
,#D;q%&+^!P-q\x5c>*\
L`1fjP;b9U-1SXM;\
VgGdf24k,D6)Z*^^\
;9+U.WUcU%WuP4SG\
K>6PAGB?Cg\x22>]Up=\
Z>7(r2e5Wp7:7qX\x22\
0@)RJ\x5c?39V.E8^9L\
4N.9hnF=EVVr-B]\x5c\
l5D6Y>2]64J2^;3f\
)G<g*@'^6LN&I)?f\
i/l@nnUB3Cn5fI+`\
o@:H2EH.\x22!L?gWQ]\
dW9+4D=0$#>TubiZ\
+MrF3?`e`f\x22K^9+B\
m$K:!5StOJHE(`%?\
EVZ$f&WUI%23,uo^\
\x5c%mq`r=WRQA*Uk/X\
b6.g=OQR@\x5c+E'EL:\
p/e?<3mo]PIr>do\x22\
#%EIX$BUCn.Vc_Z'\
4f1Xe`.n!lFYGZ'`\
f@JE69]#pJd#*)2s\
\x22]$452;'iG@2+W;F\
ba:=Abnh=*-).2S\x22\
p47`JO9g)G:Mc&!i\
dA>01el]-TqONO'6\
8AoC]$o)P^lECPiB\
fDKBG4]P=J2A^Wuc\
9$Od4_8ZOUAkqP<`\
QXY\x22*thP\x22KXoJKLj\
k-'hs!9!SQm,CJT:\
ZDY8)l\x5cWXh3BElaE\
D*\x22G=2:H8ODg/DXR\
**tiW481HVO`N-90\
+MSH]SMdcWd@u<#q\
)-\x5c<EUC]5gk9(_?c\
A\x5cjBY]r;>qt7:5W/\
'd<^_98TbeRp81[S\
5PMjV5g&M7G/=/ML\
+*@a#)8AbtJL%?.)\
tMafL6o[P%p+`BJe\
m?J.p;88Ed[eoGA+\
3j#A<?e]r9ogu`ed\
;#,QjSaS1B#$##X*\
D.Mf@8_^d[ihq81S\
!u994$<>\x22>=TVW^]\
e!^;te)1])obceTN\
*ZKk?a1C$pYm/fp<\
k+SsMXUVe_cA\x22>+.\
])hTe\x5cfYO(bohi+g\
`U,kr_A-+j@Wj5<(\
ZfT)O,e=SpPH@&/[\
9_DqlU-pnaVpC>Tq\
7B7seQ>N,TPc^a>\x5c\
6B)iBh.M_4`r+lqY\
lZ9Sa=O0C]j<HuRL\
k`-K2l`'bG#ZRl,M\
SbiU7NrPi\x22E@V;CC\
8T\x5clWnkEPI';E~>e\
ndstream\x0aendobj\x0a\
67 0 obj\x0a<<\x0a/Fil\
ter [ /ASCII85De\
code /FlateDecod\
e ] /Length 2397\
\x0a>>\x0astream\x0aGau`U\
9ofuI&A@P9n8TV@`\
\x5c+mjmMnS:8sD[U7\x5c\
'=,&/teXKHMQ2o2B\
54m'?LuQ=Vue)J4?\
MD3q;0]mAcu9&i,L\
s*oHleFt?`jLJ+le\
EL-S2`PsV76N_<r-\
`#E8.U?F@5]V!ENh\
J@Hk('*G+-4,$D//\
I2sPZd+9/jdktG4\x5c\
kISL_i>\x5cmae,0bi^\
KeS,\x22ghXD*q9@-EJ\
m:\x22(6&t[)Xpg\x5cG9Q\
T'*i[UmFa?^creCG\
2N:aqY,P?jnU4mpE\
B(fsnh?E;-/2]&+@\
QLsil&1m(T)J9Wc+\
@1^jP;LiMam@Wa8C\
<>9Tt6^rgV;X3]bZ\
Ui779\x5c?G)=tgaG,W\
_&EW(nP6dMS_qNaF\
hHQ!cPg&tDGem5Fk\
eH`;Ho,\x22$g;kGP35\
R;!@*]00mj@Z`?,O\
pi!7[h\x5cVC*l-4MGR\
16B76\x22Vi,&H$UC.D\
1:3XRrL,8Z/]hmiJ\
OkulJ+4U26&9\x22Mo@\
\x5cN^:#NYJJOsX`-p$\
mTTWFs$fSmPUIkMG\
B/BG->+2(FU%/I0n\
Jku3P+.VuI9`tW9c\
H\x22+1Stn]02jWZCgF\
K4Y*5,2>di?aDaN;\
2q(d;r1Gg$QdM!h1\
G^WT*&17Z(7jYbrk\
*?'8b=2/c]IUBp-E\
kHUfmGKU=4/uO`e#\
2<4M&[#amgj`8P??\
nXA:(JX\x5cf8#-6r]!\
3tVDSo5kuFffX<8E\
?8[*jZ!uN)-Gq]Hs\
j>fLeP'/d)d!F\x5cQ8\
frI9rf6S1o(^N4I#\
C4*'ZmEj=A%#D,>J\
n7$N%i2`-%/Mo\x5c?+\
%@p)5n.!W5nXaPhd\
oGE+pC4aaUcC&a=^\
[O5rR3YPX!j7iZVn\
g*?WKa\x5cpVkiL4G7B\
_FucR&lp1k,nL^-?\
=Oh^p:6%dL6&TKO@\
YoD'2\x22I[QTBV.K3)\
H<UN^p/$`M'F`e!j\
Gl8Ik/m;'ZnOQ085\
%htY!d+O7r@>[kHp\
?:FeZG8)m%aG[-\x22G\
1FWo>ToL?aqQ+\x5cj\x22\
$qAusuJQndO.f3r\x5c\
f+B6V+;7UsE`V`rQ\
q\x22R<a5AiG-MQeLl8\
;_O&%\x22F_o1(>2=9O\
-W`e2W2YeRsTW^h7\
rL6;qmXGjFqmkD/L\
S2PDYMI3mkAEe_T(\
@e`8$r5I#o2\x22>ZK1\
u))pX(3@af\x22qXKOh\
b9l9+PQ8,T%pq4MI\
-R(76(C:%#:hhO3Q\
j\x5ci[`u,`<FPb]67,\
,S;7<^ki(dSho-Rl\
lb9+P4LChPRH2`Ue\
mjUVFJnHX^&fE9oG\
G^1-[h9+e`o+APGA\
6OtE$Qc-5u$5AsDX\
UYp9nGXG)g0oC#b]\
FHeRMr'gP/9eQ:&$\
'YD4G11&3GV/OA*W\
lXEt2-NjrAj<-g-G\
dS:_uDg.f%L\x5cY!b'\
r:TU/X7r57nTI!d\x22\
+!VJM?hs'IPW.5]'\
!#.XAM&+6[CRU6h/\
S^N>phYNU=R\x22!j]n\
$rRu[!*3PNN>aN-8\
?Aa)<DCQB].qk'XA\
HuB;kV=$fkQ&PhfF\
_3[f7]\x5c@@Lq'qTbn\
BNL#O:8SOI@,'Q4L\
I($=tkPBG&D=1psi\
L#t;C&q^=4m+3>NT\
,6)p1XS<m'5XcaoA\
<id6\x5cUg/H)k\x5c.#*R\
2tS5uUYNa\x22iQ,C#[\
%MMdmLhZo%$d*E2'\
idqkb?X?sch>Uc'`\
+4;Fl#^,gj'f:><A\
ln3YAcQ\x222`\x22Eu^K!\
f9>9W/*]#I?IdLgZ\
nRC_+S[l]:k1[R/#\
m;?c7A0o1aSl.&7G\
Di\x5c:Cl3P;H6`.!<<\
PZt-dN82,1a#>>Y3\
Z0akD2UYH\x5cSJAS+&\
k\x22p))eS`hlPab_]4\
\x22(!sa:00<EN)$'m[\
]]Cq0uGlR*ntXSh4\
gNskr^73T8N_hK2f\
EYL*rm)Bt?4Vmij&\
N4'm!8Q]^OB^e3et\
kG>JnHRd_W:f[rm]\
6^.fpOM.Wb\x5c]K:*M\
I.@93K$sSt_@EJ6!\
XA=a$30\x22mKsYdcH,\
^GDl,pA9c>`^g\x5cf=\
hTB^M&r1F9P?MQ)q\
E/mG8Mcn\x22oqsHL1(\
0R0UVKr)($Uus\x5cu`\
Qr$ZP];Ju;[t.3qg\
]VCcrK#RHpjW\x22\x5cFB\
']e<Bp`Yq!35C1^^\
jK:/$letT.d`p9QL\
$&(abC%rr7)EUHfo\
YNl+c:Hca1[P9`^L\
AP&[[sZ*<NjA36m3\
*ZDS<kKY>EpeZ06O\
I1H*i9Pa4*Aq0]C1\
\x5c#rrEjlnBlJO.oA+\
`80+s$4r+cf[H5$U\
CVTOWk>(dO0gpBYP\
LM=&)IE'-Nqj_3I8\
06iC-ln;UhLMgY4I\
[p:GOTL&._tCXQ&*\
>=/%'I^VG-hm4`$L\
SKPbgT^=hess.D)(\
W12qE`mfrD#2DRU)\
YJBVgc&S@Ps`CHqU\
:4DYMPmQJB#.94^c\
`!a6E8E+)bK3(%5/\
Se`RPcZ)3khr,+rp\
DN+.@W\x22IsRm='5LW\
aYr1RY,-;9+U34g#\
JoB-W4b=kEjr'Coo\
n_M_<)1\x22.,6pHd\x22.\
!AHrhbC*_i@Q%5*I\
D\x22g7JZ#8IDKGog\x22$\
b^%_>]lY5ROThPL[\
<l!(<Q83eUYp$EMY\
+2iPHN?HTblbBBnJ\
`\x5c'i%6~>endstrea\
m\x0aendobj\x0a68 0 ob\
j\x0a<<\x0a/Filter [ /\
ASCII85Decode /F\
lateDecode ] /Le\
ngth 951\x0a>>\x0astre\
am\x0aGauHJ9lC_#%))\
,5n?J2jD!,Sg,8)+\
1Qbja:;B^pr\x5ctrAk\
qY.7cA1#dnY)7nZ.\
_GNI95MB+/-3nKm/\
,NIi9^ZNh\x5c-R=F9r\
XdJE\x5cl&Rl8#?<-K[\
4C#i,P6ZsM,M4H2m\
/`6NZ#Qi8DSm6q_-\
^ag0Al)!TX/ICM-G\
N!p>JqqL[n%oAkHq\
';HMJkTB7qk[U`(q\
a`;kO.J3\x228lMBF[@\
^*6u$irF3W6TL@13\
S*\x22M$FF0c6I1E14X\
oH[6A5cCbuQ<CgWE\
L@cqWS0_'(QREUj9\
,=\x22p1;7#q$CG\x22(`$\
`^qm:51Ts_H%10hE\
T;.`^(M,6f!$J'ZK\
UOTJb<b_`\x5cq1A\x227)\
I6?dO\x221jqu\x5cE;s.)\
^a4B8Z`V2RD.cO\x22h\
m#h#O[U!pfK-Y?K^\
&?[P@I9L--qPuD]V\
$\x5cYbf*]EW+!\x22u:#%\
3P7M;d6F%Z#W=,U$\
N^!RsF$_4gW(pC1k\
,.Cj\x5cGqSqSQd;D2R\
$u$BY;%tV$mW9%A;\
ZQ@0ju,TMXEsX!^d\
e0QUj0@UtpHSbL;_\
/:\x22a1ej<qO)WM(<<\
;D9EIY=g$,-C>i>3\
%Up9G#l&Fg=\x22+8oC\
e1)b(h>GS&N$<`?B\
\x5ct&QOHnbaUOSAt:3\
Wl2p[@Mjd'_19_49\
Ep'!!\x5c^6=NA=cc\x5cU\
<?.a?cU;B5Ed$DF=\
.=97:V_TOW/)jN`J\
fOeu5rhU-oN,f]qO\
FgTGo8/b-:oUr\x5cO`\
k$j8=.ep7Pia>d?a\
5KhBXu6b'k9()PKs\
VHP0JInMYR0f,KLO\
N.g0VZu1YsX536\x22\x5c\
p,ci)>QP[T>#h&K4\
fMCRq#G7SXs,XeH?\
[)5\x5c2tnd'CjafKSJ\
JB;8lM\x5c:Z]nN/A5,\
.n\x5cXjn.FR+Nb`#s,\
$@TI__pEC2l(5r1c\
ZAKMAds'\x5c:h936lg\
j)%![8])s=+qET>&\
9/:\x5cO1/9HRpiJ5C!\
0c:VK#SC&Q9S\x22k4.\
0f8;+9PhlBMKrR=$\
S+Q<%/!5^a9)A,gD\
#OEui%%q~>endstr\
eam\x0aendobj\x0a69 0 \
obj\x0a<<\x0a/Filter [\
 /ASCII85Decode \
/FlateDecode ] /\
Length 2445\x0a>>\x0as\
tream\x0aGau`U968lH\
%)2U?nE?_gPlN+FQ\
\x22(p#1t+h?ma7@p-Y\
]',S^bnXrdI-E+@3\
/R=*Z[`=kbH(,T\x5c%\
X%hL]r5JY&6\x5c976:\
KDY'k3'_\x5c4l!PK#G\
PK_eFL_21$=m_d+Y\
L9TS,G/H56F&=[th\
3FA!e6!0eDAGQbC$\
2o89u/EWYWN9=s5n\
hP!aB,O^)0j+G,:I\
_P>C+$f[PU_!D5J\x5c\
FYN4$!,uVgK<F#mC\
'!.rid/o(DW#?&.Y\
`GBi3Z&!@\x22?k\x5c!>@\
3!ZL;T1B@<^b6apk\
QZk'm,L*#?t;ptZR\
,qkbCDc'NDsZ,9\x22G\
-rqJ;6CNl/S'27`I\
gk/l/Xhaa3Y`XA3d\
Z_7E^k^NF)lAi?`F\
lPXq&OrQLYMJXppB\
S=FkM*\x5c1!U/==VGH\
)UZF]BX&;)A)2\x22\x22g\
#\x5c/St,0D^sbN@qgr\
\x5cZWG#\x5c88G29AVt+K\
U?QoA^t%V:/>=#\x22J\
UGUJ8CFXJ6B>Mne^\
jhoE0rn93Ju3:56E\
$>-82Ua9h)89-I+>\
6(N=m2bk0'LTI&=>\
4'b;Zn6k0QbeRQR#\
.):'WD7d'g`9]2'-\
9WGm2kH5Giu3:(3u\
q(__R!&;o;#HIn`Z\
O@YZECnTo))g:G)/\
MpdtVsOR!-[GU\x22b2\
0]P3SOc@M;FE\x5c>J;\
.i/%3]A3Qe5oWDS0\
c\x22hn0=W.uu5V##H.\
J1NT=8mKZiQP=E@3\
!pF%dp\x22=`Yo75EVj\
eQjeL(+h/pYe_4-S\
^X`,bk)l?p+o[_$;\
pX^\x5cQP,\x22]CMTn_4P\
MbgOWE\x5c(faUcY0s`\
_d52m!9@K+QWS[Wa\
%tVMj)+V0@ejONl`\
'k\x5cXFUVUhV#UB@BR\
j#X-nf-Ip>KL0[DB\
H-mnj8SosAPLHJO-\
fJ3;2%(^]U`/8EVO\
^J;`\x22Y'SR_ga03/n\
<2R>!EE9Rih0pLB)\
C<,SYUN6=CdRtpXH\
J)O]tBYoRn\x22BYH<-\
TW;7QhL6B-K$;g;n\
*9F6;Id[nD9;JkY^\
0E\x22=!<W\x5c#p6k^O;>\
O17CNcf/*[8$Y#YB\
8S_b33Kp-^[6V20V\
8>=a8r?rW\x221*@Nj5\
Yn2grD`-(D]tr95a\
qG*-6utXMlS@`9_B\
@1L(>JZ_KS7-f\x5cLU\
b)S@$<i'3p-`.oSJ\
Rbc(L9LlR-hM[QUk\
qXa8??@IBUP5U,uQ\
K2Dc'u\x5cGYq)=MS4\x22\
!K0:?emDf3`jUh:J\
o\x22Vsm&uglN2V@tKq\
tA;5]B=D,*i6ZlmC\
[NEKM!\x22s!CR%E;ZB\
gHUKB1.7jHppm7R,\
)VGFAu`)fq2'hWY6\
Ur\x5cU4nr>li8f@%,e\
n[8bT7N2:)=fK[[j\
Ne'-m365ii/1:0ht\
(M4KU90C(ifZpQ&5\
D,nVm);M/ZuW<%=6\
R#F!6n-/'+(h^2T3\
q8W(o>G:2Y%Lj5ij\
aM%^.m#Ii>fij;0D\
>%cH\x5cg[,#:7P?;s:\
jdfGs7QQ/Q\x5cWM)'I\
/164q4kNN^(*_mh]\
]B<[QkMr%EA'`[PW\
C)>cIE&n(<udXF=&\
mlZ7r(PCI1crGa'(\
f[;nH+-\x22,E@qH!er\
/n3\x22,j'!0'K;mZLf\
kM7.2BbWq2?joa<R\
*8P%OPgIUoa#1f_0\
JQC#GAeAmXRK(t_5\
+F6H`\x22D3hQTapW(J\
=+Utul,m&WJ-C`5g\
pLEl_0(<iQdlk9+O\
2Mh^Mh9#@\x22o587B.\
LC*X*m1\x22gPS_[B,Y\
UbX6bWC`>U1iaD.@\
)u;bRLPtD8SBe%IQ\
/8/Em>S6/bdDF8(]\
tI>FkNpnXGtp,I*C\
?J6_*Q::mIs^Aj-c\
q%+NU5en8hodr08$\
):h1ZJJ48`\x5c!!GP)\
F1]nEYE.`9?_tKb*\
MW$<1+,p3m*tk2$@\
,F.B:oL`rc[F6#1J\
],7YbqQs-_B$C:<:\
/[hN_?-X%W?$_pYB\
ZrF3)8.:NWX]sE--\
g]^1Z,#[3a5.CHkK\
Isf@:!uf%Tt5C[eQ\
:/e\x5c<P@VFS6>J'b0\
7>PhpJ2,^3nF[]-b\
#QnGITQj!1Kbf'o/\
*$,V^7k`2HdB5dGX\
M!c-1g+oaZ3\x5c1%<0\
k6TV]Jjq)r\x22Eg\x22%Z\
1J)*;b^E)\x5c&nXVIH\
\x22'_LrYC;[UV/><1W\
'7uY$\x5c#<-35HNRZD\
-N5G3im1Ib\x5cb,3\x22S\
?$Dk73<jJF^V(IH9\
iO\x22`9]=L$j5ni6T\x5c\
#^<USO&jl_E1gRC^\
3HcTU1Lq),:@Qij;\
2-f)f6;-kFqWcl0O\
'$Z%2@X'G!I2u,^D\
DE6>0_ZXPeB5-p2D\
:?q_$ur\x5cog$nPE`\x5c\
<?YYg8r.[(Tg1T'6\
$D<-!]V,i%P6<L[i\
g)f2TCl<,HAhXIqC\
ZS/]D>#Iu1IX*+;j\
%;;Q;l/SH\x5cO'in85\
#EC-K5(>Ep[YDSV^\
cIN'BH)pFl:9opb^\
Dl0IMVG;&A1HFU>Q\
H]-@;)sGGMo_gYig\
!Df48F'42mOaPMi\x5c\
f\x22u%jm'efu,seP#E\
Oj0dUW%3\x5cT^OQuYp\
MY-r@#P`eMuK*%M<\
o!/Nu?D(]Z(VQLs;\
X=k-4d!)G74.3lS:\
=Ud(L-_DW`GKu-EP\
H2=@5p]fmP/18mA\x22\
SP5Hj_Xn&f3%KYUW\
;LVT.fq<9K@#gq'5\
sJ%&*q$Y@rr>1`St\
l~>endstream\x0aend\
obj\x0a70 0 obj\x0a<<\x0a\
/Filter [ /ASCII\
85Decode /FlateD\
ecode ] /Length \
755\x0a>>\x0astream\x0aGa\
t=)9omdX%))C:pc'\
g@Ln1^bD?q!aEF>H\
[\x5cKM`n@M%m;s$!mO\
UoANjd&Q@V:$cNij\
Z.tOq*FuXH3SW#_T\
Nl$,ZnscUPl@*KQl\
bSB0rrKjRPVF:J,T\
B(M#bep:>\x5cPI:<?G\
TJ<t[l^9Kl3Nm]'&\
mR^cS-\x5c/s,FuIpi#\
hrkbR7PhGf2WUO&W\
,f>nc7/7\x5c8MQ#%;I\
+A+I(#THYdfYt2SQ\
WtX/m>AktTUl=7`Q\
f_!oN6MHcTia%4LC\
Y>G88U/N!M)ai'Wk\
JT7>tP;KCo`*.jh7\
IhB4[NWh,@nEUAFF\
<%eD6IWR+u5-cD%f\
F14n\x22dof.#]*BW)*\
!9tNEXUP$hR9%Q4c\
1fDYYD9c;[T>4:\x5cB\
ZN@,K\x223luRu5/\x22Y?\
k(Qbl1'2_7;Eu'3'\
Hr=,LO):m_!m##+D\
dipUu>-,(LsRnD`K\
:FN=!#^s5@5);)4R\
WGP1-jb`2cC6Pspl\
P^7o7B#TaUjC`8ZP\
ZtKBfW8ta'Gk`36C\
8+@fp=]kp\x5cp>Q-&B\
b21@jLphtq>2HaRX\
.]ct+t1-N2kG\x5cO<h\
G#n]V\x5cHno;.53Q^4\
obfWD7KP):fuO7X?\
V0K@_0EAE2.'1N-7\
aBJ%&&3o?$ADI;A[\
6.9O>aZ#*dnoFq'e\
QVF+=TkA!ERb%oaD\
EZ\x5cf]pHJMc45KpXi\
QSU.#s2QR+_hoHbK\
SdfRDqNMt*.,&gkP\
r;ma7WY,t<&mY:XG\
'&a(Emj@3RQ'f@PW\
k.9?4;3*k5=Kfn`H\
aFEh>N![l?p8>LP+\
9RC%s[(oG<d\x22J`$~\
>endstream\x0aendob\
j\x0a71 0 obj\x0a<<\x0a/F\
ilter [ /ASCII85\
Decode /FlateDec\
ode ] /Length 23\
44\x0a>>\x0astream\x0aGau\
`Uhf%:.%\x22?N0TuXN\
54d!#q]6tXF%4bIq\
h<nji]`d`1:!obBE\
7iP;I^DL8[*NpN1r\
Bl0c9ES3r'YuZF^Q\
d!62LWXg6`t*k5-7\
:!1M_J\x22)ZMUh(Rpd\
md.,5i/n&0csmS5>\
2M:YJ`bAG`cW:_De\
MVh\x5c)-hL\x5cUAZkih3\
A<ZE?b[IV0,D5s?X\
[kBhld\x5c$i,/gfm&?\
d(T&CEFs-O*a5`O!\
.E<=UjL$B&AfZuqd\
=T.#@1]ahi,8m3j#\
UYUbF65HOG6U%>6X\
nYbj7a$'^I8[[-TD\
=Z;/<T?RSmBQsO*K\
aU#kjUoT99[AfdV&\
L!C2jb63VQ6S=o+-\
h+ERo5;^drh!'Dsb\
*\x22@*CXpRf`KP)*o&\
G+f5h,2IW'Ik8_I/\
`3GW;d^Tl\x5ceQ/Ggq\
?E!jXgYD;o$\x22%>h]\
uI*1/i\x5cmr*dgOO4@\
N7c5<$$cM]]3rUaQ\
J\x5c=T\x22V^3ABm]o$4N\
jnUZ-cEGJm%LL,>3\
1.I->BTgqoUgg1D#\
3*+L@L;\x22jE!jT]$X\
7#[8<2aY)G2=k#,J\
H(<44J8AV^JJp-5H\
uMR_d!<DH<%X$LUl\
^r-(\x22HI+\x22CRCW*BI\
m^U,.2h6D5TL+D@T\
f;BUl/q-!*NTn-qu\
YVmC?XekX6@Pmnrh\
VNQ\x5cnFf8(M5gbHS.\
_Lrf<%N`C4KD`29t\
51FI.@df^lJjXTm/\
g2DL6f@t?PZSq/d\x22\
44En/VMurkRC<Fmp\
@1TRm0jEM<>6pMkJ\
(:DO,)I/V4a955%_\
60T)\x5cA#H#n-\x22:<h\x5c\
/GFe!P9j?eX)qQpi\
*`[==.\x22'#fT)X5Kr\
F4VgIPL`k2j[Sf^[\
*$o0%UuUc2UOtT\x5cB\
oVCm7+n`QM%9a7g[\
jQqo['q#3NsO7-/O\
E-P//Ht1t:4#Y6RZ\
/a0Jj_ZmX]QndJqg\
-MGn1@\x5c6`T7`0=L)\
e#)+/kd3BT<.>p$F\
&Amrq#o_EIW`'2i+\
RAP$HHOB@DhRT>G8\
G.]k_fb'qiH?V!9!\
'6im-(]S\x224`J:5sU\
+!?dZ!gMPJ^3S`<S\
^TK@FM6,0))quYV:\
j#^pODFBCaN6J?Ar\
*aqXNV2MiSk-4Yn<\
(Ei(gA.^>./H#I57\
.,jt1nt5rmYFWe5!\
J)kujfa`R7fAYrn9\
L`M[lH?Hs6qYYH6I\
&&5`.@1]ajQ&J+EE\
4kj.2#T(#FA'`$rf\
Nd'IlpP*)bp0h,K]\
*i`U#eSG@GV.Y:!Y\
$%AcJb#S,-e2+utG\
`bt%F%ohtP;'3CGa\
+_^\x5cRS't3CTEM7V-\
=9Mi`N.EXchjm9UD\
^?9p=rITWT!qc%Fq\
G`F$!;YFuWIE1]!4\
sf>7:g8t/*-Einh\x22\
dc0D_58\x22)p]\x225d?X\
eDcp1_m.;>KeP-fY\
c#2!,.QBoj<,65.r\
RqfYH]qD,Np^\x5c;l#\
?q+T)CPtF3t82t/+\
,PMNgJLU\x22;7`#_$4\
VmEnaN]OL.^GRS)[\
:mE`/s@ZO:30KaHN\
Y*U)NcSJ/s47m?Ac\
?Vi_$XZ`24'*@#Zt\
^(;!8TB.AeIu.Im*\
r_]q3/G*5`$:M4dQ\
pSJ9VJl;@GR\x22\x5c<6N\
M7#nEN,3UA7[h:U@\
Cl*%3/fSsMJC969t\
c6(UkLBc>uZ2H2O'\
J\x22N1/RR2fu8[FhNX\
*<GPhZapY%-`I#*:\
Go,/$`F1pp@)!PIQ\
:.2E.],Nc_()h5Rl\
9\x5cM?-LY0cRo*sj:n\
]-@mtdn2RP]k2.6e\
fm-WU0]%Xo-6E!%]\
f$^ut$JQP0S8i\x22d,\
9:$+\x5c1\x5c6u&(McM0g\
LULM)q2[o@q^f@m+\
*j0LK]M:X9oUNfQ4\
:=+Ku2S\x5cRS)'3UiH\
(nnZ^%2koRr*4+\x5c+\
2D.:oB]n&_p%1l#c\
AnpeIElN:ZUhO/Q#\
tEnjBl03Bb.fD.+V\
8q)Dt.EO^C^FeL3H\
;(m8VKKI<P,\x22'9rI\
=!to/IOSR*]b7UKS\
L\x5c5q]s1?.];6`P63\
a(-Uj'hF:JSRqN5<\
i\x22E<>p;Fq6^gPTk)\
\x5c.T<\x5c0B[YVP?q*N5\
FYW]dLk\x5cnOYiKLik\
*P&+DAjrc[O&8B8g\
3JDcrV%j(ZUh4^&j\
2%utr?N'^^J:m1rj\
PU+Z,!+8]eA6fGrQ\
1IK\x5cjW+$+\x5cA5e'b=\
sQj.g'hHFlKTM8d`\
tS$;3('_FU')Y\x5c6*\
IZ_mS33*:GBa0(d[\
6qNgY96S?ZBr[+qU\
/d,V[3#T3o:&35,[\
WU)IZV:HL5Y^S>_\x22\
#oCE3i.%0]Gh,uVB\
WO[:u;'.MQEOb2(b\
60nDbU%7gJk>/S-b\
F@NjrfKV#g@C`OB]\
&2kh?JH7ouhl-OAN\
SpES'F$6N;-1:)qu\
DfS'Z6>j6#2o2/1<\
fE#TA3TlKCqc[jVd\
181;/R+o1RG(J!V*\
ia3'5KjDmhMtZQ0d\
aW67Sm!hPb9fr/uu\
9&pZ@8O2tpT0Hqe#\
ia16h1I$[hWFV!_<\
m&=FE9+r(&OKQiBe\
2[bOkiSk;XCKVZh1\
NeD7\x22^TB/+'!!`__\
X?2~>endstream\x0ae\
ndobj\x0axref\x0a0 72\x0a\
0000000000 65535\
 f \x0a0000000061 0\
0000 n \x0a00000001\
16 00000 n \x0a0000\
000223 00000 n \x0a\
0000000418 00000\
 n \x0a0000000613 0\
0000 n \x0a00000008\
08 00000 n \x0a0000\
001003 00000 n \x0a\
0000001198 00000\
 n \x0a0000001393 0\
0000 n \x0a00000015\
88 00000 n \x0a0000\
001784 00000 n \x0a\
0000001980 00000\
 n \x0a0000002176 0\
0000 n \x0a00000023\
72 00000 n \x0a0000\
002568 00000 n \x0a\
0000002764 00000\
 n \x0a0000002960 0\
0000 n \x0a00000030\
66 00000 n \x0a0000\
003262 00000 n \x0a\
0000004225 00000\
 n \x0a0000027330 0\
0000 n \x0a00000275\
89 00000 n \x0a0000\
029205 00000 n \x0a\
0000029292 00000\
 n \x0a0000029573 0\
0000 n \x0a00000296\
48 00000 n \x0a0000\
029859 00000 n \x0a\
0000030046 00000\
 n \x0a0000030328 0\
0000 n \x0a00000305\
37 00000 n \x0a0000\
030694 00000 n \x0a\
0000030881 00000\
 n \x0a0000031053 0\
0000 n \x0a00000312\
72 00000 n \x0a0000\
031509 00000 n \x0a\
0000031667 00000\
 n \x0a0000031881 0\
0000 n \x0a00000321\
01 00000 n \x0a0000\
032386 00000 n \x0a\
0000032604 00000\
 n \x0a0000032775 0\
0000 n \x0a00000330\
33 00000 n \x0a0000\
033215 00000 n \x0a\
0000033433 00000\
 n \x0a0000033668 0\
0000 n \x0a00000338\
93 00000 n \x0a0000\
034066 00000 n \x0a\
0000034304 00000\
 n \x0a0000034502 0\
0000 n \x0a00000347\
67 00000 n \x0a0000\
034912 00000 n \x0a\
0000035073 00000\
 n \x0a0000035221 0\
0000 n \x0a00000354\
43 00000 n \x0a0000\
035659 00000 n \x0a\
0000035874 00000\
 n \x0a0000036030 0\
0000 n \x0a00000363\
36 00000 n \x0a0000\
038078 00000 n \x0a\
0000040551 00000\
 n \x0a0000043033 0\
0000 n \x0a00000441\
25 00000 n \x0a0000\
046506 00000 n \x0a\
0000047715 00000\
 n \x0a0000050268 0\
0000 n \x0a00000521\
06 00000 n \x0a0000\
054209 00000 n \x0a\
0000056698 00000\
 n \x0a0000057740 0\
0000 n \x0a00000602\
77 00000 n \x0a0000\
061123 00000 n \x0a\
trailer\x0a<<\x0a/ID \x0a\
[<f5a74a47d47cad\
f6bd48286645b696\
ea><f5a74a47d47c\
adf6bd48286645b6\
96ea>]\x0a% ReportL\
ab generated PDF\
 document -- dig\
est (opensource)\
\x0a\x0a/Info 24 0 R\x0a/\
Root 23 0 R\x0a/Siz\
e 72\x0a>>\x0astartxre\
f\x0a63559\x0a%%EOF\x0a\
\x00\x00\x01&\
<\
svg xmlns=\x22http:\
//www.w3.org/200\
0/svg\x22 viewBox=\x22\
0 0 256 256\x22>\x0a  \
<rect width=\x22256\
\x22 height=\x22256\x22 r\
x=\x2248\x22 fill=\x22#2E\
7D32\x22/>\x0a  <path\x0a\
    d=\x22M48 180 L\
88 120 L128 150 \
L208 68\x22\x0a    str\
oke=\x22white\x22\x0a    \
stroke-width=\x2216\
\x22\x0a    fill=\x22none\
\x22\x0a    stroke-lin\
ecap=\x22round\x22\x0a   \
 stroke-linejoin\
=\x22round\x22\x0a  />\x0a</\
svg>\x0a\
\x00\x00\x00\xd3\
<\
svg xmlns=\x22http:\
//www.w3.org/200\
0/svg\x22 viewBox=\x22\
0 0 24 24\x22 fill=\
\x22currentColor\x22>\x0a\
  <path d=\x22M14 2\
H6c-1.1 0-2 .9-2\
 2v16c0 1.1.9 2 \
2 2h12c1.1 0 2-.\
9 2-2V8l-6-6zm-1\
 2l5 5h-5V4zM11 \
11v-4H9v4H6l4 4 \
4-4h-3z\x22/>\x0a</svg\
>\x0a\
\x00\x00\x03$\
<\
svg xmlns=\x22http:\
//www.w3.org/200\
0/svg\x22 viewBox=\x22\
0 0 24 24\x22 fill=\
\x22currentColor\x22>\x0a\
  <path d=\x22M19.1\
4 12.94c.04-.31.\
06-.63.06-.94 0-\
.31-.02-.63-.06-\
.94l2.03-1.58c.1\
8-.14.23-.41.12-\
.61l-1.92-3.32c-\
.12-.22-.37-.29-\
.59-.22l-2.39.96\
c-.5-.38-1.03-.7\
-1.62-.94l-.36-2\
.54c-.04-.24-.24\
-.41-.48-.41h-3.\
84c-.24 0-.43.17\
-.47.41l-.36 2.5\
4c-.59.24-1.13.5\
7-1.62.94l-2.39-\
.96c-.22-.08-.47\
 0-.59.22L2.74 8\
.87c-.12.21-.08.\
47.12.61l2.03 1.\
58c-.04.31-.06.6\
3-.06.94s.02.63.\
06.94l-2.03 1.58\
c-.18.14-.23.41-\
.12.61l1.92 3.32\
c.12.22.37.29.59\
.22l2.39-.96c.5.\
38 1.03.7 1.62.9\
4l.36 2.54c.05.2\
4.24.41.48.41h3.\
84c.24 0 .44-.17\
.47-.41l.36-2.54\
c.59-.24 1.13-.5\
6 1.62-.94l2.39.\
96c.22.08.47 0 .\
59-.22l1.92-3.32\
c.12-.22.07-.47-\
.12-.61l-2.01-1.\
58zM12 15.6c-1.9\
8 0-3.6-1.62-3.6\
-3.6s1.62-3.6 3.\
6-3.6 3.6 1.62 3\
.6 3.6-1.62 3.6-\
3.6 3.6z\x22/>\x0a</sv\
g>\x0a\
\x00\x00\x00\xfc\
<\
svg xmlns=\x22http:\
//www.w3.org/200\
0/svg\x22 viewBox=\x22\
0 0 24 24\x22 fill=\
\x22currentColor\x22>\x0a\
  <path d=\x22M3 17\
.25V21h3.75L17.8\
1 9.94l-3.75-3.7\
5L3 17.25zM20.71\
 7.04c.39-.39.39\
-1.02 0-1.41l-2.\
34-2.34c-.39-.39\
-1.02-.39-1.41 0\
l-1.83 1.83 3.75\
 3.75 1.83-1.83z\
\x22/>\x0a</svg>\x0a\
\x00\x00\x00\xb4\
<\
svg xmlns=\x22http:\
//www.w3.org/200\
0/svg\x22 viewBox=\x22\
0 0 24 24\x22 fill=\
\x22currentColor\x22>\x0a\
  <path d=\x22M6 19\
c0 1.1.9 2 2 2h8\
c1.1 0 2-.9 2-2V\
7H6v12zM19 4h-3.\
5l-1-1h-5l-1 1H5\
v2h14V4z\x22/>\x0a</sv\
g>\x0a\
\x00\x00\x00\x8a\
<\
svg xmlns=\x22http:\
//www.w3.org/200\
0/svg\x22 viewBox=\x22\
0 0 24 24\x22 fill=\
\x22currentColor\x22>\x0a\
  <path d=\x22M19 1\
3h-6v6h-2v-6H5v-\
2h6V5h2v6h6v2z\x22/\
>\x0a</svg>\x0a\
\x00\x00\x00\xd3\
<\
svg xmlns=\x22http:\
//www.w3.org/200\
0/svg\x22 viewBox=\x22\
0 0 24 24\x22 fill=\
\x22currentColor\x22>\x0a\
  <path d=\x22M14 2\
H6c-1.1 0-2 .9-2\
 2v16c0 1.1.9 2 \
2 2h12c1.1 0 2-.\
9 2-2V8l-6-6zm-1\
 2l5 5h-5V4zM11 \
13v4H9v-4H6l4-4 \
4 4h-3z\x22/>\x0a</svg\
>\x0a\
\x00\x00\x00\x94\
<\
svg xmlns=\x22http:\
//www.w3.org/200\
0/svg\x22 viewBox=\x22\
0 0 24 24\x22 fill=\
\x22#C62828\x22>\x0a  <pa\
th d=\x22M1 21h22L1\
2 2 1 21zm12-3h-\
2v-2h2v2zm0-4h-2\
v-4h2v4z\x22/>\x0a</sv\
g>\x0a\
"

qt_resource_name = b"\
\x00\x05\
\x00o\xa6S\
\x00i\
\x00c\x00o\x00n\x00s\
\x00\x06\
\x078[|\
\x00m\
\x00a\x00n\x00u\x00a\x00l\
\x00\x04\
\x00\x06\xc4\xee\
\x00i\
\x001\x008\x00n\
\x00\x09\
\x06\x5c\xb5\x9d\
\x00a\
\x00p\x00p\x00_\x00e\x00s\x00.\x00q\x00m\
\x00\x09\
\x06Z\xd5\x9d\
\x00a\
\x00p\x00p\x00_\x00d\x00e\x00.\x00q\x00m\
\x00\x09\
\x06]\x85\x9d\
\x00a\
\x00p\x00p\x00_\x00f\x00r\x00.\x00q\x00m\
\x00\x09\
\x06i\xd5\x9d\
\x00a\
\x00p\x00p\x00_\x00r\x00u\x00.\x00q\x00m\
\x00\x09\
\x06\x5c\xc5\x9d\
\x00a\
\x00p\x00p\x00_\x00e\x00n\x00.\x00q\x00m\
\x00!\
\x02\x14\xbcF\
\x00C\
\x00a\x00s\x00h\x00F\x00l\x00o\x00w\x00P\x00l\x00a\x00n\x00n\x00e\x00r\x00-\x00U\
\x00s\x00e\x00r\x00M\x00a\x00n\x00u\x00a\x00l\x00_\x00f\x00r\x00.\x00p\x00d\x00f\
\
\x00!\
\x02\x07\xbcF\
\x00C\
\x00a\x00s\x00h\x00F\x00l\x00o\x00w\x00P\x00l\x00a\x00n\x00n\x00e\x00r\x00-\x00U\
\x00s\x00e\x00r\x00M\x00a\x00n\x00u\x00a\x00l\x00_\x00e\x00s\x00.\x00p\x00d\x00f\
\
\x00!\
\x02\x80\xbcF\
\x00C\
\x00a\x00s\x00h\x00F\x00l\x00o\x00w\x00P\x00l\x00a\x00n\x00n\x00e\x00r\x00-\x00U\
\x00s\x00e\x00r\x00M\x00a\x00n\x00u\x00a\x00l\x00_\x00e\x00n\x00.\x00p\x00d\x00f\
\
\x00!\
\x02i\xbcF\
\x00C\
\x00a\x00s\x00h\x00F\x00l\x00o\x00w\x00P\x00l\x00a\x00n\x00n\x00e\x00r\x00-\x00U\
\x00s\x00e\x00r\x00M\x00a\x00n\x00u\x00a\x00l\x00_\x00d\x00e\x00.\x00p\x00d\x00f\
\
\x00!\
\x01Y\xbcF\
\x00C\
\x00a\x00s\x00h\x00F\x00l\x00o\x00w\x00P\x00l\x00a\x00n\x00n\x00e\x00r\x00-\x00U\
\x00s\x00e\x00r\x00M\x00a\x00n\x00u\x00a\x00l\x00_\x00r\x00u\x00.\x00p\x00d\x00f\
\
\x00\x0c\
\x07o='\
\x00a\
\x00p\x00p\x00-\x00i\x00c\x00o\x00n\x00.\x00s\x00v\x00g\
\x00\x0a\
\x06\x9a\xc4'\
\x00e\
\x00x\x00p\x00o\x00r\x00t\x00.\x00s\x00v\x00g\
\x00\x0c\
\x0b\xdf,\xc7\
\x00s\
\x00e\x00t\x00t\x00i\x00n\x00g\x00s\x00.\x00s\x00v\x00g\
\x00\x08\
\x0b\x07W\xa7\
\x00e\
\x00d\x00i\x00t\x00.\x00s\x00v\x00g\
\x00\x0a\
\x0c\xad\x02\x87\
\x00d\
\x00e\x00l\x00e\x00t\x00e\x00.\x00s\x00v\x00g\
\x00\x07\
\x07\xa7Z\x07\
\x00a\
\x00d\x00d\x00.\x00s\x00v\x00g\
\x00\x0a\
\x06\x99R'\
\x00i\
\x00m\x00p\x00o\x00r\x00t\x00.\x00s\x00v\x00g\
\x00\x0b\
\x00\xb5Hg\
\x00w\
\x00a\x00r\x00n\x00i\x00n\x00g\x00.\x00s\x00v\x00g\
"

qt_resource_struct = b"\
\x00\x00\x00\x00\x00\x02\x00\x00\x00\x03\x00\x00\x00\x01\
\x00\x00\x00\x00\x00\x00\x00\x00\
\x00\x00\x00\x22\x00\x02\x00\x00\x00\x05\x00\x00\x00\x11\
\x00\x00\x00\x00\x00\x00\x00\x00\
\x00\x00\x00\x00\x00\x02\x00\x00\x00\x08\x00\x00\x00\x09\
\x00\x00\x00\x00\x00\x00\x00\x00\
\x00\x00\x00\x10\x00\x02\x00\x00\x00\x05\x00\x00\x00\x04\
\x00\x00\x00\x00\x00\x00\x00\x00\
\x00\x00\x01\xc8\x00\x00\x00\x00\x00\x01\x00\x05[\xd9\
\x00\x00\x01\x9f\x98A-\x13\
\x00\x00\x00\xf0\x00\x00\x00\x00\x00\x01\x00\x02\xf7}\
\x00\x00\x01\x9f\x98A-\x12\
\x00\x00\x00\xa8\x00\x00\x00\x00\x00\x01\x00\x02\x22\xe1\
\x00\x00\x01\x9f\x98A-\x12\
\x00\x00\x01\x80\x00\x00\x00\x00\x00\x01\x00\x04\x89\xac\
\x00\x00\x01\x9f\x98A-\x12\
\x00\x00\x018\x00\x00\x00\x00\x00\x01\x00\x03\xc4\x1d\
\x00\x00\x01\x9f\x98A-\x13\
\x00\x00\x02\xc4\x00\x00\x00\x00\x00\x01\x00\x06b\xe2\
\x00\x00\x01\x9f\x98A-\x14\
\x00\x00\x02\xaa\x00\x00\x00\x00\x00\x01\x00\x06b\x0b\
\x00\x00\x01\x9f\x98A-\x14\
\x00\x00\x02.\x00\x00\x00\x00\x00\x01\x00\x06[\xc6\
\x00\x00\x01\x9f\x98A-\x13\
\x00\x00\x02\x10\x00\x00\x00\x00\x00\x01\x00\x06Z\x9c\
\x00\x00\x01\x9f\x98A-\x16\
\x00\x00\x02\x96\x00\x00\x00\x00\x00\x01\x00\x06a}\
\x00\x00\x01\x9f\x98A-\x15\
\x00\x00\x02f\x00\x00\x00\x00\x00\x01\x00\x06_\xc5\
\x00\x00\x01\x9f\x98A-\x15\
\x00\x00\x02H\x00\x00\x00\x00\x00\x01\x00\x06\x5c\x9d\
\x00\x00\x01\x9f\x98A-\x14\
\x00\x00\x02|\x00\x00\x00\x00\x00\x01\x00\x06`\xc5\
\x00\x00\x01\x9f\x98A-\x15\
\x00\x00\x00H\x00\x01\x00\x00\x00\x01\x00\x00K\xbb\
\x00\x00\x01\xa0Q\x0c\x10\xde\
\x00\x00\x000\x00\x01\x00\x00\x00\x01\x00\x00\x00\x00\
\x00\x00\x01\xa0Q\x0c\x0f\xd5\
\x00\x00\x00\x90\x00\x01\x00\x00\x00\x01\x00\x01\xe5\x89\
\x00\x00\x01\xa0Q\x0c\x0c\xb3\
\x00\x00\x00`\x00\x01\x00\x00\x00\x01\x00\x00\x97\xd7\
\x00\x00\x01\xa0Q\x0c\x0d\xc4\
\x00\x00\x00x\x00\x00\x00\x00\x00\x01\x00\x00\xe4\xbf\
\x00\x00\x01\xa0Q\x0c\x0e\xcf\
"

def qInitResources():
    QtCore.qRegisterResourceData(0x03, qt_resource_struct, qt_resource_name, qt_resource_data)

def qCleanupResources():
    QtCore.qUnregisterResourceData(0x03, qt_resource_struct, qt_resource_name, qt_resource_data)

qInitResources()
